<?xml version="1.0" encoding="UTF-8"?>
<jcr:root xmlns:nt="http://www.jcp.org/jcr/nt/1.0" xmlns:json="http://json.org/"
          xmlns:sling="http://sling.apache.org/jcr/sling/1.0"
          xmlns:cq="http://www.day.com/jcr/cq/1.0"
          xmlns:jcr="http://www.jcp.org/jcr/1.0"
          xmlns:mix="http://www.jcp.org/jcr/mix/1.0"
          jcr:primaryType="cq:Page">
   <jcr:content navTitle="Email rendering" jcr:primaryType="cq:PageContent"
                sling:resourceType="help/components/pages/article-3"
                heroGradient="light"
                jcr:language="en_us"
                cq:designPath="/etc/designs/help"
                cq:template="/apps/help/templates/article-3"
                jcr:mixinTypes="[mix:versionable]"
                jcr:title="Email rendering"
                jcr:description="Email rendering"
                seoDescription="Discover the email rendering feature."
                primaryProductTag="[products:SG_CAMPAIGN/STANDARD]"
                cq:tags="[products:SG_CAMPAIGN/STANDARD,audience:sending,content_type:reference,topic_tags:preparing-and-testing-messages]"
                primaryAudienceTag="[audience:sending]"
                contentOwner="sauviat"
                isReadyForLocalization="true"
                publishExternalDate="2018-09-04">
      <main-pars jcr:primaryType="nt:unstructured"
                 sling:resourceType="foundation/components/parsys">
        
   
     
   
         <text_96 jcr:primaryType="nt:unstructured"
                  sling:resourceType="help/components/article-3/text"
                  text="&lt;p&gt;Before hitting the &lt;strong&gt;Send&lt;/strong&gt; button, make sure that your message will be displayed in an optimal way on a variety of web clients, web mails and devices.&lt;/p&gt;&#xA;"
                  textIsRich="true"/>
         <text_97 jcr:primaryType="nt:unstructured"
                  sling:resourceType="help/components/article-3/text"
                  text="&lt;p&gt;To allow this, Adobe Campaign captures the rendering and makes it available in a dedicated report. This enables you to preview the sent message in the different contexts in which it may be received.&lt;/p&gt;&#xA;"
                  textIsRich="true"/>
         <text_98 jcr:primaryType="nt:unstructured"
                  sling:resourceType="help/components/article-3/text"
                  text="&lt;p&gt;The mobile, messaging and webmail clients available for &lt;strong&gt;Email rendering&lt;/strong&gt; in Adobe Campaign are listed on the Litmus &#xA;&lt;a href=&#34;https://litmus.com/email-testing&#34;&gt;website&lt;/a&gt; (click &lt;strong&gt;View all email clients&lt;/strong&gt;).&lt;/p&gt;&#xA;"
                  textIsRich="true"/>
    
    
    
    
    
         <header_14 jcr:primaryType="nt:unstructured" sling:resourceType="help/components/header"
                    id="checking-the-email-rendering-report"
                    level="2"
                    text="&lt;p&gt;Checking the Email rendering report&lt;/p&gt;&#xA;"
                    textIsRich="'true'"/>
         <text_99 jcr:primaryType="nt:unstructured"
                  sling:resourceType="help/components/article-3/text"
                  text="&lt;p&gt;Once you have created your email delivery and defined its content as well as the targeted population, follow the steps below.&lt;/p&gt;&#xA;"
                  textIsRich="true"/>
         <procedure_6_10 jcr:primaryType="nt:unstructured"
                         sling:resourceType="help/components/procedure">
            <proc_par jcr:primaryType="nt:unstructured"
                      sling:resourceType="help/components/procedure/proc_parsys">
               <step_48_0 jcr:primaryType="nt:unstructured" sling:resourceType="help/components/step">
                  <step_par jcr:primaryType="nt:unstructured"
                            sling:resourceType="help/components/procedure/step_parsys">
                     <text_100 jcr:primaryType="nt:unstructured"
                               sling:resourceType="help/components/article-3/text"
                               text="&lt;p&gt;Click &lt;strong&gt;Audience&lt;/strong&gt; to access the &lt;strong&gt;Test profiles&lt;/strong&gt; tab.&lt;/p&gt;&#xA;"
                               textIsRich="true"/>
                     <image_23 jcr:primaryType="nt:unstructured"
                               sling:resourceType="help/components/article-3/image"
                               jcr:title=""
                               alt=""
                               captionBottom=""
                               fileName="email_rendering_05.png"
                               originalFileName="images/en/email_rendering_05.png"
                               fileReference="/content/dam/help/en/campaign/standard/email_rendering_05.png"
                               imageRotate="0"
                               originalHeight=""
                               originalWidth=""
                               scaleOption="toTemplate"
                               status="legacy"/>
                  </step_par>
               </step_48_0>
               <step_49_0 jcr:primaryType="nt:unstructured" sling:resourceType="help/components/step">
                  <step_par jcr:primaryType="nt:unstructured"
                            sling:resourceType="help/components/procedure/step_parsys">
                     <text_101 jcr:primaryType="nt:unstructured"
                               sling:resourceType="help/components/article-3/text"
                               text="&lt;p&gt;Use the query editor to define the test profiles that you want to use, including the test profiles that are for &lt;strong&gt;Email rendering&lt;/strong&gt; use. See &#xA;&#x9;&#x9;&#x9;&#x9;&#x9;&#xA;&lt;a href=&#34;/content/help/en/campaign/standard/sending/using/managing-test-profiles-and-sending-proofs.html#about-test-profiles&#34; target=&#34;_blank&#34;&gt;About test profiles&lt;/a&gt;.&lt;/p&gt;&#xA;"
                               textIsRich="true"/>
                     <image_24 jcr:primaryType="nt:unstructured"
                               sling:resourceType="help/components/article-3/image"
                               jcr:title=""
                               alt=""
                               captionBottom=""
                               fileName="email_rendering_06.png"
                               originalFileName="images/en/email_rendering_06.png"
                               fileReference="/content/dam/help/en/campaign/standard/email_rendering_06.png"
                               imageRotate="0"
                               originalHeight=""
                               originalWidth=""
                               scaleOption="toTemplate"
                               status="legacy"/>
                  </step_par>
               </step_49_0>
        
               <step_50_0 jcr:primaryType="nt:unstructured" sling:resourceType="help/components/step">
                  <step_par jcr:primaryType="nt:unstructured"
                            sling:resourceType="help/components/procedure/step_parsys">
                     <text_102 jcr:primaryType="nt:unstructured"
                               sling:resourceType="help/components/article-3/text"
                               text="&lt;p&gt;Check and confirm your query, then save your changes.&lt;/p&gt;&#xA;"
                               textIsRich="true"/>
                  </step_par>
               </step_50_0>
               <step_51_0 jcr:primaryType="nt:unstructured" sling:resourceType="help/components/step">
                  <step_par jcr:primaryType="nt:unstructured"
                            sling:resourceType="help/components/procedure/step_parsys">
                     <text_103 jcr:primaryType="nt:unstructured"
                               sling:resourceType="help/components/article-3/text"
                               text="&lt;p&gt;Click the &lt;strong&gt;Test&lt;/strong&gt; button in the action bar.&lt;/p&gt;&#xA;"
                               textIsRich="true"/>
                     <image_25 jcr:primaryType="nt:unstructured"
                               sling:resourceType="help/components/article-3/image"
                               jcr:title=""
                               alt=""
                               captionBottom=""
                               fileName="email_rendering_07.png"
                               originalFileName="images/en/email_rendering_07.png"
                               fileReference="/content/dam/help/en/campaign/standard/email_rendering_07.png"
                               imageRotate="0"
                               originalHeight=""
                               originalWidth=""
                               scaleOption="toTemplate"
                               status="legacy"/>
                  </step_par>
               </step_51_0>
               <step_52_0 jcr:primaryType="nt:unstructured" sling:resourceType="help/components/step">
                  <step_par jcr:primaryType="nt:unstructured"
                            sling:resourceType="help/components/procedure/step_parsys">
                     <text_104 jcr:primaryType="nt:unstructured"
                               sling:resourceType="help/components/article-3/text"
                               text="&lt;p&gt;Select the &lt;strong&gt;Email rendering&lt;/strong&gt; option then click &lt;strong&gt;OK&lt;/strong&gt;.&lt;/p&gt;&#xA;"
                               textIsRich="true"/>
                     <image_26 jcr:primaryType="nt:unstructured"
                               sling:resourceType="help/components/article-3/image"
                               jcr:title=""
                               alt=""
                               captionBottom=""
                               fileName="email_rendering_08.png"
                               originalFileName="images/en/email_rendering_08.png"
                               fileReference="/content/dam/help/en/campaign/standard/email_rendering_08.png"
                               imageRotate="0"
                               originalHeight=""
                               originalWidth=""
                               scaleOption="toTemplate"
                               status="legacy"/>
                     <note_2 jcr:primaryType="nt:unstructured"
                             sling:resourceType="help/components/article-3/note"
                             text="&lt;p&gt;&#xA;            The &lt;strong&gt;Proof + Email rendering&lt;/strong&gt; option enables you to send a proof and use the email rendering feature simultaneously. You can have your message approved by the proof recipients and at the same time you can test the way your message will be received depending on the inboxes targeted. In this case, you also need to select Proof test profiles. See &#xA;&#x9;&#x9;&#x9;&#x9;&#x9;&#xA;&lt;a href=&#34;/content/help/en/campaign/standard/sending/using/managing-test-profiles-and-sending-proofs.html#about-test-profiles&#34; target=&#34;_blank&#34;&gt;About test profiles&lt;/a&gt;.&#xA;          &lt;/p&gt;&#xA;"
                             textIsRich="true"
                             type="note"/>
                     <text_106 jcr:primaryType="nt:unstructured"
                               sling:resourceType="help/components/article-3/text"
                               text="&lt;p&gt;The test delivery is sent.&lt;/p&gt;&#xA;"
                               textIsRich="true"/>
                  </step_par>
               </step_52_0>
               <step_53_0 jcr:primaryType="nt:unstructured" sling:resourceType="help/components/step">
                  <step_par jcr:primaryType="nt:unstructured"
                            sling:resourceType="help/components/procedure/step_parsys">
                     <text_107 jcr:primaryType="nt:unstructured"
                               sling:resourceType="help/components/article-3/text"
                               text="&lt;p&gt;The rendering thumbnails are available a few minutes after sending the messages. To access them, select &lt;strong&gt;Proofs&lt;/strong&gt; in the &lt;strong&gt;Summary&lt;/strong&gt; drop-down list.&lt;/p&gt;&#xA;"
                               textIsRich="true"/>
                     <image_27 jcr:primaryType="nt:unstructured"
                               sling:resourceType="help/components/article-3/image"
                               jcr:title=""
                               alt=""
                               captionBottom=""
                               fileName="email_rendering_03.png"
                               originalFileName="images/en/email_rendering_03.png"
                               fileReference="/content/dam/help/en/campaign/standard/email_rendering_03.png"
                               imageRotate="0"
                               originalHeight=""
                               originalWidth=""
                               scaleOption="toTemplate"
                               status="legacy"/>
                  </step_par>
               </step_53_0>
               <step_54_0 jcr:primaryType="nt:unstructured" sling:resourceType="help/components/step">
                  <step_par jcr:primaryType="nt:unstructured"
                            sling:resourceType="help/components/procedure/step_parsys">
                     <text_108 jcr:primaryType="nt:unstructured"
                               sling:resourceType="help/components/article-3/text"
                               text="&lt;p&gt;From the &lt;strong&gt;Proofs&lt;/strong&gt; list, click the &lt;strong&gt;Access email rendering&lt;/strong&gt; icon.&lt;/p&gt;&#xA;"
                               textIsRich="true"/>
                     <image_28 jcr:primaryType="nt:unstructured"
                               sling:resourceType="help/components/article-3/image"
                               jcr:title=""
                               alt=""
                               captionBottom=""
                               fileName="email_rendering_04.png"
                               originalFileName="images/en/email_rendering_04.png"
                               fileReference="/content/dam/help/en/campaign/standard/email_rendering_04.png"
                               imageRotate="0"
                               originalHeight=""
                               originalWidth=""
                               scaleOption="toTemplate"
                               status="legacy"/>
                  </step_par>
               </step_54_0>
            </proc_par>
         </procedure_6_10>
         <text_109 jcr:primaryType="nt:unstructured"
                   sling:resourceType="help/components/article-3/text"
                   text="&lt;p&gt;The dedicated email rendering report is displayed. See &#xA;&#x9;&#x9;&#x9;&#x9;&#x9;&#xA;&lt;a href=&#34;/content/help/en/campaign/standard/sending/using/email-rendering.html#email-rendering-report-description&#34; target=&#34;_blank&#34;&gt;Email rendering report description&lt;/a&gt;.&lt;/p&gt;&#xA;"
                   textIsRich="true"/>
         <text_110 jcr:primaryType="nt:unstructured"
                   sling:resourceType="help/components/article-3/text"
                   text="&lt;p&gt;&lt;strong&gt;Related topics&lt;/strong&gt;:&lt;/p&gt;&#xA;"
                   textIsRich="true"/>
         <procedure_4 jcr:primaryType="nt:unstructured"
                      sling:resourceType="help/components/procedure"
                      isBulleted="true">
            <proc_par jcr:primaryType="nt:unstructured"
                      sling:resourceType="help/components/procedure/proc_parsys">
               <step_55_4 jcr:primaryType="nt:unstructured" sling:resourceType="help/components/step">
                  <step_par jcr:primaryType="nt:unstructured"
                            sling:resourceType="help/components/procedure/step_parsys">
                     <text_111 jcr:primaryType="nt:unstructured"
                               sling:resourceType="help/components/article-3/text"
                               text="&lt;p&gt;&#xA;&#x9;&#x9;&#x9;&#x9;&#x9;&#x9;&#x9;&#x9;&#x9;&#x9;&#x9;&#xA;&#x9;&#x9;&#x9;&#x9;&#x9;&#x9;&#x9;&lt;a href=&#34;/content/help/en/campaign/standard/channels/using/creating-an-email.html&#34;&gt;Creating an email&lt;/a&gt;&lt;/p&gt;&#xA;"
                               textIsRich="true"/>
                  </step_par>
               </step_55_4>
               <step_56_4 jcr:primaryType="nt:unstructured" sling:resourceType="help/components/step">
                  <step_par jcr:primaryType="nt:unstructured"
                            sling:resourceType="help/components/procedure/step_parsys">
                     <text_112 jcr:primaryType="nt:unstructured"
                               sling:resourceType="help/components/article-3/text"
                               text="&lt;p&gt;&#xA;&#x9;&#x9;&#x9;&#x9;&#x9;&#xA;&lt;a href=&#34;/content/help/en/campaign/standard/sending/using/managing-test-profiles-and-sending-proofs.html&#34; target=&#34;_blank&#34;&gt;Managing test profiles and sending proofs&lt;/a&gt;&lt;/p&gt;&#xA;"
                               textIsRich="true"/>
                  </step_par>
               </step_56_4>
               <step_57_4 jcr:primaryType="nt:unstructured" sling:resourceType="help/components/step">
                  <step_par jcr:primaryType="nt:unstructured"
                            sling:resourceType="help/components/procedure/step_parsys">
                     <text_113 jcr:primaryType="nt:unstructured"
                               sling:resourceType="help/components/article-3/text"
                               text="&lt;p&gt;&#xA;&#x9;&#x9;&#x9;&#x9;&#x9;&#x9;&#x9;&#x9;&#x9;&#x9;&#x9;&#xA;&#x9;&#x9;&#x9;&#x9;&#x9;&#x9;&#x9;&lt;a href=&#34;/content/help/en/campaign/standard/automating/using/editing-queries.html#about-query-editor&#34;&gt;Query editor&lt;/a&gt;&lt;/p&gt;&#xA;"
                               textIsRich="true"/>
                  </step_par>
               </step_57_4>
            </proc_par>
         </procedure_4>
    
    
      
         <header_15 jcr:primaryType="nt:unstructured" sling:resourceType="help/components/header"
                    id="email-rendering-report-description"
                    level="2"
                    text="&lt;p&gt;Email rendering report description&lt;/p&gt;&#xA;"
                    textIsRich="'true'"/>
         <text_114 jcr:primaryType="nt:unstructured"
                   sling:resourceType="help/components/article-3/text"
                   text="&lt;p&gt;This report presents the email renderings as they appear to the recipient. Email renderings can differ based upon how the recipient opens the email delivery: in a browser, on a mobile device, or via an email application.&lt;/p&gt;&#xA;"
                   textIsRich="true"/>
         <note_3 jcr:primaryType="nt:unstructured"
                 sling:resourceType="help/components/article-3/note"
                 text="&lt;p&gt;&#xA;        The number of available renderings is listed in your license agreement. Each delivery with &lt;strong&gt;Email rendering&lt;/strong&gt; enabled decreases your available renderings (known as tokens) by one.&#xA;        If you are a Litmus client, you can use your own Litmus account to provision and use Email rendering in Adobe Campaign. For more on this, contact your Adobe account executive.&#xA;      &lt;/p&gt;&#xA;"
                 textIsRich="true"
                 type="note"/>
         <text_117 jcr:primaryType="nt:unstructured"
                   sling:resourceType="help/components/article-3/text"
                   text="&lt;p&gt;The report summary presents the number of messages received, unwanted (spam), not received, or pending reception.&lt;/p&gt;&#xA;"
                   textIsRich="true"/>
         <image_29 jcr:primaryType="nt:unstructured"
                   sling:resourceType="help/components/article-3/image"
                   jcr:title=""
                   alt=""
                   captionBottom=""
                   fileName="inbox_rendering_report.png"
                   originalFileName="images/en/inbox_rendering_report.png"
                   fileReference="/content/dam/help/en/campaign/standard/inbox_rendering_report.png"
                   imageRotate="0"
                   originalHeight=""
                   originalWidth=""
                   scaleOption="toTemplate"
                   status="legacy"/>
         <text_118 jcr:primaryType="nt:unstructured"
                   sling:resourceType="help/components/article-3/text"
                   text="&lt;p&gt;The report is divided into three parts: &lt;strong&gt;Mobile&lt;/strong&gt;, &lt;strong&gt;Messaging clients&lt;/strong&gt;, and &lt;strong&gt;Webmails&lt;/strong&gt;. Scroll down the report to display all the renderings grouped into these three categories.&lt;/p&gt;&#xA;"
                   textIsRich="true"/>
         <image_30 jcr:primaryType="nt:unstructured"
                   sling:resourceType="help/components/article-3/image"
                   jcr:title=""
                   alt=""
                   captionBottom=""
                   fileName="inbox_rendering_report_3.png"
                   originalFileName="images/en/inbox_rendering_report_3.png"
                   fileReference="/content/dam/help/en/campaign/standard/inbox_rendering_report_3.png"
                   imageRotate="0"
                   originalHeight=""
                   originalWidth=""
                   scaleOption="toTemplate"
                   status="legacy"/>
      
         <text_119 jcr:primaryType="nt:unstructured"
                   sling:resourceType="help/components/article-3/text"
                   text="&lt;p&gt;To get the details for each report, click the corresponding card. The rendering is displayed for the reception method selected.&lt;/p&gt;&#xA;"
                   textIsRich="true"/>
         <image_31 jcr:primaryType="nt:unstructured"
                   sling:resourceType="help/components/article-3/image"
                   jcr:title=""
                   alt=""
                   captionBottom=""
                   fileName="inbox_rendering_report_2.png"
                   originalFileName="images/en/inbox_rendering_report_2.png"
                   fileReference="/content/dam/help/en/campaign/standard/inbox_rendering_report_2.png"
                   imageRotate="0"
                   originalHeight=""
                   originalWidth=""
                   scaleOption="toTemplate"
                   status="legacy"/>
         <text_120 jcr:primaryType="nt:unstructured"
                   sling:resourceType="help/components/article-3/text"
                   text="&lt;p&gt;The &lt;strong&gt;Technical data&lt;/strong&gt; tab allows you to get more information, such as the receiving and capture dates, and the complete headers of emails.&lt;/p&gt;&#xA;"
                   textIsRich="true"/>
    
      </main-pars>
      <hero jcr:primaryType="nt:unstructured"
            sling:resourceType="foundation/components/image"/>
      <thumbnail jcr:primaryType="nt:unstructured"
                 sling:resourceType="foundation/components/image"/>
      <publisherLogo jcr:primaryType="nt:unstructured"
                     sling:resourceType="foundation/components/image"/>
   </jcr:content>
</jcr:root>