<?xml version="1.0" encoding="UTF-8"?>
<jcr:root xmlns:nt="http://www.jcp.org/jcr/nt/1.0" xmlns:json="http://json.org/"
          xmlns:sling="http://sling.apache.org/jcr/sling/1.0"
          xmlns:cq="http://www.day.com/jcr/cq/1.0"
          xmlns:jcr="http://www.jcp.org/jcr/1.0"
          xmlns:mix="http://www.jcp.org/jcr/mix/1.0"
          jcr:primaryType="cq:Page">
   <jcr:content navTitle="Preparing the send" jcr:primaryType="cq:PageContent"
                sling:resourceType="help/components/pages/article-3"
                heroGradient="light"
                jcr:language="en_us"
                cq:designPath="/etc/designs/help"
                cq:template="/apps/help/templates/article-3"
                jcr:mixinTypes="[mix:versionable]"
                jcr:title="Preparing the send"
                jcr:description="Preparing the send"
                seoDescription="Learn how to define preparation before the send."
                primaryProductTag="[products:SG_CAMPAIGN/STANDARD]"
                cq:tags="[products:SG_CAMPAIGN/STANDARD,audience:sending,content_type:reference,topic_tags:preparing-and-testing-messages]"
                primaryAudienceTag="[audience:sending]"
                contentOwner="sauviat"
                isReadyForLocalization="true"
                publishExternalDate="2018-09-04">
      <main-pars jcr:primaryType="nt:unstructured"
                 sling:resourceType="foundation/components/parsys">
  
    
      
    
         <text_37 jcr:primaryType="nt:unstructured"
                  sling:resourceType="help/components/article-3/text"
                  text="&lt;p&gt;Preparation corresponds to the step of calculating the target population and generating the message contents for each profile included in the target. Once preparation is finished, the messages are ready to be sent, either immediately or at &#xA;&#x9;&#x9;&#x9;&#x9;&#x9;&#x9;&#x9;&#x9;&#x9;&#x9;&#x9;&#xA;&#x9;&#x9;&#x9;&#x9;&#x9;&#x9;&#x9;&lt;a href=&#34;/content/help/en/campaign/standard/sending/using/about-scheduling-messages.html&#34;&gt;the scheduled date and time&lt;/a&gt;.&lt;/p&gt;&#xA;"
                  textIsRich="true"/>
         <procedure_2_10 jcr:primaryType="nt:unstructured"
                         sling:resourceType="help/components/procedure">
            <proc_par jcr:primaryType="nt:unstructured"
                      sling:resourceType="help/components/procedure/proc_parsys">
               <step_19_0 jcr:primaryType="nt:unstructured" sling:resourceType="help/components/step">
                  <step_par jcr:primaryType="nt:unstructured"
                            sling:resourceType="help/components/procedure/step_parsys">
                     <text_38 jcr:primaryType="nt:unstructured"
                              sling:resourceType="help/components/article-3/text"
                              text="&lt;p&gt;To start preparing the send, click the &lt;strong&gt;Prepare&lt;/strong&gt; button located in the action bar.&lt;/p&gt;&#xA;"
                              textIsRich="true"/>
                     <image_6 jcr:primaryType="nt:unstructured"
                              sling:resourceType="help/components/article-3/image"
                              jcr:title=""
                              alt=""
                              captionBottom=""
                              fileName="preparing_delivery_2.png"
                              originalFileName="images/en/preparing_delivery_2.png"
                              fileReference="/content/dam/help/en/campaign/standard/preparing_delivery_2.png"
                              imageRotate="0"
                              originalHeight=""
                              originalWidth=""
                              scaleOption="toTemplate"
                              status="legacy"/>
                  </step_par>
               </step_19_0>
               <step_20_0 jcr:primaryType="nt:unstructured" sling:resourceType="help/components/step">
                  <step_par jcr:primaryType="nt:unstructured"
                            sling:resourceType="help/components/procedure/step_parsys">
                     <text_39 jcr:primaryType="nt:unstructured"
                              sling:resourceType="help/components/article-3/text"
                              text="&lt;p&gt;The &lt;strong&gt;Deployment&lt;/strong&gt; block shows the preparation progress, then the preparation statistics: number of targeted messages, number of messages to send, etc.&lt;/p&gt;&#xA;"
                              textIsRich="true"/>
                     <text_40 jcr:primaryType="nt:unstructured"
                              sling:resourceType="help/components/article-3/text"
                              text="&lt;p&gt;Depending on the size of the targeted population, this operation may take some time.&lt;/p&gt;&#xA;"
                              textIsRich="true"/>
                     <image_7 jcr:primaryType="nt:unstructured"
                              sling:resourceType="help/components/article-3/image"
                              jcr:title=""
                              alt=""
                              captionBottom=""
                              fileName="preparing_delivery.png"
                              originalFileName="images/en/preparing_delivery.png"
                              fileReference="/content/dam/help/en/campaign/standard/preparing_delivery.png"
                              imageRotate="0"
                              originalHeight=""
                              originalWidth=""
                              scaleOption="toTemplate"
                              status="legacy"/>
                  </step_par>
               </step_20_0>
               <step_21_0 jcr:primaryType="nt:unstructured" sling:resourceType="help/components/step">
                  <step_par jcr:primaryType="nt:unstructured"
                            sling:resourceType="help/components/procedure/step_parsys">
                     <text_41 jcr:primaryType="nt:unstructured"
                              sling:resourceType="help/components/article-3/text"
                              text="&lt;p&gt;Stop the preparation at any time using the &lt;strong&gt;Stop&lt;/strong&gt; button, located in the action bar. &lt;/p&gt;&#xA;"
                              textIsRich="true"/>
                     <text_42 jcr:primaryType="nt:unstructured"
                              sling:resourceType="help/components/article-3/text"
                              text="&lt;p&gt;During the preparation phase, no messages are sent. You can therefore start or stop this without risk of impacting anything. &lt;/p&gt;&#xA;"
                              textIsRich="true"/>
                     <image_8 jcr:primaryType="nt:unstructured"
                              sling:resourceType="help/components/article-3/image"
                              jcr:title=""
                              alt=""
                              captionBottom=""
                              fileName="preparing_delivery_6.png"
                              originalFileName="images/en/preparing_delivery_6.png"
                              fileReference="/content/dam/help/en/campaign/standard/preparing_delivery_6.png"
                              imageRotate="0"
                              originalHeight=""
                              originalWidth=""
                              scaleOption="toTemplate"
                              status="legacy"/>
                  </step_par>
               </step_21_0>
               <step_22_0 jcr:primaryType="nt:unstructured" sling:resourceType="help/components/step">
                  <step_par jcr:primaryType="nt:unstructured"
                            sling:resourceType="help/components/procedure/step_parsys">
                     <text_43 jcr:primaryType="nt:unstructured"
                              sling:resourceType="help/components/article-3/text"
                              text="&lt;p&gt;Your message is automatically saved during the preparing for delivery stage. If you need to make any changes to your message's schedule after the preparation step, you will need to make sure that you click the &lt;strong&gt;Prepare&lt;/strong&gt; button again for those changes to be taken into account. For more information on how to schedule a message, refer to this &#xA;&#x9;&#x9;&#x9;&#x9;&#x9;&#x9;&#x9;&#x9;&#x9;&#x9;&#x9;&#xA;&#x9;&#x9;&#x9;&#x9;&#x9;&#x9;&#x9;&lt;a href=&#34;/content/help/en/campaign/standard/sending/using/about-scheduling-messages.html&#34;&gt;page&lt;/a&gt;.&lt;/p&gt;&#xA;"
                              textIsRich="true"/>
                     <image_9 jcr:primaryType="nt:unstructured"
                              sling:resourceType="help/components/article-3/image"
                              jcr:title=""
                              alt=""
                              captionBottom=""
                              fileName="preparing_delivery_5.png"
                              originalFileName="images/en/preparing_delivery_5.png"
                              fileReference="/content/dam/help/en/campaign/standard/preparing_delivery_5.png"
                              imageRotate="0"
                              originalHeight=""
                              originalWidth=""
                              scaleOption="toTemplate"
                              status="legacy"/>
                  </step_par>
               </step_22_0>
               <step_23_0 jcr:primaryType="nt:unstructured" sling:resourceType="help/components/step">
                  <step_par jcr:primaryType="nt:unstructured"
                            sling:resourceType="help/components/procedure/step_parsys">
                     <text_44 jcr:primaryType="nt:unstructured"
                              sling:resourceType="help/components/article-3/text"
                              text="&lt;p&gt;To view the preparation logs, click the button located in the bottom right of the block.&lt;/p&gt;&#xA;"
                              textIsRich="true"/>
                     <image_10 jcr:primaryType="nt:unstructured"
                               sling:resourceType="help/components/article-3/image"
                               jcr:title=""
                               alt=""
                               captionBottom=""
                               fileName="preparing_delivery_4.png"
                               originalFileName="images/en/preparing_delivery_4.png"
                               fileReference="/content/dam/help/en/campaign/standard/preparing_delivery_4.png"
                               imageRotate="0"
                               originalHeight=""
                               originalWidth=""
                               scaleOption="toTemplate"
                               status="legacy"/>
                  </step_par>
               </step_23_0>
               <step_24_0 jcr:primaryType="nt:unstructured" sling:resourceType="help/components/step">
                  <step_par jcr:primaryType="nt:unstructured"
                            sling:resourceType="help/components/procedure/step_parsys">
                     <text_45 jcr:primaryType="nt:unstructured"
                              sling:resourceType="help/components/article-3/text"
                              text="&lt;p&gt;The &lt;strong&gt;Deployment&lt;/strong&gt; window opens, correct any errors then restart the preparation.&lt;/p&gt;&#xA;"
                              textIsRich="true"/>
                     <text_46 jcr:primaryType="nt:unstructured"
                              sling:resourceType="help/components/article-3/text"
                              text="&lt;p&gt;The last log message displays any error messages and the number of errors. A specific icon shows the encountered error type: the yellow icon indicates a non-critical processing error, the red icon indicates a critical error that prevents the delivery from being started.&lt;/p&gt;&#xA;"
                              textIsRich="true"/>
                     <image_11 jcr:primaryType="nt:unstructured"
                               sling:resourceType="help/components/article-3/image"
                               jcr:title=""
                               alt=""
                               captionBottom=""
                               fileName="preparing_delivery_3.png"
                               originalFileName="images/en/preparing_delivery_3.png"
                               fileReference="/content/dam/help/en/campaign/standard/preparing_delivery_3.png"
                               imageRotate="0"
                               originalHeight=""
                               originalWidth=""
                               scaleOption="toTemplate"
                               status="legacy"/>
                  </step_par>
               </step_24_0>
               <step_25_0 jcr:primaryType="nt:unstructured" sling:resourceType="help/components/step">
                  <step_par jcr:primaryType="nt:unstructured"
                            sling:resourceType="help/components/procedure/step_parsys">
                     <text_47 jcr:primaryType="nt:unstructured"
                              sling:resourceType="help/components/article-3/text"
                              text="&lt;p&gt;Check the preparation statistics before confirming sending the messages. If the number of messages to send does not correspond to your configuration, edit the targeted population (see &#xA;&#x9;&#x9;&#x9;&#x9;&#x9;&#x9;&#x9;&#x9;&#x9;&#x9;&#x9;&#xA;&#x9;&#x9;&#x9;&#x9;&#x9;&#x9;&#x9;&lt;a href=&#34;/content/help/en/campaign/standard/audiences/using/selecting-an-audience-in-a-message.html&#34;&gt;Selecting an audience in a message&lt;/a&gt;) and restart the preparation.&lt;/p&gt;&#xA;"
                              textIsRich="true"/>
                  </step_par>
               </step_25_0>
            </proc_par>
         </procedure_2_10>
         <text_48 jcr:primaryType="nt:unstructured"
                  sling:resourceType="help/components/article-3/text"
                  text="&lt;p&gt;Once the preparation has been completed, your message is ready to be sent. For more on this, see &#xA;&#x9;&#x9;&#x9;&#x9;&#x9;&#x9;&#x9;&#x9;&#x9;&#x9;&#x9;&#xA;&#x9;&#x9;&#x9;&#x9;&#x9;&#x9;&#x9;&lt;a href=&#34;/content/help/en/campaign/standard/sending/using/confirming-the-send.html&#34;&gt;Confirming send&lt;/a&gt;.&lt;/p&gt;&#xA;"
                  textIsRich="true"/>
         <text_49 jcr:primaryType="nt:unstructured"
                  sling:resourceType="help/components/article-3/text"
                  text="&lt;p&gt;&lt;strong&gt;Typology rules&lt;/strong&gt;&lt;/p&gt;&#xA;"
                  textIsRich="true"/>
         <text_50 jcr:primaryType="nt:unstructured"
                  sling:resourceType="help/components/article-3/text"
                  text="&lt;p&gt;Adobe Campaign comes with a set of build-in typology rules that are applied during the message preparation. They are used to check whether a message is valid and meets your quality criteria. See &#xA;&#x9;&#x9;&#x9;&#x9;&#x9;&#x9;&#x9;&#x9;&#x9;&#x9;&#x9;&#xA;&#x9;&#x9;&#x9;&#x9;&#x9;&#x9;&#x9;&lt;a href=&#34;/content/help/en/campaign/standard/administration/using/about-typology-rules.html&#34;&gt;Typologies&lt;/a&gt;. You can define your own typology rules, for example, can set global cross-channel fatigue rules that will automatically exclude oversollicited profiles from campaigns. See &#xA;&#x9;&#x9;&#x9;&#x9;&#x9;&#x9;&#x9;&#x9;&#x9;&#x9;&#x9;&#xA;&#x9;&#x9;&#x9;&#x9;&#x9;&#x9;&#x9;&lt;a href=&#34;/content/help/en/campaign/standard/administration/using/fatigue-rules.html&#34;&gt;Fatigue rules&lt;/a&gt;.&lt;/p&gt;&#xA;"
                  textIsRich="true"/>
         <text_51 jcr:primaryType="nt:unstructured"
                  sling:resourceType="help/components/article-3/text"
                  text="&lt;p&gt;&lt;strong&gt;SMS message check&lt;/strong&gt;&lt;/p&gt;&#xA;"
                  textIsRich="true"/>
         <text_52 jcr:primaryType="nt:unstructured"
                  sling:resourceType="help/components/article-3/text"
                  text="&lt;p&gt;If you have inserted personalization fields or conditional text into the content of your SMS message, these factors may introduce characters that are not taken into account by the GSM encoding. When the preparation is run, the message length is monitored and a warning message will be displayed if it passes the limit.&lt;/p&gt;&#xA;"
                  textIsRich="true"/>
         <text_53 jcr:primaryType="nt:unstructured"
                  sling:resourceType="help/components/article-3/text"
                  text="&lt;p&gt;For more on this, refer to the &#xA;&#x9;&#x9;&#x9;&#x9;&#x9;&#x9;&#x9;&#x9;&#x9;&#x9;&#x9;&#xA;&#x9;&#x9;&#x9;&#x9;&#x9;&#x9;&#x9;&lt;a href=&#34;/content/help/en/campaign/standard/administration/using/configuring-sms-channel.html#sms-encoding--length-and-transliteration&#34;&gt;SMS encoding, length and transliteration&lt;/a&gt; and &#xA;&#x9;&#x9;&#x9;&#x9;&#x9;&#x9;&#x9;&#x9;&#x9;&#x9;&#x9;&#xA;&#x9;&#x9;&#x9;&#x9;&#x9;&#x9;&#x9;&lt;a href=&#34;/content/help/en/campaign/standard/channels/using/personalizing-sms-messages.html&#34;&gt;Personalizing SMS messages&lt;/a&gt; sections.&lt;/p&gt;&#xA;"
                  textIsRich="true"/>  
      </main-pars>
      <hero jcr:primaryType="nt:unstructured"
            sling:resourceType="foundation/components/image"/>
      <thumbnail jcr:primaryType="nt:unstructured"
                 sling:resourceType="foundation/components/image"/>
      <publisherLogo jcr:primaryType="nt:unstructured"
                     sling:resourceType="foundation/components/image"/>
   </jcr:content>
</jcr:root>