<?xml version="1.0" encoding="UTF-8"?>
<jcr:root xmlns:nt="http://www.jcp.org/jcr/nt/1.0" xmlns:json="http://json.org/"
          xmlns:sling="http://sling.apache.org/jcr/sling/1.0"
          xmlns:cq="http://www.day.com/jcr/cq/1.0"
          xmlns:jcr="http://www.jcp.org/jcr/1.0"
          xmlns:mix="http://www.jcp.org/jcr/mix/1.0"
          jcr:primaryType="cq:Page">
   <jcr:content navTitle="Tracking messages" jcr:primaryType="cq:PageContent"
                sling:resourceType="help/components/pages/article-3"
                heroGradient="light"
                jcr:language="en_us"
                cq:designPath="/etc/designs/help"
                cq:template="/apps/help/templates/article-3"
                jcr:mixinTypes="[mix:versionable]"
                jcr:title="Tracking messages"
                jcr:description="Tracking messages"
                seoDescription="Learn how to track the behavior of your delivery recipients."
                primaryProductTag="[products:SG_CAMPAIGN/STANDARD]"
                cq:tags="[products:SG_CAMPAIGN/STANDARD,audience:sending,content_type:reference,topic_tags:sending-and-tracking-messages]"
                primaryAudienceTag="[audience:sending]"
                contentOwner="sauviat"
                isReadyForLocalization="true"
                publishExternalDate="2018-09-04">
      <main-pars jcr:primaryType="nt:unstructured"
                 sling:resourceType="foundation/components/parsys">
      
        
      
        
      
      
            <header_26 jcr:primaryType="nt:unstructured" sling:resourceType="help/components/header"
                    id="about-tracking"
                    level="2"
                    text="&lt;p&gt;About tracking&lt;/p&gt;&#xA;"
                    textIsRich="'true'"/>
            <text_257 jcr:primaryType="nt:unstructured"
                   sling:resourceType="help/components/article-3/text"
                   text="&lt;p&gt;Thanks to its tracking functionalities, Adobe Campaign enables you to track the behavior of your delivery recipients. To do this, Adobe Campaign uses session cookies and permanent cookies.&lt;/p&gt;&#xA;"
                   textIsRich="true"/>
            <text_258 jcr:primaryType="nt:unstructured"
                   sling:resourceType="help/components/article-3/text"
                   text="&lt;p&gt;You can inform users that your sites are equipped with web tracking tools via an authorization request (that comes up over the page, for example) with a checkbox to authorize the use of cookies, or add a banner at the top of the first page they land on, etc. Pop-up windows should be avoided as they are often blocked by browsers.&lt;/p&gt;&#xA;"
                   textIsRich="true"/>
            <text_259 jcr:primaryType="nt:unstructured"
                   sling:resourceType="help/components/article-3/text"
                   text="&lt;p&gt;Adobe Campaign uses two types of cookies:&lt;/p&gt;&#xA;"
                   textIsRich="true"/>
            <procedure_16 jcr:primaryType="nt:unstructured"
                       sling:resourceType="help/components/procedure"
                       isBulleted="true">
            <proc_par jcr:primaryType="nt:unstructured"
                      sling:resourceType="help/components/procedure/proc_parsys">
                <step_125_16 jcr:primaryType="nt:unstructured" sling:resourceType="help/components/step">
                  <step_par jcr:primaryType="nt:unstructured"
                            sling:resourceType="help/components/procedure/step_parsys">
                    <text_260 jcr:primaryType="nt:unstructured"
                               sling:resourceType="help/components/article-3/text"
                               text="&lt;p&gt;A session cookie (nlid). This contains the identifier of the email sent to the contact (broadlogId) and the identifier of the message template (deliveryId). It is added when the contact clicks a URL included in an email sent by Adobe Campaign and enables you to track their behavior on the web. This session cookie is erased automatically when the browser is closed. The contact can configure their browser to refuse cookies.&lt;/p&gt;&#xA;"
                               textIsRich="true"/>
                  </step_par>
               </step_125_16>
                <step_126_16 jcr:primaryType="nt:unstructured" sling:resourceType="help/components/step">
                  <step_par jcr:primaryType="nt:unstructured"
                            sling:resourceType="help/components/procedure/step_parsys">
                    <text_261 jcr:primaryType="nt:unstructured"
                               sling:resourceType="help/components/article-3/text"
                               text="&lt;p&gt;A cookie shared between Adobe Experience Cloud solutions. This enables you to identify the users who interact with the Experience Cloud solutions when they visit a website. The description of this cookie is available here: &#xA;&lt;a href=&#34;https://marketing.adobe.com/resources/help/en_US/whitepapers/cookies/cookies_mc.html&#34;&gt;https://marketing.adobe.com/resources/help/en_US/whitepapers/cookies/cookies_mc.html&lt;/a&gt;.&lt;/p&gt;&#xA;"
                               textIsRich="true"/>
                  </step_par>
               </step_126_16>
            </proc_par>
         </procedure_16>
            <text_262 jcr:primaryType="nt:unstructured"
                   sling:resourceType="help/components/article-3/text"
                   text="&lt;p&gt;Tracking information are available for each contact of your database into &lt;strong&gt;integrated customer profiles&lt;/strong&gt;. For more on this, refer to &#xA;&#x9;&#x9;&#x9;&#x9;&#x9;&#x9;&#x9;&#x9;&#x9;&#x9;&#x9;&#xA;&#x9;&#x9;&#x9;&#x9;&#x9;&#x9;&#x9;&lt;a href=&#34;/content/help/en/campaign/standard/audiences/using/integrated-customer-profile.html&#34;&gt;this section&lt;/a&gt;.&lt;/p&gt;&#xA;"
                   textIsRich="true"/>
        
        
            <header_27 jcr:primaryType="nt:unstructured" sling:resourceType="help/components/header"
                    id="tracking-logs"
                    level="2"
                    text="&lt;p&gt;Tracking logs&lt;/p&gt;&#xA;"
                    textIsRich="'true'"/>
            <text_263 jcr:primaryType="nt:unstructured"
                   sling:resourceType="help/components/article-3/text"
                   text="&lt;p&gt;The &lt;strong&gt;Tracking logs&lt;/strong&gt; tab lists the tracking history for this delivery. This tab displays the tracking information for the sent messages, such as all the URLs which have been tracked by Adobe Campaign. Tracking information in this tab is updated every 10 minutes.&lt;/p&gt;&#xA;"
                   textIsRich="true"/>
            <note_8 jcr:primaryType="nt:unstructured"
                 sling:resourceType="help/components/article-3/note"
                 text="&lt;p&gt;&#xA;                If tracking is not enabled for a delivery, this tab is not displayed.&#xA;                Tracking logs are available for the &lt;strong&gt;email&lt;/strong&gt; and &lt;strong&gt;push notification&lt;/strong&gt; channels only.&#xA;            &lt;/p&gt;&#xA;"
                 textIsRich="true"
                 type="note"/>
            <image_58 jcr:primaryType="nt:unstructured"
                   sling:resourceType="help/components/article-3/image"
                   jcr:title=""
                   alt=""
                   captionBottom=""
                   fileName="tracking_logs.png"
                   originalFileName="images/en/tracking_logs.png"
                   fileReference="/content/dam/help/en/campaign/standard/tracking_logs.png"
                   imageRotate="0"
                   originalHeight=""
                   originalWidth=""
                   scaleOption="toTemplate"
                   status="legacy"/>
            <text_266 jcr:primaryType="nt:unstructured"
                   sling:resourceType="help/components/article-3/text"
                   text="&lt;p&gt;In the example above, the recipient:&lt;/p&gt;&#xA;"
                   textIsRich="true"/>
            <procedure_17 jcr:primaryType="nt:unstructured"
                       sling:resourceType="help/components/procedure"
                       isBulleted="true">
            <proc_par jcr:primaryType="nt:unstructured"
                      sling:resourceType="help/components/procedure/proc_parsys">
                <step_127_17 jcr:primaryType="nt:unstructured" sling:resourceType="help/components/step">
                  <step_par jcr:primaryType="nt:unstructured"
                            sling:resourceType="help/components/procedure/step_parsys">
                    <text_267 jcr:primaryType="nt:unstructured"
                               sling:resourceType="help/components/article-3/text"
                               text="&lt;p&gt;Opened the message.&lt;/p&gt;&#xA;"
                               textIsRich="true"/>
                  </step_par>
               </step_127_17>
                <step_128_17 jcr:primaryType="nt:unstructured" sling:resourceType="help/components/step">
                  <step_par jcr:primaryType="nt:unstructured"
                            sling:resourceType="help/components/procedure/step_parsys">
                    <text_268 jcr:primaryType="nt:unstructured"
                               sling:resourceType="help/components/article-3/text"
                               text="&lt;p&gt;Clicked on the &#34;LEARN MORE&#34; custom link.&lt;/p&gt;&#xA;"
                               textIsRich="true"/>
                  </step_par>
               </step_128_17>
                <step_129_17 jcr:primaryType="nt:unstructured" sling:resourceType="help/components/step">
                  <step_par jcr:primaryType="nt:unstructured"
                            sling:resourceType="help/components/procedure/step_parsys">
                    <text_269 jcr:primaryType="nt:unstructured"
                               sling:resourceType="help/components/article-3/text"
                               text="&lt;p&gt;Clicked on the unsubscription and the mirror page link.&lt;/p&gt;&#xA;"
                               textIsRich="true"/>
                  </step_par>
               </step_129_17>
            </proc_par>
         </procedure_17>
            <text_270 jcr:primaryType="nt:unstructured"
                   sling:resourceType="help/components/article-3/text"
                   text="&lt;p&gt;In the &lt;strong&gt;Type&lt;/strong&gt; column, the possible values are:&lt;/p&gt;&#xA;"
                   textIsRich="true"/>
            <procedure_18 jcr:primaryType="nt:unstructured"
                       sling:resourceType="help/components/procedure"
                       isBulleted="true">
            <proc_par jcr:primaryType="nt:unstructured"
                      sling:resourceType="help/components/procedure/proc_parsys">
                <step_130_18 jcr:primaryType="nt:unstructured" sling:resourceType="help/components/step">
                  <step_par jcr:primaryType="nt:unstructured"
                            sling:resourceType="help/components/procedure/step_parsys">
                    <text_271 jcr:primaryType="nt:unstructured"
                               sling:resourceType="help/components/article-3/text"
                               text="&lt;p&gt;&lt;strong&gt;Email click&lt;/strong&gt;: the recipients clicked on a custom link. &lt;/p&gt;&#xA;"
                               textIsRich="true"/>
                  </step_par>
               </step_130_18>
                <step_131_18 jcr:primaryType="nt:unstructured" sling:resourceType="help/components/step">
                  <step_par jcr:primaryType="nt:unstructured"
                            sling:resourceType="help/components/procedure/step_parsys">
                    <text_272 jcr:primaryType="nt:unstructured"
                               sling:resourceType="help/components/article-3/text"
                               text="&lt;p&gt;&lt;strong&gt;Mirror page&lt;/strong&gt;: the recipient clicked on a link to the mirror page. &lt;/p&gt;&#xA;"
                               textIsRich="true"/>
                  </step_par>
               </step_131_18>
                <step_132_18 jcr:primaryType="nt:unstructured" sling:resourceType="help/components/step">
                  <step_par jcr:primaryType="nt:unstructured"
                            sling:resourceType="help/components/procedure/step_parsys">
                    <text_273 jcr:primaryType="nt:unstructured"
                               sling:resourceType="help/components/article-3/text"
                               text="&lt;p&gt;&lt;strong&gt;Open&lt;/strong&gt;: the recipient opened the email.&lt;/p&gt;&#xA;"
                               textIsRich="true"/>
                  </step_par>
               </step_132_18>
                <step_133_18 jcr:primaryType="nt:unstructured" sling:resourceType="help/components/step">
                  <step_par jcr:primaryType="nt:unstructured"
                            sling:resourceType="help/components/procedure/step_parsys">
                    <text_274 jcr:primaryType="nt:unstructured"
                               sling:resourceType="help/components/article-3/text"
                               text="&lt;p&gt;&lt;strong&gt;Opt-out&lt;/strong&gt;: the recipient clicked on an unsubscription link. &lt;/p&gt;&#xA;"
                               textIsRich="true"/>
                  </step_par>
               </step_133_18>
                
                
                
                
                
            </proc_par>
         </procedure_18>
            <note_9 jcr:primaryType="nt:unstructured"
                 sling:resourceType="help/components/article-3/note"
                 text="&lt;p&gt;&#xA;                For the &lt;strong&gt;push notification&lt;/strong&gt; channel, only clicks on mobile notifications are tracked. In that case, the value will be &lt;strong&gt;Click on mobile notification&lt;/strong&gt;.&#xA;            &lt;/p&gt;&#xA;"
                 textIsRich="true"
                 type="note"/>
            <text_276 jcr:primaryType="nt:unstructured"
                   sling:resourceType="help/components/article-3/text"
                   text="&lt;p&gt;For more on how to insert tracking links, refer to &#xA;&#x9;&#x9;&#x9;&#x9;&#x9;&#x9;&#x9;&#x9;&#x9;&#x9;&#x9;&#xA;&#x9;&#x9;&#x9;&#x9;&#x9;&#x9;&#x9;&lt;a href=&#34;/content/help/en/campaign/standard/designing/using/inserting-a-link.html&#34;&gt;this page&lt;/a&gt;.&lt;/p&gt;&#xA;"
                   textIsRich="true"/>
        
        
            <header_28 jcr:primaryType="nt:unstructured" sling:resourceType="help/components/header"
                    id="tracked-urls"
                    level="2"
                    text="&lt;p&gt;Tracked URLs&lt;/p&gt;&#xA;"
                    textIsRich="'true'"/>
            <text_277 jcr:primaryType="nt:unstructured"
                   sling:resourceType="help/components/article-3/text"
                   text="&lt;p&gt;The &lt;strong&gt;Tracked URLs&lt;/strong&gt; tab regroups the URLs contained in the sent message, including their URL type and their source URL.&lt;/p&gt;&#xA;"
                   textIsRich="true"/>
            <image_59 jcr:primaryType="nt:unstructured"
                   sling:resourceType="help/components/article-3/image"
                   jcr:title=""
                   alt=""
                   captionBottom=""
                   fileName="sending_delivery6.png"
                   originalFileName="images/en/sending_delivery6.png"
                   fileReference="/content/dam/help/en/campaign/standard/sending_delivery6.png"
                   imageRotate="0"
                   originalHeight=""
                   originalWidth=""
                   scaleOption="toTemplate"
                   status="legacy"/>
            <text_278 jcr:primaryType="nt:unstructured"
                   sling:resourceType="help/components/article-3/text"
                   text="&lt;p&gt;For more on tracking links, refer to &#xA;&#x9;&#x9;&#x9;&#x9;&#x9;&#x9;&#x9;&#x9;&#x9;&#x9;&#x9;&#xA;&#x9;&#x9;&#x9;&#x9;&#x9;&#x9;&#x9;&lt;a href=&#34;/content/help/en/campaign/standard/designing/using/about-tracked-urls.html&#34;&gt;this section&lt;/a&gt;.&lt;/p&gt;&#xA;"
                   textIsRich="true"/>
        
      </main-pars>
      <hero jcr:primaryType="nt:unstructured"
            sling:resourceType="foundation/components/image"/>
      <thumbnail jcr:primaryType="nt:unstructured"
                 sling:resourceType="foundation/components/image"/>
      <publisherLogo jcr:primaryType="nt:unstructured"
                     sling:resourceType="foundation/components/image"/>
   </jcr:content>
</jcr:root>