<?xml version="1.0" encoding="UTF-8"?>
<jcr:root xmlns:nt="http://www.jcp.org/jcr/nt/1.0" xmlns:json="http://json.org/"
          xmlns:sling="http://sling.apache.org/jcr/sling/1.0"
          xmlns:cq="http://www.day.com/jcr/cq/1.0"
          xmlns:jcr="http://www.jcp.org/jcr/1.0"
          xmlns:mix="http://www.jcp.org/jcr/mix/1.0"
          jcr:primaryType="cq:Page">
   <jcr:content navTitle="Understanding delivery failures" jcr:primaryType="cq:PageContent"
                sling:resourceType="help/components/pages/article-3"
                heroGradient="light"
                jcr:language="en_us"
                cq:designPath="/etc/designs/help"
                cq:template="/apps/help/templates/article-3"
                jcr:mixinTypes="[mix:versionable]"
                jcr:title="Understanding delivery failures"
                jcr:description="Understanding delivery failures"
                seoDescription="Learn how to manage delivery failures with Campaign."
                primaryProductTag="[products:SG_CAMPAIGN/STANDARD]"
                cq:tags="[products:SG_CAMPAIGN/STANDARD,audience:sending,content_type:reference,topic_tags:monitoring-messages]"
                primaryAudienceTag="[audience:sending]"
                contentOwner="sauviat"
                isReadyForLocalization="true"
                publishExternalDate="2018-09-04">
      <main-pars jcr:primaryType="nt:unstructured"
                 sling:resourceType="foundation/components/parsys">
        
        
            
        
        
            <header_48 jcr:primaryType="nt:unstructured" sling:resourceType="help/components/header"
                    id="about-delivery-failures"
                    level="2"
                    text="&lt;p&gt;About delivery failures&lt;/p&gt;&#xA;"
                    textIsRich="'true'"/>
            <text_426 jcr:primaryType="nt:unstructured"
                   sling:resourceType="help/components/article-3/text"
                   text="&lt;p&gt;When a delivery cannot be sent to a profile, the remote server automatically sends an error message, which is picked up by the Adobe Campaign platform and qualified to determine whether or not the email address or phone number should be quarantined. See &#xA;&#x9;&#x9;&#x9;&#x9;&#x9;&#xA;&lt;a href=&#34;/content/help/en/campaign/standard/sending/using/understanding-delivery-failures.html#bounce-mail-qualification&#34; target=&#34;_blank&#34;&gt;Bounce mail qualification&lt;/a&gt;.&lt;/p&gt;&#xA;"
                   textIsRich="true"/>
            <note_14 jcr:primaryType="nt:unstructured"
                  sling:resourceType="help/components/article-3/note"
                  text="&lt;p&gt;&#xA;                &lt;strong&gt;Email&lt;/strong&gt; error messages (or &#34;bounces&#34;) are qualified by the inMail process.&#xA;                &lt;strong&gt;SMS&lt;/strong&gt; error messages (or &#34;SR&#34; for &#34;Status Report&#34;) are qualified by the MTA process. &#xA;            &lt;/p&gt;&#xA;"
                  textIsRich="true"
                  type="note"/>
            <text_429 jcr:primaryType="nt:unstructured"
                   sling:resourceType="help/components/article-3/text"
                   text="&lt;p&gt;Messages can also be excluded during the delivery preparation if an address is quarantined or if a profile is blacklisted. Excluded messages are listed in the &lt;strong&gt;Exclusion logs&lt;/strong&gt; tab of the delivery dashboard (see &#xA;&#x9;&#x9;&#x9;&#x9;&#x9;&#x9;&#x9;&#x9;&#x9;&#x9;&#x9;&#xA;&#x9;&#x9;&#x9;&#x9;&#x9;&#x9;&#x9;&lt;a href=&#34;/content/help/en/campaign/standard/sending/using/monitoring-a-delivery.html#exclusion-logs&#34;&gt;this section&lt;/a&gt;).&lt;/p&gt;&#xA;"
                   textIsRich="true"/>
            <image_78 jcr:primaryType="nt:unstructured"
                   sling:resourceType="help/components/article-3/image"
                   jcr:title=""
                   alt=""
                   captionBottom=""
                   fileName="exclusion_logs.png"
                   originalFileName="images/en/exclusion_logs.png"
                   fileReference="/content/dam/help/en/campaign/standard/exclusion_logs.png"
                   imageRotate="0"
                   originalHeight=""
                   originalWidth=""
                   scaleOption="toTemplate"
                   status="legacy"/>
            <text_430 jcr:primaryType="nt:unstructured"
                   sling:resourceType="help/components/article-3/text"
                   text="&lt;p&gt;&lt;strong&gt;Related topics:&lt;/strong&gt;&#xA;            &lt;/p&gt;&#xA;"
                   textIsRich="true"/>
            <procedure_35 jcr:primaryType="nt:unstructured"
                       sling:resourceType="help/components/procedure"
                       isBulleted="true">
            <proc_par jcr:primaryType="nt:unstructured"
                      sling:resourceType="help/components/procedure/proc_parsys">
                <step_214_35 jcr:primaryType="nt:unstructured" sling:resourceType="help/components/step">
                  <step_par jcr:primaryType="nt:unstructured"
                            sling:resourceType="help/components/procedure/step_parsys">
                    <text_431 jcr:primaryType="nt:unstructured"
                               sling:resourceType="help/components/article-3/text"
                               text="&lt;p&gt;&#xA;&#x9;&#x9;&#x9;&#x9;&#x9;&#xA;&lt;a href=&#34;/content/help/en/campaign/standard/sending/using/understanding-quarantine-management.html&#34; target=&#34;_blank&#34;&gt;Understanding quarantine management&lt;/a&gt;&lt;/p&gt;&#xA;"
                               textIsRich="true"/>
                  </step_par>
               </step_214_35>
                <step_215_35 jcr:primaryType="nt:unstructured" sling:resourceType="help/components/step">
                  <step_par jcr:primaryType="nt:unstructured"
                            sling:resourceType="help/components/procedure/step_parsys">
                    <text_432 jcr:primaryType="nt:unstructured"
                               sling:resourceType="help/components/article-3/text"
                               text="&lt;p&gt;&#xA;&#x9;&#x9;&#x9;&#x9;&#x9;&#x9;&#x9;&#x9;&#x9;&#x9;&#x9;&#xA;&#x9;&#x9;&#x9;&#x9;&#x9;&#x9;&#x9;&lt;a href=&#34;/content/help/en/campaign/standard/audiences/using/about-opt-in-and-opt-out-in-campaign.html&#34;&gt;Managing blacklisting in Campaign&lt;/a&gt;&lt;/p&gt;&#xA;"
                               textIsRich="true"/>
                  </step_par>
               </step_215_35>
            </proc_par>
         </procedure_35>
        
        
            <header_49 jcr:primaryType="nt:unstructured" sling:resourceType="help/components/header"
                    id="identifying-delivery-failures-for-a-message"
                    level="2"
                    text="&lt;p&gt;Identifying delivery failures for a message&lt;/p&gt;&#xA;"
                    textIsRich="'true'"/>
            <text_433 jcr:primaryType="nt:unstructured"
                   sling:resourceType="help/components/article-3/text"
                   text="&lt;p&gt;Once a delivery is sent, the &lt;strong&gt;Sending logs&lt;/strong&gt; tab (see &#xA;&#x9;&#x9;&#x9;&#x9;&#x9;&#x9;&#x9;&#x9;&#x9;&#x9;&#x9;&#xA;&#x9;&#x9;&#x9;&#x9;&#x9;&#x9;&#x9;&lt;a href=&#34;/content/help/en/campaign/standard/sending/using/monitoring-a-delivery.html#sending-logs&#34;&gt;this section&lt;/a&gt;) allows you to view the delivery status for each profile and the associated failure type and reason (see &#xA;&#x9;&#x9;&#x9;&#x9;&#x9;&#xA;&lt;a href=&#34;/content/help/en/campaign/standard/sending/using/understanding-delivery-failures.html#delivery-failure-types-and-reasons&#34; target=&#34;_blank&#34;&gt;Delivery failure types and reasons&lt;/a&gt;).&lt;/p&gt;&#xA;"
                   textIsRich="true"/>
            <image_79 jcr:primaryType="nt:unstructured"
                   sling:resourceType="help/components/article-3/image"
                   jcr:title=""
                   alt=""
                   captionBottom=""
                   fileName="sending_logs.png"
                   originalFileName="images/en/sending_logs.png"
                   fileReference="/content/dam/help/en/campaign/standard/sending_logs.png"
                   imageRotate="0"
                   originalHeight=""
                   originalWidth=""
                   scaleOption="toTemplate"
                   status="legacy"/>
            <text_434 jcr:primaryType="nt:unstructured"
                   sling:resourceType="help/components/article-3/text"
                   text="&lt;p&gt;A dedicated out-of-the-box report is also available. This report details the overall hard and soft errors encountered during deliveries as well as the automatic processing of bounces. For more on this, refer to &#xA;&#x9;&#x9;&#x9;&#x9;&#x9;&#x9;&#x9;&#x9;&#x9;&#x9;&#x9;&#xA;&#x9;&#x9;&#x9;&#x9;&#x9;&#x9;&#x9;&lt;a href=&#34;/content/help/en/campaign/standard/reporting/using/bounce-summary.html&#34;&gt;this section&lt;/a&gt;.&lt;/p&gt;&#xA;"
                   textIsRich="true"/>
        
        
            <header_50 jcr:primaryType="nt:unstructured" sling:resourceType="help/components/header"
                    id="delivery-failure-types-and-reasons"
                    level="2"
                    text="&lt;p&gt;Delivery failure types and reasons&lt;/p&gt;&#xA;"
                    textIsRich="'true'"/>
            <text_435 jcr:primaryType="nt:unstructured"
                   sling:resourceType="help/components/article-3/text"
                   text="&lt;p&gt;There are three types of errors when a delivery fails:&lt;/p&gt;&#xA;"
                   textIsRich="true"/>
            <procedure_36 jcr:primaryType="nt:unstructured"
                       sling:resourceType="help/components/procedure"
                       isBulleted="true">
            <proc_par jcr:primaryType="nt:unstructured"
                      sling:resourceType="help/components/procedure/proc_parsys">
                <step_216_36 jcr:primaryType="nt:unstructured" sling:resourceType="help/components/step">
                  <step_par jcr:primaryType="nt:unstructured"
                            sling:resourceType="help/components/procedure/step_parsys">
                    <text_436 jcr:primaryType="nt:unstructured"
                               sling:resourceType="help/components/article-3/text"
                               text="&lt;p&gt;&lt;strong&gt;Hard&lt;/strong&gt;: A &#34;hard&#34; error indicates an invalid address. This involves an error message that explicitly states that the address is invalid, such as: &#34;Unknown user&#34;.&lt;/p&gt;&#xA;"
                               textIsRich="true"/>
                  </step_par>
               </step_216_36>
                <step_217_36 jcr:primaryType="nt:unstructured" sling:resourceType="help/components/step">
                  <step_par jcr:primaryType="nt:unstructured"
                            sling:resourceType="help/components/procedure/step_parsys">
                    <text_437 jcr:primaryType="nt:unstructured"
                               sling:resourceType="help/components/article-3/text"
                               text="&lt;p&gt;&lt;strong&gt;Soft&lt;/strong&gt;: This might be a temporary error, or one that could not be categorized, such as: &#34;Invalid domain&#34; or &#34;Mailbox full&#34;.&lt;/p&gt;&#xA;"
                               textIsRich="true"/>
                  </step_par>
               </step_217_36>
                <step_218_36 jcr:primaryType="nt:unstructured" sling:resourceType="help/components/step">
                  <step_par jcr:primaryType="nt:unstructured"
                            sling:resourceType="help/components/procedure/step_parsys">
                    <text_438 jcr:primaryType="nt:unstructured"
                               sling:resourceType="help/components/article-3/text"
                               text="&lt;p&gt;&lt;strong&gt;Ignored&lt;/strong&gt;: This is an error that is known to be temporary, such as &#34;Out of office&#34;, or a technical error, for example if the sender type is &#34;postmaster&#34;.&lt;/p&gt;&#xA;"
                               textIsRich="true"/>
                  </step_par>
               </step_218_36>
            </proc_par>
         </procedure_36>
            <text_439 jcr:primaryType="nt:unstructured"
                   sling:resourceType="help/components/article-3/text"
                   text="&lt;p&gt;The possible reasons for a delivery failure are: &lt;/p&gt;&#xA;"
                   textIsRich="true"/>
            <procedure_37 jcr:primaryType="nt:unstructured"
                       sling:resourceType="help/components/procedure"
                       isBulleted="true">
            <proc_par jcr:primaryType="nt:unstructured"
                      sling:resourceType="help/components/procedure/proc_parsys">
                <step_219_37 jcr:primaryType="nt:unstructured" sling:resourceType="help/components/step">
                  <step_par jcr:primaryType="nt:unstructured"
                            sling:resourceType="help/components/procedure/step_parsys">
                    <text_440 jcr:primaryType="nt:unstructured"
                               sling:resourceType="help/components/article-3/text"
                               text="&lt;p&gt;&lt;strong&gt;User unknown&lt;/strong&gt; (Hard type): the address does not exist. No further deliveries will be attempted for this profile.&lt;/p&gt;&#xA;"
                               textIsRich="true"/>
                  </step_par>
               </step_219_37>
                <step_220_37 jcr:primaryType="nt:unstructured" sling:resourceType="help/components/step">
                  <step_par jcr:primaryType="nt:unstructured"
                            sling:resourceType="help/components/procedure/step_parsys">
                    <text_441 jcr:primaryType="nt:unstructured"
                               sling:resourceType="help/components/article-3/text"
                               text="&lt;p&gt;&lt;strong&gt;Quarantined address&lt;/strong&gt; (Hard type): the address was placed in quarantine.&lt;/p&gt;&#xA;"
                               textIsRich="true"/>
                  </step_par>
               </step_220_37>
                <step_221_37 jcr:primaryType="nt:unstructured" sling:resourceType="help/components/step">
                  <step_par jcr:primaryType="nt:unstructured"
                            sling:resourceType="help/components/procedure/step_parsys">
                    <text_442 jcr:primaryType="nt:unstructured"
                               sling:resourceType="help/components/article-3/text"
                               text="&lt;p&gt;&lt;strong&gt;Unreachable&lt;/strong&gt; (Soft/Hard type): an error has occurred in the message delivery chain (incident on SMTP relay, domain temporarily unreachable, etc.). According to the error returned by the provider, the address will be sent to quarantine directly or the delivery will be tried again until Campaign receives an error which justifies the Quarantine status or until the number of errors reaches 5.&lt;/p&gt;&#xA;"
                               textIsRich="true"/>
                  </step_par>
               </step_221_37>
                <step_222_37 jcr:primaryType="nt:unstructured" sling:resourceType="help/components/step">
                  <step_par jcr:primaryType="nt:unstructured"
                            sling:resourceType="help/components/procedure/step_parsys">
                    <text_443 jcr:primaryType="nt:unstructured"
                               sling:resourceType="help/components/article-3/text"
                               text="&lt;p&gt;&lt;strong&gt;Address empty&lt;/strong&gt; (Hard type): the address is not defined.&lt;/p&gt;&#xA;"
                               textIsRich="true"/>
                  </step_par>
               </step_222_37>
                <step_223_37 jcr:primaryType="nt:unstructured" sling:resourceType="help/components/step">
                  <step_par jcr:primaryType="nt:unstructured"
                            sling:resourceType="help/components/procedure/step_parsys">
                    <text_444 jcr:primaryType="nt:unstructured"
                               sling:resourceType="help/components/article-3/text"
                               text="&lt;p&gt;&lt;strong&gt;Mailbox full&lt;/strong&gt; (Soft type): the mailbox of this user is full and cannot accept more messages. This address can be removed from the quarantine list to make another attempt. It is removed automatically after 30 days. &lt;/p&gt;&#xA;"
                               textIsRich="true"/>
                    <text_445 jcr:primaryType="nt:unstructured"
                               sling:resourceType="help/components/article-3/text"
                               text="&lt;p&gt;In order for the address to be automatically removed from the list of quarantined addresses, the &lt;strong&gt;Database cleanup&lt;/strong&gt; technical workflow must be started.&lt;/p&gt;&#xA;"
                               textIsRich="true"/>
                  </step_par>
               </step_223_37>
                <step_224_37 jcr:primaryType="nt:unstructured" sling:resourceType="help/components/step">
                  <step_par jcr:primaryType="nt:unstructured"
                            sling:resourceType="help/components/procedure/step_parsys">
                    <text_446 jcr:primaryType="nt:unstructured"
                               sling:resourceType="help/components/article-3/text"
                               text="&lt;p&gt;&lt;strong&gt;Refused&lt;/strong&gt; (Soft/Hard type): the address has been placed in quarantine due to a security feedback as a spam report. According to the error returned by the provider, the address will be sent to quarantine directly or the delivery will be tried again until Campaign receives an error which justifies the Quarantine status or until the number of errors reaches 5.&lt;/p&gt;&#xA;"
                               textIsRich="true"/>
                  </step_par>
               </step_224_37>
                <step_225_37 jcr:primaryType="nt:unstructured" sling:resourceType="help/components/step">
                  <step_par jcr:primaryType="nt:unstructured"
                            sling:resourceType="help/components/procedure/step_parsys">
                    <text_447 jcr:primaryType="nt:unstructured"
                               sling:resourceType="help/components/article-3/text"
                               text="&lt;p&gt;&lt;strong&gt;Duplicate&lt;/strong&gt;: the address has already been detected in the segmentation.&lt;/p&gt;&#xA;"
                               textIsRich="true"/>
                  </step_par>
               </step_225_37>
                <step_226_37 jcr:primaryType="nt:unstructured" sling:resourceType="help/components/step">
                  <step_par jcr:primaryType="nt:unstructured"
                            sling:resourceType="help/components/procedure/step_parsys">
                    <text_448 jcr:primaryType="nt:unstructured"
                               sling:resourceType="help/components/article-3/text"
                               text="&lt;p&gt;&lt;strong&gt;Not defined&lt;/strong&gt; (Soft type): the address is in qualification because errors have not been incremented yet.&lt;/p&gt;&#xA;"
                               textIsRich="true"/>
                    <text_449 jcr:primaryType="nt:unstructured"
                               sling:resourceType="help/components/article-3/text"
                               text="&lt;p&gt; This type of error occurs when a new error message is sent by the server: it can be an isolated error, but if it occurs again, the error counter increases, which will alert the technical teams. &lt;/p&gt;&#xA;"
                               textIsRich="true"/>
                    
                  </step_par>
               </step_226_37>
                <step_227_37 jcr:primaryType="nt:unstructured" sling:resourceType="help/components/step">
                  <step_par jcr:primaryType="nt:unstructured"
                            sling:resourceType="help/components/procedure/step_parsys">
                    <text_450 jcr:primaryType="nt:unstructured"
                               sling:resourceType="help/components/article-3/text"
                               text="&lt;p&gt;&lt;strong&gt;Error ignored&lt;/strong&gt;: the address is in the whitelist and an email will be sent to it in any case.&lt;/p&gt;&#xA;"
                               textIsRich="true"/>
                  </step_par>
               </step_227_37>
                <step_228_37 jcr:primaryType="nt:unstructured" sling:resourceType="help/components/step">
                  <step_par jcr:primaryType="nt:unstructured"
                            sling:resourceType="help/components/procedure/step_parsys">
                    <text_451 jcr:primaryType="nt:unstructured"
                               sling:resourceType="help/components/article-3/text"
                               text="&lt;p&gt;&lt;strong&gt;Blacklisted address&lt;/strong&gt;: the address was blacklisted at the time of sending.&lt;/p&gt;&#xA;"
                               textIsRich="true"/>
                  </step_par>
               </step_228_37>
                <step_229_37 jcr:primaryType="nt:unstructured" sling:resourceType="help/components/step">
                  <step_par jcr:primaryType="nt:unstructured"
                            sling:resourceType="help/components/procedure/step_parsys">
                    <text_452 jcr:primaryType="nt:unstructured"
                               sling:resourceType="help/components/article-3/text"
                               text="&lt;p&gt;&lt;strong&gt;Account disabled&lt;/strong&gt; (Soft/Hard type): when the Internet Access Provider (IAP) detects a lengthy period of inactivity, it can close the user's account: deliveries to the user's address will then be impossible. The Soft or Hard type depends upon the type of error received: if the account is temporarily disabled due to six months of inactivity and can still be activated, the status &lt;strong&gt;Erroneous&lt;/strong&gt; will be assigned and the delivery will be tried again. If the error received signals that the account is permanently deactivated then it will directly be sent to Quarantine.&lt;/p&gt;&#xA;"
                               textIsRich="true"/>
                  </step_par>
               </step_229_37>
                <step_230_37 jcr:primaryType="nt:unstructured" sling:resourceType="help/components/step">
                  <step_par jcr:primaryType="nt:unstructured"
                            sling:resourceType="help/components/procedure/step_parsys">
                    <text_453 jcr:primaryType="nt:unstructured"
                               sling:resourceType="help/components/article-3/text"
                               text="&lt;p&gt;&lt;strong&gt;Not connected&lt;/strong&gt;: the profile's mobile phone is switched off or not connected to the network when the message is sent.&lt;/p&gt;&#xA;"
                               textIsRich="true"/>
                  </step_par>
               </step_230_37>
                <step_231_37 jcr:primaryType="nt:unstructured" sling:resourceType="help/components/step">
                  <step_par jcr:primaryType="nt:unstructured"
                            sling:resourceType="help/components/procedure/step_parsys">
                    <text_454 jcr:primaryType="nt:unstructured"
                               sling:resourceType="help/components/article-3/text"
                               text="&lt;p&gt;&lt;strong&gt;Invalid domain&lt;/strong&gt; (Soft type): the domain of the email address is incorrect or no longer exists. This profile will be targeted again until the error count reaches 5. After this, the record will be set to Quarantine status and no retry will follow.&lt;/p&gt;&#xA;"
                               textIsRich="true"/>
                  </step_par>
               </step_231_37>
                <step_232_37 jcr:primaryType="nt:unstructured" sling:resourceType="help/components/step">
                  <step_par jcr:primaryType="nt:unstructured"
                            sling:resourceType="help/components/procedure/step_parsys">
                    <text_455 jcr:primaryType="nt:unstructured"
                               sling:resourceType="help/components/article-3/text"
                               text="&lt;p&gt;&lt;strong&gt;Text too long&lt;/strong&gt;: the number of characters in the SMS message exceeds the limit. For more on this, see &#xA;&#x9;&#x9;&#x9;&#x9;&#x9;&#x9;&#x9;&#x9;&#x9;&#x9;&#x9;&#xA;&#x9;&#x9;&#x9;&#x9;&#x9;&#x9;&#x9;&lt;a href=&#34;/content/help/en/campaign/standard/administration/using/configuring-sms-channel.html#sms-encoding--length-and-transliteration&#34;&gt;SMS encoding, length and transliteration&lt;/a&gt;.&lt;/p&gt;&#xA;"
                               textIsRich="true"/>
                  </step_par>
               </step_232_37>
                <step_233_37 jcr:primaryType="nt:unstructured" sling:resourceType="help/components/step">
                  <step_par jcr:primaryType="nt:unstructured"
                            sling:resourceType="help/components/procedure/step_parsys">
                    <text_456 jcr:primaryType="nt:unstructured"
                               sling:resourceType="help/components/article-3/text"
                               text="&lt;p&gt;&lt;strong&gt;Character not supported by encoding&lt;/strong&gt;: the SMS message contains one or more characters that are not supported by the encoding. &amp;For more on this, see &#xA;&#x9;&#x9;&#x9;&#x9;&#x9;&#x9;&#x9;&#x9;&#x9;&#x9;&#x9;&#xA;&#x9;&#x9;&#x9;&#x9;&#x9;&#x9;&#x9;&lt;a href=&#34;/content/help/en/campaign/standard/administration/using/configuring-sms-channel.html#table-of-characters---gsm-standard&#34;&gt;Table of characters - GSM Standard&lt;/a&gt;.&lt;/p&gt;&#xA;"
                               textIsRich="true"/>
                  </step_par>
               </step_233_37>
                
            </proc_par>
         </procedure_37>
        
        
            <header_51 jcr:primaryType="nt:unstructured" sling:resourceType="help/components/header"
                    id="retries-after-a-delivery-failure"
                    level="2"
                    text="&lt;p&gt;Retries after a delivery failure&lt;/p&gt;&#xA;"
                    textIsRich="'true'"/>
            <text_457 jcr:primaryType="nt:unstructured"
                   sling:resourceType="help/components/article-3/text"
                   text="&lt;p&gt; If a delivery fails, retries will be performed during the delivery duration, only for &lt;strong&gt;Soft&lt;/strong&gt; or &lt;strong&gt;Ignored&lt;/strong&gt; errors (see &#xA;&#x9;&#x9;&#x9;&#x9;&#x9;&#xA;&lt;a href=&#34;/content/help/en/campaign/standard/sending/using/understanding-delivery-failures.html#delivery-failure-types-and-reasons&#34; target=&#34;_blank&#34;&gt;Delivery failure types and reasons&lt;/a&gt;).&lt;/p&gt;&#xA;"
                   textIsRich="true"/>
            <text_458 jcr:primaryType="nt:unstructured"
                   sling:resourceType="help/components/article-3/text"
                   text="&lt;p&gt;To modify the duration of a delivery, go to the advanced parameters of the delivery or delivery template and specify the desired duration in the corresponding field, as in the example below. The advanced delivery properties are presented in &#xA;&#x9;&#x9;&#x9;&#x9;&#x9;&#x9;&#x9;&#x9;&#x9;&#x9;&#x9;&#xA;&#x9;&#x9;&#x9;&#x9;&#x9;&#x9;&#x9;&lt;a href=&#34;/content/help/en/campaign/standard/administration/using/about-channel-configuration.html&#34;&gt;this section&lt;/a&gt;.&lt;/p&gt;&#xA;"
                   textIsRich="true"/>
            <image_80 jcr:primaryType="nt:unstructured"
                   sling:resourceType="help/components/article-3/image"
                   jcr:title=""
                   alt=""
                   captionBottom=""
                   fileName="quarantines3.png"
                   originalFileName="images/en/quarantines3.png"
                   fileReference="/content/dam/help/en/campaign/standard/quarantines3.png"
                   imageRotate="0"
                   originalHeight=""
                   originalWidth=""
                   scaleOption="toTemplate"
                   status="legacy"/>
            <text_459 jcr:primaryType="nt:unstructured"
                   sling:resourceType="help/components/article-3/text"
                   text="&lt;p&gt;The default configuration allows five retries at one-hour intervals, followed by one retry per day for four days. The number of retries can be changed globally (contact your Adobe technical administrator) or for each delivery or delivery template (see &#xA;&#x9;&#x9;&#x9;&#x9;&#x9;&#x9;&#x9;&#x9;&#x9;&#x9;&#x9;&#xA;&#x9;&#x9;&#x9;&#x9;&#x9;&#x9;&#x9;&lt;a href=&#34;/content/help/en/campaign/standard/administration/using/configuring-email-channel.html#list-of-email-channel-parameters&#34;&gt;this section&lt;/a&gt;).&lt;/p&gt;&#xA;"
                   textIsRich="true"/>
            
        
        
            <header_52 jcr:primaryType="nt:unstructured" sling:resourceType="help/components/header"
                    id="synchronous-and-asynchronous-errors"
                    level="2"
                    text="&lt;p&gt;Synchronous and asynchronous errors&lt;/p&gt;&#xA;"
                    textIsRich="'true'"/>
            <text_460 jcr:primaryType="nt:unstructured"
                   sling:resourceType="help/components/article-3/text"
                   text="&lt;p&gt;A delivery can fail immediately (synchronous error), or later on, after it has been sent (asynchronous error).&lt;/p&gt;&#xA;"
                   textIsRich="true"/>
            <procedure_38 jcr:primaryType="nt:unstructured"
                       sling:resourceType="help/components/procedure"
                       isBulleted="true">
            <proc_par jcr:primaryType="nt:unstructured"
                      sling:resourceType="help/components/procedure/proc_parsys">
                <step_234_38 jcr:primaryType="nt:unstructured" sling:resourceType="help/components/step">
                  <step_par jcr:primaryType="nt:unstructured"
                            sling:resourceType="help/components/procedure/step_parsys">
                    <text_461 jcr:primaryType="nt:unstructured"
                               sling:resourceType="help/components/article-3/text"
                               text="&lt;p&gt;&lt;strong&gt;Synchronous error&lt;/strong&gt;: the remote server contacted by the Adobe Campaign delivery server immediately returned an error message, the delivery is not allowed to be sent to the profile's server.&lt;/p&gt;&#xA;"
                               textIsRich="true"/>
                  </step_par>
               </step_234_38>
                <step_235_38 jcr:primaryType="nt:unstructured" sling:resourceType="help/components/step">
                  <step_par jcr:primaryType="nt:unstructured"
                            sling:resourceType="help/components/procedure/step_parsys">
                    <text_462 jcr:primaryType="nt:unstructured"
                               sling:resourceType="help/components/article-3/text"
                               text="&lt;p&gt;&lt;strong&gt;Asynchronous error&lt;/strong&gt;: a bounce mail or a SR was resent later by the receiving server. Asynchronous errors can occur up until one week after a delivery has been sent. &lt;/p&gt;&#xA;"
                               textIsRich="true"/>
                  </step_par>
               </step_235_38>
            </proc_par>
         </procedure_38>
        
        
            
            <header_53 jcr:primaryType="nt:unstructured" sling:resourceType="help/components/header"
                    id="bounce-mail-qualification"
                    level="2"
                    text="&lt;p&gt;Bounce mail qualification&lt;/p&gt;&#xA;"
                    textIsRich="'true'"/>
            <text_463 jcr:primaryType="nt:unstructured"
                   sling:resourceType="help/components/article-3/text"
                   text="&lt;p&gt;Delivery failure error messages (or &#34;bounces&#34;) are picked up by the Adobe Campaign platform and qualified by the inMail process to enrich the list of email management rules.&lt;/p&gt;&#xA;"
                   textIsRich="true"/>
            <text_464 jcr:primaryType="nt:unstructured"
                   sling:resourceType="help/components/article-3/text"
                   text="&lt;p&gt;This list is available to administrators only and contains all the rules used by Adobe Campaign to qualify delivery failures. &lt;/p&gt;&#xA;"
                   textIsRich="true"/>
            <text_465 jcr:primaryType="nt:unstructured"
                   sling:resourceType="help/components/article-3/text"
                   text="&lt;p&gt;To access it, click the &lt;strong&gt;Adobe Campaign&lt;/strong&gt; logo, at the top left, then select &lt;strong&gt;Administration &gt; Channels &gt; Email &gt; Email processing rules&lt;/strong&gt;.&lt;/p&gt;&#xA;"
                   textIsRich="true"/>
            <text_466 jcr:primaryType="nt:unstructured"
                   sling:resourceType="help/components/article-3/text"
                   text="&lt;p&gt;For more on this, refer to this &#xA;&#x9;&#x9;&#x9;&#x9;&#x9;&#x9;&#x9;&#x9;&#x9;&#x9;&#x9;&#xA;&#x9;&#x9;&#x9;&#x9;&#x9;&#x9;&#x9;&lt;a href=&#34;/content/help/en/campaign/standard/administration/using/configuring-email-channel.html#email-processing-rules&#34;&gt;section&lt;/a&gt;.&lt;/p&gt;&#xA;"
                   textIsRich="true"/>
            <text_467 jcr:primaryType="nt:unstructured"
                   sling:resourceType="help/components/article-3/text"
                   text="&lt;p&gt;Bounces can have the following qualification statuses: &lt;/p&gt;&#xA;"
                   textIsRich="true"/>
            <procedure_39 jcr:primaryType="nt:unstructured"
                       sling:resourceType="help/components/procedure"
                       isBulleted="true">
            <proc_par jcr:primaryType="nt:unstructured"
                      sling:resourceType="help/components/procedure/proc_parsys">
                <step_236_39 jcr:primaryType="nt:unstructured" sling:resourceType="help/components/step">
                  <step_par jcr:primaryType="nt:unstructured"
                            sling:resourceType="help/components/procedure/step_parsys">
                    <text_468 jcr:primaryType="nt:unstructured"
                               sling:resourceType="help/components/article-3/text"
                               text="&lt;p&gt;&lt;strong&gt;To qualify&lt;/strong&gt;: the bounce mail needs to be qualified. Qualification must be done by the Deliverability team to ensure that the platform deliverability functions correctly. As long as it is not qualified, the bounce mail is not used to enrich the list of email processing rules.&lt;/p&gt;&#xA;"
                               textIsRich="true"/>
                  </step_par>
               </step_236_39>
                <step_237_39 jcr:primaryType="nt:unstructured" sling:resourceType="help/components/step">
                  <step_par jcr:primaryType="nt:unstructured"
                            sling:resourceType="help/components/procedure/step_parsys">
                    <text_469 jcr:primaryType="nt:unstructured"
                               sling:resourceType="help/components/article-3/text"
                               text="&lt;p&gt;&lt;strong&gt;Keep&lt;/strong&gt;: the bounce mail was qualified and will be used by the &lt;strong&gt;Update for deliverability&lt;/strong&gt; workflow to be compared to existing email processing rules and enrich the list.&lt;/p&gt;&#xA;"
                               textIsRich="true"/>
                  </step_par>
               </step_237_39>
                <step_238_39 jcr:primaryType="nt:unstructured" sling:resourceType="help/components/step">
                  <step_par jcr:primaryType="nt:unstructured"
                            sling:resourceType="help/components/procedure/step_parsys">
                    <text_470 jcr:primaryType="nt:unstructured"
                               sling:resourceType="help/components/article-3/text"
                               text="&lt;p&gt;&lt;strong&gt;Ignore&lt;/strong&gt;: the bounce mail was qualified but will not be used by the &lt;strong&gt;Update for deliverability&lt;/strong&gt; workflow. So it will not be sent to the client instances.&lt;/p&gt;&#xA;"
                               textIsRich="true"/>
                  </step_par>
               </step_238_39>
            </proc_par>
         </procedure_39>
            <text_471 jcr:primaryType="nt:unstructured"
                   sling:resourceType="help/components/article-3/text"
                   text="&lt;p&gt;To list the various bounces and their associated error types et reasons, click the &lt;strong&gt;Adobe Campaign&lt;/strong&gt; logo, in the top left, then select &lt;strong&gt;Administration &gt; Channels &gt; Quarantines &gt; Message qualification&lt;/strong&gt;.&lt;/p&gt;&#xA;"
                   textIsRich="true"/>
            <image_81 jcr:primaryType="nt:unstructured"
                   sling:resourceType="help/components/article-3/image"
                   jcr:title=""
                   alt=""
                   captionBottom=""
                   fileName="qualification.png"
                   originalFileName="images/en/qualification.png"
                   fileReference="/content/dam/help/en/campaign/standard/qualification.png"
                   imageRotate="0"
                   originalHeight=""
                   originalWidth=""
                   scaleOption="toTemplate"
                   status="legacy"/>
        
        
            <header_54 jcr:primaryType="nt:unstructured" sling:resourceType="help/components/header"
                    id="optimizing-mail-deliverability-with-double-opt-in-mechanism"
                    level="2"
                    text="&lt;p&gt;Optimizing mail deliverability with double opt-in mechanism&lt;/p&gt;&#xA;"
                    textIsRich="'true'"/>
            <text_472 jcr:primaryType="nt:unstructured"
                   sling:resourceType="help/components/article-3/text"
                   text="&lt;p&gt;Double opt-in mechanism is a best practice when sending emails. It protects the platform from wrong or invalid email addresses, spambots, and prevents possible spam complaints.&lt;/p&gt;&#xA;"
                   textIsRich="true"/>
            <text_473 jcr:primaryType="nt:unstructured"
                   sling:resourceType="help/components/article-3/text"
                   text="&lt;p&gt;The principle is to send an email to confirm the visitor's agreement before storing them as ‘profiles' into your Campaign database: the visitor fills out an online landing page, then receives an email and has to click in the confirmation link to finalize its subscription.&lt;/p&gt;&#xA;"
                   textIsRich="true"/>
            <text_474 jcr:primaryType="nt:unstructured"
                   sling:resourceType="help/components/article-3/text"
                   text="&lt;p&gt;For more on this, refer to &#xA;&#x9;&#x9;&#x9;&#x9;&#x9;&#x9;&#x9;&#x9;&#x9;&#x9;&#x9;&#xA;&#x9;&#x9;&#x9;&#x9;&#x9;&#x9;&#x9;&lt;a href=&#34;/content/help/en/campaign/standard/channels/using/setting-up-a-double-opt-in-process.html&#34;&gt;this section&lt;/a&gt;.&lt;/p&gt;&#xA;"
                   textIsRich="true"/>
        
      </main-pars>
      <hero jcr:primaryType="nt:unstructured"
            sling:resourceType="foundation/components/image"/>
      <thumbnail jcr:primaryType="nt:unstructured"
                 sling:resourceType="foundation/components/image"/>
      <publisherLogo jcr:primaryType="nt:unstructured"
                     sling:resourceType="foundation/components/image"/>
   </jcr:content>
</jcr:root>