<?xml version="1.0" encoding="UTF-8"?>
<jcr:root xmlns:nt="http://www.jcp.org/jcr/nt/1.0" xmlns:json="http://json.org/"
          xmlns:sling="http://sling.apache.org/jcr/sling/1.0"
          xmlns:cq="http://www.day.com/jcr/cq/1.0"
          xmlns:jcr="http://www.jcp.org/jcr/1.0"
          xmlns:mix="http://www.jcp.org/jcr/mix/1.0"
          jcr:primaryType="cq:Page">
   <jcr:content cq:designPath="/etc/designs/help" cq:template="/apps/help/templates/morehelp"
                jcr:language="en_us"
                jcr:primaryType="cq:PageContent"
                jcr:title="Users &amp; security"
                sling:resourceType="help/components/morehelp"
                heroGradient="light"
                isContainer="true"
                contentOwner="sauviat"
                pageLayout="video"
                sideColumn="left"
                noIndex="true"
                preview="false"
                primaryProductTag="[products:SG_CAMPAIGN/STANDARD]"
                primaryAudienceTag="[audience:administration]"
                isReadyForLocalization="true">
      <main-pars jcr:primaryType="nt:unstructured">
         <dynamicpod jcr:primaryType="nt:unstructured"
                     sling:resourceType="help/components/dynamicpod"
                     keywordTags="[topic_tags:users-e-security]"
                     searchRoot="/content/help/en/campaign/standard/administration/using"
                     highlightArticles="[&#xA;&#x9;&#x9;&#x9;&#x9;&#x9;&#x9;&#x9;&#x9;&#x9;&#xA;&#x9;&#x9;&#x9;&#x9;&#x9;&#x9;&#x9;&#x9;&#x9;/content/help/en/campaign/standard/administration/using/licenses,/content/help/en/campaign/standard/administration/using/about-access-management,&#xA;&#x9;&#x9;&#x9;&#x9;&#x9;&#x9;&#x9;&#x9;&#x9;&#x9;&#x9;&#x9;/content/help/en/campaign/standard/administration/using/types-of-users,&#xA;&#x9;&#x9;&#x9;&#x9;&#x9;&#x9;&#x9;&#x9;&#x9;&#x9;&#x9;&#x9;/content/help/en/campaign/standard/administration/using/organizational-units,&#xA;&#x9;&#x9;&#x9;&#x9;&#x9;&#x9;&#x9;&#x9;&#x9;&#x9;&#x9;&#x9;/content/help/en/campaign/standard/administration/using/list-of-roles,&#xA;&#x9;&#x9;&#x9;&#x9;&#x9;&#x9;&#x9;&#x9;&#x9;&#x9;&#x9;&#x9;/content/help/en/campaign/standard/administration/using/managing-groups-and-users,&#xA;&#x9;&#x9;&#x9;&#x9;&#x9;&#x9;&#x9;&#x9;&#x9;&#x9;&#x9;&#x9;/content/help/en/campaign/standard/administration/using/auditing-export-logs,&#xA;&#x9;&#x9;&#x9;&#x9;&#x9;&#x9;&#x9;&#x9;&#x9;&#x9;&#x9;&#x9;]"
                     pathsFromQuery="[&#xA;&#x9;&#x9;&#x9;&#x9;&#x9;&#x9;&#x9;&#x9;&#x9;&#xA;&#x9;&#x9;&#x9;&#x9;&#x9;&#x9;&#x9;&#x9;&#x9;&#xA;&#x9;&#x9;&#x9;&#x9;&#x9;&#x9;&#x9;&#x9;&#x9;/content/help/en/campaign/standard/administration/using/licenses,/content/help/en/campaign/standard/administration/using/about-access-management,&#xA;&#x9;&#x9;&#x9;&#x9;&#x9;&#x9;&#x9;&#x9;&#x9;&#x9;&#x9;&#x9;/content/help/en/campaign/standard/administration/using/types-of-users,&#xA;&#x9;&#x9;&#x9;&#x9;&#x9;&#x9;&#x9;&#x9;&#x9;&#x9;&#x9;&#x9;/content/help/en/campaign/standard/administration/using/organizational-units,&#xA;&#x9;&#x9;&#x9;&#x9;&#x9;&#x9;&#x9;&#x9;&#x9;&#x9;&#x9;&#x9;/content/help/en/campaign/standard/administration/using/list-of-roles,&#xA;&#x9;&#x9;&#x9;&#x9;&#x9;&#x9;&#x9;&#x9;&#x9;&#x9;&#x9;&#x9;/content/help/en/campaign/standard/administration/using/managing-groups-and-users,&#xA;&#x9;&#x9;&#x9;&#x9;&#x9;&#x9;&#x9;&#x9;&#x9;&#x9;&#x9;&#x9;/content/help/en/campaign/standard/administration/using/auditing-export-logs,&#xA;&#x9;&#x9;&#x9;&#x9;&#x9;&#x9;&#x9;&#x9;&#x9;&#x9;&#x9;&#x9;]"/>
         <text jcr:primaryType="nt:unstructured" sling:resourceType="help/components/text"
               text="&lt;p&gt;Adobe Campaign offers advanced access management capabilities that allow you to optimize security.&lt;/p&gt;&#xA;"
               textIsRich="true"/>
      </main-pars>
      <hero jcr:primaryType="nt:unstructured"
            sling:resourceType="foundation/components/image"/>
      <thumbnail jcr:primaryType="nt:unstructured"
                 sling:resourceType="foundation/components/image"/>
      <publisherLogo jcr:primaryType="nt:unstructured"
                     sling:resourceType="foundation/components/image"/>
   </jcr:content>
</jcr:root>