<?xml version="1.0" encoding="UTF-8"?>
<jcr:root xmlns:nt="http://www.jcp.org/jcr/nt/1.0" xmlns:json="http://json.org/"
          xmlns:sling="http://sling.apache.org/jcr/sling/1.0"
          xmlns:cq="http://www.day.com/jcr/cq/1.0"
          xmlns:jcr="http://www.jcp.org/jcr/1.0"
          xmlns:mix="http://www.jcp.org/jcr/mix/1.0"
          jcr:primaryType="cq:Page">
   <jcr:content cq:designPath="/etc/designs/help"
                cq:template="/apps/help/templates/contenttype"
                jcr:language="en_us"
                jcr:primaryType="cq:PageContent"
                jcr:title="using"
                sling:resourceType="help/components/contenttype"
                contentOwner="sauviat"
                preview="false"
                isReadyForLocalization="true"/>
   <workflow-data-and-processes/>
   <discovering-workflows/>
   <workflow-operating-principles/>
   <workflow-interface/>
   <building-a-workflow/>
   <targeting-data/>
   <importing-data/>
   <using-workflow-data/>
   <executing-a-workflow/>
   <about-targeting-activities/>
   <query/>
   <incremental-query/>
   <union/>
   <intersection/>
   <exclusion/>
   <segmentation/>
   <read-audience/>
   <save-audience/>
   <deduplication/>
   <enrichment/>
   <about-execution-activities/>
   <start-and-end/>
   <fork/>
   <and-join/>
   <scheduler/>
   <wait/>
   <external-signal/>
   <about-channel-activities/>
   <email-delivery/>
   <sms-delivery/>
   <push-notification-delivery/>
   <direct-mail-delivery/>
   <in-app-delivery/>
   <about-data-management-activities/>
   <update-data/>
   <load-file/>
   <transfer-file/>
   <reconciliation/>
   <extract-file/>
   <subscription-services/>
   <editing-queries/>
   <advanced-expression-editing/>
   <list-of-functions/>
   <about-data-import-and-export/>
   <importing-data-with-import-templates/>
   <defining-import-templates/>
   <exporting-logs/>
   <managing-packages/>
   <exporting-lists/>
</jcr:root>