<?xml version="1.0" encoding="UTF-8"?>
<jcr:root xmlns:nt="http://www.jcp.org/jcr/nt/1.0" xmlns:json="http://json.org/"
          xmlns:sling="http://sling.apache.org/jcr/sling/1.0"
          xmlns:cq="http://www.day.com/jcr/cq/1.0"
          xmlns:jcr="http://www.jcp.org/jcr/1.0"
          xmlns:mix="http://www.jcp.org/jcr/mix/1.0"
          jcr:primaryType="cq:Page">
   <jcr:content navTitle="Deduplication" jcr:primaryType="cq:PageContent"
                sling:resourceType="help/components/pages/article-3"
                heroGradient="light"
                jcr:language="en_us"
                cq:designPath="/etc/designs/help"
                cq:template="/apps/help/templates/article-3"
                jcr:mixinTypes="[mix:versionable]"
                jcr:title="Deduplication"
                jcr:description="Deduplication"
                seoDescription="The Deduplication activity allows you to delete duplicates in the result(s) of the inbound activities."
                primaryProductTag="[products:SG_CAMPAIGN/STANDARD]"
                cq:tags="[products:SG_CAMPAIGN/STANDARD,audience:automating,content_type:reference,topic_tags:targeting-activities]"
                primaryAudienceTag="[audience:automating]"
                contentOwner="sauviat"
                isReadyForLocalization="true"
                publishExternalDate="2019-01-09">
      <main-pars jcr:primaryType="nt:unstructured"
                 sling:resourceType="foundation/components/parsys">
        
        
        
            
        
        
            <header_105 jcr:primaryType="nt:unstructured" sling:resourceType="help/components/header"
                     id="description"
                     level="2"
                     text="&lt;p&gt;Description&lt;/p&gt;&#xA;"
                     textIsRich="'true'"/>
            <image_92 jcr:primaryType="nt:unstructured"
                   sling:resourceType="help/components/article-3/image"
                   jcr:title=""
                   alt=""
                   captionBottom=""
                   fileName="deduplication.png"
                   originalFileName="images/en/deduplication.png"
                   fileReference="/content/dam/help/en/campaign/standard/deduplication.png"
                   imageRotate="0"
                   originalHeight=""
                   originalWidth=""
                   scaleOption="toTemplate"
                   status="legacy"/>
            <text_701 jcr:primaryType="nt:unstructured"
                   sling:resourceType="help/components/article-3/text"
                   text="&lt;p&gt;The &#xA;&lt;span class=&#34;uicontrol&#34;&gt;Deduplication&lt;/span&gt;&#xA; activity allows you to delete duplicates in the result(s) of the inbound activities.&lt;/p&gt;&#xA;"
                   textIsRich="true"/>
        
        
            <header_106 jcr:primaryType="nt:unstructured" sling:resourceType="help/components/header"
                     id="context-of-use"
                     level="2"
                     text="&lt;p&gt;Context of use&lt;/p&gt;&#xA;"
                     textIsRich="'true'"/>
            <text_702 jcr:primaryType="nt:unstructured"
                   sling:resourceType="help/components/article-3/text"
                   text="&lt;p&gt;The &#xA;&lt;span class=&#34;uicontrol&#34;&gt;Deduplication&lt;/span&gt;&#xA; activity is generally used following targeting activities or after importing a file and before activities that allow the use of targeted data.&lt;/p&gt;&#xA;"
                   textIsRich="true"/>
            <text_703 jcr:primaryType="nt:unstructured"
                   sling:resourceType="help/components/article-3/text"
                   text="&lt;p&gt;During deduplication, inbound transitions are processed separately. For example, if profile 'A' is present in the result of query 1, and also in the result of query 2, it will not be deduplicated.&lt;/p&gt;&#xA;"
                   textIsRich="true"/>
            <text_704 jcr:primaryType="nt:unstructured"
                   sling:resourceType="help/components/article-3/text"
                   text="&lt;p&gt;It is therefore advised that a deduplication only has one inbound transition. To do this, you can combine your different queries by using activities that correspond to your targeting needs such as a union activity, an intersection activity, etc. For example:&lt;/p&gt;&#xA;"
                   textIsRich="true"/>
            <image_93 jcr:primaryType="nt:unstructured"
                   sling:resourceType="help/components/article-3/image"
                   jcr:title=""
                   alt=""
                   captionBottom=""
                   fileName="dedup_bonnePratique.png"
                   originalFileName="images/en/dedup_bonnePratique.png"
                   fileReference="/content/dam/help/en/campaign/standard/dedup_bonnePratique.png"
                   imageRotate="0"
                   originalHeight=""
                   originalWidth=""
                   scaleOption="toTemplate"
                   status="legacy"/>
        
        
            <header_107 jcr:primaryType="nt:unstructured" sling:resourceType="help/components/header"
                     id="configuration"
                     level="2"
                     text="&lt;p&gt;Configuration&lt;/p&gt;&#xA;"
                     textIsRich="'true'"/>
            <text_705 jcr:primaryType="nt:unstructured"
                   sling:resourceType="help/components/article-3/text"
                   text="&lt;p&gt; To configure a deduplication activity, you must enter a label, the method and the deduplication criteria, as well as the options relating to the result. &lt;/p&gt;&#xA;"
                   textIsRich="true"/>
            <procedure_21_10 jcr:primaryType="nt:unstructured"
                          sling:resourceType="help/components/procedure">
            <proc_par jcr:primaryType="nt:unstructured"
                      sling:resourceType="help/components/procedure/proc_parsys">
                <step_289_0 jcr:primaryType="nt:unstructured" sling:resourceType="help/components/step">
                  <step_par jcr:primaryType="nt:unstructured"
                            sling:resourceType="help/components/procedure/step_parsys">
                    <text_706 jcr:primaryType="nt:unstructured"
                               sling:resourceType="help/components/article-3/text"
                               text="&lt;p&gt;Drag and drop a &#xA;&lt;span class=&#34;uicontrol&#34;&gt;Deduplication&lt;/span&gt;&#xA; activity into your workflow.&lt;/p&gt;&#xA;"
                               textIsRich="true"/>
                  </step_par>
               </step_289_0>
                <step_290_0 jcr:primaryType="nt:unstructured" sling:resourceType="help/components/step">
                  <step_par jcr:primaryType="nt:unstructured"
                            sling:resourceType="help/components/procedure/step_parsys">
                    <text_707 jcr:primaryType="nt:unstructured"
                               sling:resourceType="help/components/article-3/text"
                               text="&lt;p&gt;Select the activity, then open it using the &#xA;&#x9;&lt;img height=&#34;21px&#34; src=&#34;/content/dam/help/en/campaign/standard/edit_darkgrey-24px.png&#34; /&gt;&#xA;&#x9;&#xA; button from the quick actions that appear.&lt;/p&gt;&#xA;"
                               textIsRich="true"/>
                    <image_94 jcr:primaryType="nt:unstructured"
                               sling:resourceType="help/components/article-3/image"
                               jcr:title=""
                               alt=""
                               captionBottom=""
                               fileName="deduplication_1.png"
                               originalFileName="images/en/deduplication_1.png"
                               fileReference="/content/dam/help/en/campaign/standard/deduplication_1.png"
                               imageRotate="0"
                               originalHeight=""
                               originalWidth=""
                               scaleOption="toTemplate"
                               status="legacy"/>
                  </step_par>
               </step_290_0>
                <step_291_0 jcr:primaryType="nt:unstructured" sling:resourceType="help/components/step">
                  <step_par jcr:primaryType="nt:unstructured"
                            sling:resourceType="help/components/procedure/step_parsys">
                    <text_708 jcr:primaryType="nt:unstructured"
                               sling:resourceType="help/components/article-3/text"
                               text="&lt;p&gt;Select the &#xA;&lt;span class=&#34;uicontrol&#34;&gt;Resource type&lt;/span&gt;&#xA; on which the deduplication has to be carried out:&lt;/p&gt;&#xA;"
                               textIsRich="true"/>
                    <procedure_60 jcr:primaryType="nt:unstructured"
                                   sling:resourceType="help/components/procedure"
                                   isBulleted="true">
                        <proc_par jcr:primaryType="nt:unstructured"
                                  sling:resourceType="help/components/procedure/proc_parsys">
                           <step_291_60 jcr:primaryType="nt:unstructured" sling:resourceType="help/components/step">
                              <step_par jcr:primaryType="nt:unstructured"
                                        sling:resourceType="help/components/procedure/step_parsys">
                                 <text_709 jcr:primaryType="nt:unstructured"
                                           sling:resourceType="help/components/article-3/text"
                                           text="&lt;p&gt;&#xA;&lt;span class=&#34;uicontrol&#34;&gt;Database resource&lt;/span&gt;&#xA; if the deduplication is carried out on data that already exists in the database. Select the &#xA;&lt;span class=&#34;uicontrol&#34;&gt;Filtering dimension&lt;/span&gt;&#xA; and the &#xA;&lt;span class=&#34;uicontrol&#34;&gt;Targeting dimension&lt;/span&gt;&#xA;, depending on the data that you want to deduplicate. By default, deduplication is carried out on the &lt;strong&gt;profiles&lt;/strong&gt;.&lt;/p&gt;&#xA;"
                                           textIsRich="true"/>
                              </step_par>
                           </step_291_60>
                           <step_292_60 jcr:primaryType="nt:unstructured" sling:resourceType="help/components/step">
                              <step_par jcr:primaryType="nt:unstructured"
                                        sling:resourceType="help/components/procedure/step_parsys">
                                 <text_710 jcr:primaryType="nt:unstructured"
                                           sling:resourceType="help/components/article-3/text"
                                           text="&lt;p&gt;&#xA;&lt;span class=&#34;uicontrol&#34;&gt;Temporary resource&lt;/span&gt;&#xA; if the deduplication is carried out on the workflow's temporary data: select the &#xA;&lt;span class=&#34;uicontrol&#34;&gt;Targeted set&lt;/span&gt;&#xA; containing the data to deduplicate. This use case can be encountered after importing a file or if the data in the database was enriched (with a segment code, for example).&lt;/p&gt;&#xA;"
                                           textIsRich="true"/>
                              </step_par>
                           </step_292_60>
                        </proc_par>
                     </procedure_60>
                  </step_par>
               </step_291_0>
                <step_294_0 jcr:primaryType="nt:unstructured" sling:resourceType="help/components/step">
                  <step_par jcr:primaryType="nt:unstructured"
                            sling:resourceType="help/components/procedure/step_parsys">
                    <text_711 jcr:primaryType="nt:unstructured"
                               sling:resourceType="help/components/article-3/text"
                               text="&lt;p&gt;Select the &#xA;&lt;span class=&#34;uicontrol&#34;&gt;Number of unique records to keep&lt;/span&gt;&#xA;. The default value for this field is 1. The value 0 allows you to keep all the duplicates.&lt;/p&gt;&#xA;"
                               textIsRich="true"/>
                    <text_712 jcr:primaryType="nt:unstructured"
                               sling:resourceType="help/components/article-3/text"
                               text="&lt;p&gt;For example, if records A and B are considered duplicates of record Y, and a record C is considered as a duplicate of record Z:&lt;/p&gt;&#xA;"
                               textIsRich="true"/>
                    <procedure_61 jcr:primaryType="nt:unstructured"
                                   sling:resourceType="help/components/procedure"
                                   isBulleted="true">
                        <proc_par jcr:primaryType="nt:unstructured"
                                  sling:resourceType="help/components/procedure/proc_parsys">
                           <step_294_61 jcr:primaryType="nt:unstructured" sling:resourceType="help/components/step">
                              <step_par jcr:primaryType="nt:unstructured"
                                        sling:resourceType="help/components/procedure/step_parsys">
                                 <text_713 jcr:primaryType="nt:unstructured"
                                           sling:resourceType="help/components/article-3/text"
                                           text="&lt;p&gt;If the value of the field is 1: only the Y and Z records are kept.&lt;/p&gt;&#xA;"
                                           textIsRich="true"/>
                              </step_par>
                           </step_294_61>
                           <step_295_61 jcr:primaryType="nt:unstructured" sling:resourceType="help/components/step">
                              <step_par jcr:primaryType="nt:unstructured"
                                        sling:resourceType="help/components/procedure/step_parsys">
                                 <text_714 jcr:primaryType="nt:unstructured"
                                           sling:resourceType="help/components/article-3/text"
                                           text="&lt;p&gt;If the value of the field is 0: all the records are kept.&lt;/p&gt;&#xA;"
                                           textIsRich="true"/>
                              </step_par>
                           </step_295_61>
                           <step_296_61 jcr:primaryType="nt:unstructured" sling:resourceType="help/components/step">
                              <step_par jcr:primaryType="nt:unstructured"
                                        sling:resourceType="help/components/procedure/step_parsys">
                                 <text_715 jcr:primaryType="nt:unstructured"
                                           sling:resourceType="help/components/article-3/text"
                                           text="&lt;p&gt;If the value of the field is 2: records C and Z are kept and two records from A, B, and Y are kept, by chance or depending on the deduplication method selected thereafter.&lt;/p&gt;&#xA;"
                                           textIsRich="true"/>
                              </step_par>
                           </step_296_61>
                        </proc_par>
                     </procedure_61>
                  </step_par>
               </step_294_0>
                <step_298_0 jcr:primaryType="nt:unstructured" sling:resourceType="help/components/step">
                  <step_par jcr:primaryType="nt:unstructured"
                            sling:resourceType="help/components/procedure/step_parsys">
                    <text_716 jcr:primaryType="nt:unstructured"
                               sling:resourceType="help/components/article-3/text"
                               text="&lt;p&gt;Define the &#xA;&lt;span class=&#34;uicontrol&#34;&gt;Duplicate identification&lt;/span&gt;&#xA; criteria by adding conditions in the list provided. Specify the fields and/or expressions for which the identical values allow the duplicates to be identified: email address, first name, last name, etc. The order of the conditions allows you to specify those to process first.&lt;/p&gt;&#xA;"
                               textIsRich="true"/>
                  </step_par>
               </step_298_0>
                <step_299_0 jcr:primaryType="nt:unstructured" sling:resourceType="help/components/step">
                  <step_par jcr:primaryType="nt:unstructured"
                            sling:resourceType="help/components/procedure/step_parsys">
                    <text_717 jcr:primaryType="nt:unstructured"
                               sling:resourceType="help/components/article-3/text"
                               text="&lt;p&gt;In the drop-down list, select the &#xA;&lt;span class=&#34;uicontrol&#34;&gt;Deduplication method&lt;/span&gt;&#xA; to use:&lt;/p&gt;&#xA;"
                               textIsRich="true"/>
                    <procedure_62 jcr:primaryType="nt:unstructured"
                                   sling:resourceType="help/components/procedure"
                                   isBulleted="true">
                        <proc_par jcr:primaryType="nt:unstructured"
                                  sling:resourceType="help/components/procedure/proc_parsys">
                           <step_299_62 jcr:primaryType="nt:unstructured" sling:resourceType="help/components/step">
                              <step_par jcr:primaryType="nt:unstructured"
                                        sling:resourceType="help/components/procedure/step_parsys">
                                 <text_718 jcr:primaryType="nt:unstructured"
                                           sling:resourceType="help/components/article-3/text"
                                           text="&lt;p&gt;&#xA;&lt;span class=&#34;uicontrol&#34;&gt;Choose for me&lt;/span&gt;&#xA;: randomly selects the record to be kept out of the duplicates.&lt;/p&gt;&#xA;"
                                           textIsRich="true"/>
                              </step_par>
                           </step_299_62>
                           <step_300_62 jcr:primaryType="nt:unstructured" sling:resourceType="help/components/step">
                              <step_par jcr:primaryType="nt:unstructured"
                                        sling:resourceType="help/components/procedure/step_parsys">
                                 <text_719 jcr:primaryType="nt:unstructured"
                                           sling:resourceType="help/components/article-3/text"
                                           text="&lt;p&gt;&#xA;&lt;span class=&#34;uicontrol&#34;&gt;Following a list of values&lt;/span&gt;&#xA;: lets you define a value priority for one or more fields. To define the values, select a field or create an expression, then add the value(s) into the appropriate table. To define a new field, click the &#xA;&lt;span class=&#34;uicontrol&#34;&gt;Add&lt;/span&gt;&#xA; button located above the list of values.&lt;/p&gt;&#xA;"
                                           textIsRich="true"/>
                                 <image_95 jcr:primaryType="nt:unstructured"
                                           sling:resourceType="help/components/article-3/image"
                                           jcr:title=""
                                           alt=""
                                           captionBottom=""
                                           fileName="deduplication_2.png"
                                           originalFileName="images/en/deduplication_2.png"
                                           fileReference="/content/dam/help/en/campaign/standard/deduplication_2.png"
                                           imageRotate="0"
                                           originalHeight=""
                                           originalWidth=""
                                           scaleOption="toTemplate"
                                           status="legacy"/>
                              </step_par>
                           </step_300_62>
                           <step_301_62 jcr:primaryType="nt:unstructured" sling:resourceType="help/components/step">
                              <step_par jcr:primaryType="nt:unstructured"
                                        sling:resourceType="help/components/procedure/step_parsys">
                                 <text_720 jcr:primaryType="nt:unstructured"
                                           sling:resourceType="help/components/article-3/text"
                                           text="&lt;p&gt;&#xA;&lt;span class=&#34;uicontrol&#34;&gt;Non-empty value&lt;/span&gt;&#xA;: this lets you keep records for which the value of the selected expression is not empty as a priority.&lt;/p&gt;&#xA;"
                                           textIsRich="true"/>
                                 <image_96 jcr:primaryType="nt:unstructured"
                                           sling:resourceType="help/components/article-3/image"
                                           jcr:title=""
                                           alt=""
                                           captionBottom=""
                                           fileName="deduplication_3.png"
                                           originalFileName="images/en/deduplication_3.png"
                                           fileReference="/content/dam/help/en/campaign/standard/deduplication_3.png"
                                           imageRotate="0"
                                           originalHeight=""
                                           originalWidth=""
                                           scaleOption="toTemplate"
                                           status="legacy"/>
                              </step_par>
                           </step_301_62>
                           <step_302_62 jcr:primaryType="nt:unstructured" sling:resourceType="help/components/step">
                              <step_par jcr:primaryType="nt:unstructured"
                                        sling:resourceType="help/components/procedure/step_parsys">
                                 <text_721 jcr:primaryType="nt:unstructured"
                                           sling:resourceType="help/components/article-3/text"
                                           text="&lt;p&gt;&#xA;&lt;span class=&#34;uicontrol&#34;&gt;Using an expression&lt;/span&gt;&#xA;: this lets you keep the records in which the value of the expression entered is the smallest or the biggest. &lt;/p&gt;&#xA;"
                                           textIsRich="true"/>
                                 <image_97 jcr:primaryType="nt:unstructured"
                                           sling:resourceType="help/components/article-3/image"
                                           jcr:title=""
                                           alt=""
                                           captionBottom=""
                                           fileName="deduplication_4.png"
                                           originalFileName="images/en/deduplication_4.png"
                                           fileReference="/content/dam/help/en/campaign/standard/deduplication_4.png"
                                           imageRotate="0"
                                           originalHeight=""
                                           originalWidth=""
                                           scaleOption="toTemplate"
                                           status="legacy"/>
                              </step_par>
                           </step_302_62>
                        </proc_par>
                     </procedure_62>
                  </step_par>
               </step_299_0>
                <step_304_0 jcr:primaryType="nt:unstructured" sling:resourceType="help/components/step">
                  <step_par jcr:primaryType="nt:unstructured"
                            sling:resourceType="help/components/procedure/step_parsys">
                    <text_722 jcr:primaryType="nt:unstructured"
                               sling:resourceType="help/components/article-3/text"
                               text="&lt;p&gt;If needed, manage the activity's &#xA;&#x9;&#x9;&#x9;&#x9;&#x9;&#x9;&#x9;&#x9;&#x9;&#x9;&#x9;&#xA;&#x9;&#x9;&#x9;&#x9;&#x9;&#x9;&#x9;&lt;a href=&#34;/content/help/en/campaign/standard/automating/using/executing-a-workflow.html#managing-an-activity-s-outbound-transitions&#34;&gt;Transitions&lt;/a&gt; to access the advanced options for the outbound population.&lt;/p&gt;&#xA;"
                               textIsRich="true"/>
                  </step_par>
               </step_304_0>
                <step_305_0 jcr:primaryType="nt:unstructured" sling:resourceType="help/components/step">
                  <step_par jcr:primaryType="nt:unstructured"
                            sling:resourceType="help/components/procedure/step_parsys">
                    <text_723 jcr:primaryType="nt:unstructured"
                               sling:resourceType="help/components/article-3/text"
                               text="&lt;p&gt;Confirm the configuration of your activity and save your workflow.&lt;/p&gt;&#xA;"
                               textIsRich="true"/>
                  </step_par>
               </step_305_0>
            </proc_par>
         </procedure_21_10>
        
        
            <header_108 jcr:primaryType="nt:unstructured" sling:resourceType="help/components/header"
                     id="example-1--identifying-duplicates-before-a-delivery"
                     level="2"
                     text="&lt;p&gt;Example 1: Identifying duplicates before a delivery&lt;/p&gt;&#xA;"
                     textIsRich="'true'"/>
            <text_724 jcr:primaryType="nt:unstructured"
                   sling:resourceType="help/components/article-3/text"
                   text="&lt;p&gt;The following example illustrates a deduplication that lets you exclude the duplicates of a target before sending an email. This means you avoid sending a communication several times to the same profile.&lt;/p&gt;&#xA;"
                   textIsRich="true"/>
            <text_725 jcr:primaryType="nt:unstructured"
                   sling:resourceType="help/components/article-3/text"
                   text="&lt;p&gt;The workflow is made up of:&lt;/p&gt;&#xA;"
                   textIsRich="true"/>
            <image_98 jcr:primaryType="nt:unstructured"
                   sling:resourceType="help/components/article-3/image"
                   jcr:title=""
                   alt=""
                   captionBottom=""
                   fileName="deduplication_example_workflow.png"
                   originalFileName="images/en/deduplication_example_workflow.png"
                   fileReference="/content/dam/help/en/campaign/standard/deduplication_example_workflow.png"
                   imageRotate="0"
                   originalHeight=""
                   originalWidth=""
                   scaleOption="toTemplate"
                   status="legacy"/>
            <procedure_63 jcr:primaryType="nt:unstructured"
                       sling:resourceType="help/components/procedure"
                       isBulleted="true">
            <proc_par jcr:primaryType="nt:unstructured"
                      sling:resourceType="help/components/procedure/proc_parsys">
                <step_306_63 jcr:primaryType="nt:unstructured" sling:resourceType="help/components/step">
                  <step_par jcr:primaryType="nt:unstructured"
                            sling:resourceType="help/components/procedure/step_parsys">
                    <text_726 jcr:primaryType="nt:unstructured"
                               sling:resourceType="help/components/article-3/text"
                               text="&lt;p&gt;A &#xA;&lt;span class=&#34;uicontrol&#34;&gt;Query&lt;/span&gt;&#xA; which allows you to define the target of the email. Here, the workflow targets all profiles aged between 18 and 25 that have been in the client database for more than a year.&lt;/p&gt;&#xA;"
                               textIsRich="true"/>
                    <image_99 jcr:primaryType="nt:unstructured"
                               sling:resourceType="help/components/article-3/image"
                               jcr:title=""
                               alt=""
                               captionBottom=""
                               fileName="deduplication_example_query.png"
                               originalFileName="images/en/deduplication_example_query.png"
                               fileReference="/content/dam/help/en/campaign/standard/deduplication_example_query.png"
                               imageRotate="0"
                               originalHeight=""
                               originalWidth=""
                               scaleOption="toTemplate"
                               status="legacy"/>
                  </step_par>
               </step_306_63>
                <step_307_63 jcr:primaryType="nt:unstructured" sling:resourceType="help/components/step">
                  <step_par jcr:primaryType="nt:unstructured"
                            sling:resourceType="help/components/procedure/step_parsys">
                    <text_727 jcr:primaryType="nt:unstructured"
                               sling:resourceType="help/components/article-3/text"
                               text="&lt;p&gt;A &#xA;&lt;span class=&#34;uicontrol&#34;&gt;Deduplication&lt;/span&gt;&#xA; activity, which allows you to identify the duplicates that come from the preceding query. In this example, only one record is saved for each duplicate. The duplicates are identified using the email address. This means that the email delivery can only be sent once for each email address to be present in the targeting.&lt;/p&gt;&#xA;"
                               textIsRich="true"/>
                    <text_728 jcr:primaryType="nt:unstructured"
                               sling:resourceType="help/components/article-3/text"
                               text="&lt;p&gt;The deduplication method selected is &#xA;&lt;span class=&#34;uicontrol&#34;&gt;Non-empty value&lt;/span&gt;&#xA;. This allows you to ensure that amongst the records kept in case of duplicates, priority is given to those in which the &lt;strong&gt;First name&lt;/strong&gt; has been provided. This will make it more coherent if the first name is used in the personalization fields of the email content.&lt;/p&gt;&#xA;"
                               textIsRich="true"/>
                    <text_729 jcr:primaryType="nt:unstructured"
                               sling:resourceType="help/components/article-3/text"
                               text="&lt;p&gt;In addition, an extra transition is added to keep the duplicates and to be able to list them.&lt;/p&gt;&#xA;"
                               textIsRich="true"/>
                    <image_100 jcr:primaryType="nt:unstructured"
                                sling:resourceType="help/components/article-3/image"
                                jcr:title=""
                                alt=""
                                captionBottom=""
                                fileName="deduplication_example_dedup.png"
                                originalFileName="images/en/deduplication_example_dedup.png"
                                fileReference="/content/dam/help/en/campaign/standard/deduplication_example_dedup.png"
                                imageRotate="0"
                                originalHeight=""
                                originalWidth=""
                                scaleOption="toTemplate"
                                status="legacy"/>
                  </step_par>
               </step_307_63>
                <step_308_63 jcr:primaryType="nt:unstructured" sling:resourceType="help/components/step">
                  <step_par jcr:primaryType="nt:unstructured"
                            sling:resourceType="help/components/procedure/step_parsys">
                    <text_730 jcr:primaryType="nt:unstructured"
                               sling:resourceType="help/components/article-3/text"
                               text="&lt;p&gt;An &#xA;&lt;span class=&#34;uicontrol&#34;&gt;Email delivery&lt;/span&gt;&#xA; placed after the main outbound transition of the deduplication. The configuration for email deliveries is detailed in the &#xA;&#x9;&#x9;&#x9;&#x9;&#x9;&#xA;&lt;a href=&#34;/content/help/en/campaign/standard/automating/using/email-delivery.html&#34; target=&#34;_blank&#34;&gt;Email delivery&lt;/a&gt; section.&lt;/p&gt;&#xA;"
                               textIsRich="true"/>
                  </step_par>
               </step_308_63>
                <step_309_63 jcr:primaryType="nt:unstructured" sling:resourceType="help/components/step">
                  <step_par jcr:primaryType="nt:unstructured"
                            sling:resourceType="help/components/procedure/step_parsys">
                    <text_731 jcr:primaryType="nt:unstructured"
                               sling:resourceType="help/components/article-3/text"
                               text="&lt;p&gt;A &#xA;&lt;span class=&#34;uicontrol&#34;&gt;Save audience&lt;/span&gt;&#xA; activity placed after the additional transition of the deduplication to save the duplicates in a &lt;strong&gt;Duplicates&lt;/strong&gt; audience. This audience can be reused to directly exclude its members from every email delivery.&lt;/p&gt;&#xA;"
                               textIsRich="true"/>
                  </step_par>
               </step_309_63>
            </proc_par>
         </procedure_63>
        
        
            <header_109 jcr:primaryType="nt:unstructured" sling:resourceType="help/components/header"
                     id="example-2--deduplicating-the-data-from-an-imported-file"
                     level="2"
                     text="&lt;p&gt;Example 2: Deduplicating the data from an imported file&lt;/p&gt;&#xA;"
                     textIsRich="'true'"/>
            <text_732 jcr:primaryType="nt:unstructured"
                   sling:resourceType="help/components/article-3/text"
                   text="&lt;p&gt;This example shows how to deduplicate data from a file imported before loading the data into the database. This procedure improves the quality of the data loaded in the database.&lt;/p&gt;&#xA;"
                   textIsRich="true"/>
            <text_733 jcr:primaryType="nt:unstructured"
                   sling:resourceType="help/components/article-3/text"
                   text="&lt;p&gt;The workflow is made up of:&lt;/p&gt;&#xA;"
                   textIsRich="true"/>
            <image_101 jcr:primaryType="nt:unstructured"
                    sling:resourceType="help/components/article-3/image"
                    jcr:title=""
                    alt=""
                    captionBottom=""
                    fileName="deduplication_example2_workflow.png"
                    originalFileName="images/en/deduplication_example2_workflow.png"
                    fileReference="/content/dam/help/en/campaign/standard/deduplication_example2_workflow.png"
                    imageRotate="0"
                    originalHeight=""
                    originalWidth=""
                    scaleOption="toTemplate"
                    status="legacy"/>
            <procedure_64 jcr:primaryType="nt:unstructured"
                       sling:resourceType="help/components/procedure"
                       isBulleted="true">
            <proc_par jcr:primaryType="nt:unstructured"
                      sling:resourceType="help/components/procedure/proc_parsys">
                <step_310_64 jcr:primaryType="nt:unstructured" sling:resourceType="help/components/step">
                  <step_par jcr:primaryType="nt:unstructured"
                            sling:resourceType="help/components/procedure/step_parsys">
                    <text_734 jcr:primaryType="nt:unstructured"
                               sling:resourceType="help/components/article-3/text"
                               text="&lt;p&gt;A file that contains a list of profiles is imported using a &#xA;&lt;span class=&#34;uicontrol&#34;&gt;Load file&lt;/span&gt;&#xA; activity. In this example, the file imported is in .csv format and contains 10 profiles:&lt;/p&gt;&#xA;"
                               textIsRich="true"/>
                    <codelisting_sh3 jcr:primaryType="nt:unstructured"
                                      sling:resourceType="help/components/codeblock"
                                      codeLanguage="html"
                                      gutter="true"
                                      text="\lastname;firstname;dateofbirth;email&#xA;Smith;Hayden;23/05/1989;hayden.smith@example.com&#xA;Mars;Daniel;17/11/1987;dannymars@example.com&#xA;Smith;Clara;08/02/1989;hayden.smith@example.com&#xA;Durance;Allison;15/12/1978;allison.durance@example.com&#xA;Lucassen;Jody;28/03/1988;jody.lucassen@example.com&#xA;Binder;Tom;19/01/1982;tombinder@example.com&#xA;Binder;Tommy;19/01/1915;tombinder@example.com&#xA;Connor;Jade;10/10/1979;connor.jade@example.com&#xA;Mack;Clarke;02/03/1985;clarke.mack@example.com&#xA;Ross;Timothy;04/07/1986;timross@example.com"/>
                    <text_735 jcr:primaryType="nt:unstructured"
                               sling:resourceType="help/components/article-3/text"
                               text="&lt;p&gt;This file can also be used as a sample file to detect and define the format of the columns. From the &#xA;&lt;span class=&#34;uicontrol&#34;&gt;Column definition&lt;/span&gt;&#xA; tab, make sure that each column of the imported file is configured correctly.&lt;/p&gt;&#xA;"
                               textIsRich="true"/>
                    <image_102 jcr:primaryType="nt:unstructured"
                                sling:resourceType="help/components/article-3/image"
                                jcr:title=""
                                alt=""
                                captionBottom=""
                                fileName="deduplication_example2_fileloading.png"
                                originalFileName="images/en/deduplication_example2_fileloading.png"
                                fileReference="/content/dam/help/en/campaign/standard/deduplication_example2_fileloading.png"
                                imageRotate="0"
                                originalHeight=""
                                originalWidth=""
                                scaleOption="toTemplate"
                                status="legacy"/>
                  </step_par>
               </step_310_64>
                <step_311_64 jcr:primaryType="nt:unstructured" sling:resourceType="help/components/step">
                  <step_par jcr:primaryType="nt:unstructured"
                            sling:resourceType="help/components/procedure/step_parsys">
                    <text_736 jcr:primaryType="nt:unstructured"
                               sling:resourceType="help/components/article-3/text"
                               text="&lt;p&gt;A &#xA;&lt;span class=&#34;uicontrol&#34;&gt;Deduplication&lt;/span&gt;&#xA; activity. Deduplication is carried out directly after importing the file and before inserting the data into the database. It should therefore be based on the &#xA;&lt;span class=&#34;uicontrol&#34;&gt;Temporary resource&lt;/span&gt;&#xA; from the &#xA;&lt;span class=&#34;uicontrol&#34;&gt;Load file&lt;/span&gt;&#xA; activity.&lt;/p&gt;&#xA;"
                               textIsRich="true"/>
                    <text_737 jcr:primaryType="nt:unstructured"
                               sling:resourceType="help/components/article-3/text"
                               text="&lt;p&gt;For this example, we want to keep a single entry per unique email address contained in the file. Duplicate identification is therefore carried out on the &lt;strong&gt;email&lt;/strong&gt; column of the temporary resource. Yet, two email addresses appear twice in the file. Two lines will therefore be considered as duplicates.&lt;/p&gt;&#xA;"
                               textIsRich="true"/>
                    <image_103 jcr:primaryType="nt:unstructured"
                                sling:resourceType="help/components/article-3/image"
                                jcr:title=""
                                alt=""
                                captionBottom=""
                                fileName="deduplication_example2_dedup.png"
                                originalFileName="images/en/deduplication_example2_dedup.png"
                                fileReference="/content/dam/help/en/campaign/standard/deduplication_example2_dedup.png"
                                imageRotate="0"
                                originalHeight=""
                                originalWidth=""
                                scaleOption="toTemplate"
                                status="legacy"/>
                  </step_par>
               </step_311_64>
                <step_312_64 jcr:primaryType="nt:unstructured" sling:resourceType="help/components/step">
                  <step_par jcr:primaryType="nt:unstructured"
                            sling:resourceType="help/components/procedure/step_parsys">
                    <text_738 jcr:primaryType="nt:unstructured"
                               sling:resourceType="help/components/article-3/text"
                               text="&lt;p&gt;An &#xA;&lt;span class=&#34;uicontrol&#34;&gt;Update data&lt;/span&gt;&#xA; activity allows you to insert the data kept from the deduplication process into the database. It is only when the data is updated that the imported data is identified as belonging to the profile dimension.&lt;/p&gt;&#xA;"
                               textIsRich="true"/>
                    <text_739 jcr:primaryType="nt:unstructured"
                               sling:resourceType="help/components/article-3/text"
                               text="&lt;p&gt;Here, we would like to &#xA;&lt;span class=&#34;uicontrol&#34;&gt;Insert only&lt;/span&gt;&#xA; the profiles that do not already exist in the database. We are going to do this by using the file's email column and the email field from the &lt;strong&gt;Profile&lt;/strong&gt; dimension as the reconciliation key.&lt;/p&gt;&#xA;"
                               textIsRich="true"/>
                    <image_104 jcr:primaryType="nt:unstructured"
                                sling:resourceType="help/components/article-3/image"
                                jcr:title=""
                                alt=""
                                captionBottom=""
                                fileName="deduplication_example2_writer1.png"
                                originalFileName="images/en/deduplication_example2_writer1.png"
                                fileReference="/content/dam/help/en/campaign/standard/deduplication_example2_writer1.png"
                                imageRotate="0"
                                originalHeight=""
                                originalWidth=""
                                scaleOption="toTemplate"
                                status="legacy"/>
                    <text_740 jcr:primaryType="nt:unstructured"
                               sling:resourceType="help/components/article-3/text"
                               text="&lt;p&gt;Specify the mappings between the file's columns from which you want to insert the data and the database fields from the &#xA;&lt;span class=&#34;uicontrol&#34;&gt;Fields to update&lt;/span&gt;&#xA; tab.&lt;/p&gt;&#xA;"
                               textIsRich="true"/>
                    <image_105 jcr:primaryType="nt:unstructured"
                                sling:resourceType="help/components/article-3/image"
                                jcr:title=""
                                alt=""
                                captionBottom=""
                                fileName="deduplication_example2_writer2.png"
                                originalFileName="images/en/deduplication_example2_writer2.png"
                                fileReference="/content/dam/help/en/campaign/standard/deduplication_example2_writer2.png"
                                imageRotate="0"
                                originalHeight=""
                                originalWidth=""
                                scaleOption="toTemplate"
                                status="legacy"/>
                  </step_par>
               </step_312_64>
            </proc_par>
         </procedure_64>
            <text_741 jcr:primaryType="nt:unstructured"
                   sling:resourceType="help/components/article-3/text"
                   text="&lt;p&gt;Then start the workflow. The records saved from the deduplication process are then added to the profiles in your database.&lt;/p&gt;&#xA;"
                   textIsRich="true"/>
        
      </main-pars>
      <hero jcr:primaryType="nt:unstructured"
            sling:resourceType="foundation/components/image"/>
      <thumbnail jcr:primaryType="nt:unstructured"
                 sling:resourceType="foundation/components/image"/>
      <publisherLogo jcr:primaryType="nt:unstructured"
                     sling:resourceType="foundation/components/image"/>
   </jcr:content>
</jcr:root>