<?xml version="1.0" encoding="UTF-8"?>
<jcr:root xmlns:nt="http://www.jcp.org/jcr/nt/1.0" xmlns:json="http://json.org/"
          xmlns:sling="http://sling.apache.org/jcr/sling/1.0"
          xmlns:cq="http://www.day.com/jcr/cq/1.0"
          xmlns:jcr="http://www.jcp.org/jcr/1.0"
          xmlns:mix="http://www.jcp.org/jcr/mix/1.0"
          jcr:primaryType="cq:Page">
   <jcr:content navTitle="Editing queries" jcr:primaryType="cq:PageContent"
                sling:resourceType="help/components/pages/article-3"
                heroGradient="light"
                jcr:language="en_us"
                cq:designPath="/etc/designs/help"
                cq:template="/apps/help/templates/article-3"
                jcr:mixinTypes="[mix:versionable]"
                jcr:title="Editing queries"
                jcr:description="Editing queries"
                seoDescription="Build a population thanks to the predefined filters and rules."
                primaryProductTag="[products:SG_CAMPAIGN/STANDARD]"
                cq:tags="[products:SG_CAMPAIGN/STANDARD,audience:automating,content_type:reference,topic_tags:filtering-data]"
                primaryAudienceTag="[audience:automating]"
                contentOwner="sauviat"
                isReadyForLocalization="true"
                publishExternalDate="2019-01-09">
      <main-pars jcr:primaryType="nt:unstructured"
                 sling:resourceType="foundation/components/parsys">
  
        
            
        
  
         <header_217 jcr:primaryType="nt:unstructured" sling:resourceType="help/components/header"
                     id="about-query-editor"
                     level="2"
                     text="&lt;p&gt;About query editor&lt;/p&gt;&#xA;"
                     textIsRich="'true'"/>
         <text_1334 jcr:primaryType="nt:unstructured"
                    sling:resourceType="help/components/article-3/text"
                    text="&lt;p&gt;The query editor is a wizard that allows you to filter data contained in the Adobe Campaign database. &lt;/p&gt;&#xA;"
                    textIsRich="true"/>
         <text_1335 jcr:primaryType="nt:unstructured"
                    sling:resourceType="help/components/article-3/text"
                    text="&lt;p&gt;This feature lets you build a population to better target your recipients thanks to the predefined filters and rules.&lt;/p&gt;&#xA;"
                    textIsRich="true"/>
         <text_1336 jcr:primaryType="nt:unstructured"
                    sling:resourceType="help/components/article-3/text"
                    text="&lt;p&gt;Several application functionalities use it in order to:&lt;/p&gt;&#xA;"
                    textIsRich="true"/>
         <procedure_118 jcr:primaryType="nt:unstructured"
                        sling:resourceType="help/components/procedure"
                        isBulleted="true">
            <proc_par jcr:primaryType="nt:unstructured"
                      sling:resourceType="help/components/procedure/proc_parsys">
               <step_631_118 jcr:primaryType="nt:unstructured" sling:resourceType="help/components/step">
                  <step_par jcr:primaryType="nt:unstructured"
                            sling:resourceType="help/components/procedure/step_parsys">
                     <text_1337 jcr:primaryType="nt:unstructured"
                                sling:resourceType="help/components/article-3/text"
                                text="&lt;p&gt;Create &lt;strong&gt;Query&lt;/strong&gt; type &lt;strong&gt;audiences&lt;/strong&gt;&lt;/p&gt;&#xA;"
                                textIsRich="true"/>
                  </step_par>
               </step_631_118>
               <step_632_118 jcr:primaryType="nt:unstructured" sling:resourceType="help/components/step">
                  <step_par jcr:primaryType="nt:unstructured"
                            sling:resourceType="help/components/procedure/step_parsys">
                     <text_1338 jcr:primaryType="nt:unstructured"
                                sling:resourceType="help/components/article-3/text"
                                text="&lt;p&gt;Define &lt;strong&gt;email&lt;/strong&gt; targets&lt;/p&gt;&#xA;"
                                textIsRich="true"/>
                  </step_par>
               </step_632_118>
               <step_633_118 jcr:primaryType="nt:unstructured" sling:resourceType="help/components/step">
                  <step_par jcr:primaryType="nt:unstructured"
                            sling:resourceType="help/components/procedure/step_parsys">
                     <text_1339 jcr:primaryType="nt:unstructured"
                                sling:resourceType="help/components/article-3/text"
                                text="&lt;p&gt;Define populations in &lt;strong&gt;workflow&lt;/strong&gt; activities&lt;/p&gt;&#xA;"
                                textIsRich="true"/>
                  </step_par>
               </step_633_118>
            </proc_par>
         </procedure_118>
  
  
     
         <header_218 jcr:primaryType="nt:unstructured" sling:resourceType="help/components/header"
                     id="query-editor-interface"
                     level="2"
                     text="&lt;p&gt;Query editor interface&lt;/p&gt;&#xA;"
                     textIsRich="'true'"/>
         <text_1340 jcr:primaryType="nt:unstructured"
                    sling:resourceType="help/components/article-3/text"
                    text="&lt;p&gt;The query editor is made up of a &lt;strong&gt;Palette&lt;/strong&gt; and a &lt;strong&gt;Workspace&lt;/strong&gt;.&lt;/p&gt;&#xA;"
                    textIsRich="true"/>
         <image_218 jcr:primaryType="nt:unstructured"
                    sling:resourceType="help/components/article-3/image"
                    jcr:title=""
                    alt=""
                    captionBottom=""
                    fileName="query_editor_overview.png"
                    originalFileName="images/en/query_editor_overview.png"
                    fileReference="/content/dam/help/en/campaign/standard/query_editor_overview.png"
                    imageRotate="0"
                    originalHeight=""
                    originalWidth=""
                    scaleOption="toTemplate"
                    status="legacy"/>
    
         <header_219 jcr:primaryType="nt:unstructured" sling:resourceType="help/components/header"
                     id="palette"
                     level="3"
                     text="&lt;p&gt;Palette&lt;/p&gt;&#xA;"
                     textIsRich="'true'"/>
         <text_1341 jcr:primaryType="nt:unstructured"
                    sling:resourceType="help/components/article-3/text"
                    text="&lt;p&gt;The palette, located on the left-hand side of the editor, is divided into two tabs, which contain elements divided into thematic blocks. These tabs are:&lt;/p&gt;&#xA;"
                    textIsRich="true"/>
            <procedure_119 jcr:primaryType="nt:unstructured"
                        sling:resourceType="help/components/procedure"
                        isBulleted="true">
            <proc_par jcr:primaryType="nt:unstructured"
                      sling:resourceType="help/components/procedure/proc_parsys">
                <step_634_119 jcr:primaryType="nt:unstructured" sling:resourceType="help/components/step">
                  <step_par jcr:primaryType="nt:unstructured"
                            sling:resourceType="help/components/procedure/step_parsys">
                    <text_1342 jcr:primaryType="nt:unstructured"
                                sling:resourceType="help/components/article-3/text"
                                text="&lt;p&gt;The &lt;strong&gt;Shortcuts&lt;/strong&gt;, available by default, or created by the instance administrator. Here you will find fields, nodes, groupings, 1-1 links, 1-N links and other predefined filters.&lt;/p&gt;&#xA;"
                                textIsRich="true"/>
                  </step_par>
               </step_634_119>
                <step_635_119 jcr:primaryType="nt:unstructured" sling:resourceType="help/components/step">
                  <step_par jcr:primaryType="nt:unstructured"
                            sling:resourceType="help/components/procedure/step_parsys">
                    <text_1343 jcr:primaryType="nt:unstructured"
                                sling:resourceType="help/components/article-3/text"
                                text="&lt;p&gt;The &lt;strong&gt;Explorer&lt;/strong&gt; which allows you to access all available fields in the target resource: nodes, grouping elements, links (1-1 and 1-N).&lt;/p&gt;&#xA;"
                                textIsRich="true"/>
                  </step_par>
               </step_635_119>
            </proc_par>
         </procedure_119>
            <text_1344 jcr:primaryType="nt:unstructured"
                    sling:resourceType="help/components/article-3/text"
                    text="&lt;p&gt;The elements contained in the tabs must be moved into the workspace in order to be configured and taken into account for the query. Depending on the targeting dimension selected (see &#xA;&#x9;&#x9;&#x9;&#x9;&#x9;&#xA;&lt;a href=&#34;/content/help/en/campaign/standard/automating/using/query.html#targeting-dimensions-and-resources&#34; target=&#34;_blank&#34;&gt;Targeting dimensions and resources&lt;/a&gt;), you can:&lt;/p&gt;&#xA;"
                    textIsRich="true"/>
         <procedure_120 jcr:primaryType="nt:unstructured"
                        sling:resourceType="help/components/procedure"
                        isBulleted="true">
            <proc_par jcr:primaryType="nt:unstructured"
                      sling:resourceType="help/components/procedure/proc_parsys">
               <step_636_120 jcr:primaryType="nt:unstructured" sling:resourceType="help/components/step">
                  <step_par jcr:primaryType="nt:unstructured"
                            sling:resourceType="help/components/procedure/step_parsys">
                     <text_1345 jcr:primaryType="nt:unstructured"
                                sling:resourceType="help/components/article-3/text"
                                text="&lt;p&gt;Select audiences or profiles one by one&lt;/p&gt;&#xA;"
                                textIsRich="true"/>
                  </step_par>
               </step_636_120>
               <step_637_120 jcr:primaryType="nt:unstructured" sling:resourceType="help/components/step">
                  <step_par jcr:primaryType="nt:unstructured"
                            sling:resourceType="help/components/procedure/step_parsys">
                     <text_1346 jcr:primaryType="nt:unstructured"
                                sling:resourceType="help/components/article-3/text"
                                text="&lt;p&gt;Use predefined filters&lt;/p&gt;&#xA;"
                                textIsRich="true"/>
                  </step_par>
               </step_637_120>
               <step_638_120 jcr:primaryType="nt:unstructured" sling:resourceType="help/components/step">
                  <step_par jcr:primaryType="nt:unstructured"
                            sling:resourceType="help/components/procedure/step_parsys">
                     <text_1347 jcr:primaryType="nt:unstructured"
                                sling:resourceType="help/components/article-3/text"
                                text="&lt;p&gt;Define simple rules for fields of your choice&lt;/p&gt;&#xA;"
                                textIsRich="true"/>
                  </step_par>
               </step_638_120>
               <step_639_120 jcr:primaryType="nt:unstructured" sling:resourceType="help/components/step">
                  <step_par jcr:primaryType="nt:unstructured"
                            sling:resourceType="help/components/procedure/step_parsys">
                     <text_1348 jcr:primaryType="nt:unstructured"
                                sling:resourceType="help/components/article-3/text"
                                text="&lt;p&gt;Define advanced rules that allow you to apply functions to certain fields&lt;/p&gt;&#xA;"
                                textIsRich="true"/>
                  </step_par>
               </step_639_120>
            </proc_par>
         </procedure_120>
    
    
         <header_220 jcr:primaryType="nt:unstructured" sling:resourceType="help/components/header"
                     id="workspace"
                     level="3"
                     text="&lt;p&gt;Workspace&lt;/p&gt;&#xA;"
                     textIsRich="'true'"/>
         <text_1349 jcr:primaryType="nt:unstructured"
                    sling:resourceType="help/components/article-3/text"
                    text="&lt;p&gt;The workspace is the central zone in which you can configure and combine rules, audiences, and predefined filters added from the palette.&lt;/p&gt;&#xA;"
                    textIsRich="true"/>
            <text_1350 jcr:primaryType="nt:unstructured"
                    sling:resourceType="help/components/article-3/text"
                    text="&lt;p&gt;When you move an element from the palette into the workspace, a new window opens and you can start &#xA;&#x9;&#x9;&#x9;&#x9;&#x9;&#xA;&lt;a href=&#34;/content/help/en/campaign/standard/automating/using/editing-queries.html#creating-queries&#34; target=&#34;_blank&#34;&gt;Creating queries&lt;/a&gt;.&lt;/p&gt;&#xA;"
                    textIsRich="true"/>
    
  
  
    
         <header_221 jcr:primaryType="nt:unstructured" sling:resourceType="help/components/header"
                     id="creating-queries"
                     level="2"
                     text="&lt;p&gt;Creating queries&lt;/p&gt;&#xA;"
                     textIsRich="'true'"/>
         <text_1351 jcr:primaryType="nt:unstructured"
                    sling:resourceType="help/components/article-3/text"
                    text="&lt;p&gt;The query editor can be used to define an audience or test profile in a message, a population in a workflow and to create a query type audience.&lt;/p&gt;&#xA;"
                    textIsRich="true"/>
         <text_1352 jcr:primaryType="nt:unstructured"
                    sling:resourceType="help/components/article-3/text"
                    text="&lt;p&gt;Queries can be defined in the &#xA;&lt;span class=&#34;uicontrol&#34;&gt;Audience&lt;/span&gt;&#xA; window while creating a delivery or in a &lt;strong&gt;Query&lt;/strong&gt; activity while creating a workflow.&lt;/p&gt;&#xA;"
                    textIsRich="true"/>
         <procedure_44_10 jcr:primaryType="nt:unstructured"
                          sling:resourceType="help/components/procedure">
            <proc_par jcr:primaryType="nt:unstructured"
                      sling:resourceType="help/components/procedure/proc_parsys">
               <step_640_0 jcr:primaryType="nt:unstructured" sling:resourceType="help/components/step">
                  <step_par jcr:primaryType="nt:unstructured"
                            sling:resourceType="help/components/procedure/step_parsys">
                     <text_1353 jcr:primaryType="nt:unstructured"
                                sling:resourceType="help/components/article-3/text"
                                text="&lt;p&gt;Move an element from the palette into the workspace. The window for editing the rule opens.&lt;/p&gt;&#xA;"
                                textIsRich="true"/>
                     <procedure_121 jcr:primaryType="nt:unstructured"
                                    sling:resourceType="help/components/procedure"
                                    isBulleted="true">
                        <proc_par jcr:primaryType="nt:unstructured"
                                  sling:resourceType="help/components/procedure/proc_parsys">
                           <step_640_121 jcr:primaryType="nt:unstructured" sling:resourceType="help/components/step">
                              <step_par jcr:primaryType="nt:unstructured"
                                        sling:resourceType="help/components/procedure/step_parsys">
                                 <text_1354 jcr:primaryType="nt:unstructured"
                                            sling:resourceType="help/components/article-3/text"
                                            text="&lt;p&gt;For a string or numerical &lt;strong&gt;field&lt;/strong&gt;, specify the comparison operator and the value. &lt;/p&gt;&#xA;"
                                            textIsRich="true"/>
                                 <image_219 jcr:primaryType="nt:unstructured"
                                            sling:resourceType="help/components/article-3/image"
                                            jcr:title=""
                                            alt=""
                                            captionBottom=""
                                            fileName="query_editor_audience_definition2.png"
                                            originalFileName="images/en/query_editor_audience_definition2.png"
                                            fileReference="/content/dam/help/en/campaign/standard/query_editor_audience_definition2.png"
                                            imageRotate="0"
                                            originalHeight=""
                                            originalWidth=""
                                            scaleOption="toTemplate"
                                            status="legacy"/>
                              </step_par>
                           </step_640_121>
                           <step_641_121 jcr:primaryType="nt:unstructured" sling:resourceType="help/components/step">
                              <step_par jcr:primaryType="nt:unstructured"
                                        sling:resourceType="help/components/procedure/step_parsys">
                                 <text_1355 jcr:primaryType="nt:unstructured"
                                            sling:resourceType="help/components/article-3/text"
                                            text="&lt;p&gt;For a date or date and time &lt;strong&gt;field&lt;/strong&gt;, you can choose to define a specific date, a range between two dates, or a period relative to the query's execution date.&lt;/p&gt;&#xA;"
                                            textIsRich="true"/>
                                 <image_220 jcr:primaryType="nt:unstructured"
                                            sling:resourceType="help/components/article-3/image"
                                            jcr:title=""
                                            alt=""
                                            captionBottom=""
                                            fileName="query_editor_date_field.png"
                                            originalFileName="images/en/query_editor_date_field.png"
                                            fileReference="/content/dam/help/en/campaign/standard/query_editor_date_field.png"
                                            imageRotate="0"
                                            originalHeight=""
                                            originalWidth=""
                                            scaleOption="toTemplate"
                                            status="legacy"/>
                              </step_par>
                           </step_641_121>
                           <step_642_121 jcr:primaryType="nt:unstructured" sling:resourceType="help/components/step">
                              <step_par jcr:primaryType="nt:unstructured"
                                        sling:resourceType="help/components/procedure/step_parsys">
                                 <text_1356 jcr:primaryType="nt:unstructured"
                                            sling:resourceType="help/components/article-3/text"
                                            text="&lt;p&gt;For a Boolean &lt;strong&gt;field&lt;/strong&gt;, check the boxes linked to the possible values for the field.&lt;/p&gt;&#xA;"
                                            textIsRich="true"/>
                              </step_par>
                           </step_642_121>
                           <step_643_121 jcr:primaryType="nt:unstructured" sling:resourceType="help/components/step">
                              <step_par jcr:primaryType="nt:unstructured"
                                        sling:resourceType="help/components/procedure/step_parsys">
                                 <text_1357 jcr:primaryType="nt:unstructured"
                                            sling:resourceType="help/components/article-3/text"
                                            text="&lt;p&gt;For a &lt;strong&gt;grouping&lt;/strong&gt; field, select the grouping field on which you want to create the rule, then define the condition in the same way as for the other fields.&lt;/p&gt;&#xA;"
                                            textIsRich="true"/>
                                 <image_221 jcr:primaryType="nt:unstructured"
                                            sling:resourceType="help/components/article-3/image"
                                            jcr:title=""
                                            alt=""
                                            captionBottom=""
                                            fileName="query_editor_audience_definition4.png"
                                            originalFileName="images/en/query_editor_audience_definition4.png"
                                            fileReference="/content/dam/help/en/campaign/standard/query_editor_audience_definition4.png"
                                            imageRotate="0"
                                            originalHeight=""
                                            originalWidth=""
                                            scaleOption="toTemplate"
                                            status="legacy"/>
                              </step_par>
                           </step_643_121>
                           <step_644_121 jcr:primaryType="nt:unstructured" sling:resourceType="help/components/step">
                              <step_par jcr:primaryType="nt:unstructured"
                                        sling:resourceType="help/components/procedure/step_parsys">
                                 <text_1358 jcr:primaryType="nt:unstructured"
                                            sling:resourceType="help/components/article-3/text"
                                            text="&lt;p&gt;For a &lt;strong&gt;1-1&lt;/strong&gt; link with another database resource, select a value directly from the table targeted.&lt;/p&gt;&#xA;"
                                            textIsRich="true"/>
                                 <image_222 jcr:primaryType="nt:unstructured"
                                            sling:resourceType="help/components/article-3/image"
                                            jcr:title=""
                                            alt=""
                                            captionBottom=""
                                            fileName="query_editor_audience_definition5.png"
                                            originalFileName="images/en/query_editor_audience_definition5.png"
                                            fileReference="/content/dam/help/en/campaign/standard/query_editor_audience_definition5.png"
                                            imageRotate="0"
                                            originalHeight=""
                                            originalWidth=""
                                            scaleOption="toTemplate"
                                            status="legacy"/>
                              </step_par>
                           </step_644_121>
                           <step_645_121 jcr:primaryType="nt:unstructured" sling:resourceType="help/components/step">
                              <step_par jcr:primaryType="nt:unstructured"
                                        sling:resourceType="help/components/procedure/step_parsys">
                                 <text_1359 jcr:primaryType="nt:unstructured"
                                            sling:resourceType="help/components/article-3/text"
                                            text="&lt;p&gt;For a &lt;strong&gt;1-N&lt;/strong&gt; link with another database resource, you can define a sub-query on the fields of this second resource.&lt;/p&gt;&#xA;"
                                            textIsRich="true"/>
                                 <text_1360 jcr:primaryType="nt:unstructured"
                                            sling:resourceType="help/components/article-3/text"
                                            text="&lt;p&gt;You do not need to specify a sub-condition.&lt;/p&gt;&#xA;"
                                            textIsRich="true"/>
                                 <text_1361 jcr:primaryType="nt:unstructured"
                                            sling:resourceType="help/components/article-3/text"
                                            text="&lt;p&gt;For example, you can only select the &#xA;&lt;span class=&#34;uicontrol&#34;&gt;Exists&lt;/span&gt;&#xA; operator on the profile tracking logs and approve the rule. The rule will return all of the profiles for which tracking logs exist.&lt;/p&gt;&#xA;"
                                            textIsRich="true"/>
                                 <image_223 jcr:primaryType="nt:unstructured"
                                            sling:resourceType="help/components/article-3/image"
                                            jcr:title=""
                                            alt=""
                                            captionBottom=""
                                            fileName="query_editor_audience_definition6.png"
                                            originalFileName="images/en/query_editor_audience_definition6.png"
                                            fileReference="/content/dam/help/en/campaign/standard/query_editor_audience_definition6.png"
                                            imageRotate="0"
                                            originalHeight=""
                                            originalWidth=""
                                            scaleOption="toTemplate"
                                            status="legacy"/>
                              </step_par>
                           </step_645_121>
                           <step_646_121 jcr:primaryType="nt:unstructured" sling:resourceType="help/components/step">
                              <step_par jcr:primaryType="nt:unstructured"
                                        sling:resourceType="help/components/procedure/step_parsys">
                                 <text_1362 jcr:primaryType="nt:unstructured"
                                            sling:resourceType="help/components/article-3/text"
                                            text="&lt;p&gt;For a &lt;strong&gt;predefined filter&lt;/strong&gt;, enter or select the elements you like according to the criteria offered.&lt;/p&gt;&#xA;"
                                            textIsRich="true"/>
                                 <text_1363 jcr:primaryType="nt:unstructured"
                                            sling:resourceType="help/components/article-3/text"
                                            text="&lt;p&gt;Administrators can create filters to facilitate complex and repetitive queries. These will appear in the query editor in the form of pre-configured rules and they limit the number of steps needed to be carried out by the user.&lt;/p&gt;&#xA;"
                                            textIsRich="true"/>
                                 <image_224 jcr:primaryType="nt:unstructured"
                                            sling:resourceType="help/components/article-3/image"
                                            jcr:title=""
                                            alt=""
                                            captionBottom=""
                                            fileName="query-editor_filter_email-audience_filter.png"
                                            originalFileName="images/en/query-editor_filter_email-audience_filter.png"
                                            fileReference="/content/dam/help/en/campaign/standard/query-editor_filter_email-audience_filter.png"
                                            imageRotate="0"
                                            originalHeight=""
                                            originalWidth=""
                                            scaleOption="toTemplate"
                                            status="legacy"/>
                              </step_par>
                           </step_646_121>
                        </proc_par>
                     </procedure_121>
                  </step_par>
               </step_640_0>
               <step_648_0 jcr:primaryType="nt:unstructured" sling:resourceType="help/components/step">
                  <step_par jcr:primaryType="nt:unstructured"
                            sling:resourceType="help/components/procedure/step_parsys">
                     <text_1364 jcr:primaryType="nt:unstructured"
                                sling:resourceType="help/components/article-3/text"
                                text="&lt;p&gt;You can specify a name for your rule. This is then displayed as the rule name in the workspace. If the rule is not given a name, an automatic description of the conditions is displayed.&lt;/p&gt;&#xA;"
                                textIsRich="true"/>
                  </step_par>
               </step_648_0>
               <step_649_0 jcr:primaryType="nt:unstructured" sling:resourceType="help/components/step">
                  <step_par jcr:primaryType="nt:unstructured"
                            sling:resourceType="help/components/procedure/step_parsys">
                     <text_1365 jcr:primaryType="nt:unstructured"
                                sling:resourceType="help/components/article-3/text"
                                text="&lt;p&gt;To combine the workspace elements, interlock them into one another to create different groups and/or group levels. You can then select a logical operator to combine elements on the same level:&lt;/p&gt;&#xA;"
                                textIsRich="true"/>
                     <procedure_122 jcr:primaryType="nt:unstructured"
                                    sling:resourceType="help/components/procedure"
                                    isBulleted="true">
                        <proc_par jcr:primaryType="nt:unstructured"
                                  sling:resourceType="help/components/procedure/proc_parsys">
                           <step_649_122 jcr:primaryType="nt:unstructured" sling:resourceType="help/components/step">
                              <step_par jcr:primaryType="nt:unstructured"
                                        sling:resourceType="help/components/procedure/step_parsys">
                                 <text_1366 jcr:primaryType="nt:unstructured"
                                            sling:resourceType="help/components/article-3/text"
                                            text="&lt;p&gt;&#xA;&lt;span class=&#34;uicontrol&#34;&gt;AND&lt;/span&gt;&#xA;: an intersection of two criteria. Only the elements matching each criterion are taken into account.&lt;/p&gt;&#xA;"
                                            textIsRich="true"/>
                              </step_par>
                           </step_649_122>
                           <step_650_122 jcr:primaryType="nt:unstructured" sling:resourceType="help/components/step">
                              <step_par jcr:primaryType="nt:unstructured"
                                        sling:resourceType="help/components/procedure/step_parsys">
                                 <text_1367 jcr:primaryType="nt:unstructured"
                                            sling:resourceType="help/components/article-3/text"
                                            text="&lt;p&gt;&#xA;&lt;span class=&#34;uicontrol&#34;&gt;OR&lt;/span&gt;&#xA;: a union of two criteria. Elements matching at least one of the two criteria are taken into account.&lt;/p&gt;&#xA;"
                                            textIsRich="true"/>
                              </step_par>
                           </step_650_122>
                           <step_651_122 jcr:primaryType="nt:unstructured" sling:resourceType="help/components/step">
                              <step_par jcr:primaryType="nt:unstructured"
                                        sling:resourceType="help/components/procedure/step_parsys">
                                 <text_1368 jcr:primaryType="nt:unstructured"
                                            sling:resourceType="help/components/article-3/text"
                                            text="&lt;p&gt;&#xA;&lt;span class=&#34;uicontrol&#34;&gt;EXCEPT&lt;/span&gt;&#xA;: exclusion criteria. Elements matching the first criterion are taken into account unless they also match the second criterion.&lt;/p&gt;&#xA;"
                                            textIsRich="true"/>
                              </step_par>
                           </step_651_122>
                        </proc_par>
                     </procedure_122>
                  </step_par>
               </step_649_0>
               <step_653_0 jcr:primaryType="nt:unstructured" sling:resourceType="help/components/step">
                  <step_par jcr:primaryType="nt:unstructured"
                            sling:resourceType="help/components/procedure/step_parsys">
                     <text_1369 jcr:primaryType="nt:unstructured"
                                sling:resourceType="help/components/article-3/text"
                                text="&lt;p&gt;You can now calculate and preview the number of elements targeted by your query using the &#xA;&#x9;&lt;img height=&#34;21px&#34; src=&#34;/content/dam/help/en/campaign/standard/count.png&#34; /&gt;&#xA;&#x9;&#xA; and &#xA;&#x9;&lt;img height=&#34;21px&#34; src=&#34;/content/dam/help/en/campaign/standard/preview.png&#34; /&gt;&#xA;&#x9;&#xA; buttons from the action bar.&lt;/p&gt;&#xA;"
                                textIsRich="true"/>
                     <image_225 jcr:primaryType="nt:unstructured"
                                sling:resourceType="help/components/article-3/image"
                                jcr:title=""
                                alt=""
                                captionBottom=""
                                fileName="query_editor_combining_rules.png"
                                originalFileName="images/en/query_editor_combining_rules.png"
                                fileReference="/content/dam/help/en/campaign/standard/query_editor_combining_rules.png"
                                imageRotate="0"
                                originalHeight=""
                                originalWidth=""
                                scaleOption="toTemplate"
                                status="legacy"/>
                  </step_par>
               </step_653_0>
            </proc_par>
         </procedure_44_10>
         <text_1370 jcr:primaryType="nt:unstructured"
                    sling:resourceType="help/components/article-3/text"
                    text="&lt;p&gt;If you would like to modify an element of the query, click on the edit icon. The rule is opened as it was previously configured and you can then carry out any necessary adjustments.&lt;/p&gt;&#xA;"
                    textIsRich="true"/>
         <text_1371 jcr:primaryType="nt:unstructured"
                    sling:resourceType="help/components/article-3/text"
                    text="&lt;p&gt;Your queries are now created and defined, this allows you to build a population to better personalize your deliveries.&lt;/p&gt;&#xA;"
                    textIsRich="true"/>
         <text_1372 jcr:primaryType="nt:unstructured"
                    sling:resourceType="help/components/article-3/text"
                    text="&lt;p&gt;&lt;strong&gt;Related Topics:&lt;/strong&gt;&lt;/p&gt;&#xA;"
                    textIsRich="true"/>
         <procedure_123 jcr:primaryType="nt:unstructured"
                        sling:resourceType="help/components/procedure"
                        isBulleted="true">
            <proc_par jcr:primaryType="nt:unstructured"
                      sling:resourceType="help/components/procedure/proc_parsys">
               <step_654_123 jcr:primaryType="nt:unstructured" sling:resourceType="help/components/step">
                  <step_par jcr:primaryType="nt:unstructured"
                            sling:resourceType="help/components/procedure/step_parsys">
                     <text_1373 jcr:primaryType="nt:unstructured"
                                sling:resourceType="help/components/article-3/text"
                                text="&lt;p&gt;&#xA;            &#xA;&#x9;&#x9;&#x9;&#x9;&#x9;&#x9;&#x9;&#x9;&#x9;&#x9;&#x9;&#xA;&#x9;&#x9;&#x9;&#x9;&#x9;&#x9;&#x9;&lt;a href=&#34;/content/help/en/campaign/standard/automating/using/advanced-expression-editing.html&#34;&gt;Advanced functions&lt;/a&gt;&lt;/p&gt;&#xA;"
                                textIsRich="true"/>
                  </step_par>
               </step_654_123>
               <step_655_123 jcr:primaryType="nt:unstructured" sling:resourceType="help/components/step">
                  <step_par jcr:primaryType="nt:unstructured"
                            sling:resourceType="help/components/procedure/step_parsys">
                     <text_1374 jcr:primaryType="nt:unstructured"
                                sling:resourceType="help/components/article-3/text"
                                text="&lt;p&gt;&#xA;&#x9;&#x9;&#x9;&#x9;&#x9;&#x9;&#x9;&#x9;&#x9;&#x9;&#x9;&#xA;&#x9;&#x9;&#x9;&#x9;&#x9;&#x9;&#x9;&lt;a href=&#34;/content/help/en/campaign/standard/developing/using/step-4--define-filters.html&#34;&gt;Defining filters&lt;/a&gt;&lt;/p&gt;&#xA;"
                                textIsRich="true"/>
                  </step_par>
               </step_655_123>
            </proc_par>
         </procedure_123>
  
      </main-pars>
      <hero jcr:primaryType="nt:unstructured"
            sling:resourceType="foundation/components/image"/>
      <thumbnail jcr:primaryType="nt:unstructured"
                 sling:resourceType="foundation/components/image"/>
      <publisherLogo jcr:primaryType="nt:unstructured"
                     sling:resourceType="foundation/components/image"/>
   </jcr:content>
</jcr:root>