<?xml version="1.0" encoding="UTF-8"?>
<jcr:root xmlns:nt="http://www.jcp.org/jcr/nt/1.0" xmlns:json="http://json.org/"
          xmlns:sling="http://sling.apache.org/jcr/sling/1.0"
          xmlns:cq="http://www.day.com/jcr/cq/1.0"
          xmlns:jcr="http://www.jcp.org/jcr/1.0"
          xmlns:mix="http://www.jcp.org/jcr/mix/1.0"
          jcr:primaryType="cq:Page">
   <jcr:content navTitle="Enrichment" jcr:primaryType="cq:PageContent"
                sling:resourceType="help/components/pages/article-3"
                heroGradient="light"
                jcr:language="en_us"
                cq:designPath="/etc/designs/help"
                cq:template="/apps/help/templates/article-3"
                jcr:mixinTypes="[mix:versionable]"
                jcr:title="Enrichment"
                jcr:description="Enrichment"
                seoDescription="The Enrichment activity is an advanced activity that allows you to define additional data to process in your workflow."
                primaryProductTag="[products:SG_CAMPAIGN/STANDARD]"
                cq:tags="[products:SG_CAMPAIGN/STANDARD,audience:automating,content_type:reference,topic_tags:targeting-activities]"
                primaryAudienceTag="[audience:automating]"
                contentOwner="sauviat"
                isReadyForLocalization="true"
                publishExternalDate="2019-01-09">
      <main-pars jcr:primaryType="nt:unstructured"
                 sling:resourceType="foundation/components/parsys">
        
        
        
            
        
        
            <header_111 jcr:primaryType="nt:unstructured" sling:resourceType="help/components/header"
                     id="description"
                     level="2"
                     text="&lt;p&gt;Description&lt;/p&gt;&#xA;"
                     textIsRich="'true'"/>
            <image_106 jcr:primaryType="nt:unstructured"
                    sling:resourceType="help/components/article-3/image"
                    jcr:title=""
                    alt=""
                    captionBottom=""
                    fileName="enrichment.png"
                    originalFileName="images/en/enrichment.png"
                    fileReference="/content/dam/help/en/campaign/standard/enrichment.png"
                    imageRotate="0"
                    originalHeight=""
                    originalWidth=""
                    scaleOption="toTemplate"
                    status="legacy"/>
            <text_743 jcr:primaryType="nt:unstructured"
                   sling:resourceType="help/components/article-3/text"
                   text="&lt;p&gt;The &#xA;&lt;span class=&#34;uicontrol&#34;&gt;Enrichment&lt;/span&gt;&#xA; activity is an advanced activity that allows you to define additional data to process in your workflow.&lt;/p&gt;&#xA;"
                   textIsRich="true"/>
        
        
            <header_112 jcr:primaryType="nt:unstructured" sling:resourceType="help/components/header"
                     id="context-of-use"
                     level="2"
                     text="&lt;p&gt;Context of use&lt;/p&gt;&#xA;"
                     textIsRich="'true'"/>
            <text_744 jcr:primaryType="nt:unstructured"
                   sling:resourceType="help/components/article-3/text"
                   text="&lt;p&gt;The &#xA;&lt;span class=&#34;uicontrol&#34;&gt;Enrichment&lt;/span&gt;&#xA; activity is generally used following targeting activities or after importing a file and before activities that allow the use of targeted data.&lt;/p&gt;&#xA;"
                   textIsRich="true"/>
            <text_745 jcr:primaryType="nt:unstructured"
                   sling:resourceType="help/components/article-3/text"
                   text="&lt;p&gt;This activity contains more advanced enrichment functions than the &#xA;&lt;span class=&#34;uicontrol&#34;&gt;Query&lt;/span&gt;&#xA; activity. Some simple cases of enrichment can be directly performed in the &#xA;&#x9;&#x9;&#x9;&#x9;&#x9;&#x9;&#x9;&#x9;&#x9;&#x9;&#x9;&#xA;&#x9;&#x9;&#x9;&#x9;&#x9;&#x9;&#x9;&lt;a href=&#34;/content/help/en/campaign/standard/automating/using/query.html#enriching-data&#34;&gt;Query activity&lt;/a&gt;.&lt;/p&gt;&#xA;"
                   textIsRich="true"/>
            <text_746 jcr:primaryType="nt:unstructured"
                   sling:resourceType="help/components/article-3/text"
                   text="&lt;p&gt;With the &#xA;&lt;span class=&#34;uicontrol&#34;&gt;Enrichment&lt;/span&gt;&#xA; activity, you can leverage the inbound transition and configure the activity to complete the output transition with additional data. It allows to combine data coming from multiple sets, or to create links to a temporary resource.&lt;/p&gt;&#xA;"
                   textIsRich="true"/>
        
        
            <header_113 jcr:primaryType="nt:unstructured" sling:resourceType="help/components/header"
                     id="configuration"
                     level="2"
                     text="&lt;p&gt;Configuration&lt;/p&gt;&#xA;"
                     textIsRich="'true'"/>
            <text_747 jcr:primaryType="nt:unstructured"
                   sling:resourceType="help/components/article-3/text"
                   text="&lt;p&gt; To configure an &#xA;&lt;span class=&#34;uicontrol&#34;&gt;Enrichment&lt;/span&gt;&#xA; activity:&lt;/p&gt;&#xA;"
                   textIsRich="true"/>
            <procedure_22_10 jcr:primaryType="nt:unstructured"
                          sling:resourceType="help/components/procedure">
            <proc_par jcr:primaryType="nt:unstructured"
                      sling:resourceType="help/components/procedure/proc_parsys">
                <step_313_0 jcr:primaryType="nt:unstructured" sling:resourceType="help/components/step">
                  <step_par jcr:primaryType="nt:unstructured"
                            sling:resourceType="help/components/procedure/step_parsys">
                    <text_748 jcr:primaryType="nt:unstructured"
                               sling:resourceType="help/components/article-3/text"
                               text="&lt;p&gt;Drag and drop an &#xA;&lt;span class=&#34;uicontrol&#34;&gt;Enrichment&lt;/span&gt;&#xA; activity into your workflow.&lt;/p&gt;&#xA;"
                               textIsRich="true"/>
                  </step_par>
               </step_313_0>
                <step_314_0 jcr:primaryType="nt:unstructured" sling:resourceType="help/components/step">
                  <step_par jcr:primaryType="nt:unstructured"
                            sling:resourceType="help/components/procedure/step_parsys">
                    <text_749 jcr:primaryType="nt:unstructured"
                               sling:resourceType="help/components/article-3/text"
                               text="&lt;p&gt;Select the activity, then open it using the &#xA;&#x9;&lt;img height=&#34;21px&#34; src=&#34;/content/dam/help/en/campaign/standard/edit_darkgrey-24px.png&#34; /&gt;&#xA;&#x9;&#xA; button from the quick actions that appear.&lt;/p&gt;&#xA;"
                               textIsRich="true"/>
                  </step_par>
               </step_314_0>
                <step_315_0 jcr:primaryType="nt:unstructured" sling:resourceType="help/components/step">
                  <step_par jcr:primaryType="nt:unstructured"
                            sling:resourceType="help/components/procedure/step_parsys">
                    <text_750 jcr:primaryType="nt:unstructured"
                               sling:resourceType="help/components/article-3/text"
                               text="&lt;p&gt;If the activity has several inbound transitions, select the &#xA;&lt;span class=&#34;uicontrol&#34;&gt;Primary set&lt;/span&gt;&#xA;. The additional data configured in this activity will be added to this primary set in the outbound transition.&lt;/p&gt;&#xA;"
                               textIsRich="true"/>
                    <text_751 jcr:primaryType="nt:unstructured"
                               sling:resourceType="help/components/article-3/text"
                               text="&lt;p&gt;If the primary set already contains additional data, you can choose to keep them or to remove them. If you uncheck the &#xA;&lt;span class=&#34;uicontrol&#34;&gt;Keep all additional data from the main set&lt;/span&gt;&#xA; option, only the additional data configured in the &#xA;&lt;span class=&#34;uicontrol&#34;&gt;Enrichment&lt;/span&gt;&#xA; are kept in the outbound transition.&lt;/p&gt;&#xA;"
                               textIsRich="true"/>
                  </step_par>
               </step_315_0>
                <step_316_0 jcr:primaryType="nt:unstructured" sling:resourceType="help/components/step">
                  <step_par jcr:primaryType="nt:unstructured"
                            sling:resourceType="help/components/procedure/step_parsys">
                    <text_752 jcr:primaryType="nt:unstructured"
                               sling:resourceType="help/components/article-3/text"
                               text="&lt;p&gt;If there are several inbound transitions, define relations between the primary set and the other inbound data in the &#xA;&lt;span class=&#34;uicontrol&#34;&gt;Advanced Relations&lt;/span&gt;&#xA; tab of the activity. You can add several relations using the &#xA;&lt;span class=&#34;uicontrol&#34;&gt;Add element&lt;/span&gt;&#xA; button.&lt;/p&gt;&#xA;"
                               textIsRich="true"/>
                    <text_753 jcr:primaryType="nt:unstructured"
                               sling:resourceType="help/components/article-3/text"
                               text="&lt;p&gt;When defining a new relation, select the set of inbound data that you want to link to the primary set. Then define the type of relation. Several types of relations are available, depending on the inbound data and your data model:&lt;/p&gt;&#xA;"
                               textIsRich="true"/>
                    <procedure_65 jcr:primaryType="nt:unstructured"
                                   sling:resourceType="help/components/procedure"
                                   isBulleted="true">
                        <proc_par jcr:primaryType="nt:unstructured"
                                  sling:resourceType="help/components/procedure/proc_parsys">
                           <step_316_65 jcr:primaryType="nt:unstructured" sling:resourceType="help/components/step">
                              <step_par jcr:primaryType="nt:unstructured"
                                        sling:resourceType="help/components/procedure/step_parsys">
                                 <text_754 jcr:primaryType="nt:unstructured"
                                           sling:resourceType="help/components/article-3/text"
                                           text="&lt;p&gt;&#xA;&lt;span class=&#34;uicontrol&#34;&gt;1 cardinality simple link&lt;/span&gt;&#xA;: each record of the incoming data is associated to one and only one record from the primary set. Each record from the primary set has one associated record in the linked data.&lt;/p&gt;&#xA;"
                                           textIsRich="true"/>
                              </step_par>
                           </step_316_65>
                           <step_317_65 jcr:primaryType="nt:unstructured" sling:resourceType="help/components/step">
                              <step_par jcr:primaryType="nt:unstructured"
                                        sling:resourceType="help/components/procedure/step_parsys">
                                 <text_755 jcr:primaryType="nt:unstructured"
                                           sling:resourceType="help/components/article-3/text"
                                           text="&lt;p&gt;&#xA;&lt;span class=&#34;uicontrol&#34;&gt;N cardinality collection link&lt;/span&gt;&#xA;: 0, 1 or more (N) records from the linked data can be associated to 1 record of the primary set.&lt;/p&gt;&#xA;"
                                           textIsRich="true"/>
                              </step_par>
                           </step_317_65>
                           <step_318_65 jcr:primaryType="nt:unstructured" sling:resourceType="help/components/step">
                              <step_par jcr:primaryType="nt:unstructured"
                                        sling:resourceType="help/components/procedure/step_parsys">
                                 <text_756 jcr:primaryType="nt:unstructured"
                                           sling:resourceType="help/components/article-3/text"
                                           text="&lt;p&gt;&#xA;&lt;span class=&#34;uicontrol&#34;&gt;0 or 1 cardinality simple link&lt;/span&gt;&#xA;: records from the primary set can be associated with 0 or 1 record from the linked data, but not more than one.&lt;/p&gt;&#xA;"
                                           textIsRich="true"/>
                              </step_par>
                           </step_318_65>
                        </proc_par>
                     </procedure_65>
                    <text_757 jcr:primaryType="nt:unstructured"
                               sling:resourceType="help/components/article-3/text"
                               text="&lt;p&gt;Once the &#xA;&lt;span class=&#34;uicontrol&#34;&gt;Cardinality&lt;/span&gt;&#xA; is defined, define a &#xA;&lt;span class=&#34;uicontrol&#34;&gt;Reconciliation criteria&lt;/span&gt;&#xA;. The &#xA;&lt;span class=&#34;uicontrol&#34;&gt;Source expression&lt;/span&gt;&#xA; of the reconciliation criteria can be a field from the target resource, an &#xA;&#x9;&#x9;&#x9;&#x9;&#x9;&#x9;&#x9;&#x9;&#x9;&#x9;&#x9;&#xA;&#x9;&#x9;&#x9;&#x9;&#x9;&#x9;&#x9;&lt;a href=&#34;/content/help/en/campaign/standard/automating/using/advanced-expression-editing.html&#34;&gt;expression&lt;/a&gt; or directly a value specified between quotes.&lt;/p&gt;&#xA;"
                               textIsRich="true"/>
                    <text_758 jcr:primaryType="nt:unstructured"
                               sling:resourceType="help/components/article-3/text"
                               text="&lt;p&gt;Define a &#xA;&lt;span class=&#34;uicontrol&#34;&gt;Label&lt;/span&gt;&#xA; and an &#xA;&lt;span class=&#34;uicontrol&#34;&gt;ID&lt;/span&gt;&#xA; that will be easy to identify later in the workflow.&lt;/p&gt;&#xA;"
                               textIsRich="true"/>
                    <note_27 jcr:primaryType="nt:unstructured"
                              sling:resourceType="help/components/article-3/note"
                              text="&lt;p&gt;&#xA;                        You can only define relations between the primary set and the other inbound transitions connected to the &#xA;&lt;span class=&#34;uicontrol&#34;&gt;Enrichment&lt;/span&gt;&#xA; activity. For simpler cases aiming at defining relations with database resources, use a &#xA;&#x9;&#x9;&#x9;&#x9;&#x9;&#x9;&#x9;&#x9;&#x9;&#x9;&#x9;&#xA;&#x9;&#x9;&#x9;&#x9;&#x9;&#x9;&#x9;&lt;a href=&#34;/content/help/en/campaign/standard/automating/using/reconciliation.html&#34;&gt;Reconciliation&lt;/a&gt; activity.&#xA;                    &lt;/p&gt;&#xA;"
                              textIsRich="true"
                              type="note"/>
                  </step_par>
               </step_316_0>
                <step_320_0 jcr:primaryType="nt:unstructured" sling:resourceType="help/components/step">
                  <step_par jcr:primaryType="nt:unstructured"
                            sling:resourceType="help/components/procedure/step_parsys">
                    <text_760 jcr:primaryType="nt:unstructured"
                               sling:resourceType="help/components/article-3/text"
                               text="&lt;p&gt;Define the additional data from the &#xA;&lt;span class=&#34;uicontrol&#34;&gt;Additional data&lt;/span&gt;&#xA; tab of the activity. You can define additional data (simple fields, aggregates and collections) related to the targeting dimension of the primary set or based on the links created in the &#xA;&lt;span class=&#34;uicontrol&#34;&gt;Advanced relations&lt;/span&gt;&#xA; tab of the &#xA;&lt;span class=&#34;uicontrol&#34;&gt;Enrichment&lt;/span&gt;&#xA; activity.&lt;/p&gt;&#xA;"
                               textIsRich="true"/>
                    <text_761 jcr:primaryType="nt:unstructured"
                               sling:resourceType="help/components/article-3/text"
                               text="&lt;p&gt;Consult the &#xA;&#x9;&#x9;&#x9;&#x9;&#x9;&#xA;&lt;a href=&#34;/content/help/en/campaign/standard/automating/using/query.html#enriching-data&#34; target=&#34;_blank&#34;&gt;Enriching data&lt;/a&gt; section.&lt;/p&gt;&#xA;"
                               textIsRich="true"/>
                  </step_par>
               </step_320_0>
                <step_321_0 jcr:primaryType="nt:unstructured" sling:resourceType="help/components/step">
                  <step_par jcr:primaryType="nt:unstructured"
                            sling:resourceType="help/components/procedure/step_parsys">
                    <text_762 jcr:primaryType="nt:unstructured"
                               sling:resourceType="help/components/article-3/text"
                               text="&lt;p&gt;Confirm the configuration of your activity and save your workflow.&lt;/p&gt;&#xA;"
                               textIsRich="true"/>
                  </step_par>
               </step_321_0>
            </proc_par>
         </procedure_22_10>
            <text_763 jcr:primaryType="nt:unstructured"
                   sling:resourceType="help/components/article-3/text"
                   text="&lt;p&gt;The data is now available to use in the activities connected after the &#xA;&lt;span class=&#34;uicontrol&#34;&gt;Enrichment&lt;/span&gt;&#xA;. For example, you can find it under the &#xA;&lt;span class=&#34;uicontrol&#34;&gt;Additional data (targetData)&lt;/span&gt;&#xA; link of the personalization fields explorer in an email content.&lt;/p&gt;&#xA;"
                   textIsRich="true"/>
        
        
            <header_114 jcr:primaryType="nt:unstructured" sling:resourceType="help/components/header"
                     id="example--enriching-profile-data-with-data-contained-in-a-file"
                     level="2"
                     text="&lt;p&gt;Example: Enriching profile data with data contained in a file&lt;/p&gt;&#xA;"
                     textIsRich="'true'"/>
            <text_764 jcr:primaryType="nt:unstructured"
                   sling:resourceType="help/components/article-3/text"
                   text="&lt;p&gt;This example shows how to enrich profile data with purchase data contained in a file. We consider here that the purchase data are stored in a third-party system. Each profile can have several purchases stored in the file. The final goal of the workflow is to send an email to the target profiles who have purchased at least two items to thank them for their loyalty.&lt;/p&gt;&#xA;"
                   textIsRich="true"/>
            <text_765 jcr:primaryType="nt:unstructured"
                   sling:resourceType="help/components/article-3/text"
                   text="&lt;p&gt;The workflow is configured as follows:&lt;/p&gt;&#xA;"
                   textIsRich="true"/>
            <image_107 jcr:primaryType="nt:unstructured"
                    sling:resourceType="help/components/article-3/image"
                    jcr:title=""
                    alt=""
                    captionBottom=""
                    fileName="enrichment_example_workflow.png"
                    originalFileName="images/en/enrichment_example_workflow.png"
                    fileReference="/content/dam/help/en/campaign/standard/enrichment_example_workflow.png"
                    imageRotate="0"
                    originalHeight=""
                    originalWidth=""
                    scaleOption="toTemplate"
                    status="legacy"/>
            <procedure_66 jcr:primaryType="nt:unstructured"
                       sling:resourceType="help/components/procedure"
                       isBulleted="true">
            <proc_par jcr:primaryType="nt:unstructured"
                      sling:resourceType="help/components/procedure/proc_parsys">
                <step_322_66 jcr:primaryType="nt:unstructured" sling:resourceType="help/components/step">
                  <step_par jcr:primaryType="nt:unstructured"
                            sling:resourceType="help/components/procedure/step_parsys">
                    <text_766 jcr:primaryType="nt:unstructured"
                               sling:resourceType="help/components/article-3/text"
                               text="&lt;p&gt;A &#xA;&lt;span class=&#34;uicontrol&#34;&gt;Query&lt;/span&gt;&#xA; activity that targets the profiles who will receive the message.&lt;/p&gt;&#xA;"
                               textIsRich="true"/>
                  </step_par>
               </step_322_66>
                <step_323_66 jcr:primaryType="nt:unstructured" sling:resourceType="help/components/step">
                  <step_par jcr:primaryType="nt:unstructured"
                            sling:resourceType="help/components/procedure/step_parsys">
                    <text_767 jcr:primaryType="nt:unstructured"
                               sling:resourceType="help/components/article-3/text"
                               text="&lt;p&gt;A &#xA;&lt;span class=&#34;uicontrol&#34;&gt;Load file&lt;/span&gt;&#xA; activity that loads the purchase data. For example:&lt;/p&gt;&#xA;"
                               textIsRich="true"/>
                    <codelisting_sh4 jcr:primaryType="nt:unstructured"
                                      sling:resourceType="help/components/codeblock"
                                      codeLanguage="html"
                                      gutter="true"
                                      text="\tcode;tdate;customer;product;tamount&#xA;aze123;21/05/2017;dannymars@example.com;TV;799&#xA;aze124;28/05/2017;dannymars@example.com;Headphones;8&#xA;aze125;31/07/2017;john.smith@example.com;Headphones;8&#xA;aze126;14/12/2017;john.smith@example.com;Plastic Cover;4&#xA;aze127;02/01/2018;dannymars@example.com;Case Cover;79&#xA;aze128;04/03/2017;clara.smith@example.com;Phone;149"/>
                    <text_768 jcr:primaryType="nt:unstructured"
                               sling:resourceType="help/components/article-3/text"
                               text="&lt;p&gt;With this example file, we will use the email address to reconcile the data with the database profiles. You can also enable unique IDs as described in &#xA;&#x9;&#x9;&#x9;&#x9;&#x9;&#x9;&#x9;&#x9;&#x9;&#x9;&#x9;&#xA;&#x9;&#x9;&#x9;&#x9;&#x9;&#x9;&#x9;&lt;a href=&#34;/content/help/en/campaign/standard/developing/using/generating-a-unique-id-for-profiles-and-custom-resources.html&#34;&gt;this document&lt;/a&gt;.&lt;/p&gt;&#xA;"
                               textIsRich="true"/>
                  </step_par>
               </step_323_66>
                <step_324_66 jcr:primaryType="nt:unstructured" sling:resourceType="help/components/step">
                  <step_par jcr:primaryType="nt:unstructured"
                            sling:resourceType="help/components/procedure/step_parsys">
                    <text_769 jcr:primaryType="nt:unstructured"
                               sling:resourceType="help/components/article-3/text"
                               text="&lt;p&gt;An &#xA;&lt;span class=&#34;uicontrol&#34;&gt;Enrichment&lt;/span&gt;&#xA; activity that creates a link between the transaction data loaded from the file and the profiles selected in the &#xA;&lt;span class=&#34;uicontrol&#34;&gt;Query&lt;/span&gt;&#xA;. The link is defined in the &#xA;&lt;span class=&#34;uicontrol&#34;&gt;Advanced relations&lt;/span&gt;&#xA; tab of the activity. The link is based on the transition coming from the &#xA;&lt;span class=&#34;uicontrol&#34;&gt;Load file&lt;/span&gt;&#xA; activity. It uses the &#34;email&#34; field of the profile resource and the &#34;customer&#34; column of the imported file as reconciliation criteria. &lt;/p&gt;&#xA;"
                               textIsRich="true"/>
                    <image_108 jcr:primaryType="nt:unstructured"
                                sling:resourceType="help/components/article-3/image"
                                jcr:title=""
                                alt=""
                                captionBottom=""
                                fileName="enrichment_example_workflow2.png"
                                originalFileName="images/en/enrichment_example_workflow2.png"
                                fileReference="/content/dam/help/en/campaign/standard/enrichment_example_workflow2.png"
                                imageRotate="0"
                                originalHeight=""
                                originalWidth=""
                                scaleOption="toTemplate"
                                status="legacy"/>
                    <text_770 jcr:primaryType="nt:unstructured"
                               sling:resourceType="help/components/article-3/text"
                               text="&lt;p&gt;Once the link is created, two sets of &#xA;&lt;span class=&#34;uicontrol&#34;&gt;Additional data&lt;/span&gt;&#xA; are added:&lt;/p&gt;&#xA;"
                               textIsRich="true"/>
                    <procedure_66 jcr:primaryType="nt:unstructured"
                                   sling:resourceType="help/components/procedure"
                                   isBulleted="true">
                        <proc_par jcr:primaryType="nt:unstructured"
                                  sling:resourceType="help/components/procedure/proc_parsys">
                           <step_324_66 jcr:primaryType="nt:unstructured" sling:resourceType="help/components/step">
                              <step_par jcr:primaryType="nt:unstructured"
                                        sling:resourceType="help/components/procedure/step_parsys">
                                 <text_771 jcr:primaryType="nt:unstructured"
                                           sling:resourceType="help/components/article-3/text"
                                           text="&lt;p&gt;A collection of two lines corresponding to the two last transactions of each profile. For this collection, the product name, the transaction date, and the price of the product are added as additional data. A descending sort is applied on the data. To create the collection, from the &#xA;&lt;span class=&#34;uicontrol&#34;&gt;Additional data&lt;/span&gt;&#xA; tab:&lt;/p&gt;&#xA;"
                                           textIsRich="true"/>
                                 <text_772 jcr:primaryType="nt:unstructured"
                                           sling:resourceType="help/components/article-3/text"
                                           text="&lt;p&gt;Select the link previously defined in the &#xA;&lt;span class=&#34;uicontrol&#34;&gt;Advanced relations&lt;/span&gt;&#xA; tab of the activity.&lt;/p&gt;&#xA;"
                                           textIsRich="true"/>
                                 <image_109 jcr:primaryType="nt:unstructured"
                                            sling:resourceType="help/components/article-3/image"
                                            jcr:title=""
                                            alt=""
                                            captionBottom=""
                                            fileName="enrichment_example_workflow3.png"
                                            originalFileName="images/en/enrichment_example_workflow3.png"
                                            fileReference="/content/dam/help/en/campaign/standard/enrichment_example_workflow3.png"
                                            imageRotate="0"
                                            originalHeight=""
                                            originalWidth=""
                                            scaleOption="toTemplate"
                                            status="legacy"/>
                                 <text_773 jcr:primaryType="nt:unstructured"
                                           sling:resourceType="help/components/article-3/text"
                                           text="&lt;p&gt;Check &#xA;&lt;span class=&#34;uicontrol&#34;&gt;Collection&lt;/span&gt;&#xA; and specify the number of lines to retrieve (2 in this example). In this screen, you can customize the &#xA;&lt;span class=&#34;uicontrol&#34;&gt;Alias&lt;/span&gt;&#xA; and the &#xA;&lt;span class=&#34;uicontrol&#34;&gt;Label&lt;/span&gt;&#xA; of the collection. These values will be visible in the following activities of the workflow when referring to this collection.&lt;/p&gt;&#xA;"
                                           textIsRich="true"/>
                                 <image_110 jcr:primaryType="nt:unstructured"
                                            sling:resourceType="help/components/article-3/image"
                                            jcr:title=""
                                            alt=""
                                            captionBottom=""
                                            fileName="enrichment_example_workflow4.png"
                                            originalFileName="images/en/enrichment_example_workflow4.png"
                                            fileReference="/content/dam/help/en/campaign/standard/enrichment_example_workflow4.png"
                                            imageRotate="0"
                                            originalHeight=""
                                            originalWidth=""
                                            scaleOption="toTemplate"
                                            status="legacy"/>
                                 <text_774 jcr:primaryType="nt:unstructured"
                                           sling:resourceType="help/components/article-3/text"
                                           text="&lt;p&gt;As &#xA;&lt;span class=&#34;uicontrol&#34;&gt;Data&lt;/span&gt;&#xA; to keep for the collection, select the columns that will be used in the final delivery.&lt;/p&gt;&#xA;"
                                           textIsRich="true"/>
                                 <image_111 jcr:primaryType="nt:unstructured"
                                            sling:resourceType="help/components/article-3/image"
                                            jcr:title=""
                                            alt=""
                                            captionBottom=""
                                            fileName="enrichment_example_workflow6.png"
                                            originalFileName="images/en/enrichment_example_workflow6.png"
                                            fileReference="/content/dam/help/en/campaign/standard/enrichment_example_workflow6.png"
                                            imageRotate="0"
                                            originalHeight=""
                                            originalWidth=""
                                            scaleOption="toTemplate"
                                            status="legacy"/>
                                 <text_775 jcr:primaryType="nt:unstructured"
                                           sling:resourceType="help/components/article-3/text"
                                           text="&lt;p&gt;Apply a descending sort on the transaction date to make sure to retrieve the latest transactions.&lt;/p&gt;&#xA;"
                                           textIsRich="true"/>
                                 <image_112 jcr:primaryType="nt:unstructured"
                                            sling:resourceType="help/components/article-3/image"
                                            jcr:title=""
                                            alt=""
                                            captionBottom=""
                                            fileName="enrichment_example_workflow7.png"
                                            originalFileName="images/en/enrichment_example_workflow7.png"
                                            fileReference="/content/dam/help/en/campaign/standard/enrichment_example_workflow7.png"
                                            imageRotate="0"
                                            originalHeight=""
                                            originalWidth=""
                                            scaleOption="toTemplate"
                                            status="legacy"/>
                              </step_par>
                           </step_324_66>
                           <step_325_66 jcr:primaryType="nt:unstructured" sling:resourceType="help/components/step">
                              <step_par jcr:primaryType="nt:unstructured"
                                        sling:resourceType="help/components/procedure/step_parsys">
                                 <text_776 jcr:primaryType="nt:unstructured"
                                           sling:resourceType="help/components/article-3/text"
                                           text="&lt;p&gt;An aggregate counting the total number of transactions for each profile. This aggregate will be used later to filter profiles that have at least two transactions recorded. To create the aggregate, from the &#xA;&lt;span class=&#34;uicontrol&#34;&gt;Additional data&lt;/span&gt;&#xA; tab:&lt;/p&gt;&#xA;"
                                           textIsRich="true"/>
                                 <text_777 jcr:primaryType="nt:unstructured"
                                           sling:resourceType="help/components/article-3/text"
                                           text="&lt;p&gt;Select the link previously defined in the &#xA;&lt;span class=&#34;uicontrol&#34;&gt;Advanced relations&lt;/span&gt;&#xA; tab of the activity.&lt;/p&gt;&#xA;"
                                           textIsRich="true"/>
                                 <image_113 jcr:primaryType="nt:unstructured"
                                            sling:resourceType="help/components/article-3/image"
                                            jcr:title=""
                                            alt=""
                                            captionBottom=""
                                            fileName="enrichment_example_workflow3.png"
                                            originalFileName="images/en/enrichment_example_workflow3.png"
                                            fileReference="/content/dam/help/en/campaign/standard/enrichment_example_workflow3.png"
                                            imageRotate="0"
                                            originalHeight=""
                                            originalWidth=""
                                            scaleOption="toTemplate"
                                            status="legacy"/>
                                 <text_778 jcr:primaryType="nt:unstructured"
                                           sling:resourceType="help/components/article-3/text"
                                           text="&lt;p&gt;Select &#xA;&lt;span class=&#34;uicontrol&#34;&gt;Aggregate&lt;/span&gt;&#xA;.&lt;/p&gt;&#xA;"
                                           textIsRich="true"/>
                                 <image_114 jcr:primaryType="nt:unstructured"
                                            sling:resourceType="help/components/article-3/image"
                                            jcr:title=""
                                            alt=""
                                            captionBottom=""
                                            fileName="enrichment_example_workflow8.png"
                                            originalFileName="images/en/enrichment_example_workflow8.png"
                                            fileReference="/content/dam/help/en/campaign/standard/enrichment_example_workflow8.png"
                                            imageRotate="0"
                                            originalHeight=""
                                            originalWidth=""
                                            scaleOption="toTemplate"
                                            status="legacy"/>
                                 <text_779 jcr:primaryType="nt:unstructured"
                                           sling:resourceType="help/components/article-3/text"
                                           text="&lt;p&gt;As &#xA;&lt;span class=&#34;uicontrol&#34;&gt;Data&lt;/span&gt;&#xA; to keep, define a &lt;strong&gt;Count All&lt;/strong&gt; aggregate. If you need, specify a custom alias to find it faster in the following activities.&lt;/p&gt;&#xA;"
                                           textIsRich="true"/>
                                 <image_115 jcr:primaryType="nt:unstructured"
                                            sling:resourceType="help/components/article-3/image"
                                            jcr:title=""
                                            alt=""
                                            captionBottom=""
                                            fileName="enrichment_example_workflow9.png"
                                            originalFileName="images/en/enrichment_example_workflow9.png"
                                            fileReference="/content/dam/help/en/campaign/standard/enrichment_example_workflow9.png"
                                            imageRotate="0"
                                            originalHeight=""
                                            originalWidth=""
                                            scaleOption="toTemplate"
                                            status="legacy"/>
                              </step_par>
                           </step_325_66>
                        </proc_par>
                     </procedure_66>
                  </step_par>
               </step_324_66>
                <step_327_67 jcr:primaryType="nt:unstructured" sling:resourceType="help/components/step">
                  <step_par jcr:primaryType="nt:unstructured"
                            sling:resourceType="help/components/procedure/step_parsys">
                    <text_780 jcr:primaryType="nt:unstructured"
                               sling:resourceType="help/components/article-3/text"
                               text="&lt;p&gt;A &#xA;&lt;span class=&#34;uicontrol&#34;&gt;Segmentation&lt;/span&gt;&#xA; activity with only one segment, that retrieves profiles of the initial target that have at least two transactions recorded. Profiles with only one transaction are excluded. To do that, the query of the segmentation is made on the aggregate defined previously.&lt;/p&gt;&#xA;"
                               textIsRich="true"/>
                    <image_116 jcr:primaryType="nt:unstructured"
                                sling:resourceType="help/components/article-3/image"
                                jcr:title=""
                                alt=""
                                captionBottom=""
                                fileName="enrichment_example_workflow5.png"
                                originalFileName="images/en/enrichment_example_workflow5.png"
                                fileReference="/content/dam/help/en/campaign/standard/enrichment_example_workflow5.png"
                                imageRotate="0"
                                originalHeight=""
                                originalWidth=""
                                scaleOption="toTemplate"
                                status="legacy"/>
                  </step_par>
               </step_327_67>
                <step_328_67 jcr:primaryType="nt:unstructured" sling:resourceType="help/components/step">
                  <step_par jcr:primaryType="nt:unstructured"
                            sling:resourceType="help/components/procedure/step_parsys">
                    <text_781 jcr:primaryType="nt:unstructured"
                               sling:resourceType="help/components/article-3/text"
                               text="&lt;p&gt;An &#xA;&lt;span class=&#34;uicontrol&#34;&gt;Email delivery&lt;/span&gt;&#xA; activity that uses the additional data defined in the &#xA;&lt;span class=&#34;uicontrol&#34;&gt;Enrichment&lt;/span&gt;&#xA; to dynamically retrieve the two last purchases made by the profile. The additional data can be found in the &lt;strong&gt;Additional data (TargetData)&lt;/strong&gt; node when adding a personalization field.&lt;/p&gt;&#xA;"
                               textIsRich="true"/>
                    <image_117 jcr:primaryType="nt:unstructured"
                                sling:resourceType="help/components/article-3/image"
                                jcr:title=""
                                alt=""
                                captionBottom=""
                                fileName="enrichment_example_workflow10.png"
                                originalFileName="images/en/enrichment_example_workflow10.png"
                                fileReference="/content/dam/help/en/campaign/standard/enrichment_example_workflow10.png"
                                imageRotate="0"
                                originalHeight=""
                                originalWidth=""
                                scaleOption="toTemplate"
                                status="legacy"/>
                  </step_par>
               </step_328_67>
            </proc_par>
         </procedure_66>
        
      </main-pars>
      <hero jcr:primaryType="nt:unstructured"
            sling:resourceType="foundation/components/image"/>
      <thumbnail jcr:primaryType="nt:unstructured"
                 sling:resourceType="foundation/components/image"/>
      <publisherLogo jcr:primaryType="nt:unstructured"
                     sling:resourceType="foundation/components/image"/>
   </jcr:content>
</jcr:root>