<?xml version="1.0" encoding="UTF-8"?>
<jcr:root xmlns:nt="http://www.jcp.org/jcr/nt/1.0" xmlns:json="http://json.org/"
          xmlns:sling="http://sling.apache.org/jcr/sling/1.0"
          xmlns:cq="http://www.day.com/jcr/cq/1.0"
          xmlns:jcr="http://www.jcp.org/jcr/1.0"
          xmlns:mix="http://www.jcp.org/jcr/mix/1.0"
          jcr:primaryType="cq:Page">
   <jcr:content navTitle="Exclusion" jcr:primaryType="cq:PageContent"
                sling:resourceType="help/components/pages/article-3"
                heroGradient="light"
                jcr:language="en_us"
                cq:designPath="/etc/designs/help"
                cq:template="/apps/help/templates/article-3"
                jcr:mixinTypes="[mix:versionable]"
                jcr:title="Exclusion"
                jcr:description="Exclusion"
                seoDescription="The Exclusion  activity allows you to exclude elements from one population according to certain criteria."
                primaryProductTag="[products:SG_CAMPAIGN/STANDARD]"
                cq:tags="[products:SG_CAMPAIGN/STANDARD,audience:automating,content_type:reference,topic_tags:targeting-activities]"
                primaryAudienceTag="[audience:automating]"
                contentOwner="sauviat"
                isReadyForLocalization="true"
                publishExternalDate="2019-01-09">
      <main-pars jcr:primaryType="nt:unstructured"
                 sling:resourceType="foundation/components/parsys">
        
        
        
            
        
        
            <header_84 jcr:primaryType="nt:unstructured" sling:resourceType="help/components/header"
                    id="description"
                    level="2"
                    text="&lt;p&gt;Description&lt;/p&gt;&#xA;"
                    textIsRich="'true'"/>
            <image_75 jcr:primaryType="nt:unstructured"
                   sling:resourceType="help/components/article-3/image"
                   jcr:title=""
                   alt=""
                   captionBottom=""
                   fileName="exclusion.png"
                   originalFileName="images/en/exclusion.png"
                   fileReference="/content/dam/help/en/campaign/standard/exclusion.png"
                   imageRotate="0"
                   originalHeight=""
                   originalWidth=""
                   scaleOption="toTemplate"
                   status="legacy"/>
            <text_583 jcr:primaryType="nt:unstructured"
                   sling:resourceType="help/components/article-3/text"
                   text="&lt;p&gt;The &#xA;&lt;span class=&#34;uicontrol&#34;&gt;Exclusion &lt;/span&gt;&#xA; activity allows you to exclude elements from one population according to certain criteria.&lt;/p&gt;&#xA;"
                   textIsRich="true"/>
        
        
            <header_85 jcr:primaryType="nt:unstructured" sling:resourceType="help/components/header"
                    id="context-of-use"
                    level="2"
                    text="&lt;p&gt;Context of use&lt;/p&gt;&#xA;"
                    textIsRich="'true'"/>
            <text_584 jcr:primaryType="nt:unstructured"
                   sling:resourceType="help/components/article-3/text"
                   text="&lt;p&gt;The &#xA;&lt;span class=&#34;uicontrol&#34;&gt;Exclusion&lt;/span&gt;&#xA; activity is used essentially to carry out additional filtering on inbound transition populations.&lt;/p&gt;&#xA;"
                   textIsRich="true"/>
            <text_585 jcr:primaryType="nt:unstructured"
                   sling:resourceType="help/components/article-3/text"
                   text="&lt;p&gt;A primary set is defined amongst inbound transitions. Members of other inbound transitions are excluded from the primary set. The outbound transition of the exclusion activity only contains the members of the primary set that were not encountered in the other inbound transitions.&lt;/p&gt;&#xA;"
                   textIsRich="true"/>
        
        
            <header_86 jcr:primaryType="nt:unstructured" sling:resourceType="help/components/header"
                    id="configuration"
                    level="2"
                    text="&lt;p&gt;Configuration&lt;/p&gt;&#xA;"
                    textIsRich="'true'"/>
            <procedure_17_10 jcr:primaryType="nt:unstructured"
                          sling:resourceType="help/components/procedure">
            <proc_par jcr:primaryType="nt:unstructured"
                      sling:resourceType="help/components/procedure/proc_parsys">
                <step_217_0 jcr:primaryType="nt:unstructured" sling:resourceType="help/components/step">
                  <step_par jcr:primaryType="nt:unstructured"
                            sling:resourceType="help/components/procedure/step_parsys">
                    <text_586 jcr:primaryType="nt:unstructured"
                               sling:resourceType="help/components/article-3/text"
                               text="&lt;p&gt;Drag and drop an &#xA;&lt;span class=&#34;uicontrol&#34;&gt;Exclusion&lt;/span&gt;&#xA; activity into your workflow.&lt;/p&gt;&#xA;"
                               textIsRich="true"/>
                  </step_par>
               </step_217_0>
                <step_218_0 jcr:primaryType="nt:unstructured" sling:resourceType="help/components/step">
                  <step_par jcr:primaryType="nt:unstructured"
                            sling:resourceType="help/components/procedure/step_parsys">
                    <text_587 jcr:primaryType="nt:unstructured"
                               sling:resourceType="help/components/article-3/text"
                               text="&lt;p&gt;Select the activity, then open it using the &#xA;&#x9;&lt;img height=&#34;21px&#34; src=&#34;/content/dam/help/en/campaign/standard/edit_darkgrey-24px.png&#34; /&gt;&#xA;&#x9;&#xA; button from the quick actions that appear.&lt;/p&gt;&#xA;"
                               textIsRich="true"/>
                  </step_par>
               </step_218_0>
                <step_219_0 jcr:primaryType="nt:unstructured" sling:resourceType="help/components/step">
                  <step_par jcr:primaryType="nt:unstructured"
                            sling:resourceType="help/components/procedure/step_parsys">
                    <text_588 jcr:primaryType="nt:unstructured"
                               sling:resourceType="help/components/article-3/text"
                               text="&lt;p&gt;Select the &#xA;&lt;span class=&#34;uicontrol&#34;&gt;Primary set&lt;/span&gt;&#xA; from the inbound transitions. This is the set from which elements are excluded. The other sets match elements before being excluded from the primary set.&lt;/p&gt;&#xA;"
                               textIsRich="true"/>
                    <note_22 jcr:primaryType="nt:unstructured"
                              sling:resourceType="help/components/article-3/note"
                              text="&lt;p&gt;&#xA;                        The inbound transitions have to contain the same type of population. For example, if the primary set contains test profiles, the other transitions have to also contain test profiles.&#xA;                    &lt;/p&gt;&#xA;"
                              textIsRich="true"
                              type="note"/>
                  </step_par>
               </step_219_0>
                
                <step_220_0 jcr:primaryType="nt:unstructured" sling:resourceType="help/components/step">
                  <step_par jcr:primaryType="nt:unstructured"
                            sling:resourceType="help/components/procedure/step_parsys">
                    <text_590 jcr:primaryType="nt:unstructured"
                               sling:resourceType="help/components/article-3/text"
                               text="&lt;p&gt;If needed, manage the activity's &#xA;&#x9;&#x9;&#x9;&#x9;&#x9;&#x9;&#x9;&#x9;&#x9;&#x9;&#x9;&#xA;&#x9;&#x9;&#x9;&#x9;&#x9;&#x9;&#x9;&lt;a href=&#34;/content/help/en/campaign/standard/automating/using/executing-a-workflow.html#managing-an-activity-s-outbound-transitions&#34;&gt;Transitions&lt;/a&gt; to access the advanced options for the outbound population.&lt;/p&gt;&#xA;"
                               textIsRich="true"/>
                  </step_par>
               </step_220_0>
                <step_221_0 jcr:primaryType="nt:unstructured" sling:resourceType="help/components/step">
                  <step_par jcr:primaryType="nt:unstructured"
                            sling:resourceType="help/components/procedure/step_parsys">
                    <text_591 jcr:primaryType="nt:unstructured"
                               sling:resourceType="help/components/article-3/text"
                               text="&lt;p&gt;Confirm the configuration of your activity and save your workflow.&lt;/p&gt;&#xA;"
                               textIsRich="true"/>
                  </step_par>
               </step_221_0>
            </proc_par>
         </procedure_17_10>
        
        
            <header_87 jcr:primaryType="nt:unstructured" sling:resourceType="help/components/header"
                    id="example"
                    level="2"
                    text="&lt;p&gt;Example&lt;/p&gt;&#xA;"
                    textIsRich="'true'"/>
            <text_592 jcr:primaryType="nt:unstructured"
                   sling:resourceType="help/components/article-3/text"
                   text="&lt;p&gt;The following example shows two query activities configured to filter profiles from the Adobe Campaign database who are between 18 and 27 years old and have an invalid email address. The profiles with invalid email addresses are then excluded from the first set. This allows you to then send an email for example.&lt;/p&gt;&#xA;"
                   textIsRich="true"/>
            <image_76 jcr:primaryType="nt:unstructured"
                   sling:resourceType="help/components/article-3/image"
                   jcr:title=""
                   alt=""
                   captionBottom=""
                   fileName="wkf_exclusion_example.png"
                   originalFileName="images/en/wkf_exclusion_example.png"
                   fileReference="/content/dam/help/en/campaign/standard/wkf_exclusion_example.png"
                   imageRotate="0"
                   originalHeight=""
                   originalWidth=""
                   scaleOption="toTemplate"
                   status="legacy"/>
        
      </main-pars>
      <hero jcr:primaryType="nt:unstructured"
            sling:resourceType="foundation/components/image"/>
      <thumbnail jcr:primaryType="nt:unstructured"
                 sling:resourceType="foundation/components/image"/>
      <publisherLogo jcr:primaryType="nt:unstructured"
                     sling:resourceType="foundation/components/image"/>
   </jcr:content>
</jcr:root>