<?xml version="1.0" encoding="UTF-8"?>
<jcr:root xmlns:nt="http://www.jcp.org/jcr/nt/1.0" xmlns:json="http://json.org/"
          xmlns:sling="http://sling.apache.org/jcr/sling/1.0"
          xmlns:cq="http://www.day.com/jcr/cq/1.0"
          xmlns:jcr="http://www.jcp.org/jcr/1.0"
          xmlns:mix="http://www.jcp.org/jcr/mix/1.0"
          jcr:primaryType="cq:Page">
   <jcr:content navTitle="Importing data with import templates"
                jcr:primaryType="cq:PageContent"
                sling:resourceType="help/components/pages/article-3"
                heroGradient="light"
                jcr:language="en_us"
                cq:designPath="/etc/designs/help"
                cq:template="/apps/help/templates/article-3"
                jcr:mixinTypes="[mix:versionable]"
                jcr:title="Importing data with import templates"
                jcr:description="Importing data with import templates"
                seoDescription="Learn how to collect data to feed your Campaign database."
                primaryProductTag="[products:SG_CAMPAIGN/STANDARD]"
                cq:tags="[products:SG_CAMPAIGN/STANDARD,audience:automating,content_type:reference,topic_tags:importing-and-exporting-data]"
                primaryAudienceTag="[audience:automating]"
                contentOwner="sauviat"
                isReadyForLocalization="true"
                publishExternalDate="2019-01-09">
      <main-pars jcr:primaryType="nt:unstructured"
                 sling:resourceType="foundation/components/parsys">
        
        
            
        
        <text_1895 jcr:primaryType="nt:unstructured"
                    sling:resourceType="help/components/article-3/text"
                    text="&lt;p&gt;Importing data allows you to collect data to feed your Campaign's database.&lt;/p&gt;&#xA;"
                    textIsRich="true"/>
        <text_1896 jcr:primaryType="nt:unstructured"
                    sling:resourceType="help/components/article-3/text"
                    text="&lt;p&gt;Alternatively to &#xA;&#x9;&#x9;&#x9;&#x9;&#x9;&#x9;&#x9;&#x9;&#x9;&#x9;&#x9;&#xA;&#x9;&#x9;&#x9;&#x9;&#x9;&#x9;&#x9;&lt;a href=&#34;/content/help/en/campaign/standard/automating/using/discovering-workflows.html&#34;&gt;Workflows&lt;/a&gt;, Adobe Campaign offers a simplified import function that allows the user to manage certain types of import that were defined by an administrator.&lt;/p&gt;&#xA;"
                    textIsRich="true"/>
        <text_1897 jcr:primaryType="nt:unstructured"
                    sling:resourceType="help/components/article-3/text"
                    text="&lt;p&gt;The operating principle is as follows: an &lt;strong&gt;administrator&lt;/strong&gt; defines and manages import templates (see &#xA;&#x9;&#x9;&#x9;&#x9;&#x9;&#xA;&lt;a href=&#34;/content/help/en/campaign/standard/automating/using/defining-import-templates.html&#34; target=&#34;_blank&#34;&gt;Defining import templates&lt;/a&gt;). These import templates are then made available to users with simplified views under the &#xA;&lt;span class=&#34;uicontrol&#34;&gt;Profiles &amp; audiences&lt;/span&gt;&#xA; &amp;gt; &#xA;&lt;span class=&#34;uicontrol&#34;&gt;Imports&lt;/span&gt;&#xA; menu.&lt;/p&gt;&#xA;"
                    textIsRich="true"/>
        <text_1898 jcr:primaryType="nt:unstructured"
                    sling:resourceType="help/components/article-3/text"
                    text="&lt;p&gt;These users therefore just have to select the type of import they want to carry out and upload the file with the data to import. The workflow defined by the administrator is executed transparently for the user, who can access the details of the result of the import once it has finished.&lt;/p&gt;&#xA;"
                    textIsRich="true"/>
        <note_50 jcr:primaryType="nt:unstructured"
                  sling:resourceType="help/components/article-3/note"
                  text="&lt;p&gt;&#xA;            Import data function can be managed by users with &#xA;&lt;span class=&#34;uicontrol&#34;&gt;GENERIC IMPORT (import)&lt;/span&gt;&#xA; and &#xA;&lt;span class=&#34;uicontrol&#34;&gt;WORKFLOW (workflow)&lt;/span&gt;&#xA; roles. For more on roles, refer to &#xA;&#x9;&#x9;&#x9;&#x9;&#x9;&#x9;&#x9;&#x9;&#x9;&#x9;&#x9;&#xA;&#x9;&#x9;&#x9;&#x9;&#x9;&#x9;&#x9;&lt;a href=&#34;/content/help/en/campaign/standard/administration/using/list-of-roles.html&#34;&gt;this section&lt;/a&gt;.&#xA;        &lt;/p&gt;&#xA;"
                  textIsRich="true"
                  type="note"/>
        <text_1900 jcr:primaryType="nt:unstructured"
                    sling:resourceType="help/components/article-3/text"
                    text="&lt;p&gt;Imports can be filtered according to the template from which they were executed, their execution date, and their execution status.&lt;/p&gt;&#xA;"
                    textIsRich="true"/>
        <procedure_46_10 jcr:primaryType="nt:unstructured"
                          sling:resourceType="help/components/procedure">
            <proc_par jcr:primaryType="nt:unstructured"
                      sling:resourceType="help/components/procedure/proc_parsys">
               <step_695_0 jcr:primaryType="nt:unstructured" sling:resourceType="help/components/step">
                  <step_par jcr:primaryType="nt:unstructured"
                            sling:resourceType="help/components/procedure/step_parsys">
                     <text_1901 jcr:primaryType="nt:unstructured"
                                sling:resourceType="help/components/article-3/text"
                                text="&lt;p&gt;From the imports overview, click the &#xA;&lt;span class=&#34;uicontrol&#34;&gt;Create&lt;/span&gt;&#xA; button. The wizard opens.&lt;/p&gt;&#xA;"
                                textIsRich="true"/>
                  </step_par>
               </step_695_0>
               <step_696_0 jcr:primaryType="nt:unstructured" sling:resourceType="help/components/step">
                  <step_par jcr:primaryType="nt:unstructured"
                            sling:resourceType="help/components/procedure/step_parsys">
                     <text_1902 jcr:primaryType="nt:unstructured"
                                sling:resourceType="help/components/article-3/text"
                                text="&lt;p&gt;Select the type of import that you would like to carry out. The import types correspond to the available import templates.&lt;/p&gt;&#xA;"
                                textIsRich="true"/>
                  </step_par>
               </step_696_0>
               <step_697_0 jcr:primaryType="nt:unstructured" sling:resourceType="help/components/step">
                  <step_par jcr:primaryType="nt:unstructured"
                            sling:resourceType="help/components/procedure/step_parsys">
                     <text_1903 jcr:primaryType="nt:unstructured"
                                sling:resourceType="help/components/article-3/text"
                                text="&lt;p&gt;If necessary, download the sample file linked to the template to your computer to view the data types expected in the file to be imported.&lt;/p&gt;&#xA;"
                                textIsRich="true"/>
                  </step_par>
               </step_697_0>
               <step_698_0 jcr:primaryType="nt:unstructured" sling:resourceType="help/components/step">
                  <step_par jcr:primaryType="nt:unstructured"
                            sling:resourceType="help/components/procedure/step_parsys">
                     <text_1904 jcr:primaryType="nt:unstructured"
                                sling:resourceType="help/components/article-3/text"
                                text="&lt;p&gt;Download the file containing the data to import in the wizard.&lt;/p&gt;&#xA;"
                                textIsRich="true"/>
                  </step_par>
               </step_698_0>
               <step_699_0 jcr:primaryType="nt:unstructured" sling:resourceType="help/components/step">
                  <step_par jcr:primaryType="nt:unstructured"
                            sling:resourceType="help/components/procedure/step_parsys">
                     <text_1905 jcr:primaryType="nt:unstructured"
                                sling:resourceType="help/components/article-3/text"
                                text="&lt;p&gt;Start the import. The wizard closes and takes you back to the list of imports carried out with the template used.&lt;/p&gt;&#xA;"
                                textIsRich="true"/>
                  </step_par>
               </step_699_0>
               <step_700_0 jcr:primaryType="nt:unstructured" sling:resourceType="help/components/step">
                  <step_par jcr:primaryType="nt:unstructured"
                            sling:resourceType="help/components/procedure/step_parsys">
                     <text_1906 jcr:primaryType="nt:unstructured"
                                sling:resourceType="help/components/article-3/text"
                                text="&lt;p&gt;Refresh your page and select the import that you have just carried out to view the execution detail.&lt;/p&gt;&#xA;"
                                textIsRich="true"/>
                     <image_228 jcr:primaryType="nt:unstructured"
                                sling:resourceType="help/components/article-3/image"
                                jcr:title=""
                                alt=""
                                captionBottom=""
                                fileName="simplified_import1.png"
                                originalFileName="images/en/simplified_import1.png"
                                fileReference="/content/dam/help/en/campaign/standard/simplified_import1.png"
                                imageRotate="0"
                                originalHeight=""
                                originalWidth=""
                                scaleOption="toTemplate"
                                status="legacy"/>
                  </step_par>
               </step_700_0>
            </proc_par>
         </procedure_46_10>
        <text_1907 jcr:primaryType="nt:unstructured"
                    sling:resourceType="help/components/article-3/text"
                    text="&lt;p&gt;The details of the import execution are now available. Both the file that was imported, as well as the file containing the rejected data (data that was not imported), can be downloaded to your computer.&lt;/p&gt;&#xA;"
                    textIsRich="true"/>
      </main-pars>
      <hero jcr:primaryType="nt:unstructured"
            sling:resourceType="foundation/components/image"/>
      <thumbnail jcr:primaryType="nt:unstructured"
                 sling:resourceType="foundation/components/image"/>
      <publisherLogo jcr:primaryType="nt:unstructured"
                     sling:resourceType="foundation/components/image"/>
   </jcr:content>
</jcr:root>