<?xml version="1.0" encoding="UTF-8"?>
<jcr:root xmlns:nt="http://www.jcp.org/jcr/nt/1.0" xmlns:json="http://json.org/"
          xmlns:sling="http://sling.apache.org/jcr/sling/1.0"
          xmlns:cq="http://www.day.com/jcr/cq/1.0"
          xmlns:jcr="http://www.jcp.org/jcr/1.0"
          xmlns:mix="http://www.jcp.org/jcr/mix/1.0"
          jcr:primaryType="cq:Page">
   <jcr:content navTitle="Importing data" jcr:primaryType="cq:PageContent"
                sling:resourceType="help/components/pages/article-3"
                heroGradient="light"
                jcr:language="en_us"
                cq:designPath="/etc/designs/help"
                cq:template="/apps/help/templates/article-3"
                jcr:mixinTypes="[mix:versionable]"
                jcr:title="Importing data"
                jcr:description="Importing data"
                seoDescription="Learn how to import data with a workflow."
                primaryProductTag="[products:SG_CAMPAIGN/STANDARD]"
                cq:tags="[products:SG_CAMPAIGN/STANDARD,audience:automating,content_type:reference,topic_tags:workflow-general-operation]"
                primaryAudienceTag="[audience:automating]"
                contentOwner="sauviat"
                isReadyForLocalization="true"
                publishExternalDate="2019-01-09">
      <main-pars jcr:primaryType="nt:unstructured"
                 sling:resourceType="foundation/components/parsys">
        
        
            
        
        
            <header_20 jcr:primaryType="nt:unstructured" sling:resourceType="help/components/header"
                    id="collecting-data"
                    level="2"
                    text="&lt;p&gt;Collecting data&lt;/p&gt;&#xA;"
                    textIsRich="'true'"/>
            <text_204 jcr:primaryType="nt:unstructured"
                   sling:resourceType="help/components/article-3/text"
                   text="&lt;p&gt;You can collect data from a file to process it and/or to import it in the Adobe Campaign database.&lt;/p&gt;&#xA;"
                   textIsRich="true"/>
            <procedure_11 jcr:primaryType="nt:unstructured"
                       sling:resourceType="help/components/procedure"
                       isBulleted="true">
            <proc_par jcr:primaryType="nt:unstructured"
                      sling:resourceType="help/components/procedure/proc_parsys">
                <step_50_11 jcr:primaryType="nt:unstructured" sling:resourceType="help/components/step">
                  <step_par jcr:primaryType="nt:unstructured"
                            sling:resourceType="help/components/procedure/step_parsys">
                    <text_205 jcr:primaryType="nt:unstructured"
                               sling:resourceType="help/components/article-3/text"
                               text="&lt;p&gt;The &#xA;&lt;span class=&#34;uicontrol&#34;&gt;Load file&lt;/span&gt;&#xA; activity allows you to import data in one structured form to use this data in Adobe Campaign. The data is temporarily imported and another activity is necessary to definitively integrate it in the Adobe Campaign database.&lt;/p&gt;&#xA;"
                               textIsRich="true"/>
                  </step_par>
               </step_50_11>
                <step_51_11 jcr:primaryType="nt:unstructured" sling:resourceType="help/components/step">
                  <step_par jcr:primaryType="nt:unstructured"
                            sling:resourceType="help/components/procedure/step_parsys">
                    <text_206 jcr:primaryType="nt:unstructured"
                               sling:resourceType="help/components/article-3/text"
                               text="&lt;p&gt;The &#xA;&lt;span class=&#34;uicontrol&#34;&gt;Transfer file&lt;/span&gt;&#xA; activity allows you to receive or send files, test whether there are files present, or list files in Adobe Campaign.&lt;/p&gt;&#xA;"
                               textIsRich="true"/>
                    <text_207 jcr:primaryType="nt:unstructured"
                               sling:resourceType="help/components/article-3/text"
                               text="&lt;p&gt;You can use this activity before a &#xA;&lt;span class=&#34;uicontrol&#34;&gt;Load file&lt;/span&gt;&#xA; in case you need to retrieve the file from an external source.&lt;/p&gt;&#xA;"
                               textIsRich="true"/>
                  </step_par>
               </step_51_11>
            </proc_par>
         </procedure_11>
        
        
            <header_21 jcr:primaryType="nt:unstructured" sling:resourceType="help/components/header"
                    id="import-best-practices"
                    level="2"
                    text="&lt;p&gt;Import best practices&lt;/p&gt;&#xA;"
                    textIsRich="'true'"/>
            <text_208 jcr:primaryType="nt:unstructured"
                   sling:resourceType="help/components/article-3/text"
                   text="&lt;p&gt;Being cautious and following the few simple rules detailed below will help a lot in ensuring data consistency within the database and in avoiding common errors during database update or data exports.&lt;/p&gt;&#xA;"
                   textIsRich="true"/>
            
                <header_22 jcr:primaryType="nt:unstructured" sling:resourceType="help/components/header"
                    id="using-import-templates"
                    level="3"
                    text="&lt;p&gt;Using import templates&lt;/p&gt;&#xA;"
                    textIsRich="'true'"/>
                <text_209 jcr:primaryType="nt:unstructured"
                   sling:resourceType="help/components/article-3/text"
                   text="&lt;p&gt;Most import workflows should contain the following activities: &#xA;&lt;span class=&#34;uicontrol&#34;&gt;Load file&lt;/span&gt;&#xA;, &#xA;&lt;span class=&#34;uicontrol&#34;&gt;Reconciliation&lt;/span&gt;&#xA;, &#xA;&lt;span class=&#34;uicontrol&#34;&gt;Segmentation&lt;/span&gt;&#xA;, &#xA;&lt;span class=&#34;uicontrol&#34;&gt;Deduplication&lt;/span&gt;&#xA;, &#xA;&lt;span class=&#34;uicontrol&#34;&gt;Update data&lt;/span&gt;&#xA;.&lt;/p&gt;&#xA;"
                   textIsRich="true"/>
                <text_210 jcr:primaryType="nt:unstructured"
                   sling:resourceType="help/components/article-3/text"
                   text="&lt;p&gt;Using import templates makes it very convenient to prepare similar imports and ensure data consistency within the database.&lt;/p&gt;&#xA;"
                   textIsRich="true"/>
                <text_211 jcr:primaryType="nt:unstructured"
                   sling:resourceType="help/components/article-3/text"
                   text="&lt;p&gt;In many projects, imports are built without &#xA;&lt;span class=&#34;uicontrol&#34;&gt;Deduplication&lt;/span&gt;&#xA; activity because the files used in the project do not have duplicates. Duplicates sometimes appear from importing different files. De-duplication is then difficult. Therefore a deduplication step is a good precaution in all import workflows.&lt;/p&gt;&#xA;"
                   textIsRich="true"/>
                <text_212 jcr:primaryType="nt:unstructured"
                   sling:resourceType="help/components/article-3/text"
                   text="&lt;p&gt;Do not rest on assumption that the incoming data is consistent and correct, or that the IT department or Adobe Campaign supervisor will take care of it. During the project, keep the data cleansing in mind. Deduplicate, reconcile, and maintain consistency when you import data.&lt;/p&gt;&#xA;"
                   textIsRich="true"/>
                <text_213 jcr:primaryType="nt:unstructured"
                   sling:resourceType="help/components/article-3/text"
                   text="&lt;p&gt;An example of a generic workflow template designed for importing data is available in the &#xA;&#x9;&#x9;&#x9;&#x9;&#x9;&#xA;&lt;a href=&#34;/content/help/en/campaign/standard/automating/using/importing-data.html#example--import-workflow-template&#34; target=&#34;_blank&#34;&gt;Example: Import workflow template&lt;/a&gt; section.&lt;/p&gt;&#xA;"
                   textIsRich="true"/>
                <note_4 jcr:primaryType="nt:unstructured"
                 sling:resourceType="help/components/article-3/note"
                 text="&lt;p&gt;&#xA;                    You can also use &#xA;&#x9;&#x9;&#x9;&#x9;&#x9;&#x9;&#x9;&#x9;&#x9;&#x9;&#x9;&#xA;&#x9;&#x9;&#x9;&#x9;&#x9;&#x9;&#x9;&lt;a href=&#34;/content/help/en/campaign/standard/automating/using/importing-data-with-import-templates.html&#34;&gt;import templates&lt;/a&gt;. They are workflow templates defined by an administrator that, once activated, only offer the possibility to specify the file containing the data to import.&#xA;                &lt;/p&gt;&#xA;"
                 textIsRich="true"
                 type="note"/>
            
            
                <header_23 jcr:primaryType="nt:unstructured" sling:resourceType="help/components/header"
                    id="using-flat-file-formats"
                    level="3"
                    text="&lt;p&gt;Using flat file formats&lt;/p&gt;&#xA;"
                    textIsRich="'true'"/>
                <text_215 jcr:primaryType="nt:unstructured"
                   sling:resourceType="help/components/article-3/text"
                   text="&lt;p&gt;The most efficient format for imports is flat files. Flat files can be imported in bulk mode at the database level.&lt;/p&gt;&#xA;"
                   textIsRich="true"/>
                <text_216 jcr:primaryType="nt:unstructured"
                   sling:resourceType="help/components/article-3/text"
                   text="&lt;p&gt;For example:&lt;/p&gt;&#xA;"
                   textIsRich="true"/>
                <procedure_12 jcr:primaryType="nt:unstructured"
                       sling:resourceType="help/components/procedure"
                       isBulleted="true">
            <proc_par jcr:primaryType="nt:unstructured"
                      sling:resourceType="help/components/procedure/proc_parsys">
                    <step_52_12 jcr:primaryType="nt:unstructured" sling:resourceType="help/components/step">
                  <step_par jcr:primaryType="nt:unstructured"
                            sling:resourceType="help/components/procedure/step_parsys">
                        <text_217 jcr:primaryType="nt:unstructured"
                               sling:resourceType="help/components/article-3/text"
                               text="&lt;p&gt;Separator: tab or semicolon&lt;/p&gt;&#xA;"
                               textIsRich="true"/>
                    </step_par>
               </step_52_12>
                    <step_53_12 jcr:primaryType="nt:unstructured" sling:resourceType="help/components/step">
                  <step_par jcr:primaryType="nt:unstructured"
                            sling:resourceType="help/components/procedure/step_parsys">
                        <text_218 jcr:primaryType="nt:unstructured"
                               sling:resourceType="help/components/article-3/text"
                               text="&lt;p&gt;First line with headers&lt;/p&gt;&#xA;"
                               textIsRich="true"/>
                    </step_par>
               </step_53_12>
                    <step_54_12 jcr:primaryType="nt:unstructured" sling:resourceType="help/components/step">
                  <step_par jcr:primaryType="nt:unstructured"
                            sling:resourceType="help/components/procedure/step_parsys">
                        <text_219 jcr:primaryType="nt:unstructured"
                               sling:resourceType="help/components/article-3/text"
                               text="&lt;p&gt;No string delimiter&lt;/p&gt;&#xA;"
                               textIsRich="true"/>
                    </step_par>
               </step_54_12>
                    <step_55_12 jcr:primaryType="nt:unstructured" sling:resourceType="help/components/step">
                  <step_par jcr:primaryType="nt:unstructured"
                            sling:resourceType="help/components/procedure/step_parsys">
                        <text_220 jcr:primaryType="nt:unstructured"
                               sling:resourceType="help/components/article-3/text"
                               text="&lt;p&gt;Date format: YYYY/MM/DD HH:mm:SS&lt;/p&gt;&#xA;"
                               textIsRich="true"/>
                    </step_par>
               </step_55_12>
                </proc_par>
         </procedure_12>
                <text_221 jcr:primaryType="nt:unstructured"
                   sling:resourceType="help/components/article-3/text"
                   text="&lt;p&gt;Example of file to import:&lt;/p&gt;&#xA;"
                   textIsRich="true"/>
                <codelisting_sh0 jcr:primaryType="nt:unstructured"
                          sling:resourceType="help/components/codeblock"
                          codeLanguage="html"
                          gutter="true"
                          text="\lastname;firstname;birthdate;email;crmID&#xA;Smith;Hayden;23/05/1989;hayden.smith@example.com;124365&#xA;Mars;Daniel;17/11/1987;dannymars@example.com;123545&#xA;Smith;Clara;08/02/1989;hayden.smith@example.com;124567&#xA;Durance;Allison;15/12/1978;allison.durance@example.com;120987"/>
            
            
                <header_24 jcr:primaryType="nt:unstructured" sling:resourceType="help/components/header"
                    id="using-compression"
                    level="3"
                    text="&lt;p&gt;Using compression&lt;/p&gt;&#xA;"
                    textIsRich="'true'"/>
                <text_222 jcr:primaryType="nt:unstructured"
                   sling:resourceType="help/components/article-3/text"
                   text="&lt;p&gt;Use zipped files for imports and exports when possible. GZIP is supported by default. You can add pre-processing when importing files or post-processing when extracting data, respectively in the &#xA;&lt;span class=&#34;uicontrol&#34;&gt;Load file&lt;/span&gt;&#xA; and &#xA;&lt;span class=&#34;uicontrol&#34;&gt;Extract file&lt;/span&gt;&#xA; workflow activities.&lt;/p&gt;&#xA;"
                   textIsRich="true"/>
            
            
                <header_25 jcr:primaryType="nt:unstructured" sling:resourceType="help/components/header"
                    id="importing-in-delta-mode"
                    level="3"
                    text="&lt;p&gt;Importing in Delta mode&lt;/p&gt;&#xA;"
                    textIsRich="'true'"/>
                <text_223 jcr:primaryType="nt:unstructured"
                   sling:resourceType="help/components/article-3/text"
                   text="&lt;p&gt;Regular imports must be done in delta mode. It means that only modified or new data is sent to Adobe Campaign, instead of the whole table every time.&lt;/p&gt;&#xA;"
                   textIsRich="true"/>
                <text_224 jcr:primaryType="nt:unstructured"
                   sling:resourceType="help/components/article-3/text"
                   text="&lt;p&gt;Full imports should be used for initial load only.&lt;/p&gt;&#xA;"
                   textIsRich="true"/>
            
            
                <header_26 jcr:primaryType="nt:unstructured" sling:resourceType="help/components/header"
                    id="maintaining-consistency"
                    level="3"
                    text="&lt;p&gt;Maintaining consistency&lt;/p&gt;&#xA;"
                    textIsRich="'true'"/>
                <text_225 jcr:primaryType="nt:unstructured"
                   sling:resourceType="help/components/article-3/text"
                   text="&lt;p&gt;To maintain data consistency in the Adobe Campaign database, follow the principles below:&lt;/p&gt;&#xA;"
                   textIsRich="true"/>
                <procedure_13 jcr:primaryType="nt:unstructured"
                       sling:resourceType="help/components/procedure"
                       isBulleted="true">
            <proc_par jcr:primaryType="nt:unstructured"
                      sling:resourceType="help/components/procedure/proc_parsys">
                    <step_56_13 jcr:primaryType="nt:unstructured" sling:resourceType="help/components/step">
                  <step_par jcr:primaryType="nt:unstructured"
                            sling:resourceType="help/components/procedure/step_parsys">
                        <text_226 jcr:primaryType="nt:unstructured"
                               sling:resourceType="help/components/article-3/text"
                               text="&lt;p&gt;If the imported data matches a reference table in Adobe Campaign, then it should be reconciled with that table in the workflow. Records that do not match should be rejected.&lt;/p&gt;&#xA;"
                               textIsRich="true"/>
                    </step_par>
               </step_56_13>
                    <step_57_13 jcr:primaryType="nt:unstructured" sling:resourceType="help/components/step">
                  <step_par jcr:primaryType="nt:unstructured"
                            sling:resourceType="help/components/procedure/step_parsys">
                        <text_227 jcr:primaryType="nt:unstructured"
                               sling:resourceType="help/components/article-3/text"
                               text="&lt;p&gt;Ensure that the imported data is always &lt;strong&gt;&#34;normalized&#34;&lt;/strong&gt; (email, phone number, direct mail address) and that this normalization is reliable and will not change over the years. If this is not the case, some duplicates are likely to appear in the database, and as Adobe Campaign does not provide tools to do &#34;fuzzy&#34; matching, it will be very difficult to manage and remove them.&lt;/p&gt;&#xA;"
                               textIsRich="true"/>
                    </step_par>
               </step_57_13>
                    <step_58_13 jcr:primaryType="nt:unstructured" sling:resourceType="help/components/step">
                  <step_par jcr:primaryType="nt:unstructured"
                            sling:resourceType="help/components/procedure/step_parsys">
                        <text_228 jcr:primaryType="nt:unstructured"
                               sling:resourceType="help/components/article-3/text"
                               text="&lt;p&gt;Transactional data should have a reconciliation key and be reconciled with the existing data in order to avoid creating duplicates.&lt;/p&gt;&#xA;"
                               textIsRich="true"/>
                    </step_par>
               </step_58_13>
                    <step_59_13 jcr:primaryType="nt:unstructured" sling:resourceType="help/components/step">
                  <step_par jcr:primaryType="nt:unstructured"
                            sling:resourceType="help/components/procedure/step_parsys">
                        <text_229 jcr:primaryType="nt:unstructured"
                               sling:resourceType="help/components/article-3/text"
                               text="&lt;p&gt;&lt;strong&gt;Import related files in order&lt;/strong&gt;. If the import is composed of multiple files that depend on each other, the workflow should make sure that the files are imported in the correct order. When a file fails, the other files are not imported.&lt;/p&gt;&#xA;"
                               textIsRich="true"/>
                    </step_par>
               </step_59_13>
                    <step_60_13 jcr:primaryType="nt:unstructured" sling:resourceType="help/components/step">
                  <step_par jcr:primaryType="nt:unstructured"
                            sling:resourceType="help/components/procedure/step_parsys">
                        <text_230 jcr:primaryType="nt:unstructured"
                               sling:resourceType="help/components/article-3/text"
                               text="&lt;p&gt;&lt;strong&gt;Deduplicate&lt;/strong&gt;, reconcile, and maintain consistency when you import data.&lt;/p&gt;&#xA;"
                               textIsRich="true"/>
                    </step_par>
               </step_60_13>
                </proc_par>
         </procedure_13>
            
        
        
            <header_27 jcr:primaryType="nt:unstructured" sling:resourceType="help/components/header"
                    id="example--import-workflow-template"
                    level="2"
                    text="&lt;p&gt;Example: Import workflow template&lt;/p&gt;&#xA;"
                    textIsRich="'true'"/>
            <text_231 jcr:primaryType="nt:unstructured"
                   sling:resourceType="help/components/article-3/text"
                   text="&lt;p&gt;Using an import template is a best practice if you need to regularly import files with the same structure.&lt;/p&gt;&#xA;"
                   textIsRich="true"/>
            <text_232 jcr:primaryType="nt:unstructured"
                   sling:resourceType="help/components/article-3/text"
                   text="&lt;p&gt;This example shows how to pre-set a workflow that can be reused for importing profiles coming from a CRM in the Adobe Campaign database.&lt;/p&gt;&#xA;"
                   textIsRich="true"/>
            <procedure_3_10 jcr:primaryType="nt:unstructured"
                         sling:resourceType="help/components/procedure">
            <proc_par jcr:primaryType="nt:unstructured"
                      sling:resourceType="help/components/procedure/proc_parsys">
                <step_61_0 jcr:primaryType="nt:unstructured" sling:resourceType="help/components/step">
                  <step_par jcr:primaryType="nt:unstructured"
                            sling:resourceType="help/components/procedure/step_parsys">
                    <text_233 jcr:primaryType="nt:unstructured"
                               sling:resourceType="help/components/article-3/text"
                               text="&lt;p&gt;Create a new workflow template from &#xA;&lt;span class=&#34;uicontrol&#34;&gt;Resources &amp;gt; Templates &amp;gt; Workflow templates&lt;/span&gt;&#xA;.&lt;/p&gt;&#xA;"
                               textIsRich="true"/>
                  </step_par>
               </step_61_0>
                <step_62_0 jcr:primaryType="nt:unstructured" sling:resourceType="help/components/step">
                  <step_par jcr:primaryType="nt:unstructured"
                            sling:resourceType="help/components/procedure/step_parsys">
                    <text_234 jcr:primaryType="nt:unstructured"
                               sling:resourceType="help/components/article-3/text"
                               text="&lt;p&gt;Add the following activities:&lt;/p&gt;&#xA;"
                               textIsRich="true"/>
                    <procedure_14 jcr:primaryType="nt:unstructured"
                                   sling:resourceType="help/components/procedure"
                                   isBulleted="true">
                        <proc_par jcr:primaryType="nt:unstructured"
                                  sling:resourceType="help/components/procedure/proc_parsys">
                           <step_62_14 jcr:primaryType="nt:unstructured" sling:resourceType="help/components/step">
                              <step_par jcr:primaryType="nt:unstructured"
                                        sling:resourceType="help/components/procedure/step_parsys">
                                 <text_235 jcr:primaryType="nt:unstructured"
                                           sling:resourceType="help/components/article-3/text"
                                           text="&lt;p&gt;&#xA;&lt;span class=&#34;uicontrol&#34;&gt;Load file&lt;/span&gt;&#xA;: Define the expected structure of the file containing the data to import.&lt;/p&gt;&#xA;"
                                           textIsRich="true"/>
                                 <note_5 jcr:primaryType="nt:unstructured"
                                         sling:resourceType="help/components/article-3/note"
                                         text="&lt;p&gt;&#xA;                                You can only import data from a single file. If the workflow has multiple &#xA;&lt;span class=&#34;uicontrol&#34;&gt;Load file&lt;/span&gt;&#xA; activities, the same file will be used each time.&#xA;                            &lt;/p&gt;&#xA;"
                                         textIsRich="true"
                                         type="note"/>
                              </step_par>
                           </step_62_14>
                           <step_63_14 jcr:primaryType="nt:unstructured" sling:resourceType="help/components/step">
                              <step_par jcr:primaryType="nt:unstructured"
                                        sling:resourceType="help/components/procedure/step_parsys">
                                 <text_237 jcr:primaryType="nt:unstructured"
                                           sling:resourceType="help/components/article-3/text"
                                           text="&lt;p&gt;&#xA;&lt;span class=&#34;uicontrol&#34;&gt;Reconciliation&lt;/span&gt;&#xA;: Reconcile the imported data with database data.&lt;/p&gt;&#xA;"
                                           textIsRich="true"/>
                              </step_par>
                           </step_63_14>
                           <step_64_14 jcr:primaryType="nt:unstructured" sling:resourceType="help/components/step">
                              <step_par jcr:primaryType="nt:unstructured"
                                        sling:resourceType="help/components/procedure/step_parsys">
                                 <text_238 jcr:primaryType="nt:unstructured"
                                           sling:resourceType="help/components/article-3/text"
                                           text="&lt;p&gt;&#xA;&lt;span class=&#34;uicontrol&#34;&gt;Segmentation&lt;/span&gt;&#xA;: Create filters to process records differently depending on whether they could be reconciled or not.&lt;/p&gt;&#xA;"
                                           textIsRich="true"/>
                              </step_par>
                           </step_64_14>
                           <step_65_14 jcr:primaryType="nt:unstructured" sling:resourceType="help/components/step">
                              <step_par jcr:primaryType="nt:unstructured"
                                        sling:resourceType="help/components/procedure/step_parsys">
                                 <text_239 jcr:primaryType="nt:unstructured"
                                           sling:resourceType="help/components/article-3/text"
                                           text="&lt;p&gt;&#xA;&lt;span class=&#34;uicontrol&#34;&gt;Deduplication&lt;/span&gt;&#xA;: Deduplicate the data from the incoming file before it is inserted in the database.&lt;/p&gt;&#xA;"
                                           textIsRich="true"/>
                              </step_par>
                           </step_65_14>
                           <step_66_14 jcr:primaryType="nt:unstructured" sling:resourceType="help/components/step">
                              <step_par jcr:primaryType="nt:unstructured"
                                        sling:resourceType="help/components/procedure/step_parsys">
                                 <text_240 jcr:primaryType="nt:unstructured"
                                           sling:resourceType="help/components/article-3/text"
                                           text="&lt;p&gt;&#xA;&lt;span class=&#34;uicontrol&#34;&gt;Update data&lt;/span&gt;&#xA;: Update the database with the imported profiles.&lt;/p&gt;&#xA;"
                                           textIsRich="true"/>
                              </step_par>
                           </step_66_14>
                        </proc_par>
                     </procedure_14>
                    <image_6 jcr:primaryType="nt:unstructured"
                              sling:resourceType="help/components/article-3/image"
                              jcr:title=""
                              alt=""
                              captionBottom=""
                              fileName="import_template_example0.png"
                              originalFileName="images/en/import_template_example0.png"
                              fileReference="/content/dam/help/en/campaign/standard/import_template_example0.png"
                              imageRotate="0"
                              originalHeight=""
                              originalWidth=""
                              scaleOption="toTemplate"
                              status="legacy"/>
                  </step_par>
               </step_62_0>
                <step_68_0 jcr:primaryType="nt:unstructured" sling:resourceType="help/components/step">
                  <step_par jcr:primaryType="nt:unstructured"
                            sling:resourceType="help/components/procedure/step_parsys">
                    <text_241 jcr:primaryType="nt:unstructured"
                               sling:resourceType="help/components/article-3/text"
                               text="&lt;p&gt;Configure the &#xA;&lt;span class=&#34;uicontrol&#34;&gt;Load file&lt;/span&gt;&#xA; activity:&lt;/p&gt;&#xA;"
                               textIsRich="true"/>
                    <procedure_15 jcr:primaryType="nt:unstructured"
                                   sling:resourceType="help/components/procedure"
                                   isBulleted="true">
                        <proc_par jcr:primaryType="nt:unstructured"
                                  sling:resourceType="help/components/procedure/proc_parsys">
                           <step_68_15 jcr:primaryType="nt:unstructured" sling:resourceType="help/components/step">
                              <step_par jcr:primaryType="nt:unstructured"
                                        sling:resourceType="help/components/procedure/step_parsys">
                                 <text_242 jcr:primaryType="nt:unstructured"
                                           sling:resourceType="help/components/article-3/text"
                                           text="&lt;p&gt;Define the expected structure by uploading a sample file. The sample file should contain only a few lines but all the columns necessary for the import. Check and edit the file format to make sure that the type of each column is set correctly: text, date, integer, etc. For example:&lt;/p&gt;&#xA;"
                                           textIsRich="true"/>
                                 <codelisting_sh1 jcr:primaryType="nt:unstructured"
                                                  sling:resourceType="help/components/codeblock"
                                                  codeLanguage="html"
                                                  gutter="true"
                                                  text="\lastname;firstname;birthdate;email;crmID&#xA;Smith;Hayden;23/05/1989;hayden.smith@mailtest.com;123456"/>
                              </step_par>
                           </step_68_15>
                           <step_69_15 jcr:primaryType="nt:unstructured" sling:resourceType="help/components/step">
                              <step_par jcr:primaryType="nt:unstructured"
                                        sling:resourceType="help/components/procedure/step_parsys">
                                 <text_243 jcr:primaryType="nt:unstructured"
                                           sling:resourceType="help/components/article-3/text"
                                           text="&lt;p&gt;In the &#xA;&lt;span class=&#34;uicontrol&#34;&gt;File to load&lt;/span&gt;&#xA; section, select &#xA;&lt;span class=&#34;uicontrol&#34;&gt;Upload a new file from the local machine&lt;/span&gt;&#xA; and leave the field blank. Each time a new workflow is created from this template, you can specify here the file you want, as long at it corresponds to the defined structure.&lt;/p&gt;&#xA;"
                                           textIsRich="true"/>
                                 <text_244 jcr:primaryType="nt:unstructured"
                                           sling:resourceType="help/components/article-3/text"
                                           text="&lt;p&gt;You can use any of the options but you have to modify the template accordingly. For example, if you select &#xA;&lt;span class=&#34;uicontrol&#34;&gt;Use the file specified in the inbound transition&lt;/span&gt;&#xA;, you can add a &#xA;&lt;span class=&#34;uicontrol&#34;&gt;File Transfer&lt;/span&gt;&#xA; activity before to retrieve the file to import from a FTP/SFTP server.&lt;/p&gt;&#xA;"
                                           textIsRich="true"/>
                                 <text_245 jcr:primaryType="nt:unstructured"
                                           sling:resourceType="help/components/article-3/text"
                                           text="&lt;p&gt;If you want users to be able to download a file containing errors that occurred during an import, check the &#xA;&lt;span class=&#34;uicontrol&#34;&gt;Keep the rejects in a file&lt;/span&gt;&#xA; option and specify the &#xA;&lt;span class=&#34;uicontrol&#34;&gt;File name&lt;/span&gt;&#xA;.&lt;/p&gt;&#xA;"
                                           textIsRich="true"/>
                                 <image_7 jcr:primaryType="nt:unstructured"
                                          sling:resourceType="help/components/article-3/image"
                                          jcr:title=""
                                          alt=""
                                          captionBottom=""
                                          fileName="import_template_example1.png"
                                          originalFileName="images/en/import_template_example1.png"
                                          fileReference="/content/dam/help/en/campaign/standard/import_template_example1.png"
                                          imageRotate="0"
                                          originalHeight=""
                                          originalWidth=""
                                          scaleOption="toTemplate"
                                          status="legacy"/>
                              </step_par>
                           </step_69_15>
                        </proc_par>
                     </procedure_15>
                  </step_par>
               </step_68_0>
                <step_71_0 jcr:primaryType="nt:unstructured" sling:resourceType="help/components/step">
                  <step_par jcr:primaryType="nt:unstructured"
                            sling:resourceType="help/components/procedure/step_parsys">
                    <text_246 jcr:primaryType="nt:unstructured"
                               sling:resourceType="help/components/article-3/text"
                               text="&lt;p&gt;Configure the &#xA;&lt;span class=&#34;uicontrol&#34;&gt;Reconciliation&lt;/span&gt;&#xA; activity. The purpose of this activity in this context is to identify the incoming data.&lt;/p&gt;&#xA;"
                               textIsRich="true"/>
                    <procedure_16 jcr:primaryType="nt:unstructured"
                                   sling:resourceType="help/components/procedure"
                                   isBulleted="true">
                        <proc_par jcr:primaryType="nt:unstructured"
                                  sling:resourceType="help/components/procedure/proc_parsys">
                           <step_71_16 jcr:primaryType="nt:unstructured" sling:resourceType="help/components/step">
                              <step_par jcr:primaryType="nt:unstructured"
                                        sling:resourceType="help/components/procedure/step_parsys">
                                 <text_247 jcr:primaryType="nt:unstructured"
                                           sling:resourceType="help/components/article-3/text"
                                           text="&lt;p&gt;In the &#xA;&lt;span class=&#34;uicontrol&#34;&gt;Relations&lt;/span&gt;&#xA; tab, select &#xA;&lt;span class=&#34;uicontrol&#34;&gt;Create element&lt;/span&gt;&#xA; and define a link between the imported data and the recipients targeting dimension (see &#xA;&#x9;&#x9;&#x9;&#x9;&#x9;&#xA;&lt;a href=&#34;/content/help/en/campaign/standard/automating/using/query.html#targeting-dimensions-and-resources&#34; target=&#34;_blank&#34;&gt;Targeting dimensions and resources&lt;/a&gt;). In this example, the &lt;strong&gt;CRM ID&lt;/strong&gt; custom field is used to create the join condition. Use the field or combination of fields you need as long it allows to identify unique records.&lt;/p&gt;&#xA;"
                                           textIsRich="true"/>
                              </step_par>
                           </step_71_16>
                           <step_72_16 jcr:primaryType="nt:unstructured" sling:resourceType="help/components/step">
                              <step_par jcr:primaryType="nt:unstructured"
                                        sling:resourceType="help/components/procedure/step_parsys">
                                 <text_248 jcr:primaryType="nt:unstructured"
                                           sling:resourceType="help/components/article-3/text"
                                           text="&lt;p&gt;In the &#xA;&lt;span class=&#34;uicontrol&#34;&gt;Identification&lt;/span&gt;&#xA; tab, leave the &#xA;&lt;span class=&#34;uicontrol&#34;&gt;Identify the document from the working data&lt;/span&gt;&#xA; option unchecked.&lt;/p&gt;&#xA;"
                                           textIsRich="true"/>
                              </step_par>
                           </step_72_16>
                        </proc_par>
                     </procedure_16>
                    <image_8 jcr:primaryType="nt:unstructured"
                              sling:resourceType="help/components/article-3/image"
                              jcr:title=""
                              alt=""
                              captionBottom=""
                              fileName="import_template_example2.png"
                              originalFileName="images/en/import_template_example2.png"
                              fileReference="/content/dam/help/en/campaign/standard/import_template_example2.png"
                              imageRotate="0"
                              originalHeight=""
                              originalWidth=""
                              scaleOption="toTemplate"
                              status="legacy"/>
                  </step_par>
               </step_71_0>
                <step_74_0 jcr:primaryType="nt:unstructured" sling:resourceType="help/components/step">
                  <step_par jcr:primaryType="nt:unstructured"
                            sling:resourceType="help/components/procedure/step_parsys">
                    <text_249 jcr:primaryType="nt:unstructured"
                               sling:resourceType="help/components/article-3/text"
                               text="&lt;p&gt;Configure the &#xA;&lt;span class=&#34;uicontrol&#34;&gt;Segmentation&lt;/span&gt;&#xA; activity to retrieve reconciled recipients in one transition and recipients that could not be reconciled but who have enough data in a second transition.&lt;/p&gt;&#xA;"
                               textIsRich="true"/>
                    <text_250 jcr:primaryType="nt:unstructured"
                               sling:resourceType="help/components/article-3/text"
                               text="&lt;p&gt;The transition with reconciled recipients can then be used to update the database. The transition with unknown recipients can then be used to create new recipient entries in the database if a minimum set of information is available in the file.&lt;/p&gt;&#xA;"
                               textIsRich="true"/>
                    <text_251 jcr:primaryType="nt:unstructured"
                               sling:resourceType="help/components/article-3/text"
                               text="&lt;p&gt;Recipients that cannot be reconciled and do not have enough data are selected in a complement outbound transition and can be exported in a separate file or simply ignored.&lt;/p&gt;&#xA;"
                               textIsRich="true"/>
                    <procedure_17 jcr:primaryType="nt:unstructured"
                                   sling:resourceType="help/components/procedure"
                                   isBulleted="true">
                        <proc_par jcr:primaryType="nt:unstructured"
                                  sling:resourceType="help/components/procedure/proc_parsys">
                           <step_74_17 jcr:primaryType="nt:unstructured" sling:resourceType="help/components/step">
                              <step_par jcr:primaryType="nt:unstructured"
                                        sling:resourceType="help/components/procedure/step_parsys">
                                 <text_252 jcr:primaryType="nt:unstructured"
                                           sling:resourceType="help/components/article-3/text"
                                           text="&lt;p&gt;In the &#xA;&lt;span class=&#34;uicontrol&#34;&gt;General&lt;/span&gt;&#xA; tab of the activity, set the &#xA;&lt;span class=&#34;uicontrol&#34;&gt;Resource type&lt;/span&gt;&#xA; to &#xA;&lt;span class=&#34;uicontrol&#34;&gt;Temporary resource&lt;/span&gt;&#xA; and select &#xA;&lt;span class=&#34;uicontrol&#34;&gt;Reconciliation&lt;/span&gt;&#xA; as the targeted set.&lt;/p&gt;&#xA;"
                                           textIsRich="true"/>
                              </step_par>
                           </step_74_17>
                           <step_75_17 jcr:primaryType="nt:unstructured" sling:resourceType="help/components/step">
                              <step_par jcr:primaryType="nt:unstructured"
                                        sling:resourceType="help/components/procedure/step_parsys">
                                 <text_253 jcr:primaryType="nt:unstructured"
                                           sling:resourceType="help/components/article-3/text"
                                           text="&lt;p&gt;In the &#xA;&lt;span class=&#34;uicontrol&#34;&gt;Advanced options&lt;/span&gt;&#xA; tab, check the &#xA;&lt;span class=&#34;uicontrol&#34;&gt;Generate complement&lt;/span&gt;&#xA; option to be able to see if any record cannot be inserted in the database. If you need, you can then apply further processing to the complementary data: file export, list update, etc.&lt;/p&gt;&#xA;"
                                           textIsRich="true"/>
                              </step_par>
                           </step_75_17>
                           <step_76_17 jcr:primaryType="nt:unstructured" sling:resourceType="help/components/step">
                              <step_par jcr:primaryType="nt:unstructured"
                                        sling:resourceType="help/components/procedure/step_parsys">
                                 <text_254 jcr:primaryType="nt:unstructured"
                                           sling:resourceType="help/components/article-3/text"
                                           text="&lt;p&gt;In the first segment of the &#xA;&lt;span class=&#34;uicontrol&#34;&gt;Segments&lt;/span&gt;&#xA; tab, add a filtering condition on the inbound population to select only records for which the profile's CRM ID is not equal to 0. This way, data from the file that are reconciled with profiles from the database are selected in that subset.&lt;/p&gt;&#xA;"
                                           textIsRich="true"/>
                                 <image_9 jcr:primaryType="nt:unstructured"
                                          sling:resourceType="help/components/article-3/image"
                                          jcr:title=""
                                          alt=""
                                          captionBottom=""
                                          fileName="import_template_example3.png"
                                          originalFileName="images/en/import_template_example3.png"
                                          fileReference="/content/dam/help/en/campaign/standard/import_template_example3.png"
                                          imageRotate="0"
                                          originalHeight=""
                                          originalWidth=""
                                          scaleOption="toTemplate"
                                          status="legacy"/>
                              </step_par>
                           </step_76_17>
                           <step_77_17 jcr:primaryType="nt:unstructured" sling:resourceType="help/components/step">
                              <step_par jcr:primaryType="nt:unstructured"
                                        sling:resourceType="help/components/procedure/step_parsys">
                                 <text_255 jcr:primaryType="nt:unstructured"
                                           sling:resourceType="help/components/article-3/text"
                                           text="&lt;p&gt;Add a second segment that selects unreconciled records that have enough data to be inserted in the database. For example: email address, first name and last name. Records that are not reconciled have their profile's CRM ID value equal to 0.&lt;/p&gt;&#xA;"
                                           textIsRich="true"/>
                                 <image_10 jcr:primaryType="nt:unstructured"
                                           sling:resourceType="help/components/article-3/image"
                                           jcr:title=""
                                           alt=""
                                           captionBottom=""
                                           fileName="import_template_example3_2.png"
                                           originalFileName="images/en/import_template_example3_2.png"
                                           fileReference="/content/dam/help/en/campaign/standard/import_template_example3_2.png"
                                           imageRotate="0"
                                           originalHeight=""
                                           originalWidth=""
                                           scaleOption="toTemplate"
                                           status="legacy"/>
                              </step_par>
                           </step_77_17>
                           <step_78_17 jcr:primaryType="nt:unstructured" sling:resourceType="help/components/step">
                              <step_par jcr:primaryType="nt:unstructured"
                                        sling:resourceType="help/components/procedure/step_parsys">
                                 <text_256 jcr:primaryType="nt:unstructured"
                                           sling:resourceType="help/components/article-3/text"
                                           text="&lt;p&gt;All records that are not selected in the first two subsets are selected in the &#xA;&lt;span class=&#34;uicontrol&#34;&gt;Complement&lt;/span&gt;&#xA;.&lt;/p&gt;&#xA;"
                                           textIsRich="true"/>
                              </step_par>
                           </step_78_17>
                        </proc_par>
                     </procedure_17>
                  </step_par>
               </step_74_0>
                <step_80_0 jcr:primaryType="nt:unstructured" sling:resourceType="help/components/step">
                  <step_par jcr:primaryType="nt:unstructured"
                            sling:resourceType="help/components/procedure/step_parsys">
                    <text_257 jcr:primaryType="nt:unstructured"
                               sling:resourceType="help/components/article-3/text"
                               text="&lt;p&gt;Configure the &#xA;&lt;span class=&#34;uicontrol&#34;&gt;Update data&lt;/span&gt;&#xA; activity located after the first outbound transition of the &#xA;&lt;span class=&#34;uicontrol&#34;&gt;Segmentation&lt;/span&gt;&#xA; activity configured previously.&lt;/p&gt;&#xA;"
                               textIsRich="true"/>
                    <procedure_18 jcr:primaryType="nt:unstructured"
                                   sling:resourceType="help/components/procedure"
                                   isBulleted="true">
                        <proc_par jcr:primaryType="nt:unstructured"
                                  sling:resourceType="help/components/procedure/proc_parsys">
                           <step_80_18 jcr:primaryType="nt:unstructured" sling:resourceType="help/components/step">
                              <step_par jcr:primaryType="nt:unstructured"
                                        sling:resourceType="help/components/procedure/step_parsys">
                                 <text_258 jcr:primaryType="nt:unstructured"
                                           sling:resourceType="help/components/article-3/text"
                                           text="&lt;p&gt;Select &#xA;&lt;span class=&#34;uicontrol&#34;&gt;Update&lt;/span&gt;&#xA; as &#xA;&lt;span class=&#34;uicontrol&#34;&gt;Operation type&lt;/span&gt;&#xA; since the inbound transition only contains recipients already present in the database.&lt;/p&gt;&#xA;"
                                           textIsRich="true"/>
                              </step_par>
                           </step_80_18>
                           <step_81_18 jcr:primaryType="nt:unstructured" sling:resourceType="help/components/step">
                              <step_par jcr:primaryType="nt:unstructured"
                                        sling:resourceType="help/components/procedure/step_parsys">
                                 <text_259 jcr:primaryType="nt:unstructured"
                                           sling:resourceType="help/components/article-3/text"
                                           text="&lt;p&gt;In the &#xA;&lt;span class=&#34;uicontrol&#34;&gt;Identification&lt;/span&gt;&#xA; tab, select &#xA;&lt;span class=&#34;uicontrol&#34;&gt;Using reconciliation criteria&lt;/span&gt;&#xA; and define a key between the &#xA;&lt;span class=&#34;uicontrol&#34;&gt;Dimension to update&lt;/span&gt;&#xA; - Profiles in this case - and the link created in the &#xA;&lt;span class=&#34;uicontrol&#34;&gt;Reconciliation&lt;/span&gt;&#xA; activity. In this example, the &lt;strong&gt;CRM ID&lt;/strong&gt; custom field is used.&lt;/p&gt;&#xA;"
                                           textIsRich="true"/>
                                 <image_11 jcr:primaryType="nt:unstructured"
                                           sling:resourceType="help/components/article-3/image"
                                           jcr:title=""
                                           alt=""
                                           captionBottom=""
                                           fileName="import_template_example6.png"
                                           originalFileName="images/en/import_template_example6.png"
                                           fileReference="/content/dam/help/en/campaign/standard/import_template_example6.png"
                                           imageRotate="0"
                                           originalHeight=""
                                           originalWidth=""
                                           scaleOption="toTemplate"
                                           status="legacy"/>
                              </step_par>
                           </step_81_18>
                           <step_82_18 jcr:primaryType="nt:unstructured" sling:resourceType="help/components/step">
                              <step_par jcr:primaryType="nt:unstructured"
                                        sling:resourceType="help/components/procedure/step_parsys">
                                 <text_260 jcr:primaryType="nt:unstructured"
                                           sling:resourceType="help/components/article-3/text"
                                           text="&lt;p&gt;In the &#xA;&lt;span class=&#34;uicontrol&#34;&gt;Fields to update&lt;/span&gt;&#xA; tab, indicate the fields from the Profiles dimension to update with the value of the corresponding column from the file. If the names of the file columns are identical or almost identical to the names of the recipients dimension fields, you can use the magic wand button to automatically match the different fields.&lt;/p&gt;&#xA;"
                                           textIsRich="true"/>
                                 <image_12 jcr:primaryType="nt:unstructured"
                                           sling:resourceType="help/components/article-3/image"
                                           jcr:title=""
                                           alt=""
                                           captionBottom=""
                                           fileName="import_template_example6_2.png"
                                           originalFileName="images/en/import_template_example6_2.png"
                                           fileReference="/content/dam/help/en/campaign/standard/import_template_example6_2.png"
                                           imageRotate="0"
                                           originalHeight=""
                                           originalWidth=""
                                           scaleOption="toTemplate"
                                           status="legacy"/>
                                 <note_6 jcr:primaryType="nt:unstructured"
                                         sling:resourceType="help/components/article-3/note"
                                         text="&lt;p&gt;&#xA;                                If you plan on sending direct mails to these profiles, make sure to include a postal address as this information is essential to the direct mail provider. Also make sure that the &#xA;&lt;span class=&#34;uicontrol&#34;&gt;Address specified&lt;/span&gt;&#xA; box in your profiles' information is checked.&#xA;                                To update this option from a workflow, simply add an element to the fields to update, and specify &lt;strong&gt;1&lt;/strong&gt; as &#xA;&lt;span class=&#34;uicontrol&#34;&gt;Source&lt;/span&gt;&#xA; and select the &lt;strong&gt;[postalAddress/@addrDefined]&lt;/strong&gt; field as &#xA;&lt;span class=&#34;uicontrol&#34;&gt;Destination&lt;/span&gt;&#xA;.&#xA;                                For more on direct mail and the use of the &#xA;&lt;span class=&#34;uicontrol&#34;&gt;Address specified&lt;/span&gt;&#xA; option, see &#xA;&#x9;&#x9;&#x9;&#x9;&#x9;&#x9;&#x9;&#x9;&#x9;&#x9;&#x9;&#xA;&#x9;&#x9;&#x9;&#x9;&#x9;&#x9;&#x9;&lt;a href=&#34;/content/help/en/campaign/standard/channels/using/about-direct-mail.html#recommendations&#34;&gt;this document&lt;/a&gt;.&#xA;                            &lt;/p&gt;&#xA;"
                                         textIsRich="true"
                                         type="note"/>
                              </step_par>
                           </step_82_18>
                        </proc_par>
                     </procedure_18>
                  </step_par>
               </step_80_0>
                <step_84_0 jcr:primaryType="nt:unstructured" sling:resourceType="help/components/step">
                  <step_par jcr:primaryType="nt:unstructured"
                            sling:resourceType="help/components/procedure/step_parsys">
                    <text_264 jcr:primaryType="nt:unstructured"
                               sling:resourceType="help/components/article-3/text"
                               text="&lt;p&gt;Configure the &#xA;&lt;span class=&#34;uicontrol&#34;&gt;Deduplication&lt;/span&gt;&#xA; activity located after the transition containing unreconciled profiles:&lt;/p&gt;&#xA;"
                               textIsRich="true"/>
                    <procedure_19 jcr:primaryType="nt:unstructured"
                                   sling:resourceType="help/components/procedure"
                                   isBulleted="true">
                        <proc_par jcr:primaryType="nt:unstructured"
                                  sling:resourceType="help/components/procedure/proc_parsys">
                           <step_84_19 jcr:primaryType="nt:unstructured" sling:resourceType="help/components/step">
                              <step_par jcr:primaryType="nt:unstructured"
                                        sling:resourceType="help/components/procedure/step_parsys">
                                 <text_265 jcr:primaryType="nt:unstructured"
                                           sling:resourceType="help/components/article-3/text"
                                           text="&lt;p&gt;In the &#xA;&lt;span class=&#34;uicontrol&#34;&gt;Properties&lt;/span&gt;&#xA; tab, set the &#xA;&lt;span class=&#34;uicontrol&#34;&gt;Resource type&lt;/span&gt;&#xA; to the temporary resource generated from the &#xA;&lt;span class=&#34;uicontrol&#34;&gt;Reconciliation&lt;/span&gt;&#xA; activity of the workflow.&lt;/p&gt;&#xA;"
                                           textIsRich="true"/>
                                 <image_13 jcr:primaryType="nt:unstructured"
                                           sling:resourceType="help/components/article-3/image"
                                           jcr:title=""
                                           alt=""
                                           captionBottom=""
                                           fileName="import_template_example4.png"
                                           originalFileName="images/en/import_template_example4.png"
                                           fileReference="/content/dam/help/en/campaign/standard/import_template_example4.png"
                                           imageRotate="0"
                                           originalHeight=""
                                           originalWidth=""
                                           scaleOption="toTemplate"
                                           status="legacy"/>
                              </step_par>
                           </step_84_19>
                           <step_85_19 jcr:primaryType="nt:unstructured" sling:resourceType="help/components/step">
                              <step_par jcr:primaryType="nt:unstructured"
                                        sling:resourceType="help/components/procedure/step_parsys">
                                 <text_266 jcr:primaryType="nt:unstructured"
                                           sling:resourceType="help/components/article-3/text"
                                           text="&lt;p&gt;In this is example, the email field is used to find unique profiles. You can use any field you are sure is filled and part of a unique combination.&lt;/p&gt;&#xA;"
                                           textIsRich="true"/>
                              </step_par>
                           </step_85_19>
                           <step_86_19 jcr:primaryType="nt:unstructured" sling:resourceType="help/components/step">
                              <step_par jcr:primaryType="nt:unstructured"
                                        sling:resourceType="help/components/procedure/step_parsys">
                                 <text_267 jcr:primaryType="nt:unstructured"
                                           sling:resourceType="help/components/article-3/text"
                                           text="&lt;p&gt;Choose a &#xA;&lt;span class=&#34;uicontrol&#34;&gt;Deduplication method&lt;/span&gt;&#xA;. In this case, the application decides automatically which records are kept in case of duplicates.&lt;/p&gt;&#xA;"
                                           textIsRich="true"/>
                              </step_par>
                           </step_86_19>
                        </proc_par>
                     </procedure_19>
                    <image_14 jcr:primaryType="nt:unstructured"
                               sling:resourceType="help/components/article-3/image"
                               jcr:title=""
                               alt=""
                               captionBottom=""
                               fileName="import_template_example7.png"
                               originalFileName="images/en/import_template_example7.png"
                               fileReference="/content/dam/help/en/campaign/standard/import_template_example7.png"
                               imageRotate="0"
                               originalHeight=""
                               originalWidth=""
                               scaleOption="toTemplate"
                               status="legacy"/>
                  </step_par>
               </step_84_0>
                <step_88_0 jcr:primaryType="nt:unstructured" sling:resourceType="help/components/step">
                  <step_par jcr:primaryType="nt:unstructured"
                            sling:resourceType="help/components/procedure/step_parsys">
                    <text_268 jcr:primaryType="nt:unstructured"
                               sling:resourceType="help/components/article-3/text"
                               text="&lt;p&gt;Configure the &#xA;&lt;span class=&#34;uicontrol&#34;&gt;Update data&lt;/span&gt;&#xA; activity located after the &#xA;&lt;span class=&#34;uicontrol&#34;&gt;Deduplication&lt;/span&gt;&#xA; activity configured previously.&lt;/p&gt;&#xA;"
                               textIsRich="true"/>
                    <procedure_20 jcr:primaryType="nt:unstructured"
                                   sling:resourceType="help/components/procedure"
                                   isBulleted="true">
                        <proc_par jcr:primaryType="nt:unstructured"
                                  sling:resourceType="help/components/procedure/proc_parsys">
                           <step_88_20 jcr:primaryType="nt:unstructured" sling:resourceType="help/components/step">
                              <step_par jcr:primaryType="nt:unstructured"
                                        sling:resourceType="help/components/procedure/step_parsys">
                                 <text_269 jcr:primaryType="nt:unstructured"
                                           sling:resourceType="help/components/article-3/text"
                                           text="&lt;p&gt;Select &#xA;&lt;span class=&#34;uicontrol&#34;&gt;Insert only&lt;/span&gt;&#xA; as &#xA;&lt;span class=&#34;uicontrol&#34;&gt;Operation type&lt;/span&gt;&#xA; since the inbound transition only contains profiles not present in the database.&lt;/p&gt;&#xA;"
                                           textIsRich="true"/>
                              </step_par>
                           </step_88_20>
                           <step_89_20 jcr:primaryType="nt:unstructured" sling:resourceType="help/components/step">
                              <step_par jcr:primaryType="nt:unstructured"
                                        sling:resourceType="help/components/procedure/step_parsys">
                                 <text_270 jcr:primaryType="nt:unstructured"
                                           sling:resourceType="help/components/article-3/text"
                                           text="&lt;p&gt;In the &#xA;&lt;span class=&#34;uicontrol&#34;&gt;Identification&lt;/span&gt;&#xA; tab, select &#xA;&lt;span class=&#34;uicontrol&#34;&gt;Using reconciliation criteria&lt;/span&gt;&#xA; and define a key between the &#xA;&lt;span class=&#34;uicontrol&#34;&gt;Dimension to update&lt;/span&gt;&#xA; - Profiles in this case - and the link created in the &#xA;&lt;span class=&#34;uicontrol&#34;&gt;Reconciliation&lt;/span&gt;&#xA; activity. In this example, the &lt;strong&gt;CRM ID&lt;/strong&gt; custom field is used.&lt;/p&gt;&#xA;"
                                           textIsRich="true"/>
                                 <image_15 jcr:primaryType="nt:unstructured"
                                           sling:resourceType="help/components/article-3/image"
                                           jcr:title=""
                                           alt=""
                                           captionBottom=""
                                           fileName="import_template_example6.png"
                                           originalFileName="images/en/import_template_example6.png"
                                           fileReference="/content/dam/help/en/campaign/standard/import_template_example6.png"
                                           imageRotate="0"
                                           originalHeight=""
                                           originalWidth=""
                                           scaleOption="toTemplate"
                                           status="legacy"/>
                              </step_par>
                           </step_89_20>
                           <step_90_20 jcr:primaryType="nt:unstructured" sling:resourceType="help/components/step">
                              <step_par jcr:primaryType="nt:unstructured"
                                        sling:resourceType="help/components/procedure/step_parsys">
                                 <text_271 jcr:primaryType="nt:unstructured"
                                           sling:resourceType="help/components/article-3/text"
                                           text="&lt;p&gt;In the &#xA;&lt;span class=&#34;uicontrol&#34;&gt;Fields to update&lt;/span&gt;&#xA; tab, indicate the fields from the Profiles dimension to update with the value of the corresponding column from the file. If the names of the file columns are identical or almost identical to the names of the recipients dimension fields, you can use the magic wand button to automatically match the different fields.&lt;/p&gt;&#xA;"
                                           textIsRich="true"/>
                                 <image_16 jcr:primaryType="nt:unstructured"
                                           sling:resourceType="help/components/article-3/image"
                                           jcr:title=""
                                           alt=""
                                           captionBottom=""
                                           fileName="import_template_example6_2.png"
                                           originalFileName="images/en/import_template_example6_2.png"
                                           fileReference="/content/dam/help/en/campaign/standard/import_template_example6_2.png"
                                           imageRotate="0"
                                           originalHeight=""
                                           originalWidth=""
                                           scaleOption="toTemplate"
                                           status="legacy"/>
                                 <note_7 jcr:primaryType="nt:unstructured"
                                         sling:resourceType="help/components/article-3/note"
                                         text="&lt;p&gt;&#xA;                                If you plan on sending direct mails to these profiles, make sure to include a postal address as this information is essential to the direct mail provider. Also make sure that the &#xA;&lt;span class=&#34;uicontrol&#34;&gt;Address specified&lt;/span&gt;&#xA; box in your profiles' information is checked.&#xA;                                To update this option from a workflow, simply add an element to the fields to update, and specify &lt;strong&gt;1&lt;/strong&gt; as &#xA;&lt;span class=&#34;uicontrol&#34;&gt;Source&lt;/span&gt;&#xA; and select the &lt;strong&gt;[postalAddress/@addrDefined]&lt;/strong&gt; field as &#xA;&lt;span class=&#34;uicontrol&#34;&gt;Destination&lt;/span&gt;&#xA;.&#xA;                                For more on direct mail and the use of the &#xA;&lt;span class=&#34;uicontrol&#34;&gt;Address specified&lt;/span&gt;&#xA; option, see &#xA;&#x9;&#x9;&#x9;&#x9;&#x9;&#x9;&#x9;&#x9;&#x9;&#x9;&#x9;&#xA;&#x9;&#x9;&#x9;&#x9;&#x9;&#x9;&#x9;&lt;a href=&#34;/content/help/en/campaign/standard/channels/using/about-direct-mail.html#recommendations&#34;&gt;this document&lt;/a&gt;.&#xA;                            &lt;/p&gt;&#xA;"
                                         textIsRich="true"
                                         type="note"/>
                              </step_par>
                           </step_90_20>
                        </proc_par>
                     </procedure_20>
                  </step_par>
               </step_88_0>
                <step_92_0 jcr:primaryType="nt:unstructured" sling:resourceType="help/components/step">
                  <step_par jcr:primaryType="nt:unstructured"
                            sling:resourceType="help/components/procedure/step_parsys">
                    <text_275 jcr:primaryType="nt:unstructured"
                               sling:resourceType="help/components/article-3/text"
                               text="&lt;p&gt;After the third transition of the &#xA;&lt;span class=&#34;uicontrol&#34;&gt;Segmentation&lt;/span&gt;&#xA; activity, add a &#xA;&lt;span class=&#34;uicontrol&#34;&gt;Extract file&lt;/span&gt;&#xA; activity and a &#xA;&lt;span class=&#34;uicontrol&#34;&gt;File transfer&lt;/span&gt;&#xA; activity if you want to keep track of data not inserted in the database. Configure those activities to export the column you need and to transfer the file on a FTP or SFTP server where you can retrieve it.&lt;/p&gt;&#xA;"
                               textIsRich="true"/>
                  </step_par>
               </step_92_0>
                <step_93_0 jcr:primaryType="nt:unstructured" sling:resourceType="help/components/step">
                  <step_par jcr:primaryType="nt:unstructured"
                            sling:resourceType="help/components/procedure/step_parsys">
                    <text_276 jcr:primaryType="nt:unstructured"
                               sling:resourceType="help/components/article-3/text"
                               text="&lt;p&gt;Add an &#xA;&lt;span class=&#34;uicontrol&#34;&gt;End&lt;/span&gt;&#xA; activity and save the workflow template.&lt;/p&gt;&#xA;"
                               textIsRich="true"/>
                  </step_par>
               </step_93_0>
            </proc_par>
         </procedure_3_10>
            <text_277 jcr:primaryType="nt:unstructured"
                   sling:resourceType="help/components/article-3/text"
                   text="&lt;p&gt;The template can now be used and is available for every new workflow. All is needed is then to specify the file containing the data to import in the &#xA;&lt;span class=&#34;uicontrol&#34;&gt;Load file&lt;/span&gt;&#xA; activity.&lt;/p&gt;&#xA;"
                   textIsRich="true"/>
            <image_17 jcr:primaryType="nt:unstructured"
                   sling:resourceType="help/components/article-3/image"
                   jcr:title=""
                   alt=""
                   captionBottom=""
                   fileName="import_template_example9.png"
                   originalFileName="images/en/import_template_example9.png"
                   fileReference="/content/dam/help/en/campaign/standard/import_template_example9.png"
                   imageRotate="0"
                   originalHeight=""
                   originalWidth=""
                   scaleOption="toTemplate"
                   status="legacy"/>
        
      </main-pars>
      <hero jcr:primaryType="nt:unstructured"
            sling:resourceType="foundation/components/image"/>
      <thumbnail jcr:primaryType="nt:unstructured"
                 sling:resourceType="foundation/components/image"/>
      <publisherLogo jcr:primaryType="nt:unstructured"
                     sling:resourceType="foundation/components/image"/>
   </jcr:content>
</jcr:root>