<?xml version="1.0" encoding="UTF-8"?>
<jcr:root xmlns:nt="http://www.jcp.org/jcr/nt/1.0" xmlns:json="http://json.org/"
          xmlns:sling="http://sling.apache.org/jcr/sling/1.0"
          xmlns:cq="http://www.day.com/jcr/cq/1.0"
          xmlns:jcr="http://www.jcp.org/jcr/1.0"
          xmlns:mix="http://www.jcp.org/jcr/mix/1.0"
          jcr:primaryType="cq:Page">
   <jcr:content navTitle="Incremental query" jcr:primaryType="cq:PageContent"
                sling:resourceType="help/components/pages/article-3"
                heroGradient="light"
                jcr:language="en_us"
                cq:designPath="/etc/designs/help"
                cq:template="/apps/help/templates/article-3"
                jcr:mixinTypes="[mix:versionable]"
                jcr:title="Incremental query"
                jcr:description="Incremental query"
                seoDescription="The Incremental query activity allows you to filter and extract a population of elements from the Adobe Campaign database."
                primaryProductTag="[products:SG_CAMPAIGN/STANDARD]"
                cq:tags="[products:SG_CAMPAIGN/STANDARD,audience:automating,content_type:reference,topic_tags:targeting-activities]"
                primaryAudienceTag="[audience:automating]"
                contentOwner="sauviat"
                isReadyForLocalization="true"
                publishExternalDate="2019-01-09">
      <main-pars jcr:primaryType="nt:unstructured"
                 sling:resourceType="foundation/components/parsys">
        
        
        
            
        
        
            <header_67 jcr:primaryType="nt:unstructured" sling:resourceType="help/components/header"
                    id="description"
                    level="2"
                    text="&lt;p&gt;Description&lt;/p&gt;&#xA;"
                    textIsRich="'true'"/>
            <image_66 jcr:primaryType="nt:unstructured"
                   sling:resourceType="help/components/article-3/image"
                   jcr:title=""
                   alt=""
                   captionBottom=""
                   fileName="incremental.png"
                   originalFileName="images/en/incremental.png"
                   fileReference="/content/dam/help/en/campaign/standard/incremental.png"
                   imageRotate="0"
                   originalHeight=""
                   originalWidth=""
                   scaleOption="toTemplate"
                   status="legacy"/>
            <text_520 jcr:primaryType="nt:unstructured"
                   sling:resourceType="help/components/article-3/text"
                   text="&lt;p&gt;The &#xA;&lt;span class=&#34;uicontrol&#34;&gt;Incremental query&lt;/span&gt;&#xA; activity allows you to filter and extract a population of elements from the Adobe Campaign database. Each time this activity is executed, the results from the previous executions are excluded. This allows you to target only new elements.&lt;/p&gt;&#xA;"
                   textIsRich="true"/>
            <text_521 jcr:primaryType="nt:unstructured"
                   sling:resourceType="help/components/article-3/text"
                   text="&lt;p&gt;You can define &#xA;&lt;span class=&#34;uicontrol&#34;&gt;Additional data&lt;/span&gt;&#xA; for the targeted population via a dedicated tab. This data is stored in additional columns and can only be used for the workflow in progress.&lt;/p&gt;&#xA;"
                   textIsRich="true"/>
            <text_522 jcr:primaryType="nt:unstructured"
                   sling:resourceType="help/components/article-3/text"
                   text="&lt;p&gt;The activity uses the query editor tool. This tool is detailed in a &#xA;&#x9;&#x9;&#x9;&#x9;&#x9;&#x9;&#x9;&#x9;&#x9;&#x9;&#x9;&#xA;&#x9;&#x9;&#x9;&#x9;&#x9;&#x9;&#x9;&lt;a href=&#34;/content/help/en/campaign/standard/automating/using/editing-queries.html#about-query-editor&#34;&gt;dedicated section&lt;/a&gt;.&lt;/p&gt;&#xA;"
                   textIsRich="true"/>
        
        
            <header_68 jcr:primaryType="nt:unstructured" sling:resourceType="help/components/header"
                    id="context-of-use"
                    level="2"
                    text="&lt;p&gt;Context of use&lt;/p&gt;&#xA;"
                    textIsRich="'true'"/>
            <text_523 jcr:primaryType="nt:unstructured"
                   sling:resourceType="help/components/article-3/text"
                   text="&lt;p&gt;An &#xA;&lt;span class=&#34;uicontrol&#34;&gt;Incremental query&lt;/span&gt;&#xA; has to be linked to a &#xA;&lt;span class=&#34;uicontrol&#34;&gt;Scheduler&lt;/span&gt;&#xA; in order to define the execution frequency of the workflow, and therefore the query.&lt;/p&gt;&#xA;"
                   textIsRich="true"/>
            <text_524 jcr:primaryType="nt:unstructured"
                   sling:resourceType="help/components/article-3/text"
                   text="&lt;p&gt;The &#xA;&lt;span class=&#34;uicontrol&#34;&gt;Processed data&lt;/span&gt;&#xA; tab, which is specific to this activity, allows you to view any results of the activity's previous executions, if required.&lt;/p&gt;&#xA;"
                   textIsRich="true"/>
            <text_525 jcr:primaryType="nt:unstructured"
                   sling:resourceType="help/components/article-3/text"
                   text="&lt;p&gt;The &#xA;&lt;span class=&#34;uicontrol&#34;&gt;Incremental query&lt;/span&gt;&#xA; activity can be used for various types of uses:&lt;/p&gt;&#xA;"
                   textIsRich="true"/>
            <procedure_40 jcr:primaryType="nt:unstructured"
                       sling:resourceType="help/components/procedure"
                       isBulleted="true">
            <proc_par jcr:primaryType="nt:unstructured"
                      sling:resourceType="help/components/procedure/proc_parsys">
                <step_182_40 jcr:primaryType="nt:unstructured" sling:resourceType="help/components/step">
                  <step_par jcr:primaryType="nt:unstructured"
                            sling:resourceType="help/components/procedure/step_parsys">
                    <text_526 jcr:primaryType="nt:unstructured"
                               sling:resourceType="help/components/article-3/text"
                               text="&lt;p&gt;Segmenting individuals to define the target of a message, audience, etc.&lt;/p&gt;&#xA;"
                               textIsRich="true"/>
                  </step_par>
               </step_182_40>
                <step_183_40 jcr:primaryType="nt:unstructured" sling:resourceType="help/components/step">
                  <step_par jcr:primaryType="nt:unstructured"
                            sling:resourceType="help/components/procedure/step_parsys">
                    <text_527 jcr:primaryType="nt:unstructured"
                               sling:resourceType="help/components/article-3/text"
                               text="&lt;p&gt;Exporting data.&lt;/p&gt;&#xA;"
                               textIsRich="true"/>
                  </step_par>
               </step_183_40>
            </proc_par>
         </procedure_40>
        
        
            <header_69 jcr:primaryType="nt:unstructured" sling:resourceType="help/components/header"
                    id="configuration"
                    level="2"
                    text="&lt;p&gt;Configuration&lt;/p&gt;&#xA;"
                    textIsRich="'true'"/>
            <procedure_14_10 jcr:primaryType="nt:unstructured"
                          sling:resourceType="help/components/procedure">
            <proc_par jcr:primaryType="nt:unstructured"
                      sling:resourceType="help/components/procedure/proc_parsys">
                <step_184_0 jcr:primaryType="nt:unstructured" sling:resourceType="help/components/step">
                  <step_par jcr:primaryType="nt:unstructured"
                            sling:resourceType="help/components/procedure/step_parsys">
                    <text_528 jcr:primaryType="nt:unstructured"
                               sling:resourceType="help/components/article-3/text"
                               text="&lt;p&gt;Drag and drop an &#xA;&lt;span class=&#34;uicontrol&#34;&gt;Incremental query&lt;/span&gt;&#xA; activity into your workflow.&lt;/p&gt;&#xA;"
                               textIsRich="true"/>
                  </step_par>
               </step_184_0>
                <step_185_0 jcr:primaryType="nt:unstructured" sling:resourceType="help/components/step">
                  <step_par jcr:primaryType="nt:unstructured"
                            sling:resourceType="help/components/procedure/step_parsys">
                    <text_529 jcr:primaryType="nt:unstructured"
                               sling:resourceType="help/components/article-3/text"
                               text="&lt;p&gt;Select the activity, then open it using the &#xA;&#x9;&lt;img height=&#34;21px&#34; src=&#34;/content/dam/help/en/campaign/standard/edit_darkgrey-24px.png&#34; /&gt;&#xA;&#x9;&#xA; button from the quick actions that appear.&lt;/p&gt;&#xA;"
                               textIsRich="true"/>
                  </step_par>
               </step_185_0>
                <step_186_0 jcr:primaryType="nt:unstructured" sling:resourceType="help/components/step">
                  <step_par jcr:primaryType="nt:unstructured"
                            sling:resourceType="help/components/procedure/step_parsys">
                    <text_530 jcr:primaryType="nt:unstructured"
                               sling:resourceType="help/components/article-3/text"
                               text="&lt;p&gt;If you would like to run a query on a resource other than the profile resource, go to the activity's &#xA;&lt;span class=&#34;uicontrol&#34;&gt;Properties&lt;/span&gt;&#xA; tab and select a &#xA;&lt;span class=&#34;uicontrol&#34;&gt;Resource&lt;/span&gt;&#xA; and a &#xA;&lt;span class=&#34;uicontrol&#34;&gt;Targeting dimension&lt;/span&gt;&#xA;.&lt;/p&gt;&#xA;"
                               textIsRich="true"/>
                    <text_531 jcr:primaryType="nt:unstructured"
                               sling:resourceType="help/components/article-3/text"
                               text="&lt;p&gt;The &#xA;&lt;span class=&#34;uicontrol&#34;&gt;Resource&lt;/span&gt;&#xA; allows you to refine the filters displayed in the palette whereas the &#xA;&lt;span class=&#34;uicontrol&#34;&gt;Targeting dimension&lt;/span&gt;&#xA;, contextual with regard to the resource selected, corresponds to the type of population that you would like to obtain (identified profiles, deliveries, data linked to the selected resource, etc.).&lt;/p&gt;&#xA;"
                               textIsRich="true"/>
                  </step_par>
               </step_186_0>
                <step_187_0 jcr:primaryType="nt:unstructured" sling:resourceType="help/components/step">
                  <step_par jcr:primaryType="nt:unstructured"
                            sling:resourceType="help/components/procedure/step_parsys">
                    <text_532 jcr:primaryType="nt:unstructured"
                               sling:resourceType="help/components/article-3/text"
                               text="&lt;p&gt;In the &#xA;&lt;span class=&#34;uicontrol&#34;&gt;Target&lt;/span&gt;&#xA; tab, run your query by defining and combining rules.&lt;/p&gt;&#xA;"
                               textIsRich="true"/>
                  </step_par>
               </step_187_0>
                <step_188_0 jcr:primaryType="nt:unstructured" sling:resourceType="help/components/step">
                  <step_par jcr:primaryType="nt:unstructured"
                            sling:resourceType="help/components/procedure/step_parsys">
                    <text_533 jcr:primaryType="nt:unstructured"
                               sling:resourceType="help/components/article-3/text"
                               text="&lt;p&gt;In the &#xA;&lt;span class=&#34;uicontrol&#34;&gt;Processed data&lt;/span&gt;&#xA; tab, choose the incremental mode you want to use for the next executions of the workflow:&lt;/p&gt;&#xA;"
                               textIsRich="true"/>
                    <procedure_41 jcr:primaryType="nt:unstructured"
                                   sling:resourceType="help/components/procedure"
                                   isBulleted="true">
                        <proc_par jcr:primaryType="nt:unstructured"
                                  sling:resourceType="help/components/procedure/proc_parsys">
                           <step_188_41 jcr:primaryType="nt:unstructured" sling:resourceType="help/components/step">
                              <step_par jcr:primaryType="nt:unstructured"
                                        sling:resourceType="help/components/procedure/step_parsys">
                                 <text_534 jcr:primaryType="nt:unstructured"
                                           sling:resourceType="help/components/article-3/text"
                                           text="&lt;p&gt;&#xA;&lt;span class=&#34;uicontrol&#34;&gt;Use the exclusion of the results of previous executions&lt;/span&gt;&#xA;: the results of previous executions for each new execution are excluded.&lt;/p&gt;&#xA;"
                                           textIsRich="true"/>
                              </step_par>
                           </step_188_41>
                           <step_189_41 jcr:primaryType="nt:unstructured" sling:resourceType="help/components/step">
                              <step_par jcr:primaryType="nt:unstructured"
                                        sling:resourceType="help/components/procedure/step_parsys">
                                 <text_535 jcr:primaryType="nt:unstructured"
                                           sling:resourceType="help/components/article-3/text"
                                           text="&lt;p&gt;&#xA;&lt;span class=&#34;uicontrol&#34;&gt;Use a date field&lt;/span&gt;&#xA;: the next executions only take into account the results having the selected date field greater or equal to the last execution date of the &#xA;&lt;span class=&#34;uicontrol&#34;&gt;Incremental query&lt;/span&gt;&#xA; activity. You can select any date field pertaining to the resource selected in the &#xA;&lt;span class=&#34;uicontrol&#34;&gt;Properties&lt;/span&gt;&#xA; tab. This mode has better performance when querying large resources such as log data.&lt;/p&gt;&#xA;"
                                           textIsRich="true"/>
                                 <text_536 jcr:primaryType="nt:unstructured"
                                           sling:resourceType="help/components/article-3/text"
                                           text="&lt;p&gt;After the first execution of the workflow, you can see in this tab the last execution date that will be used for the next execution. It is automatically updated every time the workflow is executed. You still have the possibility to override this value by manually entering a new one so that it fits your needs.&lt;/p&gt;&#xA;"
                                           textIsRich="true"/>
                              </step_par>
                           </step_189_41>
                        </proc_par>
                     </procedure_41>
                    <note_20 jcr:primaryType="nt:unstructured"
                              sling:resourceType="help/components/article-3/note"
                              text="&lt;p&gt;&#xA;                        The &#xA;&lt;span class=&#34;uicontrol&#34;&gt;Use a date field&lt;/span&gt;&#xA; mode allows more flexibility depending on the date field that is selected. For example, if the selected field corresponds to a modification date, the date field mode will allow you to retrieve data that were recently updated, while the other mode will simply exclude recordings that were already targeted in a previous execution, even if they have been modified since the last execution of the workflow.&#xA;                    &lt;/p&gt;&#xA;"
                              textIsRich="true"
                              type="note"/>
                    <image_67 jcr:primaryType="nt:unstructured"
                               sling:resourceType="help/components/article-3/image"
                               jcr:title=""
                               alt=""
                               captionBottom=""
                               fileName="incremental_query_usedatefield.png"
                               originalFileName="images/en/incremental_query_usedatefield.png"
                               fileReference="/content/dam/help/en/campaign/standard/incremental_query_usedatefield.png"
                               imageRotate="0"
                               originalHeight=""
                               originalWidth=""
                               scaleOption="toTemplate"
                               status="legacy"/>
                  </step_par>
               </step_188_0>
                <step_191_0 jcr:primaryType="nt:unstructured" sling:resourceType="help/components/step">
                  <step_par jcr:primaryType="nt:unstructured"
                            sling:resourceType="help/components/procedure/step_parsys">
                    <text_538 jcr:primaryType="nt:unstructured"
                               sling:resourceType="help/components/article-3/text"
                               text="&lt;p&gt;You can define &#xA;&lt;span class=&#34;uicontrol&#34;&gt;Additional data&lt;/span&gt;&#xA; for the targeted population via a dedicated tab. This data is stored in additional columns and can only be used for the workflow in progress. In particular, you can add data from the Adobe Campaign database tables linked to the query's targeting dimension. Consult the &#xA;&#x9;&#x9;&#x9;&#x9;&#x9;&#xA;&lt;a href=&#34;/content/help/en/campaign/standard/automating/using/query.html#enriching-data&#34; target=&#34;_blank&#34;&gt;Enriching data&lt;/a&gt; section.&lt;/p&gt;&#xA;"
                               textIsRich="true"/>
                  </step_par>
               </step_191_0>
                <step_192_0 jcr:primaryType="nt:unstructured" sling:resourceType="help/components/step">
                  <step_par jcr:primaryType="nt:unstructured"
                            sling:resourceType="help/components/procedure/step_parsys">
                    <text_539 jcr:primaryType="nt:unstructured"
                               sling:resourceType="help/components/article-3/text"
                               text="&lt;p&gt;Confirm the configuration of your activity and save your workflow.&lt;/p&gt;&#xA;"
                               textIsRich="true"/>
                  </step_par>
               </step_192_0>
            </proc_par>
         </procedure_14_10>
        
        
            <header_70 jcr:primaryType="nt:unstructured" sling:resourceType="help/components/header"
                    id="enriching-data"
                    level="2"
                    text="&lt;p&gt;Enriching data&lt;/p&gt;&#xA;"
                    textIsRich="'true'"/>
            <text_540 jcr:primaryType="nt:unstructured"
                   sling:resourceType="help/components/article-3/text"
                   text="&lt;p&gt;Just as for a query, you can enrich the data from an &#xA;&lt;span class=&#34;uicontrol&#34;&gt;Incremental query&lt;/span&gt;&#xA;. Consult the &#xA;&#x9;&#x9;&#x9;&#x9;&#x9;&#xA;&lt;a href=&#34;/content/help/en/campaign/standard/automating/using/query.html#enriching-data&#34; target=&#34;_blank&#34;&gt;Enriching data&lt;/a&gt; section.&lt;/p&gt;&#xA;"
                   textIsRich="true"/>
        
        
            <header_71 jcr:primaryType="nt:unstructured" sling:resourceType="help/components/header"
                    id="example--incremental-query-on-subscribers-to-a-service"
                    level="2"
                    text="&lt;p&gt;Example: incremental query on subscribers to a service&lt;/p&gt;&#xA;"
                    textIsRich="'true'"/>
            <text_541 jcr:primaryType="nt:unstructured"
                   sling:resourceType="help/components/article-3/text"
                   text="&lt;p&gt;The following example shows the configuration of an &#xA;&lt;span class=&#34;uicontrol&#34;&gt;Incremental query&lt;/span&gt;&#xA; activity which filters the profiles in the Adobe Campaign database that are subscribed to the &lt;strong&gt;Running Newsletter&lt;/strong&gt; service, to send them a welcome email containing a promo code.&lt;/p&gt;&#xA;"
                   textIsRich="true"/>
            <text_542 jcr:primaryType="nt:unstructured"
                   sling:resourceType="help/components/article-3/text"
                   text="&lt;p&gt;The workflow is up made up of the following elements:&lt;/p&gt;&#xA;"
                   textIsRich="true"/>
            <image_68 jcr:primaryType="nt:unstructured"
                   sling:resourceType="help/components/article-3/image"
                   jcr:title=""
                   alt=""
                   captionBottom=""
                   fileName="incremental_query_example1.png"
                   originalFileName="images/en/incremental_query_example1.png"
                   fileReference="/content/dam/help/en/campaign/standard/incremental_query_example1.png"
                   imageRotate="0"
                   originalHeight=""
                   originalWidth=""
                   scaleOption="toTemplate"
                   status="legacy"/>
            <procedure_42 jcr:primaryType="nt:unstructured"
                       sling:resourceType="help/components/procedure"
                       isBulleted="true">
            <proc_par jcr:primaryType="nt:unstructured"
                      sling:resourceType="help/components/procedure/proc_parsys">
                <step_193_42 jcr:primaryType="nt:unstructured" sling:resourceType="help/components/step">
                  <step_par jcr:primaryType="nt:unstructured"
                            sling:resourceType="help/components/procedure/step_parsys">
                    <text_543 jcr:primaryType="nt:unstructured"
                               sling:resourceType="help/components/article-3/text"
                               text="&lt;p&gt;A &#xA;&lt;span class=&#34;uicontrol&#34;&gt;Scheduler&lt;/span&gt;&#xA; activity, to execute the workflow every Monday at 6 am.&lt;/p&gt;&#xA;"
                               textIsRich="true"/>
                    <image_69 jcr:primaryType="nt:unstructured"
                               sling:resourceType="help/components/article-3/image"
                               jcr:title=""
                               alt=""
                               captionBottom=""
                               fileName="incremental_query_example2.png"
                               originalFileName="images/en/incremental_query_example2.png"
                               fileReference="/content/dam/help/en/campaign/standard/incremental_query_example2.png"
                               imageRotate="0"
                               originalHeight=""
                               originalWidth=""
                               scaleOption="toTemplate"
                               status="legacy"/>
                  </step_par>
               </step_193_42>
                <step_194_42 jcr:primaryType="nt:unstructured" sling:resourceType="help/components/step">
                  <step_par jcr:primaryType="nt:unstructured"
                            sling:resourceType="help/components/procedure/step_parsys">
                    <text_544 jcr:primaryType="nt:unstructured"
                               sling:resourceType="help/components/article-3/text"
                               text="&lt;p&gt;An &#xA;&lt;span class=&#34;uicontrol&#34;&gt;Incremental query&lt;/span&gt;&#xA; activity, which targets all of the current subscribers during the first execution, then only the new subscribers of that week during the following executions.&lt;/p&gt;&#xA;"
                               textIsRich="true"/>
                    <image_70 jcr:primaryType="nt:unstructured"
                               sling:resourceType="help/components/article-3/image"
                               jcr:title=""
                               alt=""
                               captionBottom=""
                               fileName="incremental_query_example3.png"
                               originalFileName="images/en/incremental_query_example3.png"
                               fileReference="/content/dam/help/en/campaign/standard/incremental_query_example3.png"
                               imageRotate="0"
                               originalHeight=""
                               originalWidth=""
                               scaleOption="toTemplate"
                               status="legacy"/>
                  </step_par>
               </step_194_42>
                <step_195_42 jcr:primaryType="nt:unstructured" sling:resourceType="help/components/step">
                  <step_par jcr:primaryType="nt:unstructured"
                            sling:resourceType="help/components/procedure/step_parsys">
                    <text_545 jcr:primaryType="nt:unstructured"
                               sling:resourceType="help/components/article-3/text"
                               text="&lt;p&gt;An &#xA;&lt;span class=&#34;uicontrol&#34;&gt;Email delivery&lt;/span&gt;&#xA; activity. The workflow is executed once a week, but you can aggregate the emails sent and the results per month, for example to generate reports over a period of an entire month and not just a single week.&lt;/p&gt;&#xA;"
                               textIsRich="true"/>
                    <text_546 jcr:primaryType="nt:unstructured"
                               sling:resourceType="help/components/article-3/text"
                               text="&lt;p&gt;To do this, choose to create a &#xA;&lt;span class=&#34;uicontrol&#34;&gt;Recurring email&lt;/span&gt;&#xA; here regrouping the emails and the results &#xA;&lt;span class=&#34;uicontrol&#34;&gt;By month&lt;/span&gt;&#xA;.&lt;/p&gt;&#xA;"
                               textIsRich="true"/>
                    <text_547 jcr:primaryType="nt:unstructured"
                               sling:resourceType="help/components/article-3/text"
                               text="&lt;p&gt;Define the content of your email and insert the welcome promo code.&lt;/p&gt;&#xA;"
                               textIsRich="true"/>
                    <text_548 jcr:primaryType="nt:unstructured"
                               sling:resourceType="help/components/article-3/text"
                               text="&lt;p&gt;For more on this, refer to the &#xA;&#x9;&#x9;&#x9;&#x9;&#x9;&#xA;&lt;a href=&#34;/content/help/en/campaign/standard/automating/using/email-delivery.html&#34; target=&#34;_blank&#34;&gt;Email delivery&lt;/a&gt; and &#xA;&#x9;&#x9;&#x9;&#x9;&#x9;&#x9;&#x9;&#x9;&#x9;&#x9;&#x9;&#xA;&#x9;&#x9;&#x9;&#x9;&#x9;&#x9;&#x9;&lt;a href=&#34;/content/help/en/campaign/standard/designing/using/about-personalization.html&#34;&gt;Defining email content&lt;/a&gt; sections.&lt;/p&gt;&#xA;"
                               textIsRich="true"/>
                  </step_par>
               </step_195_42>
            </proc_par>
         </procedure_42>
            <text_549 jcr:primaryType="nt:unstructured"
                   sling:resourceType="help/components/article-3/text"
                   text="&lt;p&gt;Then start the workflow execution. Each week the new subscribers will receive the welcome email with the promo code.&lt;/p&gt;&#xA;"
                   textIsRich="true"/>
        
        
            <header_72 jcr:primaryType="nt:unstructured" sling:resourceType="help/components/header"
                    id="example--incremental-query-on-delivery-logs"
                    level="2"
                    text="&lt;p&gt;Example: incremental query on delivery logs&lt;/p&gt;&#xA;"
                    textIsRich="'true'"/>
            <text_550 jcr:primaryType="nt:unstructured"
                   sling:resourceType="help/components/article-3/text"
                   text="&lt;p&gt;You can use an &#xA;&lt;span class=&#34;uicontrol&#34;&gt;Incremental query&lt;/span&gt;&#xA; activity to regularly export new logs in files. It can be useful for example if you want to use your log data in external reporting or BI tools. &lt;/p&gt;&#xA;"
                   textIsRich="true"/>
            <text_551 jcr:primaryType="nt:unstructured"
                   sling:resourceType="help/components/article-3/text"
                   text="&lt;p&gt;A complete example is available in the &#xA;&#x9;&#x9;&#x9;&#x9;&#x9;&#x9;&#x9;&#x9;&#x9;&#x9;&#x9;&#xA;&#x9;&#x9;&#x9;&#x9;&#x9;&#x9;&#x9;&lt;a href=&#34;/content/help/en/campaign/standard/automating/using/exporting-logs.html&#34;&gt;Exporting logs&lt;/a&gt; section.&lt;/p&gt;&#xA;"
                   textIsRich="true"/>
        
      </main-pars>
      <hero jcr:primaryType="nt:unstructured"
            sling:resourceType="foundation/components/image"/>
      <thumbnail jcr:primaryType="nt:unstructured"
                 sling:resourceType="foundation/components/image"/>
      <publisherLogo jcr:primaryType="nt:unstructured"
                     sling:resourceType="foundation/components/image"/>
   </jcr:content>
</jcr:root>