<?xml version="1.0" encoding="UTF-8"?>
<jcr:root xmlns:nt="http://www.jcp.org/jcr/nt/1.0" xmlns:json="http://json.org/"
          xmlns:sling="http://sling.apache.org/jcr/sling/1.0"
          xmlns:cq="http://www.day.com/jcr/cq/1.0"
          xmlns:jcr="http://www.jcp.org/jcr/1.0"
          xmlns:mix="http://www.jcp.org/jcr/mix/1.0"
          jcr:primaryType="cq:Page">
   <jcr:content navTitle="Intersection" jcr:primaryType="cq:PageContent"
                sling:resourceType="help/components/pages/article-3"
                heroGradient="light"
                jcr:language="en_us"
                cq:designPath="/etc/designs/help"
                cq:template="/apps/help/templates/article-3"
                jcr:mixinTypes="[mix:versionable]"
                jcr:title="Intersection"
                jcr:description="Intersection"
                seoDescription="The Intersection activity allows you to keep only the elements common to the different inbound populations in the activity."
                primaryProductTag="[products:SG_CAMPAIGN/STANDARD]"
                cq:tags="[products:SG_CAMPAIGN/STANDARD,audience:automating,content_type:reference,topic_tags:targeting-activities]"
                primaryAudienceTag="[audience:automating]"
                contentOwner="sauviat"
                isReadyForLocalization="true"
                publishExternalDate="2019-01-09">
      <main-pars jcr:primaryType="nt:unstructured"
                 sling:resourceType="foundation/components/parsys">
        
        
        
            
        
        
            <header_79 jcr:primaryType="nt:unstructured" sling:resourceType="help/components/header"
                    id="description"
                    level="2"
                    text="&lt;p&gt;Description&lt;/p&gt;&#xA;"
                    textIsRich="'true'"/>
            <image_73 jcr:primaryType="nt:unstructured"
                   sling:resourceType="help/components/article-3/image"
                   jcr:title=""
                   alt=""
                   captionBottom=""
                   fileName="intersection.png"
                   originalFileName="images/en/intersection.png"
                   fileReference="/content/dam/help/en/campaign/standard/intersection.png"
                   imageRotate="0"
                   originalHeight=""
                   originalWidth=""
                   scaleOption="toTemplate"
                   status="legacy"/>
            <text_569 jcr:primaryType="nt:unstructured"
                   sling:resourceType="help/components/article-3/text"
                   text="&lt;p&gt;The &#xA;&lt;span class=&#34;uicontrol&#34;&gt;Intersection&lt;/span&gt;&#xA; activity allows you to keep only the elements common to the different inbound populations in the activity.&lt;/p&gt;&#xA;"
                   textIsRich="true"/>
        
        
            <header_80 jcr:primaryType="nt:unstructured" sling:resourceType="help/components/header"
                    id="context-of-use"
                    level="2"
                    text="&lt;p&gt;Context of use&lt;/p&gt;&#xA;"
                    textIsRich="'true'"/>
            <text_570 jcr:primaryType="nt:unstructured"
                   sling:resourceType="help/components/article-3/text"
                   text="&lt;p&gt;The &#xA;&lt;span class=&#34;uicontrol&#34;&gt;Intersection&lt;/span&gt;&#xA; activity is generally used to carry out additional filtering on populations from inbound transitions.&lt;/p&gt;&#xA;"
                   textIsRich="true"/>
        
        
            <header_81 jcr:primaryType="nt:unstructured" sling:resourceType="help/components/header"
                    id="configuration"
                    level="2"
                    text="&lt;p&gt;Configuration&lt;/p&gt;&#xA;"
                    textIsRich="'true'"/>
            <procedure_16_10 jcr:primaryType="nt:unstructured"
                          sling:resourceType="help/components/procedure">
            <proc_par jcr:primaryType="nt:unstructured"
                      sling:resourceType="help/components/procedure/proc_parsys">
                <step_207_0 jcr:primaryType="nt:unstructured" sling:resourceType="help/components/step">
                  <step_par jcr:primaryType="nt:unstructured"
                            sling:resourceType="help/components/procedure/step_parsys">
                    <text_571 jcr:primaryType="nt:unstructured"
                               sling:resourceType="help/components/article-3/text"
                               text="&lt;p&gt;Drag and drop an &#xA;&lt;span class=&#34;uicontrol&#34;&gt;Intersection&lt;/span&gt;&#xA; activity into your workflow.&lt;/p&gt;&#xA;"
                               textIsRich="true"/>
                  </step_par>
               </step_207_0>
                <step_208_0 jcr:primaryType="nt:unstructured" sling:resourceType="help/components/step">
                  <step_par jcr:primaryType="nt:unstructured"
                            sling:resourceType="help/components/procedure/step_parsys">
                    <text_572 jcr:primaryType="nt:unstructured"
                               sling:resourceType="help/components/article-3/text"
                               text="&lt;p&gt;Connect it to the other activities that come before it, such as queries.&lt;/p&gt;&#xA;"
                               textIsRich="true"/>
                  </step_par>
               </step_208_0>
                <step_209_0 jcr:primaryType="nt:unstructured" sling:resourceType="help/components/step">
                  <step_par jcr:primaryType="nt:unstructured"
                            sling:resourceType="help/components/procedure/step_parsys">
                    <text_573 jcr:primaryType="nt:unstructured"
                               sling:resourceType="help/components/article-3/text"
                               text="&lt;p&gt;Select the activity, then open it using the &#xA;&#x9;&lt;img height=&#34;21px&#34; src=&#34;/content/dam/help/en/campaign/standard/edit_darkgrey-24px.png&#34; /&gt;&#xA;&#x9;&#xA; button from the quick actions that appear.&lt;/p&gt;&#xA;"
                               textIsRich="true"/>
                  </step_par>
               </step_209_0>
                <step_210_0 jcr:primaryType="nt:unstructured" sling:resourceType="help/components/step">
                  <step_par jcr:primaryType="nt:unstructured"
                            sling:resourceType="help/components/procedure/step_parsys">
                    <text_574 jcr:primaryType="nt:unstructured"
                               sling:resourceType="help/components/article-3/text"
                               text="&lt;p&gt;Select the &#xA;&lt;span class=&#34;uicontrol&#34;&gt;Reconciliation type&lt;/span&gt;&#xA;:&lt;/p&gt;&#xA;"
                               textIsRich="true"/>
                    <procedure_44 jcr:primaryType="nt:unstructured"
                                   sling:resourceType="help/components/procedure"
                                   isBulleted="true">
                        <proc_par jcr:primaryType="nt:unstructured"
                                  sling:resourceType="help/components/procedure/proc_parsys">
                           <step_210_44 jcr:primaryType="nt:unstructured" sling:resourceType="help/components/step">
                              <step_par jcr:primaryType="nt:unstructured"
                                        sling:resourceType="help/components/procedure/step_parsys">
                                 <text_575 jcr:primaryType="nt:unstructured"
                                           sling:resourceType="help/components/article-3/text"
                                           text="&lt;p&gt;&#xA;&lt;span class=&#34;uicontrol&#34;&gt;Keys only&lt;/span&gt;&#xA;: Default mode. The activity only keeps one element when elements from the different inbound transitions have the same key.&lt;/p&gt;&#xA;"
                                           textIsRich="true"/>
                              </step_par>
                           </step_210_44>
                           <step_211_44 jcr:primaryType="nt:unstructured" sling:resourceType="help/components/step">
                              <step_par jcr:primaryType="nt:unstructured"
                                        sling:resourceType="help/components/procedure/step_parsys">
                                 <text_576 jcr:primaryType="nt:unstructured"
                                           sling:resourceType="help/components/article-3/text"
                                           text="&lt;p&gt;&#xA;&lt;span class=&#34;uicontrol&#34;&gt;All shared columns&lt;/span&gt;&#xA;: The data is reconciled on the basis of columns in common with the inbound transitions. Therefore, you have to select the primary set that will serve as a basis for comparison. This option can be used if the inbound population targeting dimensions are different.&lt;/p&gt;&#xA;"
                                           textIsRich="true"/>
                              </step_par>
                           </step_211_44>
                           <step_212_44 jcr:primaryType="nt:unstructured" sling:resourceType="help/components/step">
                              <step_par jcr:primaryType="nt:unstructured"
                                        sling:resourceType="help/components/procedure/step_parsys">
                                 <text_577 jcr:primaryType="nt:unstructured"
                                           sling:resourceType="help/components/article-3/text"
                                           text="&lt;p&gt;&#xA;&lt;span class=&#34;uicontrol&#34;&gt;A selection of columns&lt;/span&gt;&#xA;: Select this option to define the list of columns on which the data reconciliation will be applied. You must first select the primary set (the one which contains the source data), then specify the fields to use for the join.&lt;/p&gt;&#xA;"
                                           textIsRich="true"/>
                              </step_par>
                           </step_212_44>
                        </proc_par>
                     </procedure_44>
                  </step_par>
               </step_210_0>
                <step_214_0 jcr:primaryType="nt:unstructured" sling:resourceType="help/components/step">
                  <step_par jcr:primaryType="nt:unstructured"
                            sling:resourceType="help/components/procedure/step_parsys">
                    <text_578 jcr:primaryType="nt:unstructured"
                               sling:resourceType="help/components/article-3/text"
                               text="&lt;p&gt;Check the &#xA;&lt;span class=&#34;uicontrol&#34;&gt;Use common additional data only&lt;/span&gt;&#xA; box if you would like to keep only the additional data that is in all inbound transitions.&lt;/p&gt;&#xA;"
                               textIsRich="true"/>
                  </step_par>
               </step_214_0>
                <step_215_0 jcr:primaryType="nt:unstructured" sling:resourceType="help/components/step">
                  <step_par jcr:primaryType="nt:unstructured"
                            sling:resourceType="help/components/procedure/step_parsys">
                    <text_579 jcr:primaryType="nt:unstructured"
                               sling:resourceType="help/components/article-3/text"
                               text="&lt;p&gt;If needed, manage the activity's &#xA;&#x9;&#x9;&#x9;&#x9;&#x9;&#x9;&#x9;&#x9;&#x9;&#x9;&#x9;&#xA;&#x9;&#x9;&#x9;&#x9;&#x9;&#x9;&#x9;&lt;a href=&#34;/content/help/en/campaign/standard/automating/using/executing-a-workflow.html#managing-an-activity-s-outbound-transitions&#34;&gt;Transitions&lt;/a&gt; to access the advanced options for the outbound population.&lt;/p&gt;&#xA;"
                               textIsRich="true"/>
                  </step_par>
               </step_215_0>
                <step_216_0 jcr:primaryType="nt:unstructured" sling:resourceType="help/components/step">
                  <step_par jcr:primaryType="nt:unstructured"
                            sling:resourceType="help/components/procedure/step_parsys">
                    <text_580 jcr:primaryType="nt:unstructured"
                               sling:resourceType="help/components/article-3/text"
                               text="&lt;p&gt;Confirm the configuration of your activity and save your workflow.&lt;/p&gt;&#xA;"
                               textIsRich="true"/>
                  </step_par>
               </step_216_0>
            </proc_par>
         </procedure_16_10>
        
        
            <header_82 jcr:primaryType="nt:unstructured" sling:resourceType="help/components/header"
                    id="example"
                    level="2"
                    text="&lt;p&gt;Example&lt;/p&gt;&#xA;"
                    textIsRich="'true'"/>
            <text_581 jcr:primaryType="nt:unstructured"
                   sling:resourceType="help/components/article-3/text"
                   text="&lt;p&gt;The following example shows the intersection between two query activities. It is being used here to look into the Adobe Campaign database and retrieve profiles who are between 18 to 27 years old and profiles whose email address has been provided respectively.&lt;/p&gt;&#xA;"
                   textIsRich="true"/>
            <image_74 jcr:primaryType="nt:unstructured"
                   sling:resourceType="help/components/article-3/image"
                   jcr:title=""
                   alt=""
                   captionBottom=""
                   fileName="wkf_intersection_example.png"
                   originalFileName="images/en/wkf_intersection_example.png"
                   fileReference="/content/dam/help/en/campaign/standard/wkf_intersection_example.png"
                   imageRotate="0"
                   originalHeight=""
                   originalWidth=""
                   scaleOption="toTemplate"
                   status="legacy"/>
        
      </main-pars>
      <hero jcr:primaryType="nt:unstructured"
            sling:resourceType="foundation/components/image"/>
      <thumbnail jcr:primaryType="nt:unstructured"
                 sling:resourceType="foundation/components/image"/>
      <publisherLogo jcr:primaryType="nt:unstructured"
                     sling:resourceType="foundation/components/image"/>
   </jcr:content>
</jcr:root>