<?xml version="1.0" encoding="UTF-8"?>
<jcr:root xmlns:nt="http://www.jcp.org/jcr/nt/1.0" xmlns:json="http://json.org/"
          xmlns:sling="http://sling.apache.org/jcr/sling/1.0"
          xmlns:cq="http://www.day.com/jcr/cq/1.0"
          xmlns:jcr="http://www.jcp.org/jcr/1.0"
          xmlns:mix="http://www.jcp.org/jcr/mix/1.0"
          jcr:primaryType="cq:Page">
   <jcr:content navTitle="Read audience" jcr:primaryType="cq:PageContent"
                sling:resourceType="help/components/pages/article-3"
                heroGradient="light"
                jcr:language="en_us"
                cq:designPath="/etc/designs/help"
                cq:template="/apps/help/templates/article-3"
                jcr:mixinTypes="[mix:versionable]"
                jcr:title="Read audience"
                jcr:description="Read audience"
                seoDescription="The Read audience activity allows you to retrieve an existing audience and to refine it by applying additional filtering conditions."
                primaryProductTag="[products:SG_CAMPAIGN/STANDARD]"
                cq:tags="[products:SG_CAMPAIGN/STANDARD,audience:automating,content_type:reference,topic_tags:targeting-activities]"
                primaryAudienceTag="[audience:automating]"
                contentOwner="sauviat"
                isReadyForLocalization="true"
                publishExternalDate="2019-01-09">
      <main-pars jcr:primaryType="nt:unstructured"
                 sling:resourceType="foundation/components/parsys">
        
        
        
            
        
        
            <header_94 jcr:primaryType="nt:unstructured" sling:resourceType="help/components/header"
                    id="description"
                    level="2"
                    text="&lt;p&gt;Description&lt;/p&gt;&#xA;"
                    textIsRich="'true'"/>
            <image_84 jcr:primaryType="nt:unstructured"
                   sling:resourceType="help/components/article-3/image"
                   jcr:title=""
                   alt=""
                   captionBottom=""
                   fileName="prefill.png"
                   originalFileName="images/en/prefill.png"
                   fileReference="/content/dam/help/en/campaign/standard/prefill.png"
                   imageRotate="0"
                   originalHeight=""
                   originalWidth=""
                   scaleOption="toTemplate"
                   status="legacy"/>
            <text_642 jcr:primaryType="nt:unstructured"
                   sling:resourceType="help/components/article-3/text"
                   text="&lt;p&gt;The &#xA;&lt;span class=&#34;uicontrol&#34;&gt;Read audience&lt;/span&gt;&#xA; activity allows you to retrieve an existing audience and to refine it by applying additional filtering conditions.&lt;/p&gt;&#xA;"
                   textIsRich="true"/>
        
        
            <header_95 jcr:primaryType="nt:unstructured" sling:resourceType="help/components/header"
                    id="context-of-use"
                    level="2"
                    text="&lt;p&gt;Context of use&lt;/p&gt;&#xA;"
                    textIsRich="'true'"/>
            <text_643 jcr:primaryType="nt:unstructured"
                   sling:resourceType="help/components/article-3/text"
                   text="&lt;p&gt;The &#xA;&lt;span class=&#34;uicontrol&#34;&gt;Read audience&lt;/span&gt;&#xA; activity is a simpler version of the &#xA;&lt;span class=&#34;uicontrol&#34;&gt;Query&lt;/span&gt;&#xA; activity designed for cases where you only need to select an existing audience.&lt;/p&gt;&#xA;"
                   textIsRich="true"/>
        
        
            <header_96 jcr:primaryType="nt:unstructured" sling:resourceType="help/components/header"
                    id="configuration"
                    level="2"
                    text="&lt;p&gt;Configuration&lt;/p&gt;&#xA;"
                    textIsRich="'true'"/>
            <procedure_19_10 jcr:primaryType="nt:unstructured"
                          sling:resourceType="help/components/procedure">
            <proc_par jcr:primaryType="nt:unstructured"
                      sling:resourceType="help/components/procedure/proc_parsys">
                <step_259_0 jcr:primaryType="nt:unstructured" sling:resourceType="help/components/step">
                  <step_par jcr:primaryType="nt:unstructured"
                            sling:resourceType="help/components/procedure/step_parsys">
                    <text_644 jcr:primaryType="nt:unstructured"
                               sling:resourceType="help/components/article-3/text"
                               text="&lt;p&gt;Drop a &#xA;&lt;span class=&#34;uicontrol&#34;&gt;Read audience&lt;/span&gt;&#xA; activity into your workflow.&lt;/p&gt;&#xA;"
                               textIsRich="true"/>
                  </step_par>
               </step_259_0>
                <step_260_0 jcr:primaryType="nt:unstructured" sling:resourceType="help/components/step">
                  <step_par jcr:primaryType="nt:unstructured"
                            sling:resourceType="help/components/procedure/step_parsys">
                    <text_645 jcr:primaryType="nt:unstructured"
                               sling:resourceType="help/components/article-3/text"
                               text="&lt;p&gt;Select the activity, then open it using the &#xA;&#x9;&lt;img height=&#34;21px&#34; src=&#34;/content/dam/help/en/campaign/standard/edit_darkgrey-24px.png&#34; /&gt;&#xA;&#x9;&#xA; button from the quick actions that appear.&lt;/p&gt;&#xA;"
                               textIsRich="true"/>
                  </step_par>
               </step_260_0>
                <step_261_0 jcr:primaryType="nt:unstructured" sling:resourceType="help/components/step">
                  <step_par jcr:primaryType="nt:unstructured"
                            sling:resourceType="help/components/procedure/step_parsys">
                    <text_646 jcr:primaryType="nt:unstructured"
                               sling:resourceType="help/components/article-3/text"
                               text="&lt;p&gt;Select the audience you want to retrieve from the &#xA;&lt;span class=&#34;uicontrol&#34;&gt;Properties&lt;/span&gt;&#xA; tab.&lt;/p&gt;&#xA;"
                               textIsRich="true"/>
                    <text_647 jcr:primaryType="nt:unstructured"
                               sling:resourceType="help/components/article-3/text"
                               text="&lt;p&gt;You can retrieve audiences of the following types: &#xA;&lt;span class=&#34;uicontrol&#34;&gt;List&lt;/span&gt;&#xA;, &#xA;&lt;span class=&#34;uicontrol&#34;&gt;Query&lt;/span&gt;&#xA;, &#xA;&lt;span class=&#34;uicontrol&#34;&gt;File&lt;/span&gt;&#xA; and &#xA;&lt;span class=&#34;uicontrol&#34;&gt;Experience Cloud&lt;/span&gt;&#xA;. For more information on audience types, refer to the &#xA;&#x9;&#x9;&#x9;&#x9;&#x9;&#x9;&#x9;&#x9;&#x9;&#x9;&#x9;&#xA;&#x9;&#x9;&#x9;&#x9;&#x9;&#x9;&#x9;&lt;a href=&#34;/content/help/en/campaign/standard/audiences/using/about-audiences.html&#34;&gt;Audiences&lt;/a&gt; documentation.&lt;/p&gt;&#xA;"
                               textIsRich="true"/>
                    <image_85 jcr:primaryType="nt:unstructured"
                               sling:resourceType="help/components/article-3/image"
                               jcr:title=""
                               alt=""
                               captionBottom=""
                               fileName="readaudience_activity1.png"
                               originalFileName="images/en/readaudience_activity1.png"
                               fileReference="/content/dam/help/en/campaign/standard/readaudience_activity1.png"
                               imageRotate="0"
                               originalHeight=""
                               originalWidth=""
                               scaleOption="toTemplate"
                               status="legacy"/>
                  </step_par>
               </step_261_0>
                <step_262_0 jcr:primaryType="nt:unstructured" sling:resourceType="help/components/step">
                  <step_par jcr:primaryType="nt:unstructured"
                            sling:resourceType="help/components/procedure/step_parsys">
                    <text_648 jcr:primaryType="nt:unstructured"
                               sling:resourceType="help/components/article-3/text"
                               text="&lt;p&gt;If you want to apply additional filtering to the selected audience, add conditions via the &#xA;&lt;span class=&#34;uicontrol&#34;&gt;Source filtering&lt;/span&gt;&#xA; tab of the activity.&lt;/p&gt;&#xA;"
                               textIsRich="true"/>
                    <text_649 jcr:primaryType="nt:unstructured"
                               sling:resourceType="help/components/article-3/text"
                               text="&lt;p&gt;For more information about creating filtering conditions, refer to the &#xA;&#x9;&#x9;&#x9;&#x9;&#x9;&#x9;&#x9;&#x9;&#x9;&#x9;&#x9;&#xA;&#x9;&#x9;&#x9;&#x9;&#x9;&#x9;&#x9;&lt;a href=&#34;/content/help/en/campaign/standard/automating/using/editing-queries.html#creating-queries&#34;&gt;Creating queries&lt;/a&gt; documentation.&lt;/p&gt;&#xA;"
                               textIsRich="true"/>
                  </step_par>
               </step_262_0>
                <step_263_0 jcr:primaryType="nt:unstructured" sling:resourceType="help/components/step">
                  <step_par jcr:primaryType="nt:unstructured"
                            sling:resourceType="help/components/procedure/step_parsys">
                    <text_650 jcr:primaryType="nt:unstructured"
                               sling:resourceType="help/components/article-3/text"
                               text="&lt;p&gt;Confirm the configuration of your activity and save your workflow.&lt;/p&gt;&#xA;"
                               textIsRich="true"/>
                  </step_par>
               </step_263_0>
            </proc_par>
         </procedure_19_10>
        
        
            <header_97 jcr:primaryType="nt:unstructured" sling:resourceType="help/components/header"
                    id="example--reconcile-a-file-audience-with-the-database"
                    level="2"
                    text="&lt;p&gt;Example: Reconcile a File audience with the database&lt;/p&gt;&#xA;"
                    textIsRich="'true'"/>
            <text_651 jcr:primaryType="nt:unstructured"
                   sling:resourceType="help/components/article-3/text"
                   text="&lt;p&gt;This example shows how to use the &#xA;&lt;span class=&#34;uicontrol&#34;&gt;Read audience&lt;/span&gt;&#xA; activity to reconcile an audience directly created from a file import.&lt;/p&gt;&#xA;"
                   textIsRich="true"/>
            <text_652 jcr:primaryType="nt:unstructured"
                   sling:resourceType="help/components/article-3/text"
                   text="&lt;p&gt;When performing a file import, you can directly save its content in an audience. This audience is a File audience and its data is not linked to any database resources.&lt;/p&gt;&#xA;"
                   textIsRich="true"/>
            <text_653 jcr:primaryType="nt:unstructured"
                   sling:resourceType="help/components/article-3/text"
                   text="&lt;p&gt;The import workflow is designed as follows:&lt;/p&gt;&#xA;"
                   textIsRich="true"/>
            <image_86 jcr:primaryType="nt:unstructured"
                   sling:resourceType="help/components/article-3/image"
                   jcr:title=""
                   alt=""
                   captionBottom=""
                   fileName="readaudience_activity_example3.png"
                   originalFileName="images/en/readaudience_activity_example3.png"
                   fileReference="/content/dam/help/en/campaign/standard/readaudience_activity_example3.png"
                   imageRotate="0"
                   originalHeight=""
                   originalWidth=""
                   scaleOption="toTemplate"
                   status="legacy"/>
            <procedure_53 jcr:primaryType="nt:unstructured"
                       sling:resourceType="help/components/procedure"
                       isBulleted="true">
            <proc_par jcr:primaryType="nt:unstructured"
                      sling:resourceType="help/components/procedure/proc_parsys">
                <step_264_53 jcr:primaryType="nt:unstructured" sling:resourceType="help/components/step">
                  <step_par jcr:primaryType="nt:unstructured"
                            sling:resourceType="help/components/procedure/step_parsys">
                    <text_654 jcr:primaryType="nt:unstructured"
                               sling:resourceType="help/components/article-3/text"
                               text="&lt;p&gt;A &#xA;&#x9;&#x9;&#x9;&#x9;&#x9;&#x9;&#x9;&#x9;&#x9;&#x9;&#x9;&#xA;&#x9;&#x9;&#x9;&#x9;&#x9;&#x9;&#x9;&lt;a href=&#34;/content/help/en/campaign/standard/automating/using/load-file.html&#34;&gt;Load file&lt;/a&gt; activity uploads a file containing profiles data that were extracted from an external tool.&lt;/p&gt;&#xA;"
                               textIsRich="true"/>
                    <text_655 jcr:primaryType="nt:unstructured"
                               sling:resourceType="help/components/article-3/text"
                               text="&lt;p&gt;For example:&lt;/p&gt;&#xA;"
                               textIsRich="true"/>
                    <codelisting_sh2 jcr:primaryType="nt:unstructured"
                                      sling:resourceType="help/components/codeblock"
                                      codeLanguage="html"
                                      gutter="true"
                                      text="\lastname;firstname;birthdate;email;crmID&#xA;Smith;Hayden;23/05/1989;hayden.smith@example.com;124365&#xA;Mars;Daniel;17/11/1987;dannymars@example.com;123545&#xA;Smith;Clara;08/02/1989;hayden.smith@example.com;124567&#xA;Durance;Allison;15/12/1978;allison.durance@example.com;120987&#xA;Lucassen;Jody;28/03/1988;jody.lucassen@example.com;127634&#xA;Binder;Tom;19/01/1982;tombinder@example.com;128653&#xA;Binder;Tommy;19/01/1915;tombinder@example.com;134576&#xA;Connor;Jade;10/10/1979;connor.jade@example.com;132452&#xA;Mack;Clarke;02/03/1985;clarke.mack@example.com;149876&#xA;Ross;Timothy;04/07/1986;timross@example.com;157643"/>
                  </step_par>
               </step_264_53>
                <step_265_53 jcr:primaryType="nt:unstructured" sling:resourceType="help/components/step">
                  <step_par jcr:primaryType="nt:unstructured"
                            sling:resourceType="help/components/procedure/step_parsys">
                    <text_656 jcr:primaryType="nt:unstructured"
                               sling:resourceType="help/components/article-3/text"
                               text="&lt;p&gt;A &#xA;&#x9;&#x9;&#x9;&#x9;&#x9;&#x9;&#x9;&#x9;&#x9;&#x9;&#x9;&#xA;&#x9;&#x9;&#x9;&#x9;&#x9;&#x9;&#x9;&lt;a href=&#34;/content/help/en/campaign/standard/automating/using/save-audience.html&#34;&gt;Save audience&lt;/a&gt; activity saves the incoming data as an audience. As the data has not been reconciled yet, the audience is a File audience and its data is not recognized as profile data yet.&lt;/p&gt;&#xA;"
                               textIsRich="true"/>
                  </step_par>
               </step_265_53>
            </proc_par>
         </procedure_53>
            <text_657 jcr:primaryType="nt:unstructured"
                   sling:resourceType="help/components/article-3/text"
                   text="&lt;p&gt;The reconciliation workflow is designed as follows:&lt;/p&gt;&#xA;"
                   textIsRich="true"/>
            <image_87 jcr:primaryType="nt:unstructured"
                   sling:resourceType="help/components/article-3/image"
                   jcr:title=""
                   alt=""
                   captionBottom=""
                   fileName="readaudience_activity_example2.png"
                   originalFileName="images/en/readaudience_activity_example2.png"
                   fileReference="/content/dam/help/en/campaign/standard/readaudience_activity_example2.png"
                   imageRotate="0"
                   originalHeight=""
                   originalWidth=""
                   scaleOption="toTemplate"
                   status="legacy"/>
            <procedure_54 jcr:primaryType="nt:unstructured"
                       sling:resourceType="help/components/procedure"
                       isBulleted="true">
            <proc_par jcr:primaryType="nt:unstructured"
                      sling:resourceType="help/components/procedure/proc_parsys">
                <step_266_54 jcr:primaryType="nt:unstructured" sling:resourceType="help/components/step">
                  <step_par jcr:primaryType="nt:unstructured"
                            sling:resourceType="help/components/procedure/step_parsys">
                    <text_658 jcr:primaryType="nt:unstructured"
                               sling:resourceType="help/components/article-3/text"
                               text="&lt;p&gt;A &#xA;&lt;span class=&#34;uicontrol&#34;&gt;Read audience&lt;/span&gt;&#xA; activity uploads the File audience created in the import workflow. The audience data is not yet reconciled with the Adobe Campaign database.&lt;/p&gt;&#xA;"
                               textIsRich="true"/>
                  </step_par>
               </step_266_54>
                <step_267_54 jcr:primaryType="nt:unstructured" sling:resourceType="help/components/step">
                  <step_par jcr:primaryType="nt:unstructured"
                            sling:resourceType="help/components/procedure/step_parsys">
                    <text_659 jcr:primaryType="nt:unstructured"
                               sling:resourceType="help/components/article-3/text"
                               text="&lt;p&gt;A &#xA;&#x9;&#x9;&#x9;&#x9;&#x9;&#x9;&#x9;&#x9;&#x9;&#x9;&#x9;&#xA;&#x9;&#x9;&#x9;&#x9;&#x9;&#x9;&#x9;&lt;a href=&#34;/content/help/en/campaign/standard/automating/using/reconciliation.html&#34;&gt;Reconciliation&lt;/a&gt; activity identifies the incoming data as profiles through its &#xA;&lt;span class=&#34;uicontrol&#34;&gt;Identification&lt;/span&gt;&#xA; tab. For example by using the &lt;strong&gt;email&lt;/strong&gt; field as reconciliation criteria.&lt;/p&gt;&#xA;"
                               textIsRich="true"/>
                  </step_par>
               </step_267_54>
                <step_268_54 jcr:primaryType="nt:unstructured" sling:resourceType="help/components/step">
                  <step_par jcr:primaryType="nt:unstructured"
                            sling:resourceType="help/components/procedure/step_parsys">
                    <text_660 jcr:primaryType="nt:unstructured"
                               sling:resourceType="help/components/article-3/text"
                               text="&lt;p&gt;An &#xA;&#x9;&#x9;&#x9;&#x9;&#x9;&#x9;&#x9;&#x9;&#x9;&#x9;&#x9;&#xA;&#x9;&#x9;&#x9;&#x9;&#x9;&#x9;&#x9;&lt;a href=&#34;/content/help/en/campaign/standard/automating/using/update-data.html&#34;&gt;Update data&lt;/a&gt; activity inserts and updates the profiles resource of the database with the incoming data. As the data is already identified as profiles, you can select the &#xA;&lt;span class=&#34;uicontrol&#34;&gt;Directly using the targeting dimension&lt;/span&gt;&#xA; option and select &#xA;&lt;span class=&#34;uicontrol&#34;&gt;Profiles&lt;/span&gt;&#xA; in the &#xA;&lt;span class=&#34;uicontrol&#34;&gt;Identification&lt;/span&gt;&#xA; tab of the activity. Then, you simply have to add the list of fields that need to be updated in the according tab.&lt;/p&gt;&#xA;"
                               textIsRich="true"/>
                  </step_par>
               </step_268_54>
            </proc_par>
         </procedure_54>
        
        
            <header_98 jcr:primaryType="nt:unstructured" sling:resourceType="help/components/header"
                    id="example--union-on-two-refined-audiences"
                    level="2"
                    text="&lt;p&gt;Example: Union on two refined audiences&lt;/p&gt;&#xA;"
                    textIsRich="'true'"/>
            <text_661 jcr:primaryType="nt:unstructured"
                   sling:resourceType="help/components/article-3/text"
                   text="&lt;p&gt;The workflow defined in this example shows the union of two &#xA;&lt;span class=&#34;uicontrol&#34;&gt;Read audience&lt;/span&gt;&#xA; activities. The goal of this workflow is to send an email to Gold or Silver members that are between 18 and 30 years old.&lt;/p&gt;&#xA;"
                   textIsRich="true"/>
            <text_662 jcr:primaryType="nt:unstructured"
                   sling:resourceType="help/components/article-3/text"
                   text="&lt;p&gt;Specific audiences are already created in the system to keep track of Gold and Silver members.&lt;/p&gt;&#xA;"
                   textIsRich="true"/>
            <text_663 jcr:primaryType="nt:unstructured"
                   sling:resourceType="help/components/article-3/text"
                   text="&lt;p&gt;The workflow is designed as follows:&lt;/p&gt;&#xA;"
                   textIsRich="true"/>
            <image_88 jcr:primaryType="nt:unstructured"
                   sling:resourceType="help/components/article-3/image"
                   jcr:title=""
                   alt=""
                   captionBottom=""
                   fileName="readaudience_activity_example1.png"
                   originalFileName="images/en/readaudience_activity_example1.png"
                   fileReference="/content/dam/help/en/campaign/standard/readaudience_activity_example1.png"
                   imageRotate="0"
                   originalHeight=""
                   originalWidth=""
                   scaleOption="toTemplate"
                   status="legacy"/>
            <procedure_55 jcr:primaryType="nt:unstructured"
                       sling:resourceType="help/components/procedure"
                       isBulleted="true">
            <proc_par jcr:primaryType="nt:unstructured"
                      sling:resourceType="help/components/procedure/proc_parsys">
                <step_269_55 jcr:primaryType="nt:unstructured" sling:resourceType="help/components/step">
                  <step_par jcr:primaryType="nt:unstructured"
                            sling:resourceType="help/components/procedure/step_parsys">
                    <text_664 jcr:primaryType="nt:unstructured"
                               sling:resourceType="help/components/article-3/text"
                               text="&lt;p&gt;A first &#xA;&lt;span class=&#34;uicontrol&#34;&gt;Read audience&lt;/span&gt;&#xA; activity that retrieves the Gold members audience and refines it by selecting only profiles that are between 18 and 30 years old.&lt;/p&gt;&#xA;"
                               textIsRich="true"/>
                  </step_par>
               </step_269_55>
                <step_270_55 jcr:primaryType="nt:unstructured" sling:resourceType="help/components/step">
                  <step_par jcr:primaryType="nt:unstructured"
                            sling:resourceType="help/components/procedure/step_parsys">
                    <text_665 jcr:primaryType="nt:unstructured"
                               sling:resourceType="help/components/article-3/text"
                               text="&lt;p&gt;A second &#xA;&lt;span class=&#34;uicontrol&#34;&gt;Read audience&lt;/span&gt;&#xA; activity that retrieves the Silver members audience and refines it by selecting only profiles that are between 18 and 30 years old.&lt;/p&gt;&#xA;"
                               textIsRich="true"/>
                  </step_par>
               </step_270_55>
                <step_271_55 jcr:primaryType="nt:unstructured" sling:resourceType="help/components/step">
                  <step_par jcr:primaryType="nt:unstructured"
                            sling:resourceType="help/components/procedure/step_parsys">
                    <text_666 jcr:primaryType="nt:unstructured"
                               sling:resourceType="help/components/article-3/text"
                               text="&lt;p&gt;A &#xA;&lt;span class=&#34;uicontrol&#34;&gt;Union&lt;/span&gt;&#xA; activity that unites populations from both &#xA;&lt;span class=&#34;uicontrol&#34;&gt;Read audiences&lt;/span&gt;&#xA; activities into one final population.&lt;/p&gt;&#xA;"
                               textIsRich="true"/>
                  </step_par>
               </step_271_55>
                <step_272_55 jcr:primaryType="nt:unstructured" sling:resourceType="help/components/step">
                  <step_par jcr:primaryType="nt:unstructured"
                            sling:resourceType="help/components/procedure/step_parsys">
                    <text_667 jcr:primaryType="nt:unstructured"
                               sling:resourceType="help/components/article-3/text"
                               text="&lt;p&gt;An &#xA;&lt;span class=&#34;uicontrol&#34;&gt;Email delivery&lt;/span&gt;&#xA; activity that sends the email to the population coming from the &#xA;&lt;span class=&#34;uicontrol&#34;&gt;Union&lt;/span&gt;&#xA; activity.&lt;/p&gt;&#xA;"
                               textIsRich="true"/>
                  </step_par>
               </step_272_55>
            </proc_par>
         </procedure_55>
        
      </main-pars>
      <hero jcr:primaryType="nt:unstructured"
            sling:resourceType="foundation/components/image"/>
      <thumbnail jcr:primaryType="nt:unstructured"
                 sling:resourceType="foundation/components/image"/>
      <publisherLogo jcr:primaryType="nt:unstructured"
                     sling:resourceType="foundation/components/image"/>
   </jcr:content>
</jcr:root>