<?xml version="1.0" encoding="UTF-8"?>
<jcr:root xmlns:nt="http://www.jcp.org/jcr/nt/1.0" xmlns:json="http://json.org/"
          xmlns:sling="http://sling.apache.org/jcr/sling/1.0"
          xmlns:cq="http://www.day.com/jcr/cq/1.0"
          xmlns:jcr="http://www.jcp.org/jcr/1.0"
          xmlns:mix="http://www.jcp.org/jcr/mix/1.0"
          jcr:primaryType="cq:Page">
   <jcr:content navTitle="Reconciliation" jcr:primaryType="cq:PageContent"
                sling:resourceType="help/components/pages/article-3"
                heroGradient="light"
                jcr:language="en_us"
                cq:designPath="/etc/designs/help"
                cq:template="/apps/help/templates/article-3"
                jcr:mixinTypes="[mix:versionable]"
                jcr:title="Reconciliation"
                jcr:description="Reconciliation"
                seoDescription="The Reconciliation activity allows you to link unidentified data to existing resources."
                primaryProductTag="[products:SG_CAMPAIGN/STANDARD]"
                cq:tags="[products:SG_CAMPAIGN/STANDARD,audience:automating,content_type:reference,topic_tags:data-management-activities]"
                primaryAudienceTag="[audience:automating]"
                contentOwner="sauviat"
                isReadyForLocalization="true"
                publishExternalDate="2019-01-09">
      <main-pars jcr:primaryType="nt:unstructured"
                 sling:resourceType="foundation/components/parsys">
        
        
        
            
        
        
            <header_199 jcr:primaryType="nt:unstructured" sling:resourceType="help/components/header"
                     id="description"
                     level="2"
                     text="&lt;p&gt;Description&lt;/p&gt;&#xA;"
                     textIsRich="'true'"/>
            <image_188 jcr:primaryType="nt:unstructured"
                    sling:resourceType="help/components/article-3/image"
                    jcr:title=""
                    alt=""
                    captionBottom=""
                    fileName="reconciliation.png"
                    originalFileName="images/en/reconciliation.png"
                    fileReference="/content/dam/help/en/campaign/standard/reconciliation.png"
                    imageRotate="0"
                    originalHeight=""
                    originalWidth=""
                    scaleOption="toTemplate"
                    status="legacy"/>
            <text_1215 jcr:primaryType="nt:unstructured"
                    sling:resourceType="help/components/article-3/text"
                    text="&lt;p&gt;The &#xA;&lt;span class=&#34;uicontrol&#34;&gt;Reconciliation&lt;/span&gt;&#xA; activity allows you to link unidentified data to existing resources.&lt;/p&gt;&#xA;"
                    textIsRich="true"/>
        
        
            <header_200 jcr:primaryType="nt:unstructured" sling:resourceType="help/components/header"
                     id="context-of-use"
                     level="2"
                     text="&lt;p&gt;Context of use&lt;/p&gt;&#xA;"
                     textIsRich="'true'"/>
            <text_1216 jcr:primaryType="nt:unstructured"
                    sling:resourceType="help/components/article-3/text"
                    text="&lt;p&gt;The &#xA;&lt;span class=&#34;uicontrol&#34;&gt;Reconciliation&lt;/span&gt;&#xA; activity is essentially used for Data Management purposes and implies two different use cases:&lt;/p&gt;&#xA;"
                    textIsRich="true"/>
            <procedure_107 jcr:primaryType="nt:unstructured"
                        sling:resourceType="help/components/procedure"
                        isBulleted="true">
            <proc_par jcr:primaryType="nt:unstructured"
                      sling:resourceType="help/components/procedure/proc_parsys">
                <step_566_107 jcr:primaryType="nt:unstructured" sling:resourceType="help/components/step">
                  <step_par jcr:primaryType="nt:unstructured"
                            sling:resourceType="help/components/procedure/step_parsys">
                    <text_1217 jcr:primaryType="nt:unstructured"
                                sling:resourceType="help/components/article-3/text"
                                text="&lt;p&gt;Adding relations: a &#xA;&lt;span class=&#34;uicontrol&#34;&gt;Links&lt;/span&gt;&#xA; tab allows you to add links between the inbound data and several other Adobe Campaign database dimensions.&lt;/p&gt;&#xA;"
                                textIsRich="true"/>
                    <text_1218 jcr:primaryType="nt:unstructured"
                                sling:resourceType="help/components/article-3/text"
                                text="&lt;p&gt;For example, a file containing purchasing data may also contain information to identify the products purchased as well as the buyer. Two additional dimensions (besides that of &lt;strong&gt;Purchases&lt;/strong&gt;) are therefore concerned by the file data: the &lt;strong&gt;Products&lt;/strong&gt; and &lt;strong&gt;Profiles&lt;/strong&gt; dimensions. Relations then need to be created between these and the &lt;strong&gt;Purchases&lt;/strong&gt; dimension (refer to the following example).&lt;/p&gt;&#xA;"
                                textIsRich="true"/>
                    <text_1219 jcr:primaryType="nt:unstructured"
                                sling:resourceType="help/components/article-3/text"
                                text="&lt;p&gt;When defining a relation, a column is added to the inbound data in order to reference the foreign key of the linked dimension.&lt;/p&gt;&#xA;"
                                textIsRich="true"/>
                    <note_46 jcr:primaryType="nt:unstructured"
                              sling:resourceType="help/components/article-3/note"
                              text="&lt;p&gt;&#xA;                        This operation implies that the data of the linked dimensions are already in the database.&#xA;                        For example, if you import a file of purchases showing which product was purchased, at what time, by which client, etc., the product as well as the client must already exist in the database.&#xA;                    &lt;/p&gt;&#xA;"
                              textIsRich="true"
                              type="note"/>
                  </step_par>
               </step_566_107>
                <step_567_107 jcr:primaryType="nt:unstructured" sling:resourceType="help/components/step">
                  <step_par jcr:primaryType="nt:unstructured"
                            sling:resourceType="help/components/procedure/step_parsys">
                    <text_1222 jcr:primaryType="nt:unstructured"
                                sling:resourceType="help/components/article-3/text"
                                text="&lt;p&gt;Data identification: an &#xA;&lt;span class=&#34;uicontrol&#34;&gt;Identification&lt;/span&gt;&#xA; tab allows you to simply link inbound data to columns of an existing dimension in the Adobe Campaign database. After the activity, the data is identified as belonging to the defined dimension.&lt;/p&gt;&#xA;"
                                textIsRich="true"/>
                    <text_1223 jcr:primaryType="nt:unstructured"
                                sling:resourceType="help/components/article-3/text"
                                text="&lt;p&gt;For example, you can then perform a save audience, database update, etc.&lt;/p&gt;&#xA;"
                                textIsRich="true"/>
                  </step_par>
               </step_567_107>
            </proc_par>
         </procedure_107>
            <text_1224 jcr:primaryType="nt:unstructured"
                    sling:resourceType="help/components/article-3/text"
                    text="&lt;p&gt;For example, the &#xA;&lt;span class=&#34;uicontrol&#34;&gt;Reconciliation&lt;/span&gt;&#xA; activity can be placed after a load data activity with the aim of importing non-standard data into the database.&lt;/p&gt;&#xA;"
                    textIsRich="true"/>
        
        
            <header_201 jcr:primaryType="nt:unstructured" sling:resourceType="help/components/header"
                     id="configuration"
                     level="2"
                     text="&lt;p&gt;Configuration&lt;/p&gt;&#xA;"
                     textIsRich="'true'"/>
            <procedure_40_10 jcr:primaryType="nt:unstructured"
                          sling:resourceType="help/components/procedure">
            <proc_par jcr:primaryType="nt:unstructured"
                      sling:resourceType="help/components/procedure/proc_parsys">
                <step_568_0 jcr:primaryType="nt:unstructured" sling:resourceType="help/components/step">
                  <step_par jcr:primaryType="nt:unstructured"
                            sling:resourceType="help/components/procedure/step_parsys">
                    <text_1225 jcr:primaryType="nt:unstructured"
                                sling:resourceType="help/components/article-3/text"
                                text="&lt;p&gt;Drag and drop a &#xA;&lt;span class=&#34;uicontrol&#34;&gt;Reconciliation&lt;/span&gt;&#xA; activity into your workflow, following a transition containing a population whose targeting dimension does not directly come from Adobe Campaign. For more on this, referr to &#xA;&#x9;&#x9;&#x9;&#x9;&#x9;&#xA;&lt;a href=&#34;/content/help/en/campaign/standard/automating/using/query.html#targeting-dimensions-and-resources&#34; target=&#34;_blank&#34;&gt;Targeting dimensions and resources&lt;/a&gt;.&lt;/p&gt;&#xA;"
                                textIsRich="true"/>
                  </step_par>
               </step_568_0>
                <step_569_0 jcr:primaryType="nt:unstructured" sling:resourceType="help/components/step">
                  <step_par jcr:primaryType="nt:unstructured"
                            sling:resourceType="help/components/procedure/step_parsys">
                    <text_1226 jcr:primaryType="nt:unstructured"
                                sling:resourceType="help/components/article-3/text"
                                text="&lt;p&gt;Select the activity, then open it using the &#xA;&#x9;&lt;img height=&#34;21px&#34; src=&#34;/content/dam/help/en/campaign/standard/edit_darkgrey-24px.png&#34; /&gt;&#xA;&#x9;&#xA; button from the quick actions that appear.&lt;/p&gt;&#xA;"
                                textIsRich="true"/>
                  </step_par>
               </step_569_0>
                <step_570_0 jcr:primaryType="nt:unstructured" sling:resourceType="help/components/step">
                  <step_par jcr:primaryType="nt:unstructured"
                            sling:resourceType="help/components/procedure/step_parsys">
                    <text_1227 jcr:primaryType="nt:unstructured"
                                sling:resourceType="help/components/article-3/text"
                                text="&lt;p&gt;If you would like to define links between the inbound data and other database dimensions, go to the &#xA;&lt;span class=&#34;uicontrol&#34;&gt;Links&lt;/span&gt;&#xA; tab.&lt;/p&gt;&#xA;"
                                textIsRich="true"/>
                    <text_1228 jcr:primaryType="nt:unstructured"
                                sling:resourceType="help/components/article-3/text"
                                text="&lt;p&gt;Add as many relations as necessary. For each relation, first select the linked dimension, then in the link detail, specify the corresponding fields.&lt;/p&gt;&#xA;"
                                textIsRich="true"/>
                  </step_par>
               </step_570_0>
                <step_571_0 jcr:primaryType="nt:unstructured" sling:resourceType="help/components/step">
                  <step_par jcr:primaryType="nt:unstructured"
                            sling:resourceType="help/components/procedure/step_parsys">
                    <text_1229 jcr:primaryType="nt:unstructured"
                                sling:resourceType="help/components/article-3/text"
                                text="&lt;p&gt;If you would like to simply identify the inbound data, go to the &#xA;&lt;span class=&#34;uicontrol&#34;&gt;Identification&lt;/span&gt;&#xA; tab and check the &#xA;&lt;span class=&#34;uicontrol&#34;&gt;Identify the document from the working data&lt;/span&gt;&#xA; box.&lt;/p&gt;&#xA;"
                                textIsRich="true"/>
                    <text_1230 jcr:primaryType="nt:unstructured"
                                sling:resourceType="help/components/article-3/text"
                                text="&lt;p&gt;Select the targeting dimension to which you want to reconcile the inbound data.&lt;/p&gt;&#xA;"
                                textIsRich="true"/>
                    <text_1231 jcr:primaryType="nt:unstructured"
                                sling:resourceType="help/components/article-3/text"
                                text="&lt;p&gt;Add reconciliation criteria to link an inbound transition record to a selected targeting dimension record. If several criteria are specified, they must all be verified in order for the link between all their data to work.&lt;/p&gt;&#xA;"
                                textIsRich="true"/>
                    <text_1232 jcr:primaryType="nt:unstructured"
                                sling:resourceType="help/components/article-3/text"
                                text="&lt;p&gt;Choose the &#xA;&lt;span class=&#34;uicontrol&#34;&gt;Processing unidentified source lines&lt;/span&gt;&#xA; mode:&lt;/p&gt;&#xA;"
                                textIsRich="true"/>
                    <procedure_108 jcr:primaryType="nt:unstructured"
                                    sling:resourceType="help/components/procedure"
                                    isBulleted="true">
                        <proc_par jcr:primaryType="nt:unstructured"
                                  sling:resourceType="help/components/procedure/proc_parsys">
                           <step_571_108 jcr:primaryType="nt:unstructured" sling:resourceType="help/components/step">
                              <step_par jcr:primaryType="nt:unstructured"
                                        sling:resourceType="help/components/procedure/step_parsys">
                                 <text_1233 jcr:primaryType="nt:unstructured"
                                            sling:resourceType="help/components/article-3/text"
                                            text="&lt;p&gt;&#xA;&lt;span class=&#34;uicontrol&#34;&gt;Ignore them&lt;/span&gt;&#xA;: only the identifiable data is kept in the activity's outbound transition.&lt;/p&gt;&#xA;"
                                            textIsRich="true"/>
                              </step_par>
                           </step_571_108>
                           <step_572_108 jcr:primaryType="nt:unstructured" sling:resourceType="help/components/step">
                              <step_par jcr:primaryType="nt:unstructured"
                                        sling:resourceType="help/components/procedure/step_parsys">
                                 <text_1234 jcr:primaryType="nt:unstructured"
                                            sling:resourceType="help/components/article-3/text"
                                            text="&lt;p&gt;&#xA;&lt;span class=&#34;uicontrol&#34;&gt;Keep in the outbound population&lt;/span&gt;&#xA;: all the data from the inbound transition is kept in the activity's outbound transition.&lt;/p&gt;&#xA;"
                                            textIsRich="true"/>
                              </step_par>
                           </step_572_108>
                        
                        </proc_par>
                     </procedure_108>
                  </step_par>
               </step_571_0>
                <step_574_0 jcr:primaryType="nt:unstructured" sling:resourceType="help/components/step">
                  <step_par jcr:primaryType="nt:unstructured"
                            sling:resourceType="help/components/procedure/step_parsys">
                    <text_1235 jcr:primaryType="nt:unstructured"
                                sling:resourceType="help/components/article-3/text"
                                text="&lt;p&gt;Confirm the configuration of your activity and save your workflow.&lt;/p&gt;&#xA;"
                                textIsRich="true"/>
                  </step_par>
               </step_574_0>
            </proc_par>
         </procedure_40_10>
        
        
            <header_202 jcr:primaryType="nt:unstructured" sling:resourceType="help/components/header"
                     id="example-1--relation-definition"
                     level="2"
                     text="&lt;p&gt;Example 1: Relation definition&lt;/p&gt;&#xA;"
                     textIsRich="'true'"/>
            <text_1236 jcr:primaryType="nt:unstructured"
                    sling:resourceType="help/components/article-3/text"
                    text="&lt;p&gt;The following example demonstrates a workflow that updates the database using the purchasing data in a file. The purchasing data contains data referencing elements from other dimensions, such as the client emails and product codes.&lt;/p&gt;&#xA;"
                    textIsRich="true"/>
            <note_47 jcr:primaryType="nt:unstructured"
                  sling:resourceType="help/components/article-3/note"
                  text="&lt;p&gt;&#xA;                The &lt;strong&gt;Transactions&lt;/strong&gt; and &lt;strong&gt;Products&lt;/strong&gt; resources used in this example do not exist in the Adobe Campaign database by default. They were therefore created beforehand using the &#xA;&#x9;&#x9;&#x9;&#x9;&#x9;&#x9;&#x9;&#x9;&#x9;&#x9;&#x9;&#xA;&#x9;&#x9;&#x9;&#x9;&#x9;&#x9;&#x9;&lt;a href=&#34;/content/help/en/campaign/standard/developing/using/data-model-concepts.html&#34;&gt;Custom resources&lt;/a&gt; function.&#xA;                The profiles that correspond to the email addresses in the imported file, as well as the products, were loaded into the database beforehand.&#xA;            &lt;/p&gt;&#xA;"
                  textIsRich="true"
                  type="note"/>
            <text_1239 jcr:primaryType="nt:unstructured"
                    sling:resourceType="help/components/article-3/text"
                    text="&lt;p&gt;The workflow is made up of the following activities:&lt;/p&gt;&#xA;"
                    textIsRich="true"/>
            <image_189 jcr:primaryType="nt:unstructured"
                    sling:resourceType="help/components/article-3/image"
                    jcr:title=""
                    alt=""
                    captionBottom=""
                    fileName="reconciliation_example1.png"
                    originalFileName="images/en/reconciliation_example1.png"
                    fileReference="/content/dam/help/en/campaign/standard/reconciliation_example1.png"
                    imageRotate="0"
                    originalHeight=""
                    originalWidth=""
                    scaleOption="toTemplate"
                    status="legacy"/>
            <procedure_109 jcr:primaryType="nt:unstructured"
                        sling:resourceType="help/components/procedure"
                        isBulleted="true">
            <proc_par jcr:primaryType="nt:unstructured"
                      sling:resourceType="help/components/procedure/proc_parsys">
                <step_575_109 jcr:primaryType="nt:unstructured" sling:resourceType="help/components/step">
                  <step_par jcr:primaryType="nt:unstructured"
                            sling:resourceType="help/components/procedure/step_parsys">
                    <text_1240 jcr:primaryType="nt:unstructured"
                                sling:resourceType="help/components/article-3/text"
                                text="&lt;p&gt;A &#xA;&lt;span class=&#34;uicontrol&#34;&gt;Load file&lt;/span&gt;&#xA; activity, which loads and detects the data of the file to import. The imported file contains the following data:&lt;/p&gt;&#xA;"
                                textIsRich="true"/>
                    <procedure_109 jcr:primaryType="nt:unstructured"
                                    sling:resourceType="help/components/procedure"
                                    isBulleted="true">
                        <proc_par jcr:primaryType="nt:unstructured"
                                  sling:resourceType="help/components/procedure/proc_parsys">
                           <step_575_109 jcr:primaryType="nt:unstructured" sling:resourceType="help/components/step">
                              <step_par jcr:primaryType="nt:unstructured"
                                        sling:resourceType="help/components/procedure/step_parsys">
                                 <text_1241 jcr:primaryType="nt:unstructured"
                                            sling:resourceType="help/components/article-3/text"
                                            text="&lt;p&gt;Transaction date&lt;/p&gt;&#xA;"
                                            textIsRich="true"/>
                              </step_par>
                           </step_575_109>
                           <step_576_109 jcr:primaryType="nt:unstructured" sling:resourceType="help/components/step">
                              <step_par jcr:primaryType="nt:unstructured"
                                        sling:resourceType="help/components/procedure/step_parsys">
                                 <text_1242 jcr:primaryType="nt:unstructured"
                                            sling:resourceType="help/components/article-3/text"
                                            text="&lt;p&gt;Client email address&lt;/p&gt;&#xA;"
                                            textIsRich="true"/>
                              </step_par>
                           </step_576_109>
                           <step_577_109 jcr:primaryType="nt:unstructured" sling:resourceType="help/components/step">
                              <step_par jcr:primaryType="nt:unstructured"
                                        sling:resourceType="help/components/procedure/step_parsys">
                                 <text_1243 jcr:primaryType="nt:unstructured"
                                            sling:resourceType="help/components/article-3/text"
                                            text="&lt;p&gt;Code of product purchased&lt;/p&gt;&#xA;"
                                            textIsRich="true"/>
                              </step_par>
                           </step_577_109>
                        </proc_par>
                     </procedure_109>
                    <codelisting_sh7 jcr:primaryType="nt:unstructured"
                                      sling:resourceType="help/components/codeblock"
                                      codeLanguage="html"
                                      gutter="true"
                                      text="\date;client;product&#xA;2015-05-19 09:00:00;mail1@email.com;ZZ1&#xA;2015-05-19 09:01:00;mail2@email.com;ZZ2&#xA;2015-05-19 09:01:01;mail3@email.com;ZZ2&#xA;2015-05-19 09:01:02;mail4@email.com;ZZ2&#xA;2015-05-19 09:02:00;mail5@email.com;ZZ3&#xA;2015-05-19 09:03:00;mail6@email.com;ZZ4&#xA;2015-05-19 09:04:00;mail7@email.com;ZZ5&#xA;2015-05-19 09:05:00;mail8@email.com;ZZ7&#xA;2015-05-19 09:06:00;mail9@email.com;ZZ6"/>
                  </step_par>
               </step_575_109>
                <step_579_110 jcr:primaryType="nt:unstructured" sling:resourceType="help/components/step">
                  <step_par jcr:primaryType="nt:unstructured"
                            sling:resourceType="help/components/procedure/step_parsys">
                    <text_1244 jcr:primaryType="nt:unstructured"
                                sling:resourceType="help/components/article-3/text"
                                text="&lt;p&gt;A &#xA;&lt;span class=&#34;uicontrol&#34;&gt;Reconciliation&lt;/span&gt;&#xA; activity to bind purchasing data to database profiles as well as products. It is therefore necessary to define a relation between the file data and the profile table as well as the product table. This configuration is carried out in the activity's &#xA;&lt;span class=&#34;uicontrol&#34;&gt;Relations&lt;/span&gt;&#xA; tab:&lt;/p&gt;&#xA;"
                                textIsRich="true"/>
                    <procedure_110 jcr:primaryType="nt:unstructured"
                                    sling:resourceType="help/components/procedure"
                                    isBulleted="true">
                        <proc_par jcr:primaryType="nt:unstructured"
                                  sling:resourceType="help/components/procedure/proc_parsys">
                           <step_579_110 jcr:primaryType="nt:unstructured" sling:resourceType="help/components/step">
                              <step_par jcr:primaryType="nt:unstructured"
                                        sling:resourceType="help/components/procedure/step_parsys">
                                 <text_1245 jcr:primaryType="nt:unstructured"
                                            sling:resourceType="help/components/article-3/text"
                                            text="&lt;p&gt;Relation with the &lt;strong&gt;Profiles&lt;/strong&gt;: the file's &lt;strong&gt;client&lt;/strong&gt; column is linked to the &lt;strong&gt;email&lt;/strong&gt; field of the &lt;strong&gt;Profiles&lt;/strong&gt; dimension.&lt;/p&gt;&#xA;"
                                            textIsRich="true"/>
                              </step_par>
                           </step_579_110>
                           <step_580_110 jcr:primaryType="nt:unstructured" sling:resourceType="help/components/step">
                              <step_par jcr:primaryType="nt:unstructured"
                                        sling:resourceType="help/components/procedure/step_parsys">
                                 <text_1246 jcr:primaryType="nt:unstructured"
                                            sling:resourceType="help/components/article-3/text"
                                            text="&lt;p&gt;Relation with the &lt;strong&gt;Products&lt;/strong&gt;: the file's &lt;strong&gt;product&lt;/strong&gt; column is linked to the &lt;strong&gt;productCode&lt;/strong&gt; field of the &lt;strong&gt;Profiles&lt;/strong&gt; dimension.&lt;/p&gt;&#xA;"
                                            textIsRich="true"/>
                              </step_par>
                           </step_580_110>
                        </proc_par>
                     </procedure_110>
                    <text_1247 jcr:primaryType="nt:unstructured"
                                sling:resourceType="help/components/article-3/text"
                                text="&lt;p&gt;Columns are added to the inbound data in order to reference the foreign keys of the linked dimensions.&lt;/p&gt;&#xA;"
                                textIsRich="true"/>
                    <image_190 jcr:primaryType="nt:unstructured"
                                sling:resourceType="help/components/article-3/image"
                                jcr:title=""
                                alt=""
                                captionBottom=""
                                fileName="reconciliation_example3.png"
                                originalFileName="images/en/reconciliation_example3.png"
                                fileReference="/content/dam/help/en/campaign/standard/reconciliation_example3.png"
                                imageRotate="0"
                                originalHeight=""
                                originalWidth=""
                                scaleOption="toTemplate"
                                status="legacy"/>
                  </step_par>
               </step_579_110>
                <step_582_111 jcr:primaryType="nt:unstructured" sling:resourceType="help/components/step">
                  <step_par jcr:primaryType="nt:unstructured"
                            sling:resourceType="help/components/procedure/step_parsys">
                    <text_1248 jcr:primaryType="nt:unstructured"
                                sling:resourceType="help/components/article-3/text"
                                text="&lt;p&gt;An &#xA;&lt;span class=&#34;uicontrol&#34;&gt;Update data&lt;/span&gt;&#xA; activity allows you to define the database fields to update using the imported data. As the data was already identified as belonging to the &lt;strong&gt;Transactions&lt;/strong&gt; dimension in the previous activity, here you can use the &#xA;&lt;span class=&#34;uicontrol&#34;&gt;Directly using the targeting dimension&lt;/span&gt;&#xA; identification option.&lt;/p&gt;&#xA;"
                                textIsRich="true"/>
                    <text_1249 jcr:primaryType="nt:unstructured"
                                sling:resourceType="help/components/article-3/text"
                                text="&lt;p&gt;By using the option that automatically detects fields to update, the links configured in the previous activity (to profiles and products) are added to the list of &#xA;&lt;span class=&#34;uicontrol&#34;&gt;Fields to update&lt;/span&gt;&#xA;. You must also make sure that the field that corresponds to the transaction date is correctly added to this list.&lt;/p&gt;&#xA;"
                                textIsRich="true"/>
                    <image_191 jcr:primaryType="nt:unstructured"
                                sling:resourceType="help/components/article-3/image"
                                jcr:title=""
                                alt=""
                                captionBottom=""
                                fileName="reconciliation_example5.png"
                                originalFileName="images/en/reconciliation_example5.png"
                                fileReference="/content/dam/help/en/campaign/standard/reconciliation_example5.png"
                                imageRotate="0"
                                originalHeight=""
                                originalWidth=""
                                scaleOption="toTemplate"
                                status="legacy"/>
                    <image_192 jcr:primaryType="nt:unstructured"
                                sling:resourceType="help/components/article-3/image"
                                jcr:title=""
                                alt=""
                                captionBottom=""
                                fileName="reconciliation_example4.png"
                                originalFileName="images/en/reconciliation_example4.png"
                                fileReference="/content/dam/help/en/campaign/standard/reconciliation_example4.png"
                                imageRotate="0"
                                originalHeight=""
                                originalWidth=""
                                scaleOption="toTemplate"
                                status="legacy"/>
                  </step_par>
               </step_582_111>
            </proc_par>
         </procedure_109>
        
        
            <header_203 jcr:primaryType="nt:unstructured" sling:resourceType="help/components/header"
                     id="example-2--identification"
                     level="2"
                     text="&lt;p&gt;Example 2: Identification&lt;/p&gt;&#xA;"
                     textIsRich="'true'"/>
            <text_1250 jcr:primaryType="nt:unstructured"
                    sling:resourceType="help/components/article-3/text"
                    text="&lt;p&gt;The following example demonstrates a workflow that creates an audience of profiles directly from an imported file containing new clients. It is made up of the following activities:&lt;/p&gt;&#xA;"
                    textIsRich="true"/>
            <image_193 jcr:primaryType="nt:unstructured"
                    sling:resourceType="help/components/article-3/image"
                    jcr:title=""
                    alt=""
                    captionBottom=""
                    fileName="identification_example2.png"
                    originalFileName="images/en/identification_example2.png"
                    fileReference="/content/dam/help/en/campaign/standard/identification_example2.png"
                    imageRotate="0"
                    originalHeight=""
                    originalWidth=""
                    scaleOption="toTemplate"
                    status="legacy"/>
            <procedure_112 jcr:primaryType="nt:unstructured"
                        sling:resourceType="help/components/procedure"
                        isBulleted="true">
            <proc_par jcr:primaryType="nt:unstructured"
                      sling:resourceType="help/components/procedure/proc_parsys">
                <step_583_112 jcr:primaryType="nt:unstructured" sling:resourceType="help/components/step">
                  <step_par jcr:primaryType="nt:unstructured"
                            sling:resourceType="help/components/procedure/step_parsys">
                    <text_1251 jcr:primaryType="nt:unstructured"
                                sling:resourceType="help/components/article-3/text"
                                text="&lt;p&gt;A &#xA;&lt;span class=&#34;uicontrol&#34;&gt;Load file&lt;/span&gt;&#xA; activity, which loads and detects the data of the file to import. The imported file contains the following data:&lt;/p&gt;&#xA;"
                                textIsRich="true"/>
                    <codelisting_sh8 jcr:primaryType="nt:unstructured"
                                      sling:resourceType="help/components/codeblock"
                                      codeLanguage="html"
                                      gutter="true"
                                      text="\lastname;firstname;email;dateofbirth&#xA;jackman;megan;megan.jackman@testmail.com;07/08/1975&#xA;phillips;edward;phillips@testmail.com;09/03/1986&#xA;weaver;justin;justin_w@testmail.com;11/15/1990&#xA;martin;babeth;babeth_martin@testmail.net;11/25/1964&#xA;reese;richard;rreese@testmail.com;02/08/1987&#xA;cage;nathalie;cage.nathalie227@testmail.com;07/03/1989&#xA;xiuxiu;andrea;andrea.xiuxiu@testmail.com;09/12/1992&#xA;grimes;daryl;daryl_890@testmail.com;12/06/1979&#xA;tycoon;tyreese;tyreese_t@testmail.net;10/08/1971"/>
                  </step_par>
               </step_583_112>
                <step_584_112 jcr:primaryType="nt:unstructured" sling:resourceType="help/components/step">
                  <step_par jcr:primaryType="nt:unstructured"
                            sling:resourceType="help/components/procedure/step_parsys">
                    <text_1252 jcr:primaryType="nt:unstructured"
                                sling:resourceType="help/components/article-3/text"
                                text="&lt;p&gt;A &#xA;&lt;span class=&#34;uicontrol&#34;&gt;Reconciliation&lt;/span&gt;&#xA; activity, which links each column of the loaded file to a profile dimension column. The file records that cannot be identified (missing data, incompatible data type, etc.) are ignored to preserve the integrity of the final audience data.&lt;/p&gt;&#xA;"
                                textIsRich="true"/>
                    <image_194 jcr:primaryType="nt:unstructured"
                                sling:resourceType="help/components/article-3/image"
                                jcr:title=""
                                alt=""
                                captionBottom=""
                                fileName="identification_example1.png"
                                originalFileName="images/en/identification_example1.png"
                                fileReference="/content/dam/help/en/campaign/standard/identification_example1.png"
                                imageRotate="0"
                                originalHeight=""
                                originalWidth=""
                                scaleOption="toTemplate"
                                status="legacy"/>
                  </step_par>
               </step_584_112>
                <step_585_112 jcr:primaryType="nt:unstructured" sling:resourceType="help/components/step">
                  <step_par jcr:primaryType="nt:unstructured"
                            sling:resourceType="help/components/procedure/step_parsys">
                    <text_1253 jcr:primaryType="nt:unstructured"
                                sling:resourceType="help/components/article-3/text"
                                text="&lt;p&gt;A &#xA;&lt;span class=&#34;uicontrol&#34;&gt;Save audience&lt;/span&gt;&#xA; activity, which saves the audience of profiles.&lt;/p&gt;&#xA;"
                                textIsRich="true"/>
                    <image_195 jcr:primaryType="nt:unstructured"
                                sling:resourceType="help/components/article-3/image"
                                jcr:title=""
                                alt=""
                                captionBottom=""
                                fileName="identification_example3.png"
                                originalFileName="images/en/identification_example3.png"
                                fileReference="/content/dam/help/en/campaign/standard/identification_example3.png"
                                imageRotate="0"
                                originalHeight=""
                                originalWidth=""
                                scaleOption="toTemplate"
                                status="legacy"/>
                  </step_par>
               </step_585_112>
            </proc_par>
         </procedure_112>
        
      </main-pars>
      <hero jcr:primaryType="nt:unstructured"
            sling:resourceType="foundation/components/image"/>
      <thumbnail jcr:primaryType="nt:unstructured"
                 sling:resourceType="foundation/components/image"/>
      <publisherLogo jcr:primaryType="nt:unstructured"
                     sling:resourceType="foundation/components/image"/>
   </jcr:content>
</jcr:root>