<?xml version="1.0" encoding="UTF-8"?>
<jcr:root xmlns:nt="http://www.jcp.org/jcr/nt/1.0" xmlns:json="http://json.org/"
          xmlns:sling="http://sling.apache.org/jcr/sling/1.0"
          xmlns:cq="http://www.day.com/jcr/cq/1.0"
          xmlns:jcr="http://www.jcp.org/jcr/1.0"
          xmlns:mix="http://www.jcp.org/jcr/mix/1.0"
          jcr:primaryType="cq:Page">
   <jcr:content navTitle="Targeting data" jcr:primaryType="cq:PageContent"
                sling:resourceType="help/components/pages/article-3"
                heroGradient="light"
                jcr:language="en_us"
                cq:designPath="/etc/designs/help"
                cq:template="/apps/help/templates/article-3"
                jcr:mixinTypes="[mix:versionable]"
                jcr:title="Targeting data"
                jcr:description="Targeting data"
                seoDescription="Learn the different ways to target and select the data you need."
                primaryProductTag="[products:SG_CAMPAIGN/STANDARD]"
                cq:tags="[products:SG_CAMPAIGN/STANDARD,audience:automating,content_type:reference,topic_tags:workflow-general-operation]"
                primaryAudienceTag="[audience:automating]"
                contentOwner="sauviat"
                isReadyForLocalization="true"
                publishExternalDate="2019-01-09">
      <main-pars jcr:primaryType="nt:unstructured"
                 sling:resourceType="foundation/components/parsys">
        
        
            
        
        
            <header_16 jcr:primaryType="nt:unstructured" sling:resourceType="help/components/header"
                    id="selecting-data"
                    level="2"
                    text="&lt;p&gt;Selecting data&lt;/p&gt;&#xA;"
                    textIsRich="'true'"/>
            <text_189 jcr:primaryType="nt:unstructured"
                   sling:resourceType="help/components/article-3/text"
                   text="&lt;p&gt;You can select data using the following activities:&lt;/p&gt;&#xA;"
                   textIsRich="true"/>
            <procedure_8 jcr:primaryType="nt:unstructured"
                      sling:resourceType="help/components/procedure"
                      isBulleted="true">
            <proc_par jcr:primaryType="nt:unstructured"
                      sling:resourceType="help/components/procedure/proc_parsys">
                <step_40_8 jcr:primaryType="nt:unstructured" sling:resourceType="help/components/step">
                  <step_par jcr:primaryType="nt:unstructured"
                            sling:resourceType="help/components/procedure/step_parsys">
                    <text_190 jcr:primaryType="nt:unstructured"
                               sling:resourceType="help/components/article-3/text"
                               text="&lt;p&gt;The &#xA;&lt;span class=&#34;uicontrol&#34;&gt;Query&lt;/span&gt;&#xA; activity allows you to filter and extract a population of elements from the Adobe Campaign database.&lt;/p&gt;&#xA;"
                               textIsRich="true"/>
                  </step_par>
               </step_40_8>
                <step_41_8 jcr:primaryType="nt:unstructured" sling:resourceType="help/components/step">
                  <step_par jcr:primaryType="nt:unstructured"
                            sling:resourceType="help/components/procedure/step_parsys">
                    <text_191 jcr:primaryType="nt:unstructured"
                               sling:resourceType="help/components/article-3/text"
                               text="&lt;p&gt;The &#xA;&lt;span class=&#34;uicontrol&#34;&gt;Incremental query&lt;/span&gt;&#xA; activity allows you to filter and extract a population of elements from the Adobe Campaign database. Each time this activity is executed, the results from the previous executions are excluded. This allows you to target only new elements.&lt;/p&gt;&#xA;"
                               textIsRich="true"/>
                  </step_par>
               </step_41_8>
                <step_42_8 jcr:primaryType="nt:unstructured" sling:resourceType="help/components/step">
                  <step_par jcr:primaryType="nt:unstructured"
                            sling:resourceType="help/components/procedure/step_parsys">
                    <text_192 jcr:primaryType="nt:unstructured"
                               sling:resourceType="help/components/article-3/text"
                               text="&lt;p&gt;The &#xA;&lt;span class=&#34;uicontrol&#34;&gt;Read audience&lt;/span&gt;&#xA; activity allows you to retrieve an existing audience and to refine it by applying additional filtering conditions.&lt;/p&gt;&#xA;"
                               textIsRich="true"/>
                  </step_par>
               </step_42_8>
            </proc_par>
         </procedure_8>
        
        
            <header_17 jcr:primaryType="nt:unstructured" sling:resourceType="help/components/header"
                    id="segmenting-data"
                    level="2"
                    text="&lt;p&gt;Segmenting data&lt;/p&gt;&#xA;"
                    textIsRich="'true'"/>
            <text_193 jcr:primaryType="nt:unstructured"
                   sling:resourceType="help/components/article-3/text"
                   text="&lt;p&gt;Adobe Campaign lets you process sets on inbound data. You can thus combine several populations, exclude part of it or only keep data common to several targets.&lt;/p&gt;&#xA;"
                   textIsRich="true"/>
            <procedure_9 jcr:primaryType="nt:unstructured"
                      sling:resourceType="help/components/procedure"
                      isBulleted="true">
            <proc_par jcr:primaryType="nt:unstructured"
                      sling:resourceType="help/components/procedure/proc_parsys">
                <step_43_9 jcr:primaryType="nt:unstructured" sling:resourceType="help/components/step">
                  <step_par jcr:primaryType="nt:unstructured"
                            sling:resourceType="help/components/procedure/step_parsys">
                    <text_194 jcr:primaryType="nt:unstructured"
                               sling:resourceType="help/components/article-3/text"
                               text="&lt;p&gt;The &#xA;&lt;span class=&#34;uicontrol&#34;&gt;Union&lt;/span&gt;&#xA; activity allows you to regroup the result of multiple activities into a single target.&lt;/p&gt;&#xA;"
                               textIsRich="true"/>
                  </step_par>
               </step_43_9>
                <step_44_9 jcr:primaryType="nt:unstructured" sling:resourceType="help/components/step">
                  <step_par jcr:primaryType="nt:unstructured"
                            sling:resourceType="help/components/procedure/step_parsys">
                    <text_195 jcr:primaryType="nt:unstructured"
                               sling:resourceType="help/components/article-3/text"
                               text="&lt;p&gt;The &#xA;&lt;span class=&#34;uicontrol&#34;&gt;Intersection&lt;/span&gt;&#xA; activity allows you to keep only the elements common to the different inbound populations in the activity.&lt;/p&gt;&#xA;"
                               textIsRich="true"/>
                  </step_par>
               </step_44_9>
                <step_45_9 jcr:primaryType="nt:unstructured" sling:resourceType="help/components/step">
                  <step_par jcr:primaryType="nt:unstructured"
                            sling:resourceType="help/components/procedure/step_parsys">
                    <text_196 jcr:primaryType="nt:unstructured"
                               sling:resourceType="help/components/article-3/text"
                               text="&lt;p&gt;The &#xA;&lt;span class=&#34;uicontrol&#34;&gt;Exclusion &lt;/span&gt;&#xA; activity allows you to exclude elements from one population according to certain criteria.&lt;/p&gt;&#xA;"
                               textIsRich="true"/>
                  </step_par>
               </step_45_9>
                <step_46_9 jcr:primaryType="nt:unstructured" sling:resourceType="help/components/step">
                  <step_par jcr:primaryType="nt:unstructured"
                            sling:resourceType="help/components/procedure/step_parsys">
                    <text_197 jcr:primaryType="nt:unstructured"
                               sling:resourceType="help/components/article-3/text"
                               text="&lt;p&gt;The &#xA;&lt;span class=&#34;uicontrol&#34;&gt;Segmentation&lt;/span&gt;&#xA; activity lets you create one or several segments from a population calculated by activities placed earlier in the workflow. At the end of the activity, they can be processed in one single transition or different transitions.&lt;/p&gt;&#xA;"
                               textIsRich="true"/>
                  </step_par>
               </step_46_9>
            </proc_par>
         </procedure_9>
        
        
            <header_18 jcr:primaryType="nt:unstructured" sling:resourceType="help/components/header"
                    id="enriching-data"
                    level="2"
                    text="&lt;p&gt;Enriching data&lt;/p&gt;&#xA;"
                    textIsRich="'true'"/>
            <text_198 jcr:primaryType="nt:unstructured"
                   sling:resourceType="help/components/article-3/text"
                   text="&lt;p&gt;The identified and collected data can be enriched, aggregated and manipulated to optimize target construction. You can simplify and optimize targeting processes, by including data that is not modeled in the data mart.&lt;/p&gt;&#xA;"
                   textIsRich="true"/>
            <text_199 jcr:primaryType="nt:unstructured"
                   sling:resourceType="help/components/article-3/text"
                   text="&lt;p&gt;The &#xA;&lt;span class=&#34;uicontrol&#34;&gt;Additional data&lt;/span&gt;&#xA; tab of the &#xA;&lt;span class=&#34;uicontrol&#34;&gt;Query&lt;/span&gt;&#xA; and &#xA;&lt;span class=&#34;uicontrol&#34;&gt;Incremental query&lt;/span&gt;&#xA; activities allows you to enrich the data targeted by the query and transfer this data to the following workflow activities, where it can be utilized. In particular, you can add:&lt;/p&gt;&#xA;"
                   textIsRich="true"/>
            <procedure_10 jcr:primaryType="nt:unstructured"
                       sling:resourceType="help/components/procedure"
                       isBulleted="true">
            <proc_par jcr:primaryType="nt:unstructured"
                      sling:resourceType="help/components/procedure/proc_parsys">
                <step_47_10 jcr:primaryType="nt:unstructured" sling:resourceType="help/components/step">
                  <step_par jcr:primaryType="nt:unstructured"
                            sling:resourceType="help/components/procedure/step_parsys">
                    <text_200 jcr:primaryType="nt:unstructured"
                               sling:resourceType="help/components/article-3/text"
                               text="&lt;p&gt;Simple data&lt;/p&gt;&#xA;"
                               textIsRich="true"/>
                  </step_par>
               </step_47_10>
                <step_48_10 jcr:primaryType="nt:unstructured" sling:resourceType="help/components/step">
                  <step_par jcr:primaryType="nt:unstructured"
                            sling:resourceType="help/components/procedure/step_parsys">
                    <text_201 jcr:primaryType="nt:unstructured"
                               sling:resourceType="help/components/article-3/text"
                               text="&lt;p&gt;Aggregates&lt;/p&gt;&#xA;"
                               textIsRich="true"/>
                  </step_par>
               </step_48_10>
                <step_49_10 jcr:primaryType="nt:unstructured" sling:resourceType="help/components/step">
                  <step_par jcr:primaryType="nt:unstructured"
                            sling:resourceType="help/components/procedure/step_parsys">
                    <text_202 jcr:primaryType="nt:unstructured"
                               sling:resourceType="help/components/article-3/text"
                               text="&lt;p&gt;Collections&lt;/p&gt;&#xA;"
                               textIsRich="true"/>
                  </step_par>
               </step_49_10>
            </proc_par>
         </procedure_10>
        
      </main-pars>
      <hero jcr:primaryType="nt:unstructured"
            sling:resourceType="foundation/components/image"/>
      <thumbnail jcr:primaryType="nt:unstructured"
                 sling:resourceType="foundation/components/image"/>
      <publisherLogo jcr:primaryType="nt:unstructured"
                     sling:resourceType="foundation/components/image"/>
   </jcr:content>
</jcr:root>