<?xml version="1.0" encoding="UTF-8"?>
<jcr:root xmlns:nt="http://www.jcp.org/jcr/nt/1.0" xmlns:json="http://json.org/"
          xmlns:sling="http://sling.apache.org/jcr/sling/1.0"
          xmlns:cq="http://www.day.com/jcr/cq/1.0"
          xmlns:jcr="http://www.jcp.org/jcr/1.0"
          xmlns:mix="http://www.jcp.org/jcr/mix/1.0"
          jcr:primaryType="cq:Page">
   <jcr:content navTitle="Union" jcr:primaryType="cq:PageContent"
                sling:resourceType="help/components/pages/article-3"
                heroGradient="light"
                jcr:language="en_us"
                cq:designPath="/etc/designs/help"
                cq:template="/apps/help/templates/article-3"
                jcr:mixinTypes="[mix:versionable]"
                jcr:title="Union"
                jcr:description="Union"
                seoDescription="The Union activity allows you to regroup the result of multiple activities into a single target."
                primaryProductTag="[products:SG_CAMPAIGN/STANDARD]"
                cq:tags="[products:SG_CAMPAIGN/STANDARD,audience:automating,content_type:reference,topic_tags:targeting-activities]"
                primaryAudienceTag="[audience:automating]"
                contentOwner="sauviat"
                isReadyForLocalization="true"
                publishExternalDate="2019-01-09">
      <main-pars jcr:primaryType="nt:unstructured"
                 sling:resourceType="foundation/components/parsys">
        
        
        
            
        
        
            <header_74 jcr:primaryType="nt:unstructured" sling:resourceType="help/components/header"
                    id="description"
                    level="2"
                    text="&lt;p&gt;Description&lt;/p&gt;&#xA;"
                    textIsRich="'true'"/>
            <image_71 jcr:primaryType="nt:unstructured"
                   sling:resourceType="help/components/article-3/image"
                   jcr:title=""
                   alt=""
                   captionBottom=""
                   fileName="union.png"
                   originalFileName="images/en/union.png"
                   fileReference="/content/dam/help/en/campaign/standard/union.png"
                   imageRotate="0"
                   originalHeight=""
                   originalWidth=""
                   scaleOption="toTemplate"
                   status="legacy"/>
            <text_553 jcr:primaryType="nt:unstructured"
                   sling:resourceType="help/components/article-3/text"
                   text="&lt;p&gt;The &#xA;&lt;span class=&#34;uicontrol&#34;&gt;Union&lt;/span&gt;&#xA; activity allows you to regroup the result of multiple activities into a single target.&lt;/p&gt;&#xA;"
                   textIsRich="true"/>
            <note_21 jcr:primaryType="nt:unstructured"
                  sling:resourceType="help/components/article-3/note"
                  text="&lt;p&gt;&#xA;                The sets do not necessarily need to be homogeneous.&#xA;            &lt;/p&gt;&#xA;"
                  textIsRich="true"
                  type="note"/>
        
        
            <header_75 jcr:primaryType="nt:unstructured" sling:resourceType="help/components/header"
                    id="context-of-use"
                    level="2"
                    text="&lt;p&gt;Context of use&lt;/p&gt;&#xA;"
                    textIsRich="'true'"/>
            <text_555 jcr:primaryType="nt:unstructured"
                   sling:resourceType="help/components/article-3/text"
                   text="&lt;p&gt;The &#xA;&lt;span class=&#34;uicontrol&#34;&gt;Union&lt;/span&gt;&#xA; activity is used to combine the populations from inbound transitions when performing a segmentation, defining an audience, or when preparing the message target for example.&lt;/p&gt;&#xA;"
                   textIsRich="true"/>
        
        
            <header_76 jcr:primaryType="nt:unstructured" sling:resourceType="help/components/header"
                    id="configuration"
                    level="2"
                    text="&lt;p&gt;Configuration&lt;/p&gt;&#xA;"
                    textIsRich="'true'"/>
            <procedure_15_10 jcr:primaryType="nt:unstructured"
                          sling:resourceType="help/components/procedure">
            <proc_par jcr:primaryType="nt:unstructured"
                      sling:resourceType="help/components/procedure/proc_parsys">
                <step_196_0 jcr:primaryType="nt:unstructured" sling:resourceType="help/components/step">
                  <step_par jcr:primaryType="nt:unstructured"
                            sling:resourceType="help/components/procedure/step_parsys">
                    <text_556 jcr:primaryType="nt:unstructured"
                               sling:resourceType="help/components/article-3/text"
                               text="&lt;p&gt;Drag and drop a &#xA;&lt;span class=&#34;uicontrol&#34;&gt;Union&lt;/span&gt;&#xA; activity into your workflow.&lt;/p&gt;&#xA;"
                               textIsRich="true"/>
                  </step_par>
               </step_196_0>
                <step_197_0 jcr:primaryType="nt:unstructured" sling:resourceType="help/components/step">
                  <step_par jcr:primaryType="nt:unstructured"
                            sling:resourceType="help/components/procedure/step_parsys">
                    <text_557 jcr:primaryType="nt:unstructured"
                               sling:resourceType="help/components/article-3/text"
                               text="&lt;p&gt;Connect it to the other activities that come before it, such as queries.&lt;/p&gt;&#xA;"
                               textIsRich="true"/>
                  </step_par>
               </step_197_0>
                <step_198_0 jcr:primaryType="nt:unstructured" sling:resourceType="help/components/step">
                  <step_par jcr:primaryType="nt:unstructured"
                            sling:resourceType="help/components/procedure/step_parsys">
                    <text_558 jcr:primaryType="nt:unstructured"
                               sling:resourceType="help/components/article-3/text"
                               text="&lt;p&gt;Select the activity, then open it using the &#xA;&#x9;&lt;img height=&#34;21px&#34; src=&#34;/content/dam/help/en/campaign/standard/edit_darkgrey-24px.png&#34; /&gt;&#xA;&#x9;&#xA; button from the quick actions that appear.&lt;/p&gt;&#xA;"
                               textIsRich="true"/>
                  </step_par>
               </step_198_0>
                <step_199_0 jcr:primaryType="nt:unstructured" sling:resourceType="help/components/step">
                  <step_par jcr:primaryType="nt:unstructured"
                            sling:resourceType="help/components/procedure/step_parsys">
                    <text_559 jcr:primaryType="nt:unstructured"
                               sling:resourceType="help/components/article-3/text"
                               text="&lt;p&gt;Select the &#xA;&lt;span class=&#34;uicontrol&#34;&gt;Reconciliation type&lt;/span&gt;&#xA; to define how duplicates are from the confrontation between inbound populations are handled:&lt;/p&gt;&#xA;"
                               textIsRich="true"/>
                    <procedure_43 jcr:primaryType="nt:unstructured"
                                   sling:resourceType="help/components/procedure"
                                   isBulleted="true">
                        <proc_par jcr:primaryType="nt:unstructured"
                                  sling:resourceType="help/components/procedure/proc_parsys">
                           <step_199_43 jcr:primaryType="nt:unstructured" sling:resourceType="help/components/step">
                              <step_par jcr:primaryType="nt:unstructured"
                                        sling:resourceType="help/components/procedure/step_parsys">
                                 <text_560 jcr:primaryType="nt:unstructured"
                                           sling:resourceType="help/components/article-3/text"
                                           text="&lt;p&gt;&#xA;&lt;span class=&#34;uicontrol&#34;&gt;Keys only&lt;/span&gt;&#xA;: this is the default mode. The activity only keeps one element when elements from the different inbound transitions have the same key. This option can only be used if the inbound populations are homogeneous.&lt;/p&gt;&#xA;"
                                           textIsRich="true"/>
                              </step_par>
                           </step_199_43>
                           <step_200_43 jcr:primaryType="nt:unstructured" sling:resourceType="help/components/step">
                              <step_par jcr:primaryType="nt:unstructured"
                                        sling:resourceType="help/components/procedure/step_parsys">
                                 <text_561 jcr:primaryType="nt:unstructured"
                                           sling:resourceType="help/components/article-3/text"
                                           text="&lt;p&gt;&#xA;&lt;span class=&#34;uicontrol&#34;&gt;All shared columns&lt;/span&gt;&#xA;: The data is reconciled on the basis of all the columns in common with the inbound transitions. Therefore, you have to select the primary set that will be kept in case of a duplicate. This option can be used if the inbound population targeting dimensions are different.&lt;/p&gt;&#xA;"
                                           textIsRich="true"/>
                              </step_par>
                           </step_200_43>
                           <step_201_43 jcr:primaryType="nt:unstructured" sling:resourceType="help/components/step">
                              <step_par jcr:primaryType="nt:unstructured"
                                        sling:resourceType="help/components/procedure/step_parsys">
                                 <text_562 jcr:primaryType="nt:unstructured"
                                           sling:resourceType="help/components/article-3/text"
                                           text="&lt;p&gt;&#xA;&lt;span class=&#34;uicontrol&#34;&gt;A selection of columns&lt;/span&gt;&#xA;: select this option to define the list of columns on which the data reconciliation will be applied. You must first select the primary set (that which contains the source data), then the columns to use for the join.&lt;/p&gt;&#xA;"
                                           textIsRich="true"/>
                              </step_par>
                           </step_201_43>
                        </proc_par>
                     </procedure_43>
                  </step_par>
               </step_199_0>
                <step_203_0 jcr:primaryType="nt:unstructured" sling:resourceType="help/components/step">
                  <step_par jcr:primaryType="nt:unstructured"
                            sling:resourceType="help/components/procedure/step_parsys">
                    <text_563 jcr:primaryType="nt:unstructured"
                               sling:resourceType="help/components/article-3/text"
                               text="&lt;p&gt;Check the &#xA;&lt;span class=&#34;uicontrol&#34;&gt;Use common additional data only&lt;/span&gt;&#xA; box if you would like to keep only the additional data that is in all inbound transitions.&lt;/p&gt;&#xA;"
                               textIsRich="true"/>
                  </step_par>
               </step_203_0>
                <step_204_0 jcr:primaryType="nt:unstructured" sling:resourceType="help/components/step">
                  <step_par jcr:primaryType="nt:unstructured"
                            sling:resourceType="help/components/procedure/step_parsys">
                    <text_564 jcr:primaryType="nt:unstructured"
                               sling:resourceType="help/components/article-3/text"
                               text="&lt;p&gt;If you would like to limit the size of the final population, check the &#xA;&lt;span class=&#34;uicontrol&#34;&gt;Limit size of generated population&lt;/span&gt;&#xA; box. The size can be specified in the &#xA;&lt;span class=&#34;uicontrol&#34;&gt;Maximum number of records&lt;/span&gt;&#xA; field.&lt;/p&gt;&#xA;"
                               textIsRich="true"/>
                  </step_par>
               </step_204_0>
                <step_205_0 jcr:primaryType="nt:unstructured" sling:resourceType="help/components/step">
                  <step_par jcr:primaryType="nt:unstructured"
                            sling:resourceType="help/components/procedure/step_parsys">
                    <text_565 jcr:primaryType="nt:unstructured"
                               sling:resourceType="help/components/article-3/text"
                               text="&lt;p&gt;If needed, manage the activity's &#xA;&#x9;&#x9;&#x9;&#x9;&#x9;&#x9;&#x9;&#x9;&#x9;&#x9;&#x9;&#xA;&#x9;&#x9;&#x9;&#x9;&#x9;&#x9;&#x9;&lt;a href=&#34;/content/help/en/campaign/standard/automating/using/executing-a-workflow.html#managing-an-activity-s-outbound-transitions&#34;&gt;Transitions&lt;/a&gt; to access the advanced options for the calculated population.&lt;/p&gt;&#xA;"
                               textIsRich="true"/>
                  </step_par>
               </step_205_0>
                <step_206_0 jcr:primaryType="nt:unstructured" sling:resourceType="help/components/step">
                  <step_par jcr:primaryType="nt:unstructured"
                            sling:resourceType="help/components/procedure/step_parsys">
                    <text_566 jcr:primaryType="nt:unstructured"
                               sling:resourceType="help/components/article-3/text"
                               text="&lt;p&gt;Confirm the configuration of your activity and save your workflow.&lt;/p&gt;&#xA;"
                               textIsRich="true"/>
                  </step_par>
               </step_206_0>
            </proc_par>
         </procedure_15_10>
        
        
            <header_77 jcr:primaryType="nt:unstructured" sling:resourceType="help/components/header"
                    id="example"
                    level="2"
                    text="&lt;p&gt;Example&lt;/p&gt;&#xA;"
                    textIsRich="'true'"/>
            <text_567 jcr:primaryType="nt:unstructured"
                   sling:resourceType="help/components/article-3/text"
                   text="&lt;p&gt;The following example shows the result of two query activities that aim to regroup profiles from the Adobe Campaign database who are between 18 and 27 years old and those who are between 34 and 40 years old. The result contains all the profiles of the two queries or the maximum number of records, if applicable, as specified during the configuration.&lt;/p&gt;&#xA;"
                   textIsRich="true"/>
            <image_72 jcr:primaryType="nt:unstructured"
                   sling:resourceType="help/components/article-3/image"
                   jcr:title=""
                   alt=""
                   captionBottom=""
                   fileName="wkf_union_example.png"
                   originalFileName="images/en/wkf_union_example.png"
                   fileReference="/content/dam/help/en/campaign/standard/wkf_union_example.png"
                   imageRotate="0"
                   originalHeight=""
                   originalWidth=""
                   scaleOption="toTemplate"
                   status="legacy"/>
        
      </main-pars>
      <hero jcr:primaryType="nt:unstructured"
            sling:resourceType="foundation/components/image"/>
      <thumbnail jcr:primaryType="nt:unstructured"
                 sling:resourceType="foundation/components/image"/>
      <publisherLogo jcr:primaryType="nt:unstructured"
                     sling:resourceType="foundation/components/image"/>
   </jcr:content>
</jcr:root>