<?xml version="1.0" encoding="UTF-8"?>
<jcr:root xmlns:nt="http://www.jcp.org/jcr/nt/1.0" xmlns:json="http://json.org/"
          xmlns:sling="http://sling.apache.org/jcr/sling/1.0"
          xmlns:cq="http://www.day.com/jcr/cq/1.0"
          xmlns:jcr="http://www.jcp.org/jcr/1.0"
          xmlns:mix="http://www.jcp.org/jcr/mix/1.0"
          jcr:primaryType="cq:Page">
   <jcr:content navTitle="About Campaign integrations" jcr:primaryType="cq:PageContent"
                sling:resourceType="help/components/pages/article-3"
                heroGradient="light"
                jcr:language="en_us"
                cq:designPath="/etc/designs/help"
                cq:template="/apps/help/templates/article-3"
                jcr:mixinTypes="[mix:versionable]"
                jcr:title="About Campaign integrations"
                jcr:description="About Campaign integrations"
                seoDescription="Adobe Campaign allows you to use other Adobe solutions and combine their different capabilities."
                primaryProductTag="[products:SG_CAMPAIGN/STANDARD]"
                cq:tags="[products:SG_CAMPAIGN/STANDARD,audience:integrating,content_type:reference,topic_tags:about-campaign-integrations]"
                primaryAudienceTag="[audience:integrating]"
                contentOwner="sauviat"
                isReadyForLocalization="true"
                publishExternalDate="2018-09-04">
      <main-pars jcr:primaryType="nt:unstructured"
                 sling:resourceType="foundation/components/parsys">
    
    
        
    
         <text_7 jcr:primaryType="nt:unstructured"
                 sling:resourceType="help/components/article-3/text"
                 text="&lt;p&gt;This section details the functional integrations available between the current version of Adobe Campaign and Adobe clouds as well as its solutions.&lt;/p&gt;&#xA;"
                 textIsRich="true"/>
         <text_8 jcr:primaryType="nt:unstructured"
                 sling:resourceType="help/components/article-3/text"
                 text="&lt;p&gt;The different integrations presented below allow you to combine the delivery functionalities and advanced campaign management functionalities of Adobe Campaign with a set of solutions created to help you personalize your users' experience.&lt;/p&gt;&#xA;"
                 textIsRich="true"/>
         <text_9 jcr:primaryType="nt:unstructured"
                 sling:resourceType="help/components/article-3/text"
                 text="&lt;p&gt;By default, Adobe Campaign is already linked to an Adobe Experience Cloud account.&lt;/p&gt;&#xA;"
                 textIsRich="true"/>
         <text_10 jcr:primaryType="nt:unstructured"
                  sling:resourceType="help/components/article-3/text"
                  text="&lt;p&gt;Depending on your environment, other solutions can also be linked to Adobe Experience Cloud. They are linked as Organizations (also called Tenants). &lt;/p&gt;&#xA;"
                  textIsRich="true"/>
         <text_11 jcr:primaryType="nt:unstructured"
                  sling:resourceType="help/components/article-3/text"
                  text="&lt;p&gt;An organization is the entity that enables an administrator to configure groups and users, and to control single sign-on in the Experience Cloud. The organization functions like a log-in company that spans all the Experience Cloud products and solutions. Most often, an organization is your company name. However, a company can have many organizations. User and organization management is detailed in the &#xA;&lt;a href=&#34;https://marketing.adobe.com/resources/help/en_US/mcloud/organizations.html&#34;&gt;Adobe Experience Cloud help portal&lt;/a&gt;.&lt;/p&gt;&#xA;"
                  textIsRich="true"/>
         <text_12 jcr:primaryType="nt:unstructured"
                  sling:resourceType="help/components/article-3/text"
                  text="&lt;p&gt;If you would like to integrate data flows from other systems with Adobe Campaign, have a look at our &#xA;&lt;a href=&#34;https://docs.campaign.adobe.com/doc/standard/en/api/ACS_API.html&#34;&gt;API documentation&lt;/a&gt;.&lt;/p&gt;&#xA;"
                  textIsRich="true"/>
         <table_0 jcr:primaryType="nt:unstructured"
                  sling:resourceType="help/components/article-3/table"
                  hasHeader="true"
                  text="&lt;table&gt;&#xA;        &#xA;            &#xA;            &#xA;            &#xA;            &#xA;&lt;thead&gt;&#xA;                &#xA;&lt;tr&gt;&#xA;                    &#xA;&#x9;&#x9;&#x9;&#x9;&#x9;&#x9;&lt;th&gt;&#xA;&#x9;&#x9;&#x9;&#x9;&#x9;&#x9;&#x9;&#xA;                        Solution&lt;br/&gt;&#xA;&#x9;&#xA;                    &#xA;&#x9;&#x9;&#x9;&#x9;&#x9;&#x9;&lt;/th&gt;&#xA;&#x9;&#x9;&#x9;&#x9;&#x9;&#xA;                    &#xA;&#x9;&#x9;&#x9;&#x9;&#x9;&#x9;&lt;th&gt;&#xA;&#x9;&#x9;&#x9;&#x9;&#x9;&#x9;&#x9;&#xA;                        Use Case&lt;br/&gt;&#xA;&#x9;&#xA;                    &#xA;&#x9;&#x9;&#x9;&#x9;&#x9;&#x9;&lt;/th&gt;&#xA;&#x9;&#x9;&#x9;&#x9;&#x9;&#xA;                    &#xA;&#x9;&#x9;&#x9;&#x9;&#x9;&#x9;&lt;th&gt;&#xA;&#x9;&#x9;&#x9;&#x9;&#x9;&#x9;&#x9;&#xA;                        Refer to&lt;br/&gt;&#xA;&#x9;&#xA;                    &#xA;&#x9;&#x9;&#x9;&#x9;&#x9;&#x9;&lt;/th&gt;&#xA;&#x9;&#x9;&#x9;&#x9;&#x9;&#xA;                &lt;/tr&gt;&#xA;&#x9;&#xA;            &lt;/thead&gt;&#xA;&#x9;&#xA;            &#xA;&lt;tbody&gt;&#xA;                &#xA;&lt;tr&gt;&#xA;                    &#xA;&#x9;&#x9;&#x9;&#x9;&#x9;&#x9;&lt;td&gt;&#xA;&#x9;&#x9;&#x9;&#x9;&#x9;&#x9;&#x9;&#xA;                        Experience Manager&lt;br/&gt;&#xA;&#x9;&#xA;                        Versions: 6.1, 6.2, 6.3, 6.4&lt;br/&gt;&#xA;&#x9;&#xA;                    &#xA;&#x9;&#x9;&#x9;&#x9;&#x9;&#x9;&lt;/td&gt;&#xA;&#x9;&#x9;&#x9;&#x9;&#x9;&#xA;                    &#xA;&#x9;&#x9;&#x9;&#x9;&#x9;&#x9;&lt;td&gt;&#xA;&#x9;&#x9;&#x9;&#x9;&#x9;&#x9;&#x9;&#xA;                        Allows you to create email contents or forms mapped to the Adobe Campaign database directly in Adobe Experience Manager.&lt;br/&gt;&#xA;&#x9;&#xA;                    &#xA;&#x9;&#x9;&#x9;&#x9;&#x9;&#x9;&lt;/td&gt;&#xA;&#x9;&#x9;&#x9;&#x9;&#x9;&#xA;                    &#xA;&#x9;&#x9;&#x9;&#x9;&#x9;&#x9;&lt;td&gt;&#xA;&#x9;&#x9;&#x9;&#x9;&#x9;&#x9;&#x9;&#xA;                        &#xA;                            &lt;li&gt;&#xA;                                &#xA;&#x9;&#x9;&#x9;&#x9;&#x9;&#x9;&#x9;&#x9;&#x9;&#x9;&#x9;&#xA;&#x9;&#x9;&#x9;&#x9;&#x9;&#x9;&#x9;&lt;a href=&#34;/content/help/en/campaign/standard/integrating/using/integrating-with-experience-manager.html&#34;&gt;Work with Campaign and Experience Manager&lt;/a&gt;&#xA;                            &lt;/li&gt;&#xA;                            &lt;li&gt;&#xA;                                &#xA;&lt;a href=&#34;https://helpx.adobe.com/experience-manager/6-4/sites/administering/using/campaignstandard.html&#34;&gt;Integrate Experience Manager and Campaign Standard&lt;/a&gt;&#xA;                            &lt;/li&gt;&#xA;                            &lt;li&gt;&#xA;                                &#xA;&lt;a href=&#34;https://docs.campaign.adobe.com/doc/standard/getting_started/en/ACS_AEM.html&#34;&gt;Create an email with Experience Manager and Campaign&lt;/a&gt;&#xA;                            &lt;/li&gt;&#xA;                        &#xA;                    &#xA;&#x9;&#x9;&#x9;&#x9;&#x9;&#x9;&lt;/td&gt;&#xA;&#x9;&#x9;&#x9;&#x9;&#x9;&#xA;                &lt;/tr&gt;&#xA;&#x9;&#xA;                &#xA;&lt;tr&gt;&#xA;                    &#xA;&#x9;&#x9;&#x9;&#x9;&#x9;&#x9;&lt;td&gt;&#xA;&#x9;&#x9;&#x9;&#x9;&#x9;&#x9;&#x9;&#xA;                        Target&lt;br/&gt;&#xA;&#x9;&#xA;                        Versions: Classic, Standard&lt;br/&gt;&#xA;&#x9;&#xA;                    &#xA;&#x9;&#x9;&#x9;&#x9;&#x9;&#x9;&lt;/td&gt;&#xA;&#x9;&#x9;&#x9;&#x9;&#x9;&#xA;                    &#xA;&#x9;&#x9;&#x9;&#x9;&#x9;&#x9;&lt;td&gt;&#xA;&#x9;&#x9;&#x9;&#x9;&#x9;&#x9;&#x9;&#xA;                        Allows you to insert images that are dynamically computed by Adobe Target when an email created and sent by Adobe Campaign is opened.&lt;br/&gt;&#xA;&#x9;&#xA;                    &#xA;&#x9;&#x9;&#x9;&#x9;&#x9;&#x9;&lt;/td&gt;&#xA;&#x9;&#x9;&#x9;&#x9;&#x9;&#xA;                    &#xA;&#x9;&#x9;&#x9;&#x9;&#x9;&#x9;&lt;td&gt;&#xA;&#x9;&#x9;&#x9;&#x9;&#x9;&#x9;&#x9;&#xA;                        &#xA;                            &lt;li&gt;&#xA;                                &#xA;&#x9;&#x9;&#x9;&#x9;&#x9;&#x9;&#x9;&#x9;&#x9;&#x9;&#x9;&#xA;&#x9;&#x9;&#x9;&#x9;&#x9;&#x9;&#x9;&lt;a href=&#34;/content/help/en/campaign/standard/integrating/using/about-campaign-target-integration.html&#34;&gt;Work with Campaign and Target&lt;/a&gt;&#xA;                            &lt;/li&gt;&#xA;                            &lt;li&gt;&#xA;                                &#xA;&lt;a href=&#34;https://marketing.adobe.com/resources/help/en_US/target/a4t/c_campaign_and_target.html&#34;&gt;Integrate Campaign and Target&lt;/a&gt;&#xA;                            &lt;/li&gt;&#xA;                            &lt;li&gt;&#xA;                                &#xA;&lt;a href=&#34;https://helpx.adobe.com/marketing-cloud/how-to/email-marketing.html&#34;&gt;Personalize Email Images in Real-Time&lt;/a&gt; video (step 3)&#xA;                            &lt;/li&gt;&#xA;                        &#xA;                    &#xA;&#x9;&#x9;&#x9;&#x9;&#x9;&#x9;&lt;/td&gt;&#xA;&#x9;&#x9;&#x9;&#x9;&#x9;&#xA;                &lt;/tr&gt;&#xA;&#x9;&#xA;                &#xA;&lt;tr&gt;&#xA;                    &#xA;&#x9;&#x9;&#x9;&#x9;&#x9;&#x9;&lt;td&gt;&#xA;&#x9;&#x9;&#x9;&#x9;&#x9;&#x9;&#x9;&#xA;                        Analytics&lt;br/&gt;&#xA;&#x9;&#xA;                        Versions: Standard, Premium &lt;br/&gt;&#xA;&#x9;&#xA;                    &#xA;&#x9;&#x9;&#x9;&#x9;&#x9;&#x9;&lt;/td&gt;&#xA;&#x9;&#x9;&#x9;&#x9;&#x9;&#xA;                    &#xA;&#x9;&#x9;&#x9;&#x9;&#x9;&#x9;&lt;td&gt;&#xA;&#x9;&#x9;&#x9;&#x9;&#x9;&#x9;&#x9;&#xA;                        Allows you to track the success of your email deliveries directly in Adobe Analytics.&lt;br/&gt;&#xA;&#x9;&#xA;                    &#xA;&#x9;&#x9;&#x9;&#x9;&#x9;&#x9;&lt;/td&gt;&#xA;&#x9;&#x9;&#x9;&#x9;&#x9;&#xA;                    &#xA;&#x9;&#x9;&#x9;&#x9;&#x9;&#x9;&lt;td&gt;&#xA;&#x9;&#x9;&#x9;&#x9;&#x9;&#x9;&#x9;&#xA;                        &#xA;                            &lt;li&gt;&#xA;                                &#xA;&#x9;&#x9;&#x9;&#x9;&#x9;&#x9;&#x9;&#x9;&#x9;&#x9;&#x9;&#xA;&#x9;&#x9;&#x9;&#x9;&#x9;&#x9;&#x9;&lt;a href=&#34;/content/help/en/campaign/standard/integrating/using/about-campaign-analytics-integration.html&#34;&gt;Share Campaign data with Analytics&lt;/a&gt;&#xA;                            &lt;/li&gt;&#xA;                            &lt;li&gt;&#xA;                                &#xA;&lt;a href=&#34;https://helpx.adobe.com/marketing-cloud/how-to/email-marketing.html&#34;&gt;Share KPIs for integrated Campaign reporting&lt;/a&gt; video (step 1)&#xA;                            &lt;/li&gt;&#xA;                        &#xA;                    &#xA;&#x9;&#x9;&#x9;&#x9;&#x9;&#x9;&lt;/td&gt;&#xA;&#x9;&#x9;&#x9;&#x9;&#x9;&#xA;                &lt;/tr&gt;&#xA;&#x9;&#xA;                &#xA;&lt;tr&gt;&#xA;                    &#xA;&#x9;&#x9;&#x9;&#x9;&#x9;&#x9;&lt;td&gt;&#xA;&#x9;&#x9;&#x9;&#x9;&#x9;&#x9;&#x9;&#xA;                        Adobe Audience Manager and People core service (Profiles &amp; Audiences)&lt;br/&gt;&#xA;&#x9;&#xA;                    &#xA;&#x9;&#x9;&#x9;&#x9;&#x9;&#x9;&lt;/td&gt;&#xA;&#x9;&#x9;&#x9;&#x9;&#x9;&#xA;                    &#xA;&#x9;&#x9;&#x9;&#x9;&#x9;&#x9;&lt;td&gt;&#xA;&#x9;&#x9;&#x9;&#x9;&#x9;&#x9;&#x9;&#xA;                        Allow you to exchange audiences with the different Adobe Experience Cloud applications that you use.&lt;br/&gt;&#xA;&#x9;&#xA;                    &#xA;&#x9;&#x9;&#x9;&#x9;&#x9;&#x9;&lt;/td&gt;&#xA;&#x9;&#x9;&#x9;&#x9;&#x9;&#xA;                    &#xA;&#x9;&#x9;&#x9;&#x9;&#x9;&#x9;&lt;td&gt;&#xA;&#x9;&#x9;&#x9;&#x9;&#x9;&#x9;&#x9;&#xA;                        &#xA;&#x9;&#x9;&#x9;&#x9;&#x9;&#x9;&#x9;&#x9;&#x9;&#x9;&#x9;&#xA;&#x9;&#x9;&#x9;&#x9;&#x9;&#x9;&#x9;&lt;a href=&#34;/content/help/en/campaign/standard/integrating/using/about-campaign-audience-manager-or-people-core-service-integration.html&#34;&gt;People Core Service (Profiles &amp; Audiences)&lt;/a&gt;&lt;br/&gt;&#xA;&#x9;&#xA;                    &#xA;&#x9;&#x9;&#x9;&#x9;&#x9;&#x9;&lt;/td&gt;&#xA;&#x9;&#x9;&#x9;&#x9;&#x9;&#xA;                &lt;/tr&gt;&#xA;&#x9;&#xA;                &#xA;&lt;tr&gt;&#xA;                    &#xA;&#x9;&#x9;&#x9;&#x9;&#x9;&#x9;&lt;td&gt;&#xA;&#x9;&#x9;&#x9;&#x9;&#x9;&#x9;&#x9;&#xA;                        Asset core service and Assets On Demand&lt;br/&gt;&#xA;&#x9;&#xA;                    &#xA;&#x9;&#x9;&#x9;&#x9;&#x9;&#x9;&lt;/td&gt;&#xA;&#x9;&#x9;&#x9;&#x9;&#x9;&#xA;                    &#xA;&#x9;&#x9;&#x9;&#x9;&#x9;&#x9;&lt;td&gt;&#xA;&#x9;&#x9;&#x9;&#x9;&#x9;&#x9;&#x9;&#xA;                        Allows you to insert assets from your Adobe Experience Cloud library into emails and landing pages created in Adobe Campaign.&lt;br/&gt;&#xA;&#x9;&#xA;                    &#xA;&#x9;&#x9;&#x9;&#x9;&#x9;&#x9;&lt;/td&gt;&#xA;&#x9;&#x9;&#x9;&#x9;&#x9;&#xA;                    &#xA;&#x9;&#x9;&#x9;&#x9;&#x9;&#x9;&lt;td&gt;&#xA;&#x9;&#x9;&#x9;&#x9;&#x9;&#x9;&#x9;&#xA;                        &#xA;&#x9;&#x9;&#x9;&#x9;&#x9;&#x9;&#x9;&#x9;&#x9;&#x9;&#x9;&#xA;&#x9;&#x9;&#x9;&#x9;&#x9;&#x9;&#x9;&lt;a href=&#34;/content/help/en/campaign/standard/integrating/using/working-with-campaign-and-assets-core-service.html&#34;&gt;Assets Core Service&lt;/a&gt; or Assets On Demand&lt;br/&gt;&#xA;&#x9;&#xA;                    &#xA;&#x9;&#x9;&#x9;&#x9;&#x9;&#x9;&lt;/td&gt;&#xA;&#x9;&#x9;&#x9;&#x9;&#x9;&#xA;                &lt;/tr&gt;&#xA;&#x9;&#xA;                &#xA;&lt;tr&gt;&#xA;                    &#xA;&#x9;&#x9;&#x9;&#x9;&#x9;&#x9;&lt;td&gt;&#xA;&#x9;&#x9;&#x9;&#x9;&#x9;&#x9;&#x9;&#xA;                        Points of Interest (Analytics for Mobile)&lt;br/&gt;&#xA;&#x9;&#xA;                    &#xA;&#x9;&#x9;&#x9;&#x9;&#x9;&#x9;&lt;/td&gt;&#xA;&#x9;&#x9;&#x9;&#x9;&#x9;&#xA;                    &#xA;&#x9;&#x9;&#x9;&#x9;&#x9;&#x9;&lt;td&gt;&#xA;&#x9;&#x9;&#x9;&#x9;&#x9;&#x9;&#x9;&#xA;                         Allows you to collect Points of Interest data from your mobile application's subscribers to send personalized marketing messages with Adobe Campaign.&lt;br/&gt;&#xA;&#x9;&#xA;                    &#xA;&#x9;&#x9;&#x9;&#x9;&#x9;&#x9;&lt;/td&gt;&#xA;&#x9;&#x9;&#x9;&#x9;&#x9;&#xA;                    &#xA;&#x9;&#x9;&#x9;&#x9;&#x9;&#x9;&lt;td&gt;&#xA;&#x9;&#x9;&#x9;&#x9;&#x9;&#x9;&#x9;&#xA;                        &#xA;&#x9;&#x9;&#x9;&#x9;&#x9;&#x9;&#x9;&#x9;&#x9;&#x9;&#x9;&#xA;&#x9;&#x9;&#x9;&#x9;&#x9;&#x9;&#x9;&lt;a href=&#34;/content/help/en/campaign/standard/integrating/using/about-campaign-points-of-interest-data-integration.html&#34;&gt;Send location-based marketing messages with Campaign and Points of Interest data&lt;/a&gt; (Analytics for Mobile)&lt;br/&gt;&#xA;&#x9;&#xA;                    &#xA;&#x9;&#x9;&#x9;&#x9;&#x9;&#x9;&lt;/td&gt;&#xA;&#x9;&#x9;&#x9;&#x9;&#x9;&#xA;                &lt;/tr&gt;&#xA;&#x9;&#xA;                &#xA;&lt;tr&gt;&#xA;                    &#xA;&#x9;&#x9;&#x9;&#x9;&#x9;&#x9;&lt;td&gt;&#xA;&#x9;&#x9;&#x9;&#x9;&#x9;&#x9;&#x9;&#xA;                        Experience Cloud Triggers&lt;br/&gt;&#xA;&#x9;&#xA;                    &#xA;&#x9;&#x9;&#x9;&#x9;&#x9;&#x9;&lt;/td&gt;&#xA;&#x9;&#x9;&#x9;&#x9;&#x9;&#xA;                    &#xA;&#x9;&#x9;&#x9;&#x9;&#x9;&#x9;&lt;td&gt;&#xA;&#x9;&#x9;&#x9;&#x9;&#x9;&#x9;&#x9;&#xA;                        Allows you to send personalized emails to your customers in Adobe Campaign as a reaction to specific behaviors that are tracked on your website by Adobe Analytics.&lt;br/&gt;&#xA;&#x9;&#xA;                    &#xA;&#x9;&#x9;&#x9;&#x9;&#x9;&#x9;&lt;/td&gt;&#xA;&#x9;&#x9;&#x9;&#x9;&#x9;&#xA;                    &#xA;&#x9;&#x9;&#x9;&#x9;&#x9;&#x9;&lt;td&gt;&#xA;&#x9;&#x9;&#x9;&#x9;&#x9;&#x9;&#x9;&#xA;                        &#xA;                            &lt;li&gt;&#xA;                                &#xA;&#x9;&#x9;&#x9;&#x9;&#x9;&#x9;&#x9;&#x9;&#x9;&#x9;&#x9;&#xA;&#x9;&#x9;&#x9;&#x9;&#x9;&#x9;&#x9;&lt;a href=&#34;/content/help/en/campaign/standard/integrating/using/about-adobe-experience-cloud-triggers.html&#34;&gt;Use Experience Cloud Triggers in Campaign Standard&lt;/a&gt;&#xA;                            &lt;/li&gt;&#xA;                            &lt;li&gt;&#xA;                                &#xA;&#x9;&#x9;&#x9;&#x9;&#x9;&#x9;&#x9;&#x9;&#x9;&#x9;&#x9;&#xA;&#x9;&#x9;&#x9;&#x9;&#x9;&#x9;&#x9;&lt;a href=&#34;/content/help/en/campaign/standard/integrating/using/abandonment-triggers-use-cases.html&#34;&gt;Abandonment Triggers-Campaign use cases&lt;/a&gt;&#xA;                            &lt;/li&gt;&#xA;                            &lt;li&gt;&#xA;                                &#xA;&lt;a href=&#34;https://helpx.adobe.com/marketing-cloud/how-to/email-marketing.html&#34;&gt;Trigger Remarketing Messages based on Site Activity&lt;/a&gt; video (step 2)&#xA;                            &lt;/li&gt;&#xA;                        &#xA;                    &#xA;&#x9;&#x9;&#x9;&#x9;&#x9;&#x9;&lt;/td&gt;&#xA;&#x9;&#x9;&#x9;&#x9;&#x9;&#xA;                &lt;/tr&gt;&#xA;&#x9;&#xA;                &#xA;&lt;tr&gt;&#xA;                    &#xA;&#x9;&#x9;&#x9;&#x9;&#x9;&#x9;&lt;td&gt;&#xA;&#x9;&#x9;&#x9;&#x9;&#x9;&#x9;&#x9;&#xA;                        Dreamweaver&lt;br/&gt;&#xA;&#x9;&#xA;                    &#xA;&#x9;&#x9;&#x9;&#x9;&#x9;&#x9;&lt;/td&gt;&#xA;&#x9;&#x9;&#x9;&#x9;&#x9;&#xA;                    &#xA;&#x9;&#x9;&#x9;&#x9;&#x9;&#x9;&lt;td&gt;&#xA;&#x9;&#x9;&#x9;&#x9;&#x9;&#x9;&#x9;&#xA;                        Allows you to edit an email content from Dreamweaver and synchronize it with Adobe Campaign.&lt;br/&gt;&#xA;&#x9;&#xA;                    &#xA;&#x9;&#x9;&#x9;&#x9;&#x9;&#x9;&lt;/td&gt;&#xA;&#x9;&#x9;&#x9;&#x9;&#x9;&#xA;                    &#xA;&#x9;&#x9;&#x9;&#x9;&#x9;&#x9;&lt;td&gt;&#xA;&#x9;&#x9;&#x9;&#x9;&#x9;&#x9;&#x9;&#xA;                        &#xA;                            &lt;li&gt;&#xA;                                &#xA;&lt;a href=&#34;https://docs.campaign.adobe.com/doc/standard/en/Videos/ACS_Dreamweaver.mp4&#34;&gt;Create personalized emails with Dreamweaver&lt;/a&gt; video&#xA;                            &lt;/li&gt;&#xA;                            &lt;li&gt;&#xA;                                &#xA;&lt;a href=&#34;https://helpx.adobe.com/dreamweaver/using/working-with-dreamweaver-and-campaign.html&#34;&gt;Use Campaign extension for Dreamweaver&lt;/a&gt;&#xA;                            &lt;/li&gt;&#xA;                        &#xA;                    &#xA;&#x9;&#x9;&#x9;&#x9;&#x9;&#x9;&lt;/td&gt;&#xA;&#x9;&#x9;&#x9;&#x9;&#x9;&#xA;                &lt;/tr&gt;&#xA;&#x9;&#xA;                &#xA;&lt;tr&gt;&#xA;                    &#xA;&#x9;&#x9;&#x9;&#x9;&#x9;&#x9;&lt;td&gt;&#xA;&#x9;&#x9;&#x9;&#x9;&#x9;&#x9;&#x9;&#xA;                        Creative SDK&lt;br/&gt;&#xA;&#x9;&#xA;                    &#xA;&#x9;&#x9;&#x9;&#x9;&#x9;&#x9;&lt;/td&gt;&#xA;&#x9;&#x9;&#x9;&#x9;&#x9;&#xA;                    &#xA;&#x9;&#x9;&#x9;&#x9;&#x9;&#x9;&lt;td&gt;&#xA;&#x9;&#x9;&#x9;&#x9;&#x9;&#x9;&#x9;&#xA;                        Allows you to edit images and use a complete set of features powered by the Adobe Creative SDK to enhance your images directly in the content editor.&lt;br/&gt;&#xA;&#x9;&#xA;                    &#xA;&#x9;&#x9;&#x9;&#x9;&#x9;&#x9;&lt;/td&gt;&#xA;&#x9;&#x9;&#x9;&#x9;&#x9;&#xA;                    &#xA;&#x9;&#x9;&#x9;&#x9;&#x9;&#x9;&lt;td&gt;&#xA;&#x9;&#x9;&#x9;&#x9;&#x9;&#x9;&#x9;&#xA;                        &#xA;&#x9;&#x9;&#x9;&#x9;&#x9;&#x9;&#x9;&#x9;&#x9;&#x9;&#x9;&#xA;&#x9;&#x9;&#x9;&#x9;&#x9;&#x9;&#x9;&lt;a href=&#34;/content/help/en/campaign/standard/designing/using/modifying-images-with-the-adobe-creative-sdk.html&#34;&gt;Modifying images with the Adobe Creative SDK&lt;/a&gt;&lt;br/&gt;&#xA;&#x9;&#xA;                    &#xA;&#x9;&#x9;&#x9;&#x9;&#x9;&#x9;&lt;/td&gt;&#xA;&#x9;&#x9;&#x9;&#x9;&#x9;&#xA;                &lt;/tr&gt;&#xA;&#x9;&#xA;                &#xA;            &lt;/tbody&gt;&#xA;&#x9;&#xA;        &#xA;    &lt;/table&gt;"
                  textIsRich="true"/>
      </main-pars>
      <hero jcr:primaryType="nt:unstructured"
            sling:resourceType="foundation/components/image"/>
      <thumbnail jcr:primaryType="nt:unstructured"
                 sling:resourceType="foundation/components/image"/>
      <publisherLogo jcr:primaryType="nt:unstructured"
                     sling:resourceType="foundation/components/image"/>
   </jcr:content>
</jcr:root>