<?xml version="1.0" encoding="UTF-8"?>
<jcr:root xmlns:nt="http://www.jcp.org/jcr/nt/1.0" xmlns:json="http://json.org/"
          xmlns:sling="http://sling.apache.org/jcr/sling/1.0"
          xmlns:cq="http://www.day.com/jcr/cq/1.0"
          xmlns:jcr="http://www.jcp.org/jcr/1.0"
          xmlns:mix="http://www.jcp.org/jcr/mix/1.0"
          jcr:primaryType="cq:Page">
   <jcr:content navTitle="About Campaign-Points of Interest data integration"
                jcr:primaryType="cq:PageContent"
                sling:resourceType="help/components/pages/article-3"
                heroGradient="light"
                jcr:language="en_us"
                cq:designPath="/etc/designs/help"
                cq:template="/apps/help/templates/article-3"
                jcr:mixinTypes="[mix:versionable]"
                jcr:title="About Campaign-Points of Interest data integration"
                jcr:description="About Campaign-Points of Interest data integration"
                seoDescription="By collecting the Points of Interest data from your mobile application's subscribers, send location-based marketing messages to your subscribers through the integration in Adobe Campaign."
                primaryProductTag="[products:SG_CAMPAIGN/STANDARD]"
                cq:tags="[products:SG_CAMPAIGN/STANDARD,audience:integrating,content_type:reference,topic_tags:working-with-campaign-and-analytics-for-mobile]"
                primaryAudienceTag="[audience:integrating]"
                contentOwner="sauviat"
                isReadyForLocalization="true"
                publishExternalDate="2018-09-04">
      <main-pars jcr:primaryType="nt:unstructured"
                 sling:resourceType="foundation/components/parsys">
    
    
      
    
         <text_329 jcr:primaryType="nt:unstructured"
                   sling:resourceType="help/components/article-3/text"
                   text="&lt;p&gt;In addition to tracking customers' online presence, you may also take advantage of their physical locations. Through integration with Adobe Analytics for Mobile, you can use Adobe Campaign to send location-based marketing messages to your mobile application's subscribers.&lt;/p&gt;&#xA;"
                   textIsRich="true"/>
         <text_330 jcr:primaryType="nt:unstructured"
                   sling:resourceType="help/components/article-3/text"
                   text="&lt;p&gt;Points of Interest consist of a latitude, a longitude and a radius associated with a label. They are defined in the &#xA;&lt;a href=&#34;https://marketing.adobe.com/resources/help/en_US/mobile/home.html&#34;&gt;Adobe Mobile Services&lt;/a&gt; interface.&lt;/p&gt;&#xA;"
                   textIsRich="true"/>
         <text_331 jcr:primaryType="nt:unstructured"
                   sling:resourceType="help/components/article-3/text"
                   text="&lt;p&gt;When a subscriber opens your mobile application, if the location matches a Point of Interest, Adobe Campaign captures the data via the Experience Cloud Mobile SDK. You can use this information to send personalized messages based on the user's location (such as emails, push notifications, SMS messages).&lt;/p&gt;&#xA;"
                   textIsRich="true"/>
         <text_332 jcr:primaryType="nt:unstructured"
                   sling:resourceType="help/components/article-3/text"
                   text="&lt;p&gt;For example, you can send a 10% discount offer to customers who use your application and visited one of your stores in Boston within the last two weeks.&lt;/p&gt;&#xA;"
                   textIsRich="true"/>
         <text_333 jcr:primaryType="nt:unstructured"
                   sling:resourceType="help/components/article-3/text"
                   text="&lt;p&gt;A use case is presented in the &#xA;&#x9;&#x9;&#x9;&#x9;&#x9;&#xA;&lt;a href=&#34;/content/help/en/campaign/standard/integrating/using/personalizing-campaign-messages-with-point-of-interest-data.html&#34; target=&#34;_blank&#34;&gt;Personalizing Campaign messages with Point of Interest data&lt;/a&gt; section.&lt;/p&gt;&#xA;"
                   textIsRich="true"/>
      </main-pars>
      <hero jcr:primaryType="nt:unstructured"
            sling:resourceType="foundation/components/image"/>
      <thumbnail jcr:primaryType="nt:unstructured"
                 sling:resourceType="foundation/components/image"/>
      <publisherLogo jcr:primaryType="nt:unstructured"
                     sling:resourceType="foundation/components/image"/>
   </jcr:content>
</jcr:root>