<?xml version="1.0" encoding="UTF-8"?>
<jcr:root xmlns:nt="http://www.jcp.org/jcr/nt/1.0" xmlns:json="http://json.org/"
          xmlns:sling="http://sling.apache.org/jcr/sling/1.0"
          xmlns:cq="http://www.day.com/jcr/cq/1.0"
          xmlns:jcr="http://www.jcp.org/jcr/1.0"
          xmlns:mix="http://www.jcp.org/jcr/mix/1.0"
          jcr:primaryType="cq:Page">
   <jcr:content navTitle="Configuring Campaign-Points of Interest data integration"
                jcr:primaryType="cq:PageContent"
                sling:resourceType="help/components/pages/article-3"
                heroGradient="light"
                jcr:language="en_us"
                cq:designPath="/etc/designs/help"
                cq:template="/apps/help/templates/article-3"
                jcr:mixinTypes="[mix:versionable]"
                jcr:title="Configuring Campaign-Points of Interest data integration"
                jcr:description="Configuring Campaign-Points of Interest data integration"
                seoDescription="Learn how to configure the Points of Interest data feature in Adobe Campaign to send personalized messages based on your subscribers' location."
                primaryProductTag="[products:SG_CAMPAIGN/STANDARD]"
                cq:tags="[products:SG_CAMPAIGN/STANDARD,audience:integrating,content_type:reference,topic_tags:working-with-campaign-and-analytics-for-mobile]"
                primaryAudienceTag="[audience:integrating]"
                contentOwner="sauviat"
                isReadyForLocalization="true"
                publishExternalDate="2018-09-04">
      <main-pars jcr:primaryType="nt:unstructured"
                 sling:resourceType="foundation/components/parsys">
    
    
      
    
         <text_335 jcr:primaryType="nt:unstructured"
                   sling:resourceType="help/components/article-3/text"
                   text="&lt;p&gt;The mobile applications used to collect location data must be configured by an &lt;strong&gt;administrator&lt;/strong&gt; in the Adobe Campaign interface.&lt;/p&gt;&#xA;"
                   textIsRich="true"/>
         <text_336 jcr:primaryType="nt:unstructured"
                   sling:resourceType="help/components/article-3/text"
                   text="&lt;p&gt;To use the Point of Interest data feature, you need to:&lt;/p&gt;&#xA;"
                   textIsRich="true"/>
         <procedure_13_10 jcr:primaryType="nt:unstructured"
                          sling:resourceType="help/components/procedure">
            <proc_par jcr:primaryType="nt:unstructured"
                      sling:resourceType="help/components/procedure/proc_parsys">
               <step_132_0 jcr:primaryType="nt:unstructured" sling:resourceType="help/components/step">
                  <step_par jcr:primaryType="nt:unstructured"
                            sling:resourceType="help/components/procedure/step_parsys">
                     <text_337 jcr:primaryType="nt:unstructured"
                               sling:resourceType="help/components/article-3/text"
                               text="&lt;p&gt;Have access to Adobe Analytics for Mobile. Check your license agreement or contact your Adobe Account executive for more information.&lt;/p&gt;&#xA;"
                               textIsRich="true"/>
                  </step_par>
               </step_132_0>
               <step_133_0 jcr:primaryType="nt:unstructured" sling:resourceType="help/components/step">
                  <step_par jcr:primaryType="nt:unstructured"
                            sling:resourceType="help/components/procedure/step_parsys">
                     <text_338 jcr:primaryType="nt:unstructured"
                               sling:resourceType="help/components/article-3/text"
                               text="&lt;p&gt;Set up your mobile application in Adobe Campaign. See &#xA;&#x9;&#x9;&#x9;&#x9;&#x9;&#xA;&lt;a href=&#34;/content/help/en/campaign/standard/integrating/using/configuring-campaign-points-of-interest-data-integration.html#setting-up-a-mobile-app-in-campaign&#34; target=&#34;_blank&#34;&gt;Setting up a mobile app in Campaign&lt;/a&gt;.&lt;/p&gt;&#xA;"
                               textIsRich="true"/>
                  </step_par>
               </step_133_0>
               <step_134_0 jcr:primaryType="nt:unstructured" sling:resourceType="help/components/step">
                  <step_par jcr:primaryType="nt:unstructured"
                            sling:resourceType="help/components/procedure/step_parsys">
                     <text_339 jcr:primaryType="nt:unstructured"
                               sling:resourceType="help/components/article-3/text"
                               text="&lt;p&gt;Set up your mobile application in the Adobe Mobile Services interface. This enables you to ensure that data collected by Adobe Mobile Services is sent to Adobe Campaign. See &#xA;&#x9;&#x9;&#x9;&#x9;&#x9;&#xA;&lt;a href=&#34;/content/help/en/campaign/standard/integrating/using/configuring-campaign-points-of-interest-data-integration.html#configuring-a-mobile-app-in-adobe-mobile-services&#34; target=&#34;_blank&#34;&gt;Configuring a mobile app in Adobe Mobile Services&lt;/a&gt;.&lt;/p&gt;&#xA;"
                               textIsRich="true"/>
                  </step_par>
               </step_134_0>
      
               <step_135_0 jcr:primaryType="nt:unstructured" sling:resourceType="help/components/step">
                  <step_par jcr:primaryType="nt:unstructured"
                            sling:resourceType="help/components/procedure/step_parsys">
                     <text_340 jcr:primaryType="nt:unstructured"
                               sling:resourceType="help/components/article-3/text"
                               text="&lt;p&gt;Perform the mobile application's specific setup:&lt;/p&gt;&#xA;"
                               textIsRich="true"/>
                     <procedure_28 jcr:primaryType="nt:unstructured"
                                   sling:resourceType="help/components/procedure"
                                   isBulleted="true">
                        <proc_par jcr:primaryType="nt:unstructured"
                                  sling:resourceType="help/components/procedure/proc_parsys">
                           <step_135_28 jcr:primaryType="nt:unstructured" sling:resourceType="help/components/step">
                              <step_par jcr:primaryType="nt:unstructured"
                                        sling:resourceType="help/components/procedure/step_parsys">
                                 <text_341 jcr:primaryType="nt:unstructured"
                                           sling:resourceType="help/components/article-3/text"
                                           text="&lt;p&gt;Package the configuration file downloaded from the Adobe Mobile Services interface with the mobile application.&lt;/p&gt;&#xA;"
                                           textIsRich="true"/>
                              </step_par>
                           </step_135_28>
                           <step_136_28 jcr:primaryType="nt:unstructured" sling:resourceType="help/components/step">
                              <step_par jcr:primaryType="nt:unstructured"
                                        sling:resourceType="help/components/procedure/step_parsys">
                                 <text_342 jcr:primaryType="nt:unstructured"
                                           sling:resourceType="help/components/article-3/text"
                                           text="&lt;p&gt;Integrate the Experience Cloud Mobile SDK into your mobile application. See &#xA;&#x9;&#x9;&#x9;&#x9;&#x9;&#xA;&lt;a href=&#34;/content/help/en/campaign/standard/integrating/using/configuring-campaign-points-of-interest-data-integration.html#integrating-the-sdk-into-a-mobile-application&#34; target=&#34;_blank&#34;&gt;Integrating the SDK into a mobile application&lt;/a&gt;.&lt;/p&gt;&#xA;"
                                           textIsRich="true"/>
                              </step_par>
                           </step_136_28>
                        </proc_par>
                     </procedure_28>
                  </step_par>
               </step_135_0>
               <step_138_0 jcr:primaryType="nt:unstructured" sling:resourceType="help/components/step">
                  <step_par jcr:primaryType="nt:unstructured"
                            sling:resourceType="help/components/procedure/step_parsys">
                     <text_343 jcr:primaryType="nt:unstructured"
                               sling:resourceType="help/components/article-3/text"
                               text="&lt;p&gt;Define Points of Interest in the Adobe Mobile Services interface. See &#xA;&#x9;&#x9;&#x9;&#x9;&#x9;&#xA;&lt;a href=&#34;/content/help/en/campaign/standard/integrating/using/configuring-campaign-points-of-interest-data-integration.html#defining-points-of-interest-in-adobe-mobile-services&#34; target=&#34;_blank&#34;&gt;Defining Points of Interest in Adobe Mobile Services&lt;/a&gt;.&lt;/p&gt;&#xA;"
                               textIsRich="true"/>
                  </step_par>
               </step_138_0>
               <step_139_0 jcr:primaryType="nt:unstructured" sling:resourceType="help/components/step">
                  <step_par jcr:primaryType="nt:unstructured"
                            sling:resourceType="help/components/procedure/step_parsys">
                     <text_344 jcr:primaryType="nt:unstructured"
                               sling:resourceType="help/components/article-3/text"
                               text="&lt;p&gt;Define the data that you want to collect from your mobile application's subscribers. See &#xA;&#x9;&#x9;&#x9;&#x9;&#x9;&#xA;&lt;a href=&#34;/content/help/en/campaign/standard/integrating/using/configuring-campaign-points-of-interest-data-integration.html#collecting-subscribers--points-of-interest-data&#34; target=&#34;_blank&#34;&gt;Collecting subscribers' Points of interest data&lt;/a&gt;.&lt;/p&gt;&#xA;"
                               textIsRich="true"/>
                  </step_par>
               </step_139_0>
               <step_140_0 jcr:primaryType="nt:unstructured" sling:resourceType="help/components/step">
                  <step_par jcr:primaryType="nt:unstructured"
                            sling:resourceType="help/components/procedure/step_parsys">
                     <text_345 jcr:primaryType="nt:unstructured"
                               sling:resourceType="help/components/article-3/text"
                               text="&lt;p&gt;Make sure you access the mobile application and the collected location data in Adobe Campaign. See &#xA;&#x9;&#x9;&#x9;&#x9;&#x9;&#xA;&lt;a href=&#34;/content/help/en/campaign/standard/integrating/using/configuring-campaign-points-of-interest-data-integration.html#accessing-mobile-apps-used-to-collect-location-data&#34; target=&#34;_blank&#34;&gt;Accessing mobile apps used to collect location data&lt;/a&gt; and &#xA;&#x9;&#x9;&#x9;&#x9;&#x9;&#xA;&lt;a href=&#34;/content/help/en/campaign/standard/integrating/using/configuring-campaign-points-of-interest-data-integration.html#accessing-collected-location-data&#34; target=&#34;_blank&#34;&gt;Accessing collected location data&lt;/a&gt;.&lt;/p&gt;&#xA;"
                               textIsRich="true"/>
                  </step_par>
               </step_140_0>
            </proc_par>
         </procedure_13_10>
    
         <header_33 jcr:primaryType="nt:unstructured" sling:resourceType="help/components/header"
                    id="setting-up-a-mobile-app-in-campaign"
                    level="2"
                    text="&lt;p&gt;Setting up a mobile app in Campaign&lt;/p&gt;&#xA;"
                    textIsRich="'true'"/>
         <text_346 jcr:primaryType="nt:unstructured"
                   sling:resourceType="help/components/article-3/text"
                   text="&lt;p&gt;To be able to collect Points of interest data with Adobe Campaign, you must configure the mobile application which Adobe Campaign will be receiving data from.&lt;/p&gt;&#xA;"
                   textIsRich="true"/>
         <procedure_14_10 jcr:primaryType="nt:unstructured"
                          sling:resourceType="help/components/procedure">
            <proc_par jcr:primaryType="nt:unstructured"
                      sling:resourceType="help/components/procedure/proc_parsys">
               <step_141_0 jcr:primaryType="nt:unstructured" sling:resourceType="help/components/step">
                  <step_par jcr:primaryType="nt:unstructured"
                            sling:resourceType="help/components/procedure/step_parsys">
                     <text_347 jcr:primaryType="nt:unstructured"
                               sling:resourceType="help/components/article-3/text"
                               text="&lt;p&gt;Click the &lt;strong&gt;Adobe Campaign&lt;/strong&gt; logo, in the top left corner, then select &lt;strong&gt;Administration&lt;/strong&gt; &gt; &lt;strong&gt;Channels&lt;/strong&gt; &gt; &lt;strong&gt;Mobile app&lt;/strong&gt;.&lt;/p&gt;&#xA;"
                               textIsRich="true"/>
                  </step_par>
               </step_141_0>
               <step_142_0 jcr:primaryType="nt:unstructured" sling:resourceType="help/components/step">
                  <step_par jcr:primaryType="nt:unstructured"
                            sling:resourceType="help/components/procedure/step_parsys">
                     <text_348 jcr:primaryType="nt:unstructured"
                               sling:resourceType="help/components/article-3/text"
                               text="&lt;p&gt;Click &lt;strong&gt;Create&lt;/strong&gt; to set up an application.&lt;/p&gt;&#xA;"
                               textIsRich="true"/>
                  </step_par>
               </step_142_0>
               <step_143_0 jcr:primaryType="nt:unstructured" sling:resourceType="help/components/step">
                  <step_par jcr:primaryType="nt:unstructured"
                            sling:resourceType="help/components/procedure/step_parsys">
                     <text_349 jcr:primaryType="nt:unstructured"
                               sling:resourceType="help/components/article-3/text"
                               text="&lt;p&gt;Enter a name in the &lt;strong&gt;Application name&lt;/strong&gt; field and click &lt;strong&gt;Create&lt;/strong&gt;.&lt;/p&gt;&#xA;"
                               textIsRich="true"/>
                     <text_350 jcr:primaryType="nt:unstructured"
                               sling:resourceType="help/components/article-3/text"
                               text="&lt;p&gt;Do not fill in the &lt;strong&gt;Device-specific settings&lt;/strong&gt; section. This only applies to configuring applications that receive push notifications. &lt;/p&gt;&#xA;"
                               textIsRich="true"/>
                  </step_par>
               </step_143_0>
            </proc_par>
         </procedure_14_10>
         <text_351 jcr:primaryType="nt:unstructured"
                   sling:resourceType="help/components/article-3/text"
                   text="&lt;p&gt;In the &lt;strong&gt;Mobile application properties&lt;/strong&gt; section, two URLs are listed: &lt;strong&gt;Collect PII endpoint&lt;/strong&gt; and &lt;strong&gt;Location Services endpoint&lt;/strong&gt;. They will be used in the Adobe Mobile Services interface. See &#xA;&#x9;&#x9;&#x9;&#x9;&#x9;&#xA;&lt;a href=&#34;/content/help/en/campaign/standard/integrating/using/configuring-campaign-points-of-interest-data-integration.html#configuring-a-mobile-app-in-adobe-mobile-services&#34; target=&#34;_blank&#34;&gt;Configuring a mobile app in Adobe Mobile Services&lt;/a&gt;.&lt;/p&gt;&#xA;"
                   textIsRich="true"/>
         <procedure_29 jcr:primaryType="nt:unstructured"
                       sling:resourceType="help/components/procedure"
                       isBulleted="true">
            <proc_par jcr:primaryType="nt:unstructured"
                      sling:resourceType="help/components/procedure/proc_parsys">
               <step_144_29 jcr:primaryType="nt:unstructured" sling:resourceType="help/components/step">
                  <step_par jcr:primaryType="nt:unstructured"
                            sling:resourceType="help/components/procedure/step_parsys">
                     <text_352 jcr:primaryType="nt:unstructured"
                               sling:resourceType="help/components/article-3/text"
                               text="&lt;p&gt;The &lt;strong&gt;Collect PII endpoint&lt;/strong&gt; URL is used to collect the users' Experience Cloud IDs and registration tokens from the mobile application when it is launched. When a user logs into the application using credentials such as email, first name, last name etc., this data is also collected and used to reconcile the user's registration token with an Adobe Campaign profile.&lt;/p&gt;&#xA;"
                               textIsRich="true"/>
                  </step_par>
               </step_144_29>
               <step_145_29 jcr:primaryType="nt:unstructured" sling:resourceType="help/components/step">
                  <step_par jcr:primaryType="nt:unstructured"
                            sling:resourceType="help/components/procedure/step_parsys">
                     <text_353 jcr:primaryType="nt:unstructured"
                               sling:resourceType="help/components/article-3/text"
                               text="&lt;p&gt;The &lt;strong&gt;Location Services endpoint&lt;/strong&gt; URL is used to collect location data such as a user's latitude, longitude and radius from a Point of Interest.&lt;/p&gt;&#xA;"
                               textIsRich="true"/>
                  </step_par>
               </step_145_29>
            </proc_par>
         </procedure_29>
         <text_354 jcr:primaryType="nt:unstructured"
                   sling:resourceType="help/components/article-3/text"
                   text="&lt;p&gt;You can now use these values in Adobe Mobile Services to finish the configuration, as explained in the &#xA;&#x9;&#x9;&#x9;&#x9;&#x9;&#xA;&lt;a href=&#34;/content/help/en/campaign/standard/integrating/using/configuring-campaign-points-of-interest-data-integration.html#configuring-a-mobile-app-in-adobe-mobile-services&#34; target=&#34;_blank&#34;&gt;Configuring a mobile app in Adobe Mobile Services&lt;/a&gt; section.&lt;/p&gt;&#xA;"
                   textIsRich="true"/>
         <image_19 jcr:primaryType="nt:unstructured"
                   sling:resourceType="help/components/article-3/image"
                   jcr:title=""
                   alt=""
                   captionBottom=""
                   fileName="POI_mobile_app_properties.png"
                   originalFileName="images/en/POI_mobile_app_properties.png"
                   fileReference="/content/dam/help/en/campaign/standard/POI_mobile_app_properties.png"
                   imageRotate="0"
                   originalHeight=""
                   originalWidth=""
                   scaleOption="toTemplate"
                   status="legacy"/>
    
    
         <header_34 jcr:primaryType="nt:unstructured" sling:resourceType="help/components/header"
                    id="configuring-a-mobile-app-in-adobe-mobile-services"
                    level="2"
                    text="&lt;p&gt;Configuring a mobile app in Adobe Mobile Services&lt;/p&gt;&#xA;"
                    textIsRich="'true'"/>
         <text_355 jcr:primaryType="nt:unstructured"
                   sling:resourceType="help/components/article-3/text"
                   text="&lt;p&gt;To send the data collected by Adobe Mobile Services to Adobe Campaign, you must configure postbacks in the Mobile Services interface.&lt;/p&gt;&#xA;"
                   textIsRich="true"/>
         <text_356 jcr:primaryType="nt:unstructured"
                   sling:resourceType="help/components/article-3/text"
                   text="&lt;p&gt;You will need specific information that you can find in the mobile application parameters set in Adobe Campaign (see &#xA;&#x9;&#x9;&#x9;&#x9;&#x9;&#xA;&lt;a href=&#34;/content/help/en/campaign/standard/integrating/using/configuring-campaign-points-of-interest-data-integration.html#setting-up-a-mobile-app-in-campaign&#34; target=&#34;_blank&#34;&gt;Setting up a mobile app in Campaign&lt;/a&gt;):&lt;/p&gt;&#xA;"
                   textIsRich="true"/>
         <procedure_30 jcr:primaryType="nt:unstructured"
                       sling:resourceType="help/components/procedure"
                       isBulleted="true">
            <proc_par jcr:primaryType="nt:unstructured"
                      sling:resourceType="help/components/procedure/proc_parsys">
               <step_146_30 jcr:primaryType="nt:unstructured" sling:resourceType="help/components/step">
                  <step_par jcr:primaryType="nt:unstructured"
                            sling:resourceType="help/components/procedure/step_parsys">
                     <text_357 jcr:primaryType="nt:unstructured"
                               sling:resourceType="help/components/article-3/text"
                               text="&lt;p&gt;&lt;strong&gt;IMS Organization ID&lt;/strong&gt;&lt;/p&gt;&#xA;"
                               textIsRich="true"/>
                  </step_par>
               </step_146_30>
               <step_147_30 jcr:primaryType="nt:unstructured" sling:resourceType="help/components/step">
                  <step_par jcr:primaryType="nt:unstructured"
                            sling:resourceType="help/components/procedure/step_parsys">
                     <text_358 jcr:primaryType="nt:unstructured"
                               sling:resourceType="help/components/article-3/text"
                               text="&lt;p&gt;&lt;strong&gt;Collect PII Endpoint&lt;/strong&gt;&lt;/p&gt;&#xA;"
                               textIsRich="true"/>
                  </step_par>
               </step_147_30>
               <step_148_30 jcr:primaryType="nt:unstructured" sling:resourceType="help/components/step">
                  <step_par jcr:primaryType="nt:unstructured"
                            sling:resourceType="help/components/procedure/step_parsys">
                     <text_359 jcr:primaryType="nt:unstructured"
                               sling:resourceType="help/components/article-3/text"
                               text="&lt;p&gt;&lt;strong&gt;Location Services endpoint&lt;/strong&gt;&lt;/p&gt;&#xA;"
                               textIsRich="true"/>
                  </step_par>
               </step_148_30>
            </proc_par>
         </procedure_30>
      
         <text_360 jcr:primaryType="nt:unstructured"
                   sling:resourceType="help/components/article-3/text"
                   text="&lt;p&gt;You must have access to Adobe Analytics to do the following configuration. If you are not an Adobe Analytics user, contact your Adobe Campaign administrator.&lt;/p&gt;&#xA;"
                   textIsRich="true"/>
         <procedure_15_10 jcr:primaryType="nt:unstructured"
                          sling:resourceType="help/components/procedure">
            <proc_par jcr:primaryType="nt:unstructured"
                      sling:resourceType="help/components/procedure/proc_parsys">
               <step_149_0 jcr:primaryType="nt:unstructured" sling:resourceType="help/components/step">
                  <step_par jcr:primaryType="nt:unstructured"
                            sling:resourceType="help/components/procedure/step_parsys">
                     <text_361 jcr:primaryType="nt:unstructured"
                               sling:resourceType="help/components/article-3/text"
                               text="&lt;p&gt;Log into &#xA;&lt;a href=&#34;http://mobilemarketing.adobe.com/&#34;&gt;mobilemarketing.adobe.com&lt;/a&gt;.&lt;/p&gt;&#xA;"
                               textIsRich="true"/>
                  </step_par>
               </step_149_0>
               <step_150_0 jcr:primaryType="nt:unstructured" sling:resourceType="help/components/step">
                  <step_par jcr:primaryType="nt:unstructured"
                            sling:resourceType="help/components/procedure/step_parsys">
                     <text_362 jcr:primaryType="nt:unstructured"
                               sling:resourceType="help/components/article-3/text"
                               text="&lt;p&gt;Create the application or select an existing one.&lt;/p&gt;&#xA;"
                               textIsRich="true"/>
                  </step_par>
               </step_150_0>
               <step_151_0 jcr:primaryType="nt:unstructured" sling:resourceType="help/components/step">
                  <step_par jcr:primaryType="nt:unstructured"
                            sling:resourceType="help/components/procedure/step_parsys">
                     <text_363 jcr:primaryType="nt:unstructured"
                               sling:resourceType="help/components/article-3/text"
                               text="&lt;p&gt;Go to the &lt;strong&gt;Manage App Settings&lt;/strong&gt; page.&lt;/p&gt;&#xA;"
                               textIsRich="true"/>
                  </step_par>
               </step_151_0>
               <step_152_0 jcr:primaryType="nt:unstructured" sling:resourceType="help/components/step">
                  <step_par jcr:primaryType="nt:unstructured"
                            sling:resourceType="help/components/procedure/step_parsys">
                     <text_364 jcr:primaryType="nt:unstructured"
                               sling:resourceType="help/components/article-3/text"
                               text="&lt;p&gt;In the &lt;strong&gt;Visitor ID Service &lt;/strong&gt; section, check &lt;strong&gt;Enable&lt;/strong&gt; and select your organization from the drop-down list. Click &lt;strong&gt;Save&lt;/strong&gt;.&lt;/p&gt;&#xA;"
                               textIsRich="true"/>
                     <caution_1 jcr:primaryType="nt:unstructured"
                                sling:resourceType="help/components/article-3/note"
                                text="&lt;p&gt;&#xA;            This organization must be the same as the one you use on the Adobe Campaign instance.&#xA;          &lt;/p&gt;&#xA;"
                                textIsRich="true"
                                type="caution"/>
                  </step_par>
               </step_152_0>
               <step_153_0 jcr:primaryType="nt:unstructured" sling:resourceType="help/components/step">
                  <step_par jcr:primaryType="nt:unstructured"
                            sling:resourceType="help/components/procedure/step_parsys">
                     <text_366 jcr:primaryType="nt:unstructured"
                               sling:resourceType="help/components/article-3/text"
                               text="&lt;p&gt;Click &lt;strong&gt;Manage Postbacks&lt;/strong&gt;.&lt;/p&gt;&#xA;"
                               textIsRich="true"/>
                  </step_par>
               </step_153_0>
               <step_154_0 jcr:primaryType="nt:unstructured" sling:resourceType="help/components/step">
                  <step_par jcr:primaryType="nt:unstructured"
                            sling:resourceType="help/components/procedure/step_parsys">
                     <text_367 jcr:primaryType="nt:unstructured"
                               sling:resourceType="help/components/article-3/text"
                               text="&lt;p&gt;Create a postback.&lt;/p&gt;&#xA;"
                               textIsRich="true"/>
                     <procedure_31 jcr:primaryType="nt:unstructured"
                                   sling:resourceType="help/components/procedure"
                                   isBulleted="true">
                        <proc_par jcr:primaryType="nt:unstructured"
                                  sling:resourceType="help/components/procedure/proc_parsys">
                           <step_154_31 jcr:primaryType="nt:unstructured" sling:resourceType="help/components/step">
                              <step_par jcr:primaryType="nt:unstructured"
                                        sling:resourceType="help/components/procedure/step_parsys">
                                 <text_368 jcr:primaryType="nt:unstructured"
                                           sling:resourceType="help/components/article-3/text"
                                           text="&lt;p&gt;Select &lt;strong&gt;PII&lt;/strong&gt; as the &lt;strong&gt;Postback Type&lt;/strong&gt;.&lt;/p&gt;&#xA;"
                                           textIsRich="true"/>
                              </step_par>
                           </step_154_31>
                           <step_155_31 jcr:primaryType="nt:unstructured" sling:resourceType="help/components/step">
                              <step_par jcr:primaryType="nt:unstructured"
                                        sling:resourceType="help/components/procedure/step_parsys">
                                 <text_369 jcr:primaryType="nt:unstructured"
                                           sling:resourceType="help/components/article-3/text"
                                           text="&lt;p&gt;In the &lt;strong&gt;URL&lt;/strong&gt; field, copy the &lt;strong&gt;Collect PII Endpoint&lt;/strong&gt; URL from the mobile application that you configured in the Adobe Campaign interface, preceded by the server name. See &#xA;&#x9;&#x9;&#x9;&#x9;&#x9;&#xA;&lt;a href=&#34;/content/help/en/campaign/standard/integrating/using/configuring-campaign-points-of-interest-data-integration.html#setting-up-a-mobile-app-in-campaign&#34; target=&#34;_blank&#34;&gt;Setting up a mobile app in Campaign&lt;/a&gt;.&lt;/p&gt;&#xA;"
                                           textIsRich="true"/>
                              </step_par>
                           </step_155_31>
                           <step_156_31 jcr:primaryType="nt:unstructured" sling:resourceType="help/components/step">
                              <step_par jcr:primaryType="nt:unstructured"
                                        sling:resourceType="help/components/procedure/step_parsys">
                                 <text_370 jcr:primaryType="nt:unstructured"
                                           sling:resourceType="help/components/article-3/text"
                                           text="&lt;p&gt;Fill in the &lt;strong&gt;Post Body&lt;/strong&gt; field as follows:&lt;/p&gt;&#xA;"
                                           textIsRich="true"/>
                                 <text_371 jcr:primaryType="nt:unstructured"
                                           sling:resourceType="help/components/article-3/text"
                                           text="&lt;p&gt;For iOS:&lt;/p&gt;&#xA;"
                                           textIsRich="true"/>
                                 <codelisting_sh0 jcr:primaryType="nt:unstructured"
                                                  sling:resourceType="help/components/codeblock"
                                                  codeLanguage="html"
                                                  gutter="true"
                                                  text="\{&#xA;&#34;userKey&#34;: &#34;{userKey}&#34;,&#xA;&#34;pushPlatform&#34;:&#34;apns&#34;,&#xA;&#34;marketingCloudId&#34;:&#34;{%mcid%}&#34;,&#xA;&#34;cusEmail&#34;:&#34;{email}&#34;,&#xA;&#34;cusFirstName&#34;:&#34;{firstName}&#34;,&#xA;&#34;cusLastName&#34;:&#34;{lastName}&#34;&#xA;}&#xA;"/>
                                 <text_372 jcr:primaryType="nt:unstructured"
                                           sling:resourceType="help/components/article-3/text"
                                           text="&lt;p&gt;For Android:&lt;/p&gt;&#xA;"
                                           textIsRich="true"/>
                                 <codelisting_sh1 jcr:primaryType="nt:unstructured"
                                                  sling:resourceType="help/components/codeblock"
                                                  codeLanguage="html"
                                                  gutter="true"
                                                  text="\{&#xA;&#34;userKey&#34;: &#34;{userKey}&#34;,&#xA;&#34;pushPlatform&#34;:&#34;gcm&#34;,&#xA;&#34;marketingCloudId&#34;:&#34;{%mcid%}&#34;,&#xA;&#34;cusEmail&#34;:&#34;{email}&#34;,&#xA;&#34;cusFirstName&#34;:&#34;{firstName}&#34;,&#xA;&#34;cusLastName&#34;:&#34;{lastName}&#34;&#xA;}&#xA;"/>
              
                              </step_par>
                           </step_156_31>
                           <step_157_31 jcr:primaryType="nt:unstructured" sling:resourceType="help/components/step">
                              <step_par jcr:primaryType="nt:unstructured"
                                        sling:resourceType="help/components/procedure/step_parsys">
                                 <text_373 jcr:primaryType="nt:unstructured"
                                           sling:resourceType="help/components/article-3/text"
                                           text="&lt;p&gt;Set &lt;strong&gt;Content Type&lt;/strong&gt; as &lt;strong&gt;application/json&lt;/strong&gt;.&lt;/p&gt;&#xA;"
                                           textIsRich="true"/>
                              </step_par>
                           </step_157_31>
                           <step_158_31 jcr:primaryType="nt:unstructured" sling:resourceType="help/components/step">
                              <step_par jcr:primaryType="nt:unstructured"
                                        sling:resourceType="help/components/procedure/step_parsys">
                                 <text_374 jcr:primaryType="nt:unstructured"
                                           sling:resourceType="help/components/article-3/text"
                                           text="&lt;p&gt;In the &lt;strong&gt;Which Data Tags Trigger the Postback?&lt;/strong&gt;, select any event, typically &lt;strong&gt;Launched&lt;/strong&gt; and &lt;strong&gt;exists&lt;/strong&gt;.&lt;/p&gt;&#xA;"
                                           textIsRich="true"/>
                              </step_par>
                           </step_158_31>
                           <step_159_31 jcr:primaryType="nt:unstructured" sling:resourceType="help/components/step">
                              <step_par jcr:primaryType="nt:unstructured"
                                        sling:resourceType="help/components/procedure/step_parsys">
                                 <text_375 jcr:primaryType="nt:unstructured"
                                           sling:resourceType="help/components/article-3/text"
                                           text="&lt;p&gt;Click &lt;strong&gt;Save &amp; Activate&lt;/strong&gt;.&lt;/p&gt;&#xA;"
                                           textIsRich="true"/>
                              </step_par>
                           </step_159_31>
                        </proc_par>
                     </procedure_31>
                  </step_par>
               </step_154_0>
               <step_161_0 jcr:primaryType="nt:unstructured" sling:resourceType="help/components/step">
                  <step_par jcr:primaryType="nt:unstructured"
                            sling:resourceType="help/components/procedure/step_parsys">
                     <text_376 jcr:primaryType="nt:unstructured"
                               sling:resourceType="help/components/article-3/text"
                               text="&lt;p&gt;Create a second postback.&lt;/p&gt;&#xA;"
                               textIsRich="true"/>
                     <procedure_32 jcr:primaryType="nt:unstructured"
                                   sling:resourceType="help/components/procedure"
                                   isBulleted="true">
                        <proc_par jcr:primaryType="nt:unstructured"
                                  sling:resourceType="help/components/procedure/proc_parsys">
                           <step_161_32 jcr:primaryType="nt:unstructured" sling:resourceType="help/components/step">
                              <step_par jcr:primaryType="nt:unstructured"
                                        sling:resourceType="help/components/procedure/step_parsys">
                                 <text_377 jcr:primaryType="nt:unstructured"
                                           sling:resourceType="help/components/article-3/text"
                                           text="&lt;p&gt;Select &lt;strong&gt;Postback&lt;/strong&gt; as the &lt;strong&gt;Postback Type&lt;/strong&gt;.&lt;/p&gt;&#xA;"
                                           textIsRich="true"/>
                              </step_par>
                           </step_161_32>
                           <step_162_32 jcr:primaryType="nt:unstructured" sling:resourceType="help/components/step">
                              <step_par jcr:primaryType="nt:unstructured"
                                        sling:resourceType="help/components/procedure/step_parsys">
                                 <text_378 jcr:primaryType="nt:unstructured"
                                           sling:resourceType="help/components/article-3/text"
                                           text="&lt;p&gt;In the &lt;strong&gt;URL&lt;/strong&gt; field, copy the &lt;strong&gt;Location Services Endpoint&lt;/strong&gt; URL from the mobile application that you configured in the Adobe Campaign interface, preceded by the server name. See &#xA;&#x9;&#x9;&#x9;&#x9;&#x9;&#xA;&lt;a href=&#34;/content/help/en/campaign/standard/integrating/using/configuring-campaign-points-of-interest-data-integration.html#setting-up-a-mobile-app-in-campaign&#34; target=&#34;_blank&#34;&gt;Setting up a mobile app in Campaign&lt;/a&gt;.&lt;/p&gt;&#xA;"
                                           textIsRich="true"/>
                              </step_par>
                           </step_162_32>
                           <step_163_32 jcr:primaryType="nt:unstructured" sling:resourceType="help/components/step">
                              <step_par jcr:primaryType="nt:unstructured"
                                        sling:resourceType="help/components/procedure/step_parsys">
                                 <text_379 jcr:primaryType="nt:unstructured"
                                           sling:resourceType="help/components/article-3/text"
                                           text="&lt;p&gt;Fill in the &lt;strong&gt;Post Body&lt;/strong&gt; field as follows:&lt;/p&gt;&#xA;"
                                           textIsRich="true"/>
                                 <codelisting_sh2 jcr:primaryType="nt:unstructured"
                                                  sling:resourceType="help/components/codeblock"
                                                  codeLanguage="html"
                                                  gutter="true"
                                                  text="\&#xA;{&#xA;&#34;locationData&#34;:{&#xA;&#34;distances&#34;:&#34;{a.loc.dist}&#34;,&#xA;&#34;poiLabel&#34;:&#34;{a.loc.poi}&#34;,&#xA;&#34;latitude.a&#34;:&#34;{a.loc.lat.a}&#34;,&#xA;&#34;latitude.b&#34;:&#34;{a.loc.lat.b}&#34;,&#xA;&#34;latitude.c&#34;:&#34;{a.loc.lat.c}&#34;,&#xA;&#34;longitude.a&#34;:&#34;{a.loc.lon.a}&#34;,&#xA;&#34;longitude.b&#34;:&#34;{a.loc.lon.b}&#34;,&#xA;&#34;longitude.c&#34;:&#34;{a.loc.lon.c}&#34;,&#xA;&#34;appId&#34;:&#34;{a.appid}&#34;,&#xA;&#34;marketingCloudId&#34;:&#34;{mid}&#34;&#xA;}&#xA;}&#xA;"/>
                              </step_par>
                           </step_163_32>
                           <step_164_32 jcr:primaryType="nt:unstructured" sling:resourceType="help/components/step">
                              <step_par jcr:primaryType="nt:unstructured"
                                        sling:resourceType="help/components/procedure/step_parsys">
                                 <text_380 jcr:primaryType="nt:unstructured"
                                           sling:resourceType="help/components/article-3/text"
                                           text="&lt;p&gt;Set &lt;strong&gt;Content Type&lt;/strong&gt; as &lt;strong&gt;application/json&lt;/strong&gt;.&lt;/p&gt;&#xA;"
                                           textIsRich="true"/>
                              </step_par>
                           </step_164_32>
                           <step_165_32 jcr:primaryType="nt:unstructured" sling:resourceType="help/components/step">
                              <step_par jcr:primaryType="nt:unstructured"
                                        sling:resourceType="help/components/procedure/step_parsys">
                                 <text_381 jcr:primaryType="nt:unstructured"
                                           sling:resourceType="help/components/article-3/text"
                                           text="&lt;p&gt;In the &lt;strong&gt;Which Data Tags Trigger the Postback?&lt;/strong&gt;, select &lt;strong&gt;campaign.test&lt;/strong&gt; and &lt;strong&gt;exists&lt;/strong&gt;.&lt;/p&gt;&#xA;"
                                           textIsRich="true"/>
                              </step_par>
                           </step_165_32>
                           <step_166_32 jcr:primaryType="nt:unstructured" sling:resourceType="help/components/step">
                              <step_par jcr:primaryType="nt:unstructured"
                                        sling:resourceType="help/components/procedure/step_parsys">
                                 <text_382 jcr:primaryType="nt:unstructured"
                                           sling:resourceType="help/components/article-3/text"
                                           text="&lt;p&gt;Click &lt;strong&gt;Save &amp; Activate&lt;/strong&gt;.&lt;/p&gt;&#xA;"
                                           textIsRich="true"/>
                              </step_par>
                           </step_166_32>
                        </proc_par>
                     </procedure_32>
                  </step_par>
               </step_161_0>
            </proc_par>
         </procedure_15_10>
         <note_3 jcr:primaryType="nt:unstructured"
                 sling:resourceType="help/components/article-3/note"
                 text="&lt;p&gt;&#xA;        For detailed information on configuring postbacks, refer to the &#xA;&lt;a href=&#34;https://marketing.adobe.com/resources/help/en_US/mobile/signals_.html&#34;&gt;Adobe Mobile Services documentation&lt;/a&gt;.&#xA;      &lt;/p&gt;&#xA;"
                 textIsRich="true"
                 type="note"/>
    
    
         <header_35 jcr:primaryType="nt:unstructured" sling:resourceType="help/components/header"
                    id="integrating-the-sdk-into-a-mobile-application"
                    level="2"
                    text="&lt;p&gt;Integrating the SDK into a mobile application&lt;/p&gt;&#xA;"
                    textIsRich="'true'"/>
         <text_384 jcr:primaryType="nt:unstructured"
                   sling:resourceType="help/components/article-3/text"
                   text="&lt;p&gt;The Mobile core service’s software development kit (SDK) facilitates the integration of a mobile application into Adobe Campaign.&lt;/p&gt;&#xA;"
                   textIsRich="true"/>
         <text_385 jcr:primaryType="nt:unstructured"
                   sling:resourceType="help/components/article-3/text"
                   text="&lt;p&gt;This step is described in the &#xA;&#x9;&#x9;&#x9;&#x9;&#x9;&#x9;&#x9;&#x9;&#x9;&#x9;&#x9;&#xA;&#x9;&#x9;&#x9;&#x9;&#x9;&#x9;&#x9;&lt;a href=&#34;/content/help/en/campaign/standard/administration/using/configuring-a-mobile-application-using-sdk-v4.html#integrating-the-sdk-into-a-mobile-application&#34;&gt;Administrating guide&lt;/a&gt;.&lt;/p&gt;&#xA;"
                   textIsRich="true"/>
    
    
         <header_36 jcr:primaryType="nt:unstructured" sling:resourceType="help/components/header"
                    id="defining-points-of-interest-in-adobe-mobile-services"
                    level="2"
                    text="&lt;p&gt;Defining Points of Interest in Adobe Mobile Services&lt;/p&gt;&#xA;"
                    textIsRich="'true'"/>
         <text_386 jcr:primaryType="nt:unstructured"
                   sling:resourceType="help/components/article-3/text"
                   text="&lt;p&gt;To define the Points of Interest that are used to collect location data:&lt;/p&gt;&#xA;"
                   textIsRich="true"/>
         <procedure_16_10 jcr:primaryType="nt:unstructured"
                          sling:resourceType="help/components/procedure">
            <proc_par jcr:primaryType="nt:unstructured"
                      sling:resourceType="help/components/procedure/proc_parsys">
               <step_168_0 jcr:primaryType="nt:unstructured" sling:resourceType="help/components/step">
                  <step_par jcr:primaryType="nt:unstructured"
                            sling:resourceType="help/components/procedure/step_parsys">
                     <text_387 jcr:primaryType="nt:unstructured"
                               sling:resourceType="help/components/article-3/text"
                               text="&lt;p&gt;Go to the Adobe Mobile Services interface.&lt;/p&gt;&#xA;"
                               textIsRich="true"/>
                  </step_par>
               </step_168_0>
               <step_169_0 jcr:primaryType="nt:unstructured" sling:resourceType="help/components/step">
                  <step_par jcr:primaryType="nt:unstructured"
                            sling:resourceType="help/components/procedure/step_parsys">
                     <text_388 jcr:primaryType="nt:unstructured"
                               sling:resourceType="help/components/article-3/text"
                               text="&lt;p&gt;Add your application.&lt;/p&gt;&#xA;"
                               textIsRich="true"/>
                     <text_389 jcr:primaryType="nt:unstructured"
                               sling:resourceType="help/components/article-3/text"
                               text="&lt;p&gt;For more information on managing applications in Mobile Services, refer to the &#xA;&lt;a href=&#34;https://marketing.adobe.com/resources/help/en_US/mobile/t_new_app.html&#34;&gt;Adobe Mobile Services documentation&lt;/a&gt;.&lt;/p&gt;&#xA;"
                               textIsRich="true"/>
                  </step_par>
               </step_169_0>
               <step_170_0 jcr:primaryType="nt:unstructured" sling:resourceType="help/components/step">
                  <step_par jcr:primaryType="nt:unstructured"
                            sling:resourceType="help/components/procedure/step_parsys">
                     <text_390 jcr:primaryType="nt:unstructured"
                               sling:resourceType="help/components/article-3/text"
                               text="&lt;p&gt;Define the Points of Interest.&lt;/p&gt;&#xA;"
                               textIsRich="true"/>
                     <text_391 jcr:primaryType="nt:unstructured"
                               sling:resourceType="help/components/article-3/text"
                               text="&lt;p&gt;For more information on managing Points of Interest, refer to the &#xA;&lt;a href=&#34;https://marketing.adobe.com/resources/help/en_US/mobile/t_manage_points.html&#34;&gt;Adobe Mobile Services documentation&lt;/a&gt;.&lt;/p&gt;&#xA;"
                               textIsRich="true"/>
                  </step_par>
               </step_170_0>
            </proc_par>
         </procedure_16_10>
    
    
         <header_37 jcr:primaryType="nt:unstructured" sling:resourceType="help/components/header"
                    id="collecting-subscribers--points-of-interest-data"
                    level="2"
                    text="&lt;p&gt;Collecting subscribers' Points of interest data&lt;/p&gt;&#xA;"
                    textIsRich="'true'"/>
         <text_392 jcr:primaryType="nt:unstructured"
                   sling:resourceType="help/components/article-3/text"
                   text="&lt;p&gt;A specific custom resource enables you to define the data that you want to collect from your applications' subscribers.&lt;/p&gt;&#xA;"
                   textIsRich="true"/>
         <text_393 jcr:primaryType="nt:unstructured"
                   sling:resourceType="help/components/article-3/text"
                   text="&lt;p&gt;This step is described in the &#xA;&#x9;&#x9;&#x9;&#x9;&#x9;&#x9;&#x9;&#x9;&#x9;&#x9;&#x9;&#xA;&#x9;&#x9;&#x9;&#x9;&#x9;&#x9;&#x9;&lt;a href=&#34;/content/help/en/campaign/standard/administration/using/configuring-a-mobile-application-using-sdk-v4.html#collecting-subscribers--data-from-a-mobile-application&#34;&gt;Administrating guide&lt;/a&gt;.&lt;/p&gt;&#xA;"
                   textIsRich="true"/>
    
    
         <header_38 jcr:primaryType="nt:unstructured" sling:resourceType="help/components/header"
                    id="accessing-mobile-apps-used-to-collect-location-data"
                    level="2"
                    text="&lt;p&gt;Accessing mobile apps used to collect location data&lt;/p&gt;&#xA;"
                    textIsRich="'true'"/>
         <text_394 jcr:primaryType="nt:unstructured"
                   sling:resourceType="help/components/article-3/text"
                   text="&lt;p&gt;To access the successfully created applications in Adobe Campaign:&lt;/p&gt;&#xA;"
                   textIsRich="true"/>
         <procedure_17_10 jcr:primaryType="nt:unstructured"
                          sling:resourceType="help/components/procedure">
            <proc_par jcr:primaryType="nt:unstructured"
                      sling:resourceType="help/components/procedure/proc_parsys">
               <step_171_0 jcr:primaryType="nt:unstructured" sling:resourceType="help/components/step">
                  <step_par jcr:primaryType="nt:unstructured"
                            sling:resourceType="help/components/procedure/step_parsys">
                     <text_395 jcr:primaryType="nt:unstructured"
                               sling:resourceType="help/components/article-3/text"
                               text="&lt;p&gt;Click the &lt;strong&gt;Adobe Campaign&lt;/strong&gt; logo, in the top left corner.&lt;/p&gt;&#xA;"
                               textIsRich="true"/>
                  </step_par>
               </step_171_0>
               <step_172_0 jcr:primaryType="nt:unstructured" sling:resourceType="help/components/step">
                  <step_par jcr:primaryType="nt:unstructured"
                            sling:resourceType="help/components/procedure/step_parsys">
                     <text_396 jcr:primaryType="nt:unstructured"
                               sling:resourceType="help/components/article-3/text"
                               text="&lt;p&gt;Select &lt;strong&gt;Administration&lt;/strong&gt; &gt; &lt;strong&gt;Channels&lt;/strong&gt; &gt; &lt;strong&gt;Mobile app&lt;/strong&gt;.&lt;/p&gt;&#xA;"
                               textIsRich="true"/>
                  </step_par>
               </step_172_0>
               <step_173_0 jcr:primaryType="nt:unstructured" sling:resourceType="help/components/step">
                  <step_par jcr:primaryType="nt:unstructured"
                            sling:resourceType="help/components/procedure/step_parsys">
                     <text_397 jcr:primaryType="nt:unstructured"
                               sling:resourceType="help/components/article-3/text"
                               text="&lt;p&gt;Select a mobile application from the list to display its properties.&lt;/p&gt;&#xA;"
                               textIsRich="true"/>
                     <image_20 jcr:primaryType="nt:unstructured"
                               sling:resourceType="help/components/article-3/image"
                               jcr:title=""
                               alt=""
                               captionBottom=""
                               fileName="POI_mobile_app_subscribers.png"
                               originalFileName="images/en/POI_mobile_app_subscribers.png"
                               fileReference="/content/dam/help/en/campaign/standard/POI_mobile_app_subscribers.png"
                               imageRotate="0"
                               originalHeight=""
                               originalWidth=""
                               scaleOption="toTemplate"
                               status="legacy"/>
                  </step_par>
               </step_173_0>
            </proc_par>
         </procedure_17_10>
         <text_398 jcr:primaryType="nt:unstructured"
                   sling:resourceType="help/components/article-3/text"
                   text="&lt;p&gt;A list of the application's subscribers is also displayed. The subscribers are all of the users who have installed the application on their mobile device. The Adobe Campaign database profiles are identified with a registration token.&lt;/p&gt;&#xA;"
                   textIsRich="true"/>
    
    
         <header_39 jcr:primaryType="nt:unstructured" sling:resourceType="help/components/header"
                    id="accessing-collected-location-data"
                    level="2"
                    text="&lt;p&gt;Accessing collected location data&lt;/p&gt;&#xA;"
                    textIsRich="'true'"/>
         <text_399 jcr:primaryType="nt:unstructured"
                   sling:resourceType="help/components/article-3/text"
                   text="&lt;p&gt;Once the setup is done, the collected Points of Interest data is listed in the &lt;strong&gt;Places&lt;/strong&gt; tab of each profile. To access the list:&lt;/p&gt;&#xA;"
                   textIsRich="true"/>
         <procedure_18_10 jcr:primaryType="nt:unstructured"
                          sling:resourceType="help/components/procedure">
            <proc_par jcr:primaryType="nt:unstructured"
                      sling:resourceType="help/components/procedure/proc_parsys">
               <step_174_0 jcr:primaryType="nt:unstructured" sling:resourceType="help/components/step">
                  <step_par jcr:primaryType="nt:unstructured"
                            sling:resourceType="help/components/procedure/step_parsys">
                     <text_400 jcr:primaryType="nt:unstructured"
                               sling:resourceType="help/components/article-3/text"
                               text="&lt;p&gt;Select a profile.&lt;/p&gt;&#xA;"
                               textIsRich="true"/>
                  </step_par>
               </step_174_0>
               <step_175_0 jcr:primaryType="nt:unstructured" sling:resourceType="help/components/step">
                  <step_par jcr:primaryType="nt:unstructured"
                            sling:resourceType="help/components/procedure/step_parsys">
                     <text_401 jcr:primaryType="nt:unstructured"
                               sling:resourceType="help/components/article-3/text"
                               text="&lt;p&gt;Click the &lt;strong&gt;Edit profile properties&lt;/strong&gt; button on the right.&lt;/p&gt;&#xA;"
                               textIsRich="true"/>
                  </step_par>
               </step_175_0>
               <step_176_0 jcr:primaryType="nt:unstructured" sling:resourceType="help/components/step">
                  <step_par jcr:primaryType="nt:unstructured"
                            sling:resourceType="help/components/procedure/step_parsys">
                     <text_402 jcr:primaryType="nt:unstructured"
                               sling:resourceType="help/components/article-3/text"
                               text="&lt;p&gt;Select the &lt;strong&gt;Places&lt;/strong&gt; tab.&lt;/p&gt;&#xA;"
                               textIsRich="true"/>
                     <image_21 jcr:primaryType="nt:unstructured"
                               sling:resourceType="help/components/article-3/image"
                               jcr:title=""
                               alt=""
                               captionBottom=""
                               fileName="POI_profile_places.png"
                               originalFileName="images/en/POI_profile_places.png"
                               fileReference="/content/dam/help/en/campaign/standard/POI_profile_places.png"
                               imageRotate="0"
                               originalHeight=""
                               originalWidth=""
                               scaleOption="toTemplate"
                               status="legacy"/>
                  </step_par>
               </step_176_0>
            </proc_par>
         </procedure_18_10>
         <text_403 jcr:primaryType="nt:unstructured"
                   sling:resourceType="help/components/article-3/text"
                   text="&lt;p&gt;The collected Points of Interest data for the current profile are listed. Location data are stored in the Adobe Campaign database for six months.&lt;/p&gt;&#xA;"
                   textIsRich="true"/>
         <text_404 jcr:primaryType="nt:unstructured"
                   sling:resourceType="help/components/article-3/text"
                   text="&lt;p&gt;&lt;strong&gt;Related topics:&lt;/strong&gt;&lt;/p&gt;&#xA;"
                   textIsRich="true"/>
         <text_405 jcr:primaryType="nt:unstructured"
                   sling:resourceType="help/components/article-3/text"
                   text="&lt;p&gt;For more information on accessing and editing profiles, see &#xA;&#x9;&#x9;&#x9;&#x9;&#x9;&#x9;&#x9;&#x9;&#x9;&#x9;&#x9;&#xA;&#x9;&#x9;&#x9;&#x9;&#x9;&#x9;&#x9;&lt;a href=&#34;/content/help/en/campaign/standard/audiences/using/about-profiles.html&#34;&gt;Profiles&lt;/a&gt;.&lt;/p&gt;&#xA;"
                   textIsRich="true"/>
    
      </main-pars>
      <hero jcr:primaryType="nt:unstructured"
            sling:resourceType="foundation/components/image"/>
      <thumbnail jcr:primaryType="nt:unstructured"
                 sling:resourceType="foundation/components/image"/>
      <publisherLogo jcr:primaryType="nt:unstructured"
                     sling:resourceType="foundation/components/image"/>
   </jcr:content>
</jcr:root>