<?xml version="1.0" encoding="UTF-8"?>
<jcr:root xmlns:nt="http://www.jcp.org/jcr/nt/1.0" xmlns:json="http://json.org/"
          xmlns:sling="http://sling.apache.org/jcr/sling/1.0"
          xmlns:cq="http://www.day.com/jcr/cq/1.0"
          xmlns:jcr="http://www.jcp.org/jcr/1.0"
          xmlns:mix="http://www.jcp.org/jcr/mix/1.0"
          jcr:primaryType="cq:Page">
   <jcr:content navTitle="Configuring the Campaign-Target integration"
                jcr:primaryType="cq:PageContent"
                sling:resourceType="help/components/pages/article-3"
                heroGradient="light"
                jcr:language="en_us"
                cq:designPath="/etc/designs/help"
                cq:template="/apps/help/templates/article-3"
                jcr:mixinTypes="[mix:versionable]"
                jcr:title="Configuring the Campaign-Target integration"
                jcr:description="Configuring the Campaign-Target integration"
                seoDescription="Learn how to configure the Adobe Target integration to start using dynamic content in Adobe Campaign."
                primaryProductTag="[products:SG_CAMPAIGN/STANDARD]"
                cq:tags="[products:SG_CAMPAIGN/STANDARD,audience:integrating,content_type:reference,topic_tags:working-with-campaign-and-target]"
                primaryAudienceTag="[audience:integrating]"
                contentOwner="sauviat"
                isReadyForLocalization="true"
                publishExternalDate="2018-09-04">
      <main-pars jcr:primaryType="nt:unstructured"
                 sling:resourceType="foundation/components/parsys">
    
    
      
    
         <text_105 jcr:primaryType="nt:unstructured"
                   sling:resourceType="help/components/article-3/text"
                   text="&lt;p&gt;The integration between Adobe Campaign and Adobe Target lets you insert dynamic content in your delivery.&lt;/p&gt;&#xA;"
                   textIsRich="true"/>
         <text_106 jcr:primaryType="nt:unstructured"
                   sling:resourceType="help/components/article-3/text"
                   text="&lt;p&gt;A configuration is first needed in Adobe Campaign to use the integration functionalities with Adobe Target and must be managed by the functional administrator.&lt;/p&gt;&#xA;"
                   textIsRich="true"/>
         <text_107 jcr:primaryType="nt:unstructured"
                   sling:resourceType="help/components/article-3/text"
                   text="&lt;p&gt;The following elements are needed for this procedure:&lt;/p&gt;&#xA;"
                   textIsRich="true"/>
         <procedure_10 jcr:primaryType="nt:unstructured"
                       sling:resourceType="help/components/procedure"
                       isBulleted="true">
            <proc_par jcr:primaryType="nt:unstructured"
                      sling:resourceType="help/components/procedure/proc_parsys">
               <step_40_10 jcr:primaryType="nt:unstructured" sling:resourceType="help/components/step">
                  <step_par jcr:primaryType="nt:unstructured"
                            sling:resourceType="help/components/procedure/step_parsys">
                     <text_108 jcr:primaryType="nt:unstructured"
                               sling:resourceType="help/components/article-3/text"
                               text="&lt;p&gt;An Adobe Experience Cloud tenant&lt;/p&gt;&#xA;"
                               textIsRich="true"/>
                  </step_par>
               </step_40_10>
               <step_41_10 jcr:primaryType="nt:unstructured" sling:resourceType="help/components/step">
                  <step_par jcr:primaryType="nt:unstructured"
                            sling:resourceType="help/components/procedure/step_parsys">
                     <text_109 jcr:primaryType="nt:unstructured"
                               sling:resourceType="help/components/article-3/text"
                               text="&lt;p&gt;An Adobe Target tenant&lt;/p&gt;&#xA;"
                               textIsRich="true"/>
                  </step_par>
               </step_41_10>
               <step_42_10 jcr:primaryType="nt:unstructured" sling:resourceType="help/components/step">
                  <step_par jcr:primaryType="nt:unstructured"
                            sling:resourceType="help/components/procedure/step_parsys">
                     <text_110 jcr:primaryType="nt:unstructured"
                               sling:resourceType="help/components/article-3/text"
                               text="&lt;p&gt;An Adobe Target rawbox specified to establish the connection with Adobe Campaign&lt;/p&gt;&#xA;"
                               textIsRich="true"/>
                  </step_par>
               </step_42_10>
            </proc_par>
         </procedure_10>
         <procedure_4_10 jcr:primaryType="nt:unstructured"
                         sling:resourceType="help/components/procedure">
            <proc_par jcr:primaryType="nt:unstructured"
                      sling:resourceType="help/components/procedure/proc_parsys">
               <step_43_0 jcr:primaryType="nt:unstructured" sling:resourceType="help/components/step">
                  <step_par jcr:primaryType="nt:unstructured"
                            sling:resourceType="help/components/procedure/step_parsys">
                     <text_111 jcr:primaryType="nt:unstructured"
                               sling:resourceType="help/components/article-3/text"
                               text="&lt;p&gt;From the advanced menu, via the Adobe Campaign logo in the top left corner, select &lt;strong&gt;Administration&lt;/strong&gt; &gt; &lt;strong&gt;Application settings&lt;/strong&gt; &gt; &lt;strong&gt;Options&lt;/strong&gt;.&lt;/p&gt;&#xA;"
                               textIsRich="true"/>
                  </step_par>
               </step_43_0>
               <step_44_0 jcr:primaryType="nt:unstructured" sling:resourceType="help/components/step">
                  <step_par jcr:primaryType="nt:unstructured"
                            sling:resourceType="help/components/procedure/step_parsys">
                     <text_112 jcr:primaryType="nt:unstructured"
                               sling:resourceType="help/components/article-3/text"
                               text="&lt;p&gt;To configure the server and tenant options for Adobe Target, fill in the following fields accordingly:&lt;/p&gt;&#xA;"
                               textIsRich="true"/>
                     <procedure_11 jcr:primaryType="nt:unstructured"
                                   sling:resourceType="help/components/procedure"
                                   isBulleted="true">
                        <proc_par jcr:primaryType="nt:unstructured"
                                  sling:resourceType="help/components/procedure/proc_parsys">
                           <step_44_11 jcr:primaryType="nt:unstructured" sling:resourceType="help/components/step">
                              <step_par jcr:primaryType="nt:unstructured"
                                        sling:resourceType="help/components/procedure/step_parsys">
                                 <text_113 jcr:primaryType="nt:unstructured"
                                           sling:resourceType="help/components/article-3/text"
                                           text="&lt;p&gt;&lt;strong&gt;TNT_TenantName&lt;/strong&gt;: name of the Adobe Target tenant. This value corresponds to the name of the Adobe Target &lt;strong&gt;Client&lt;/strong&gt;.&lt;/p&gt;&#xA;"
                                           textIsRich="true"/>
                              </step_par>
                           </step_44_11>
                           <step_45_11 jcr:primaryType="nt:unstructured" sling:resourceType="help/components/step">
                              <step_par jcr:primaryType="nt:unstructured"
                                        sling:resourceType="help/components/procedure/step_parsys">
                                 <text_114 jcr:primaryType="nt:unstructured"
                                           sling:resourceType="help/components/article-3/text"
                                           text="&lt;p&gt;&lt;strong&gt;TNT_EdgeServer&lt;/strong&gt;: Adobe Target server used for integration. This option is already provided by default. This value corresponds to the Adobe Target &lt;strong&gt;Server Domain&lt;/strong&gt;, followed by the &lt;strong&gt;/m2&lt;/strong&gt; value. For example: &lt;strong&gt;tt.omtrdc.net/m2&lt;/strong&gt;.&lt;/p&gt;&#xA;"
                                           textIsRich="true"/>
                              </step_par>
                           </step_45_11>
                        </proc_par>
                     </procedure_11>
                     <image_4 jcr:primaryType="nt:unstructured"
                              sling:resourceType="help/components/article-3/image"
                              jcr:title=""
                              alt=""
                              captionBottom=""
                              fileName="tar_options.png"
                              originalFileName="images/en/tar_options.png"
                              fileReference="/content/dam/help/en/campaign/standard/tar_options.png"
                              imageRotate="0"
                              originalHeight=""
                              originalWidth=""
                              scaleOption="toTemplate"
                              status="legacy"/>
                  </step_par>
               </step_44_0>
            </proc_par>
         </procedure_4_10>
         <text_115 jcr:primaryType="nt:unstructured"
                   sling:resourceType="help/components/article-3/text"
                   text="&lt;p&gt;Your users can now add dynamic images in a delivery with Adobe Target.&lt;/p&gt;&#xA;"
                   textIsRich="true"/>
      </main-pars>
      <hero jcr:primaryType="nt:unstructured"
            sling:resourceType="foundation/components/image"/>
      <thumbnail jcr:primaryType="nt:unstructured"
                 sling:resourceType="foundation/components/image"/>
      <publisherLogo jcr:primaryType="nt:unstructured"
                     sling:resourceType="foundation/components/image"/>
   </jcr:content>
</jcr:root>