<?xml version="1.0" encoding="UTF-8"?>
<jcr:root xmlns:nt="http://www.jcp.org/jcr/nt/1.0" xmlns:json="http://json.org/"
          xmlns:sling="http://sling.apache.org/jcr/sling/1.0"
          xmlns:cq="http://www.day.com/jcr/cq/1.0"
          xmlns:jcr="http://www.jcp.org/jcr/1.0"
          xmlns:mix="http://www.jcp.org/jcr/mix/1.0"
          jcr:primaryType="cq:Page">
   <jcr:content navTitle="Personalizing Campaign messages with Point of Interest data"
                jcr:primaryType="cq:PageContent"
                sling:resourceType="help/components/pages/article-3"
                heroGradient="light"
                jcr:language="en_us"
                cq:designPath="/etc/designs/help"
                cq:template="/apps/help/templates/article-3"
                jcr:mixinTypes="[mix:versionable]"
                jcr:title="Personalizing Campaign messages with Point of Interest data"
                jcr:description="Personalizing Campaign messages with Point of Interest data"
                seoDescription="Learn how to create a personalized message based on your subscribers' location with the Point of Interest data integration."
                primaryProductTag="[products:SG_CAMPAIGN/STANDARD]"
                cq:tags="[products:SG_CAMPAIGN/STANDARD,audience:integrating,content_type:reference,topic_tags:working-with-campaign-and-analytics-for-mobile]"
                primaryAudienceTag="[audience:integrating]"
                contentOwner="sauviat"
                isReadyForLocalization="true"
                publishExternalDate="2018-09-04">
      <main-pars jcr:primaryType="nt:unstructured"
                 sling:resourceType="foundation/components/parsys">
    
    
      
    
         <text_407 jcr:primaryType="nt:unstructured"
                   sling:resourceType="help/components/article-3/text"
                   text="&lt;p&gt;In Adobe Campaign, you can use the Points of Interest data collected from your mobile application's subscribers to send them personalized marketing messages, such as an email.&lt;/p&gt;&#xA;"
                   textIsRich="true"/>
         <text_408 jcr:primaryType="nt:unstructured"
                   sling:resourceType="help/components/article-3/text"
                   text="&lt;p&gt;You can only react on Point of Interest data with standard deliveries. &#xA;&#x9;&#x9;&#x9;&#x9;&#x9;&#x9;&#x9;&#x9;&#x9;&#x9;&#x9;&#xA;&#x9;&#x9;&#x9;&#x9;&#x9;&#x9;&#x9;&lt;a href=&#34;/content/help/en/campaign/standard/channels/using/about-transactional-messaging.html&#34;&gt;Transactional messages&lt;/a&gt; cannot use location data.&lt;/p&gt;&#xA;"
                   textIsRich="true"/>
         <text_409 jcr:primaryType="nt:unstructured"
                   sling:resourceType="help/components/article-3/text"
                   text="&lt;p&gt;The earliest you can react is about 10 minutes.&lt;/p&gt;&#xA;"
                   textIsRich="true"/>
         <text_410 jcr:primaryType="nt:unstructured"
                   sling:resourceType="help/components/article-3/text"
                   text="&lt;p&gt;In this case, you decide to send an email to all subscribers who have visited your Boston store within the last two weeks.&lt;/p&gt;&#xA;"
                   textIsRich="true"/>
         <procedure_19_10 jcr:primaryType="nt:unstructured"
                          sling:resourceType="help/components/procedure">
            <proc_par jcr:primaryType="nt:unstructured"
                      sling:resourceType="help/components/procedure/proc_parsys">
               <step_177_0 jcr:primaryType="nt:unstructured" sling:resourceType="help/components/step">
                  <step_par jcr:primaryType="nt:unstructured"
                            sling:resourceType="help/components/procedure/step_parsys">
                     <text_411 jcr:primaryType="nt:unstructured"
                               sling:resourceType="help/components/article-3/text"
                               text="&lt;p&gt;Create an email marketing activity.&lt;/p&gt;&#xA;"
                               textIsRich="true"/>
                  </step_par>
               </step_177_0>
               <step_178_0 jcr:primaryType="nt:unstructured" sling:resourceType="help/components/step">
                  <step_par jcr:primaryType="nt:unstructured"
                            sling:resourceType="help/components/procedure/step_parsys">
                     <text_412 jcr:primaryType="nt:unstructured"
                               sling:resourceType="help/components/article-3/text"
                               text="&lt;p&gt;When defining the delivery's audience, drag and drop the &lt;strong&gt;Subscriptions to an application&lt;/strong&gt; element into the workspace.&lt;/p&gt;&#xA;"
                               textIsRich="true"/>
                     <image_22 jcr:primaryType="nt:unstructured"
                               sling:resourceType="help/components/article-3/image"
                               jcr:title=""
                               alt=""
                               captionBottom=""
                               fileName="POI_subscriptions_app.png"
                               originalFileName="images/en/POI_subscriptions_app.png"
                               fileReference="/content/dam/help/en/campaign/standard/POI_subscriptions_app.png"
                               imageRotate="0"
                               originalHeight=""
                               originalWidth=""
                               scaleOption="toTemplate"
                               status="legacy"/>
                     <text_413 jcr:primaryType="nt:unstructured"
                               sling:resourceType="help/components/article-3/text"
                               text="&lt;p&gt;Managing audiences is detailed in the &#xA;&#x9;&#x9;&#x9;&#x9;&#x9;&#x9;&#x9;&#x9;&#x9;&#x9;&#x9;&#xA;&#x9;&#x9;&#x9;&#x9;&#x9;&#x9;&#x9;&lt;a href=&#34;/content/help/en/campaign/standard/audiences/using/creating-audiences.html&#34;&gt;Defining audiences&lt;/a&gt; section.&lt;/p&gt;&#xA;"
                               textIsRich="true"/>
                  </step_par>
               </step_178_0>
               <step_179_0 jcr:primaryType="nt:unstructured" sling:resourceType="help/components/step">
                  <step_par jcr:primaryType="nt:unstructured"
                            sling:resourceType="help/components/procedure/step_parsys">
                     <text_414 jcr:primaryType="nt:unstructured"
                               sling:resourceType="help/components/article-3/text"
                               text="&lt;p&gt;In the &lt;strong&gt;Add a rule - Profile/Subscriptions to an application&lt;/strong&gt; window, drag and drop the &lt;strong&gt;POI Location Subscription&lt;/strong&gt; element into the workspace.&lt;/p&gt;&#xA;"
                               textIsRich="true"/>
                     <image_23 jcr:primaryType="nt:unstructured"
                               sling:resourceType="help/components/article-3/image"
                               jcr:title=""
                               alt=""
                               captionBottom=""
                               fileName="POI_add_rule_profile_subscription.png"
                               originalFileName="images/en/POI_add_rule_profile_subscription.png"
                               fileReference="/content/dam/help/en/campaign/standard/POI_add_rule_profile_subscription.png"
                               imageRotate="0"
                               originalHeight=""
                               originalWidth=""
                               scaleOption="toTemplate"
                               status="legacy"/>
                  </step_par>
               </step_179_0>
               <step_180_0 jcr:primaryType="nt:unstructured" sling:resourceType="help/components/step">
                  <step_par jcr:primaryType="nt:unstructured"
                            sling:resourceType="help/components/procedure/step_parsys">
                     <text_415 jcr:primaryType="nt:unstructured"
                               sling:resourceType="help/components/article-3/text"
                               text="&lt;p&gt;In the &lt;strong&gt;Add a rule - POI Location Subscription&lt;/strong&gt; window, enter the label of the Point of Interest that you want to use.&lt;/p&gt;&#xA;"
                               textIsRich="true"/>
                     <image_24 jcr:primaryType="nt:unstructured"
                               sling:resourceType="help/components/article-3/image"
                               jcr:title=""
                               alt=""
                               captionBottom=""
                               fileName="POI_location_subscription.png"
                               originalFileName="images/en/POI_location_subscription.png"
                               fileReference="/content/dam/help/en/campaign/standard/POI_location_subscription.png"
                               imageRotate="0"
                               originalHeight=""
                               originalWidth=""
                               scaleOption="toTemplate"
                               status="legacy"/>
                  </step_par>
               </step_180_0>
               <step_181_0 jcr:primaryType="nt:unstructured" sling:resourceType="help/components/step">
                  <step_par jcr:primaryType="nt:unstructured"
                            sling:resourceType="help/components/procedure/step_parsys">
                     <text_416 jcr:primaryType="nt:unstructured"
                               sling:resourceType="help/components/article-3/text"
                               text="&lt;p&gt;In the &lt;strong&gt;Filter type&lt;/strong&gt; field, select &lt;strong&gt;Relative&lt;/strong&gt;.&lt;/p&gt;&#xA;"
                               textIsRich="true"/>
                  </step_par>
               </step_181_0>
               <step_182_0 jcr:primaryType="nt:unstructured" sling:resourceType="help/components/step">
                  <step_par jcr:primaryType="nt:unstructured"
                            sling:resourceType="help/components/procedure/step_parsys">
                     <text_417 jcr:primaryType="nt:unstructured"
                               sling:resourceType="help/components/article-3/text"
                               text="&lt;p&gt;Check the &lt;strong&gt;Preceding days&lt;/strong&gt; option and enter &lt;strong&gt;15&lt;/strong&gt; in the corresponding field.&lt;/p&gt;&#xA;"
                               textIsRich="true"/>
                  </step_par>
               </step_182_0>
               <step_183_0 jcr:primaryType="nt:unstructured" sling:resourceType="help/components/step">
                  <step_par jcr:primaryType="nt:unstructured"
                            sling:resourceType="help/components/procedure/step_parsys">
                     <text_418 jcr:primaryType="nt:unstructured"
                               sling:resourceType="help/components/article-3/text"
                               text="&lt;p&gt;Define the number of times the user must have visited the Point of Interest.&lt;/p&gt;&#xA;"
                               textIsRich="true"/>
                  </step_par>
               </step_183_0>
               <step_184_0 jcr:primaryType="nt:unstructured" sling:resourceType="help/components/step">
                  <step_par jcr:primaryType="nt:unstructured"
                            sling:resourceType="help/components/procedure/step_parsys">
                     <text_419 jcr:primaryType="nt:unstructured"
                               sling:resourceType="help/components/article-3/text"
                               text="&lt;p&gt;Click &lt;strong&gt;Confirm&lt;/strong&gt; to save your audience.&lt;/p&gt;&#xA;"
                               textIsRich="true"/>
                     <image_25 jcr:primaryType="nt:unstructured"
                               sling:resourceType="help/components/article-3/image"
                               jcr:title=""
                               alt=""
                               captionBottom=""
                               fileName="POI_subscriptions_app_audience_defined.png"
                               originalFileName="images/en/POI_subscriptions_app_audience_defined.png"
                               fileReference="/content/dam/help/en/campaign/standard/POI_subscriptions_app_audience_defined.png"
                               imageRotate="0"
                               originalHeight=""
                               originalWidth=""
                               scaleOption="toTemplate"
                               status="legacy"/>
                  </step_par>
               </step_184_0>
               <step_185_0 jcr:primaryType="nt:unstructured" sling:resourceType="help/components/step">
                  <step_par jcr:primaryType="nt:unstructured"
                            sling:resourceType="help/components/procedure/step_parsys">
                     <text_420 jcr:primaryType="nt:unstructured"
                               sling:resourceType="help/components/article-3/text"
                               text="&lt;p&gt;Add content to your email.&lt;/p&gt;&#xA;"
                               textIsRich="true"/>
                     <image_26 jcr:primaryType="nt:unstructured"
                               sling:resourceType="help/components/article-3/image"
                               jcr:title=""
                               alt=""
                               captionBottom=""
                               fileName="POI_email_content.png"
                               originalFileName="images/en/POI_email_content.png"
                               fileReference="/content/dam/help/en/campaign/standard/POI_email_content.png"
                               imageRotate="0"
                               originalHeight=""
                               originalWidth=""
                               scaleOption="toTemplate"
                               status="legacy"/>
                  </step_par>
               </step_185_0>
               <step_186_0 jcr:primaryType="nt:unstructured" sling:resourceType="help/components/step">
                  <step_par jcr:primaryType="nt:unstructured"
                            sling:resourceType="help/components/procedure/step_parsys">
                     <text_421 jcr:primaryType="nt:unstructured"
                               sling:resourceType="help/components/article-3/text"
                               text="&lt;p&gt;Confirm creating the activity to view the email's dashboard.&lt;/p&gt;&#xA;"
                               textIsRich="true"/>
                  </step_par>
               </step_186_0>
               <step_187_0 jcr:primaryType="nt:unstructured" sling:resourceType="help/components/step">
                  <step_par jcr:primaryType="nt:unstructured"
                            sling:resourceType="help/components/procedure/step_parsys">
                     <text_422 jcr:primaryType="nt:unstructured"
                               sling:resourceType="help/components/article-3/text"
                               text="&lt;p&gt;Send your message. &lt;/p&gt;&#xA;"
                               textIsRich="true"/>
                  </step_par>
               </step_187_0>
            </proc_par>
         </procedure_19_10>
         <text_423 jcr:primaryType="nt:unstructured"
                   sling:resourceType="help/components/article-3/text"
                   text="&lt;p&gt;The email with the 10% discount offer will be sent to subscribers who:&lt;/p&gt;&#xA;"
                   textIsRich="true"/>
         <procedure_33 jcr:primaryType="nt:unstructured"
                       sling:resourceType="help/components/procedure"
                       isBulleted="true">
            <proc_par jcr:primaryType="nt:unstructured"
                      sling:resourceType="help/components/procedure/proc_parsys">
               <step_188_33 jcr:primaryType="nt:unstructured" sling:resourceType="help/components/step">
                  <step_par jcr:primaryType="nt:unstructured"
                            sling:resourceType="help/components/procedure/step_parsys">
                     <text_424 jcr:primaryType="nt:unstructured"
                               sling:resourceType="help/components/article-3/text"
                               text="&lt;p&gt;Visited your Boston store at least once within the last two weeks.&lt;/p&gt;&#xA;"
                               textIsRich="true"/>
                  </step_par>
               </step_188_33>
               <step_189_33 jcr:primaryType="nt:unstructured" sling:resourceType="help/components/step">
                  <step_par jcr:primaryType="nt:unstructured"
                            sling:resourceType="help/components/procedure/step_parsys">
                     <text_425 jcr:primaryType="nt:unstructured"
                               sling:resourceType="help/components/article-3/text"
                               text="&lt;p&gt;Had your mobile application in the foreground at least once during the visit.&lt;/p&gt;&#xA;"
                               textIsRich="true"/>
                  </step_par>
               </step_189_33>
      
            </proc_par>
         </procedure_33>
         <text_426 jcr:primaryType="nt:unstructured"
                   sling:resourceType="help/components/article-3/text"
                   text="&lt;p&gt;&lt;strong&gt;Related topics:&lt;/strong&gt;&lt;/p&gt;&#xA;"
                   textIsRich="true"/>
         <procedure_34 jcr:primaryType="nt:unstructured"
                       sling:resourceType="help/components/procedure"
                       isBulleted="true">
            <proc_par jcr:primaryType="nt:unstructured"
                      sling:resourceType="help/components/procedure/proc_parsys">
               <step_190_34 jcr:primaryType="nt:unstructured" sling:resourceType="help/components/step">
                  <step_par jcr:primaryType="nt:unstructured"
                            sling:resourceType="help/components/procedure/step_parsys">
                     <text_427 jcr:primaryType="nt:unstructured"
                               sling:resourceType="help/components/article-3/text"
                               text="&lt;p&gt;&#xA;&#x9;&#x9;&#x9;&#x9;&#x9;&#x9;&#x9;&#x9;&#x9;&#x9;&#x9;&#xA;&#x9;&#x9;&#x9;&#x9;&#x9;&#x9;&#x9;&lt;a href=&#34;/content/help/en/campaign/standard/channels/using/creating-an-email.html&#34;&gt;Creating an email&lt;/a&gt;&lt;/p&gt;&#xA;"
                               textIsRich="true"/>
                  </step_par>
               </step_190_34>
               <step_191_34 jcr:primaryType="nt:unstructured" sling:resourceType="help/components/step">
                  <step_par jcr:primaryType="nt:unstructured"
                            sling:resourceType="help/components/procedure/step_parsys">
                     <text_428 jcr:primaryType="nt:unstructured"
                               sling:resourceType="help/components/article-3/text"
                               text="&lt;p&gt;&#xA;          &#xA;&#x9;&#x9;&#x9;&#x9;&#x9;&#x9;&#x9;&#x9;&#x9;&#x9;&#x9;&#xA;&#x9;&#x9;&#x9;&#x9;&#x9;&#x9;&#x9;&lt;a href=&#34;/content/help/en/campaign/standard/designing/using/example--email-personalization.html&#34;&gt;Defining content&lt;/a&gt;&lt;/p&gt;&#xA;"
                               textIsRich="true"/>
                  </step_par>
               </step_191_34>
               <step_192_34 jcr:primaryType="nt:unstructured" sling:resourceType="help/components/step">
                  <step_par jcr:primaryType="nt:unstructured"
                            sling:resourceType="help/components/procedure/step_parsys">
                     <text_429 jcr:primaryType="nt:unstructured"
                               sling:resourceType="help/components/article-3/text"
                               text="&lt;p&gt;&#xA;&#x9;&#x9;&#x9;&#x9;&#x9;&#x9;&#x9;&#x9;&#x9;&#x9;&#x9;&#xA;&#x9;&#x9;&#x9;&#x9;&#x9;&#x9;&#x9;&lt;a href=&#34;/content/help/en/campaign/standard/sending/using/confirming-the-send.html&#34;&gt;Sending messages&lt;/a&gt;&lt;/p&gt;&#xA;"
                               textIsRich="true"/>
                  </step_par>
               </step_192_34>
            </proc_par>
         </procedure_34>
      </main-pars>
      <hero jcr:primaryType="nt:unstructured"
            sling:resourceType="foundation/components/image"/>
      <thumbnail jcr:primaryType="nt:unstructured"
                 sling:resourceType="foundation/components/image"/>
      <publisherLogo jcr:primaryType="nt:unstructured"
                     sling:resourceType="foundation/components/image"/>
   </jcr:content>
</jcr:root>