<?xml version="1.0" encoding="UTF-8"?>
<jcr:root xmlns:nt="http://www.jcp.org/jcr/nt/1.0" xmlns:json="http://json.org/"
          xmlns:sling="http://sling.apache.org/jcr/sling/1.0"
          xmlns:cq="http://www.day.com/jcr/cq/1.0"
          xmlns:jcr="http://www.jcp.org/jcr/1.0"
          xmlns:mix="http://www.jcp.org/jcr/mix/1.0"
          jcr:primaryType="cq:Page">
   <jcr:content navTitle="Sharing audiences with Audience Manager or People core service"
                jcr:primaryType="cq:PageContent"
                sling:resourceType="help/components/pages/article-3"
                heroGradient="light"
                jcr:language="en_us"
                cq:designPath="/etc/designs/help"
                cq:template="/apps/help/templates/article-3"
                jcr:mixinTypes="[mix:versionable]"
                jcr:title="Sharing audiences with Audience Manager or People core service"
                jcr:description="Sharing audiences with Audience Manager or People core service"
                seoDescription="Learn how to import or export your audience within the different Adobe Experience Cloud solutions."
                primaryProductTag="[products:SG_CAMPAIGN/STANDARD]"
                cq:tags="[products:SG_CAMPAIGN/STANDARD,audience:integrating,content_type:reference,topic_tags:working-with-campaign-and-audience-manager-or-people-core-service]"
                primaryAudienceTag="[audience:integrating]"
                contentOwner="sauviat"
                isReadyForLocalization="true"
                publishExternalDate="2018-09-04">
      <main-pars jcr:primaryType="nt:unstructured"
                 sling:resourceType="foundation/components/parsys">
    
    
      
    
    
         <header_27 jcr:primaryType="nt:unstructured" sling:resourceType="help/components/header"
                    id="importing-an-audience"
                    level="2"
                    text="&lt;p&gt;Importing an audience&lt;/p&gt;&#xA;"
                    textIsRich="'true'"/>
         <text_284 jcr:primaryType="nt:unstructured"
                   sling:resourceType="help/components/article-3/text"
                   text="&lt;p&gt;People core service integration allows to directly import an audience into Adobe Campaign via a technical workflow to enrich your database. For more information on audience sharing in People core service, refer to this &#xA;&lt;a href=&#34;https://marketing.adobe.com/resources/help/en_US/mcloud/t_publish_audience_segment.html&#34;&gt;documentation&lt;/a&gt;.&lt;/p&gt;&#xA;"
                   textIsRich="true"/>
         <text_285 jcr:primaryType="nt:unstructured"
                   sling:resourceType="help/components/article-3/text"
                   text="&lt;p&gt;Importing audiences/segments from People core service in Adobe Campaign can be carried out from the &lt;strong&gt;Audiences&lt;/strong&gt; menu only by users connected via IMS (authentication via Adobe ID).&lt;/p&gt;&#xA;"
                   textIsRich="true"/>
         <procedure_10_10 jcr:primaryType="nt:unstructured"
                          sling:resourceType="help/components/procedure">
            <proc_par jcr:primaryType="nt:unstructured"
                      sling:resourceType="help/components/procedure/proc_parsys">
               <step_107_0 jcr:primaryType="nt:unstructured" sling:resourceType="help/components/step">
                  <step_par jcr:primaryType="nt:unstructured"
                            sling:resourceType="help/components/procedure/step_parsys">
                     <text_286 jcr:primaryType="nt:unstructured"
                               sling:resourceType="help/components/article-3/text"
                               text="&lt;p&gt;Go to the &lt;strong&gt;Audiences&lt;/strong&gt; menu.&lt;/p&gt;&#xA;"
                               textIsRich="true"/>
                  </step_par>
               </step_107_0>
               <step_108_0 jcr:primaryType="nt:unstructured" sling:resourceType="help/components/step">
                  <step_par jcr:primaryType="nt:unstructured"
                            sling:resourceType="help/components/procedure/step_parsys">
                     <text_287 jcr:primaryType="nt:unstructured"
                               sling:resourceType="help/components/article-3/text"
                               text="&lt;p&gt;In the action bar, select &lt;strong&gt;Create&lt;/strong&gt; to be taken to the screen to create an audience.&lt;/p&gt;&#xA;"
                               textIsRich="true"/>
                  </step_par>
               </step_108_0>
               <step_109_0 jcr:primaryType="nt:unstructured" sling:resourceType="help/components/step">
                  <step_par jcr:primaryType="nt:unstructured"
                            sling:resourceType="help/components/procedure/step_parsys">
                     <text_288 jcr:primaryType="nt:unstructured"
                               sling:resourceType="help/components/article-3/text"
                               text="&lt;p&gt;Specify the label of the new audience.&lt;/p&gt;&#xA;"
                               textIsRich="true"/>
                  </step_par>
               </step_109_0>
               <step_110_0 jcr:primaryType="nt:unstructured" sling:resourceType="help/components/step">
                  <step_par jcr:primaryType="nt:unstructured"
                            sling:resourceType="help/components/procedure/step_parsys">
                     <text_289 jcr:primaryType="nt:unstructured"
                               sling:resourceType="help/components/article-3/text"
                               text="&lt;p&gt;Set the audience &lt;strong&gt;Type&lt;/strong&gt; to &lt;strong&gt;Experience Cloud&lt;/strong&gt; to indicate that the audience being created is an audience that was imported from People core service.&lt;/p&gt;&#xA;"
                               textIsRich="true"/>
                  </step_par>
               </step_110_0>
               <step_111_0 jcr:primaryType="nt:unstructured" sling:resourceType="help/components/step">
                  <step_par jcr:primaryType="nt:unstructured"
                            sling:resourceType="help/components/procedure/step_parsys">
                     <text_290 jcr:primaryType="nt:unstructured"
                               sling:resourceType="help/components/article-3/text"
                               text="&lt;p&gt;From the &lt;strong&gt;Name of the shared audience&lt;/strong&gt; field, select the audience to import. Only segments can be imported. Granular data including key-value pairs, traits and rules are not supported.&lt;/p&gt;&#xA;"
                               textIsRich="true"/>
                     <image_14 jcr:primaryType="nt:unstructured"
                               sling:resourceType="help/components/article-3/image"
                               jcr:title=""
                               alt=""
                               captionBottom=""
                               fileName="aam_import_audience.png"
                               originalFileName="images/en/aam_import_audience.png"
                               fileReference="/content/dam/help/en/campaign/standard/aam_import_audience.png"
                               imageRotate="0"
                               originalHeight=""
                               originalWidth=""
                               scaleOption="toTemplate"
                               status="legacy"/>
                  </step_par>
               </step_111_0>
               <step_112_0 jcr:primaryType="nt:unstructured" sling:resourceType="help/components/step">
                  <step_par jcr:primaryType="nt:unstructured"
                            sling:resourceType="help/components/procedure/step_parsys">
                     <text_291 jcr:primaryType="nt:unstructured"
                               sling:resourceType="help/components/article-3/text"
                               text="&lt;p&gt;Select the corresponding &lt;strong&gt;Shared Data Source&lt;/strong&gt;. &lt;/p&gt;&#xA;"
                               textIsRich="true"/>
                     <text_292 jcr:primaryType="nt:unstructured"
                               sling:resourceType="help/components/article-3/text"
                               text="&lt;p&gt;If the selected data source is configured to use an encryption algorithm, an additional option offers you the possibility to &lt;strong&gt;Force reconciliation with a profile&lt;/strong&gt;. Check this option if the &lt;strong&gt;Channel&lt;/strong&gt; field of the data source is set to Email or Mobile (SMS) and if you want to leverage profile data.&lt;/p&gt;&#xA;"
                               textIsRich="true"/>
                     <text_293 jcr:primaryType="nt:unstructured"
                               sling:resourceType="help/components/article-3/text"
                               text="&lt;p&gt;If you do not select the &lt;strong&gt;Force reconciliation with a profile&lt;/strong&gt; and if &lt;strong&gt;Channel&lt;/strong&gt; is set in AMC Data source to Email or Mobile (SMS) then all the encrypted declared IDs are decrypted. An audience of type &lt;strong&gt;File&lt;/strong&gt; with a list of all the email addresses/mobile phone numbers is created/updated. This way, no email address/mobile phone number is lost while importing a shared audience through this integration, even if that profile does not exist in Campaign. Note that this type of audiences cannot be used directly as they need to be reconciled manually using workflows.&lt;/p&gt;&#xA;"
                               textIsRich="true"/>
                  </step_par>
               </step_112_0>
               <step_113_0 jcr:primaryType="nt:unstructured" sling:resourceType="help/components/step">
                  <step_par jcr:primaryType="nt:unstructured"
                            sling:resourceType="help/components/procedure/step_parsys">
                     <text_294 jcr:primaryType="nt:unstructured"
                               sling:resourceType="help/components/article-3/text"
                               text="&lt;p&gt;Confirm to create the audience.&lt;/p&gt;&#xA;"
                               textIsRich="true"/>
                     <text_295 jcr:primaryType="nt:unstructured"
                               sling:resourceType="help/components/article-3/text"
                               text="&lt;p&gt;The audience is then imported via a technical workflow. It is composed of records of which the ID ('Visitor ID' or 'Declared ID') was able to be reconciled with the profile dimension. IDs from the People core service segments that are not recognized by Adobe Campaign are not imported.&lt;/p&gt;&#xA;"
                               textIsRich="true"/>
                  </step_par>
               </step_113_0>
            </proc_par>
         </procedure_10_10>
         <text_296 jcr:primaryType="nt:unstructured"
                   sling:resourceType="help/components/article-3/text"
                   text="&lt;p&gt;Your audience is now imported in your Adobe Campaign database. The import process takes 24-36 hours to synchronize, when segments are imported directly from People core service or Audience Manager. After this period, you will be able to find and use your new audience in Adobe Campaign.&lt;/p&gt;&#xA;"
                   textIsRich="true"/>
         <note_2 jcr:primaryType="nt:unstructured"
                 sling:resourceType="help/components/article-3/note"
                 text="&lt;p&gt;&#xA;        If you are importing audiences from Adobe Analytics to Adobe Campaign, these audiences need to first be shared in People Core Service or Audience Manager. &#xA;        This process takes 12-24 hours, which must be added to the 24-36 hours synchronization with Campaign. In that specific case, audience sharing timeframe can be up to 60 hours. For more information on Adobe Analytics audience sharing in People Core service and Audience manager, refer to this &#xA;&lt;a href=&#34;https://marketing.adobe.com/resources/help/en_US/mcloud/t_publish_audience_segment.html&#34;&gt;documentation&lt;/a&gt;.&#xA;      &lt;/p&gt;&#xA;"
                 textIsRich="true"
                 type="note"/>
    
    
         <header_28 jcr:primaryType="nt:unstructured" sling:resourceType="help/components/header"
                    id="exporting-an-audience"
                    level="2"
                    text="&lt;p&gt;Exporting an audience&lt;/p&gt;&#xA;"
                    textIsRich="'true'"/>
         <text_299 jcr:primaryType="nt:unstructured"
                   sling:resourceType="help/components/article-3/text"
                   text="&lt;p&gt;An audience can be exported from Adobe Campaign to Audience Manager or People core service using a workflow and the &lt;strong&gt;Save audience&lt;/strong&gt; activity. &lt;/p&gt;&#xA;"
                   textIsRich="true"/>
         <text_300 jcr:primaryType="nt:unstructured"
                   sling:resourceType="help/components/article-3/text"
                   text="&lt;p&gt;It can be carried out in a new workflow and only by users connected via IMS (authentication via Adobe ID).&lt;/p&gt;&#xA;"
                   textIsRich="true"/>
         <procedure_11_10 jcr:primaryType="nt:unstructured"
                          sling:resourceType="help/components/procedure">
            <proc_par jcr:primaryType="nt:unstructured"
                      sling:resourceType="help/components/procedure/proc_parsys">
               <step_114_0 jcr:primaryType="nt:unstructured" sling:resourceType="help/components/step">
                  <step_par jcr:primaryType="nt:unstructured"
                            sling:resourceType="help/components/procedure/step_parsys">
                     <text_301 jcr:primaryType="nt:unstructured"
                               sling:resourceType="help/components/article-3/text"
                               text="&lt;p&gt;Create a new workflow from a program, a campaign, or the list of marketing activities.&lt;/p&gt;&#xA;"
                               textIsRich="true"/>
                  </step_par>
               </step_114_0>
               <step_115_0 jcr:primaryType="nt:unstructured" sling:resourceType="help/components/step">
                  <step_par jcr:primaryType="nt:unstructured"
                            sling:resourceType="help/components/procedure/step_parsys">
                     <text_302 jcr:primaryType="nt:unstructured"
                               sling:resourceType="help/components/article-3/text"
                               text="&lt;p&gt;Using the different activities available, target a set of profiles.&lt;/p&gt;&#xA;"
                               textIsRich="true"/>
                  </step_par>
               </step_115_0>
               <step_116_0 jcr:primaryType="nt:unstructured" sling:resourceType="help/components/step">
                  <step_par jcr:primaryType="nt:unstructured"
                            sling:resourceType="help/components/procedure/step_parsys">
                     <text_303 jcr:primaryType="nt:unstructured"
                               sling:resourceType="help/components/article-3/text"
                               text="&lt;p&gt;After the targeting, drag and drop a &lt;strong&gt;Save audience&lt;/strong&gt; activity into the workflow, then open it.&lt;/p&gt;&#xA;"
                               textIsRich="true"/>
                  </step_par>
               </step_116_0>
               <step_117_0 jcr:primaryType="nt:unstructured" sling:resourceType="help/components/step">
                  <step_par jcr:primaryType="nt:unstructured"
                            sling:resourceType="help/components/procedure/step_parsys">
                     <text_304 jcr:primaryType="nt:unstructured"
                               sling:resourceType="help/components/article-3/text"
                               text="&lt;p&gt;Select &lt;strong&gt;Share in Adobe Experience Cloud&lt;/strong&gt;.&lt;/p&gt;&#xA;"
                               textIsRich="true"/>
                     <image_15 jcr:primaryType="nt:unstructured"
                               sling:resourceType="help/components/article-3/image"
                               jcr:title=""
                               alt=""
                               captionBottom=""
                               fileName="aam_save_audience_activity.png"
                               originalFileName="images/en/aam_save_audience_activity.png"
                               fileReference="/content/dam/help/en/campaign/standard/aam_save_audience_activity.png"
                               imageRotate="0"
                               originalHeight=""
                               originalWidth=""
                               scaleOption="toTemplate"
                               status="legacy"/>
                  </step_par>
               </step_117_0>
               <step_118_0 jcr:primaryType="nt:unstructured" sling:resourceType="help/components/step">
                  <step_par jcr:primaryType="nt:unstructured"
                            sling:resourceType="help/components/procedure/step_parsys">
                     <text_305 jcr:primaryType="nt:unstructured"
                               sling:resourceType="help/components/article-3/text"
                               text="&lt;p&gt;Specify the audience using the &lt;strong&gt;Shared audience&lt;/strong&gt; field. In the window that opens, you have the choice of selecting an existing audience or creating a new audience:&lt;/p&gt;&#xA;"
                               textIsRich="true"/>
                     <procedure_25 jcr:primaryType="nt:unstructured"
                                   sling:resourceType="help/components/procedure"
                                   isBulleted="true">
                        <proc_par jcr:primaryType="nt:unstructured"
                                  sling:resourceType="help/components/procedure/proc_parsys">
                           <step_118_25 jcr:primaryType="nt:unstructured" sling:resourceType="help/components/step">
                              <step_par jcr:primaryType="nt:unstructured"
                                        sling:resourceType="help/components/procedure/step_parsys">
                                 <text_306 jcr:primaryType="nt:unstructured"
                                           sling:resourceType="help/components/article-3/text"
                                           text="&lt;p&gt;If you select an existing audience, only the new records will be added to the audience.&lt;/p&gt;&#xA;"
                                           textIsRich="true"/>
                              </step_par>
                           </step_118_25>
                           <step_119_25 jcr:primaryType="nt:unstructured" sling:resourceType="help/components/step">
                              <step_par jcr:primaryType="nt:unstructured"
                                        sling:resourceType="help/components/procedure/step_parsys">
                                 <text_307 jcr:primaryType="nt:unstructured"
                                           sling:resourceType="help/components/article-3/text"
                                           text="&lt;p&gt;To export your profile list into a new audience, complete the &lt;strong&gt;Segment name&lt;/strong&gt; field then click &lt;strong&gt;Create&lt;/strong&gt; before selecting the newly created audience.&lt;/p&gt;&#xA;"
                                           textIsRich="true"/>
                              </step_par>
                           </step_119_25>
                        </proc_par>
                     </procedure_25>
                     <image_16 jcr:primaryType="nt:unstructured"
                               sling:resourceType="help/components/article-3/image"
                               jcr:title=""
                               alt=""
                               captionBottom=""
                               fileName="aam_save_audience_segment_picker.png"
                               originalFileName="images/en/aam_save_audience_segment_picker.png"
                               fileReference="/content/dam/help/en/campaign/standard/aam_save_audience_segment_picker.png"
                               imageRotate="0"
                               originalHeight=""
                               originalWidth=""
                               scaleOption="toTemplate"
                               status="legacy"/>
                     <text_308 jcr:primaryType="nt:unstructured"
                               sling:resourceType="help/components/article-3/text"
                               text="&lt;p&gt;In order to be reconciled and exchanged, the records must have an Adobe Experience Cloud ID ('Visitor ID' or 'Declared ID'). Non-reconciled records are ignored when importing and exporting audiences.&lt;/p&gt;&#xA;"
                               textIsRich="true"/>
                  </step_par>
               </step_118_0>
               <step_121_0 jcr:primaryType="nt:unstructured" sling:resourceType="help/components/step">
                  <step_par jcr:primaryType="nt:unstructured"
                            sling:resourceType="help/components/procedure/step_parsys">
                     <text_309 jcr:primaryType="nt:unstructured"
                               sling:resourceType="help/components/article-3/text"
                               text="&lt;p&gt;To finish, click the check mark located at the top right of the screen.&lt;/p&gt;&#xA;"
                               textIsRich="true"/>
                  </step_par>
               </step_121_0>
               <step_122_0 jcr:primaryType="nt:unstructured" sling:resourceType="help/components/step">
                  <step_par jcr:primaryType="nt:unstructured"
                            sling:resourceType="help/components/procedure/step_parsys">
                     <text_310 jcr:primaryType="nt:unstructured"
                               sling:resourceType="help/components/article-3/text"
                               text="&lt;p&gt;Select the corresponding &lt;strong&gt;Shared Data Source&lt;/strong&gt;.&lt;/p&gt;&#xA;"
                               textIsRich="true"/>
                  </step_par>
               </step_122_0>
               <step_123_0 jcr:primaryType="nt:unstructured" sling:resourceType="help/components/step">
                  <step_par jcr:primaryType="nt:unstructured"
                            sling:resourceType="help/components/procedure/step_parsys">
                     <text_311 jcr:primaryType="nt:unstructured"
                               sling:resourceType="help/components/article-3/text"
                               text="&lt;p&gt;If you like, check the &lt;strong&gt;Generate an outbound transition&lt;/strong&gt; box to use the profiles that were exported. Only the profiles that can be reconciled are exported.&lt;/p&gt;&#xA;"
                               textIsRich="true"/>
                  </step_par>
               </step_123_0>
               <step_124_0 jcr:primaryType="nt:unstructured" sling:resourceType="help/components/step">
                  <step_par jcr:primaryType="nt:unstructured"
                            sling:resourceType="help/components/procedure/step_parsys">
                     <text_312 jcr:primaryType="nt:unstructured"
                               sling:resourceType="help/components/article-3/text"
                               text="&lt;p&gt;Confirm the activity's configuration and save your workflow.&lt;/p&gt;&#xA;"
                               textIsRich="true"/>
                  </step_par>
               </step_124_0>
               <step_125_0 jcr:primaryType="nt:unstructured" sling:resourceType="help/components/step">
                  <step_par jcr:primaryType="nt:unstructured"
                            sling:resourceType="help/components/procedure/step_parsys">
                     <text_313 jcr:primaryType="nt:unstructured"
                               sling:resourceType="help/components/article-3/text"
                               text="&lt;p&gt;Start your workflow to export your audience. Synchronization between Adobe Campaign and People core service can take several hours&lt;/p&gt;&#xA;"
                               textIsRich="true"/>
                  </step_par>
               </step_125_0>
            </proc_par>
         </procedure_11_10>
         <text_314 jcr:primaryType="nt:unstructured"
                   sling:resourceType="help/components/article-3/text"
                   text="&lt;p&gt;Synchronization between Adobe Campaign and People core service takes 24-36 hours. After this period, you will be able to find your new audience in People core service and reuse it in other Adobe Experience Cloud solutions. For more information on using an Adobe Campaign shared audience in Adobe People core service, refer to this &#xA;&lt;a href=&#34;https://marketing.adobe.com/resources/help/en_US/mcloud/t_audience_create.html&#34;&gt;documentation&lt;/a&gt;.&lt;/p&gt;&#xA;"
                   textIsRich="true"/>
         <text_315 jcr:primaryType="nt:unstructured"
                   sling:resourceType="help/components/article-3/text"
                   text="&lt;p&gt;&lt;strong&gt;Related topics:&lt;/strong&gt;&lt;/p&gt;&#xA;"
                   textIsRich="true"/>
         <procedure_26 jcr:primaryType="nt:unstructured"
                       sling:resourceType="help/components/procedure"
                       isBulleted="true">
            <proc_par jcr:primaryType="nt:unstructured"
                      sling:resourceType="help/components/procedure/proc_parsys">
               <step_126_26 jcr:primaryType="nt:unstructured" sling:resourceType="help/components/step">
                  <step_par jcr:primaryType="nt:unstructured"
                            sling:resourceType="help/components/procedure/step_parsys">
                     <text_316 jcr:primaryType="nt:unstructured"
                               sling:resourceType="help/components/article-3/text"
                               text="&lt;p&gt;&#xA;&#x9;&#x9;&#x9;&#x9;&#x9;&#x9;&#x9;&#x9;&#x9;&#x9;&#x9;&#xA;&#x9;&#x9;&#x9;&#x9;&#x9;&#x9;&#x9;&lt;a href=&#34;/content/help/en/campaign/standard/automating/using/about-data-and-processes.html&#34;&gt;Workflows&lt;/a&gt;&lt;/p&gt;&#xA;"
                               textIsRich="true"/>
                  </step_par>
               </step_126_26>
               <step_127_26 jcr:primaryType="nt:unstructured" sling:resourceType="help/components/step">
                  <step_par jcr:primaryType="nt:unstructured"
                            sling:resourceType="help/components/procedure/step_parsys">
                     <text_317 jcr:primaryType="nt:unstructured"
                               sling:resourceType="help/components/article-3/text"
                               text="&lt;p&gt;&#xA;&#x9;&#x9;&#x9;&#x9;&#x9;&#x9;&#x9;&#x9;&#x9;&#x9;&#x9;&#xA;&#x9;&#x9;&#x9;&#x9;&#x9;&#x9;&#x9;&lt;a href=&#34;/content/help/en/campaign/standard/audiences/using/about-audiences.html&#34;&gt;Audiences&lt;/a&gt;&lt;/p&gt;&#xA;"
                               textIsRich="true"/>
                  </step_par>
               </step_127_26>
            </proc_par>
         </procedure_26>
    
      </main-pars>
      <hero jcr:primaryType="nt:unstructured"
            sling:resourceType="foundation/components/image"/>
      <thumbnail jcr:primaryType="nt:unstructured"
                 sling:resourceType="foundation/components/image"/>
      <publisherLogo jcr:primaryType="nt:unstructured"
                     sling:resourceType="foundation/components/image"/>
   </jcr:content>
</jcr:root>