<?xml version="1.0" encoding="UTF-8"?>
<jcr:root xmlns:nt="http://www.jcp.org/jcr/nt/1.0" xmlns:json="http://json.org/"
          xmlns:sling="http://sling.apache.org/jcr/sling/1.0"
          xmlns:cq="http://www.day.com/jcr/cq/1.0"
          xmlns:jcr="http://www.jcp.org/jcr/1.0"
          xmlns:mix="http://www.jcp.org/jcr/mix/1.0"
          jcr:primaryType="cq:Page">
   <jcr:content cq:designPath="/etc/designs/help" cq:template="/apps/help/templates/morehelp"
                jcr:language="en_us"
                jcr:primaryType="cq:PageContent"
                jcr:title="Adding or extending a resource"
                sling:resourceType="help/components/morehelp"
                heroGradient="light"
                isContainer="true"
                contentOwner="sauviat"
                pageLayout="video"
                sideColumn="left"
                noIndex="true"
                preview="false"
                primaryProductTag="[products:SG_CAMPAIGN/STANDARD]"
                primaryAudienceTag="[audience:developing]"
                isReadyForLocalization="true">
      <main-pars jcr:primaryType="nt:unstructured">
         <dynamicpod jcr:primaryType="nt:unstructured"
                     sling:resourceType="help/components/dynamicpod"
                     keywordTags="[topic_tags:adding-or-extending-a-resource]"
                     searchRoot="/content/help/en/campaign/standard/developing/using"
                     highlightArticles="[&#xA;&#x9;&#x9;&#x9;&#x9;&#x9;&#x9;&#x9;&#x9;&#x9;&#xA;&#x9;&#x9;&#x9;&#x9;&#x9;&#x9;&#x9;&#x9;&#x9;/content/help/en/campaign/standard/developing/using/generating-a-unique-id-for-profiles-and-custom-resources,/content/help/en/campaign/standard/developing/using/key-steps,&#xA;&#x9;&#x9;&#x9;&#x9;&#x9;&#x9;&#x9;&#x9;&#x9;&#x9;&#x9;&#x9;/content/help/en/campaign/standard/developing/using/step-1--define-the-resource,&#xA;&#x9;&#x9;&#x9;&#x9;&#x9;&#x9;&#x9;&#x9;&#x9;&#x9;&#x9;&#x9;/content/help/en/campaign/standard/developing/using/step-2--configure-the-resource-data-structure,&#xA;&#x9;&#x9;&#x9;&#x9;&#x9;&#x9;&#x9;&#x9;&#x9;&#x9;&#x9;&#x9;/content/help/en/campaign/standard/developing/using/step-3--configure-the-screens,&#xA;&#x9;&#x9;&#x9;&#x9;&#x9;&#x9;&#x9;&#x9;&#x9;&#x9;&#x9;&#x9;/content/help/en/campaign/standard/developing/using/step-4--define-filters,&#xA;&#x9;&#x9;&#x9;&#x9;&#x9;&#x9;&#x9;&#x9;&#x9;&#x9;&#x9;&#x9;/content/help/en/campaign/standard/developing/using/step-5--update-the-database-structure,&#xA;&#x9;&#x9;&#x9;&#x9;&#x9;&#x9;&#x9;&#x9;&#x9;&#x9;&#x9;&#x9;/content/help/en/campaign/standard/developing/using/optional--editing-a-resource-properties,&#xA;&#x9;&#x9;&#x9;&#x9;&#x9;&#x9;&#x9;&#x9;&#x9;&#x9;&#x9;&#x9;/content/help/en/campaign/standard/developing/using/optional--deleting-a-resource,&#xA;&#x9;&#x9;&#x9;&#x9;&#x9;&#x9;&#x9;&#x9;&#x9;&#x9;&#x9;&#x9;]"
                     pathsFromQuery="[&#xA;&#x9;&#x9;&#x9;&#x9;&#x9;&#x9;&#x9;&#x9;&#x9;&#xA;&#x9;&#x9;&#x9;&#x9;&#x9;&#x9;&#x9;&#x9;&#x9;&#xA;&#x9;&#x9;&#x9;&#x9;&#x9;&#x9;&#x9;&#x9;&#x9;/content/help/en/campaign/standard/developing/using/generating-a-unique-id-for-profiles-and-custom-resources,/content/help/en/campaign/standard/developing/using/key-steps,&#xA;&#x9;&#x9;&#x9;&#x9;&#x9;&#x9;&#x9;&#x9;&#x9;&#x9;&#x9;&#x9;/content/help/en/campaign/standard/developing/using/step-1--define-the-resource,&#xA;&#x9;&#x9;&#x9;&#x9;&#x9;&#x9;&#x9;&#x9;&#x9;&#x9;&#x9;&#x9;/content/help/en/campaign/standard/developing/using/step-2--configure-the-resource-data-structure,&#xA;&#x9;&#x9;&#x9;&#x9;&#x9;&#x9;&#x9;&#x9;&#x9;&#x9;&#x9;&#x9;/content/help/en/campaign/standard/developing/using/step-3--configure-the-screens,&#xA;&#x9;&#x9;&#x9;&#x9;&#x9;&#x9;&#x9;&#x9;&#x9;&#x9;&#x9;&#x9;/content/help/en/campaign/standard/developing/using/step-4--define-filters,&#xA;&#x9;&#x9;&#x9;&#x9;&#x9;&#x9;&#x9;&#x9;&#x9;&#x9;&#x9;&#x9;/content/help/en/campaign/standard/developing/using/step-5--update-the-database-structure,&#xA;&#x9;&#x9;&#x9;&#x9;&#x9;&#x9;&#x9;&#x9;&#x9;&#x9;&#x9;&#x9;/content/help/en/campaign/standard/developing/using/optional--editing-a-resource-properties,&#xA;&#x9;&#x9;&#x9;&#x9;&#x9;&#x9;&#x9;&#x9;&#x9;&#x9;&#x9;&#x9;/content/help/en/campaign/standard/developing/using/optional--deleting-a-resource,&#xA;&#x9;&#x9;&#x9;&#x9;&#x9;&#x9;&#x9;&#x9;&#x9;&#x9;&#x9;&#x9;]"/>
         <text jcr:primaryType="nt:unstructured" sling:resourceType="help/components/text"
               text="&lt;p&gt;Learn how to add or extend a resource in the Adobe Campaign data model.&lt;/p&gt;&#xA;"
               textIsRich="true"/>
      </main-pars>
      <hero jcr:primaryType="nt:unstructured"
            sling:resourceType="foundation/components/image"/>
      <thumbnail jcr:primaryType="nt:unstructured"
                 sling:resourceType="foundation/components/image"/>
      <publisherLogo jcr:primaryType="nt:unstructured"
                     sling:resourceType="foundation/components/image"/>
   </jcr:content>
</jcr:root>