<?xml version="1.0" encoding="UTF-8"?>
<jcr:root xmlns:nt="http://www.jcp.org/jcr/nt/1.0" xmlns:json="http://json.org/"
          xmlns:sling="http://sling.apache.org/jcr/sling/1.0"
          xmlns:cq="http://www.day.com/jcr/cq/1.0"
          xmlns:jcr="http://www.jcp.org/jcr/1.0"
          xmlns:mix="http://www.jcp.org/jcr/mix/1.0"
          jcr:primaryType="cq:Page">
   <jcr:content navTitle="About Campaign-Audience Manager or People core service integration"
                jcr:primaryType="cq:PageContent"
                sling:resourceType="help/components/pages/article-3"
                heroGradient="light"
                jcr:language="en_us"
                cq:designPath="/etc/designs/help"
                cq:template="/apps/help/templates/article-3"
                jcr:mixinTypes="[mix:versionable]"
                jcr:title="About Campaign-Audience Manager or People core service integration"
                jcr:description="About Campaign-Audience Manager or People core service integration"
                seoDescription="With the Audience Manager / People core service integration, you can share audiences or segments within the different Adobe Experience Cloud solutions."
                primaryProductTag="[products:SG_CAMPAIGN/STANDARD]"
                cq:tags="[products:SG_CAMPAIGN/STANDARD,audience:integrating,content_type:reference,topic_tags:working-with-campaign-and-audience-manager-or-people-core-service]"
                primaryAudienceTag="[audience:integrating]"
                contentOwner="sauviat"
                isReadyForLocalization="true"
                publishExternalDate="2019-01-09">
      <main-pars jcr:primaryType="nt:unstructured"
                 sling:resourceType="foundation/components/parsys">
    
    
      
    
         <text_208 jcr:primaryType="nt:unstructured"
                   sling:resourceType="help/components/article-3/text"
                   text="&lt;p&gt;Adobe Campaign allows you to exchange and share audiences/segments with the different Adobe Experience Cloud applications. Integrating &lt;strong&gt;Adobe Campaign&lt;/strong&gt; with &lt;strong&gt;People core service&lt;/strong&gt; (also known as &lt;strong&gt;Profiles &amp; Audiences core service&lt;/strong&gt;) or Adobe Audience Manager allows you to:&lt;/p&gt;&#xA;"
                   textIsRich="true"/>
         <procedure_17 jcr:primaryType="nt:unstructured"
                       sling:resourceType="help/components/procedure"
                       isBulleted="true">
            <proc_par jcr:primaryType="nt:unstructured"
                      sling:resourceType="help/components/procedure/proc_parsys">
               <step_74_17 jcr:primaryType="nt:unstructured" sling:resourceType="help/components/step">
                  <step_par jcr:primaryType="nt:unstructured"
                            sling:resourceType="help/components/procedure/step_parsys">
                     <text_209 jcr:primaryType="nt:unstructured"
                               sling:resourceType="help/components/article-3/text"
                               text="&lt;p&gt;Import audiences/segments from different Adobe Experience Cloud solutions into Adobe Campaign. Audiences can be imported from the &#xA;&lt;span class=&#34;uicontrol&#34;&gt;Audiences&lt;/span&gt;&#xA; menu in Adobe Campaign.&lt;/p&gt;&#xA;"
                               textIsRich="true"/>
                  </step_par>
               </step_74_17>
               <step_75_17 jcr:primaryType="nt:unstructured" sling:resourceType="help/components/step">
                  <step_par jcr:primaryType="nt:unstructured"
                            sling:resourceType="help/components/procedure/step_parsys">
                     <text_210 jcr:primaryType="nt:unstructured"
                               sling:resourceType="help/components/article-3/text"
                               text="&lt;p&gt;Export audiences as shared audiences/segments. These audiences can be used in the different Adobe Experience Cloud solutions that you use. Audiences can be exported after targeting activities in a workflow, using the &#xA;&lt;span class=&#34;uicontrol&#34;&gt;Save audience&lt;/span&gt;&#xA; activity.&lt;/p&gt;&#xA;"
                               textIsRich="true"/>
                  </step_par>
               </step_75_17>
            </proc_par>
         </procedure_17>
         <text_211 jcr:primaryType="nt:unstructured"
                   sling:resourceType="help/components/article-3/text"
                   text="&lt;p&gt;Integration supports two types of Adobe Experience Cloud IDs:&lt;/p&gt;&#xA;"
                   textIsRich="true"/>
         <procedure_18 jcr:primaryType="nt:unstructured"
                       sling:resourceType="help/components/procedure"
                       isBulleted="true">
            <proc_par jcr:primaryType="nt:unstructured"
                      sling:resourceType="help/components/procedure/proc_parsys">
               <step_76_18 jcr:primaryType="nt:unstructured" sling:resourceType="help/components/step">
                  <step_par jcr:primaryType="nt:unstructured"
                            sling:resourceType="help/components/procedure/step_parsys">
                     <text_212 jcr:primaryType="nt:unstructured"
                               sling:resourceType="help/components/article-3/text"
                               text="&lt;p&gt;&lt;strong&gt;Visitor ID&lt;/strong&gt;: this type of ID allows you to reconcile Adobe Experience Cloud visitors with Adobe Campaign profiles.&lt;/p&gt;&#xA;"
                               textIsRich="true"/>
                  </step_par>
               </step_76_18>
               <step_77_18 jcr:primaryType="nt:unstructured" sling:resourceType="help/components/step">
                  <step_par jcr:primaryType="nt:unstructured"
                            sling:resourceType="help/components/procedure/step_parsys">
                     <text_213 jcr:primaryType="nt:unstructured"
                               sling:resourceType="help/components/article-3/text"
                               text="&lt;p&gt;&lt;strong&gt;Declared ID&lt;/strong&gt;: this type of ID allows you to reconcile any type of data with profiles in the Adobe Campaign database. This integration supports regular declared IDs, hashed declared IDs and encrypted declared IDs.&lt;/p&gt;&#xA;"
                               textIsRich="true"/>
                     <text_214 jcr:primaryType="nt:unstructured"
                               sling:resourceType="help/components/article-3/text"
                               text="&lt;p&gt;Encryption allows you to share encrypted data in data sources (for example PII) using the declared ID by specifying the encryption algorithm.&lt;/p&gt;&#xA;"
                               textIsRich="true"/>
                     <text_215 jcr:primaryType="nt:unstructured"
                               sling:resourceType="help/components/article-3/text"
                               text="&lt;p&gt;For example, with the ability to decrypt encrypted email addresses or SMS numbers, you can also send triggered messages to your users even if their profile does not exist in the Adobe Campaign database.&lt;/p&gt;&#xA;"
                               textIsRich="true"/>
                  </step_par>
               </step_77_18>
            </proc_par>
         </procedure_18>
         <caution_0 jcr:primaryType="nt:unstructured"
                    sling:resourceType="help/components/article-3/note"
                    text="&lt;p&gt;&#xA;      Depending on the data exchanged, importing audiences in Adobe Campaign may be subject to legal restrictions&#xA;    &lt;/p&gt;&#xA;"
                    textIsRich="true"
                    type="caution"/>
      </main-pars>
      <hero jcr:primaryType="nt:unstructured"
            sling:resourceType="foundation/components/image"/>
      <thumbnail jcr:primaryType="nt:unstructured"
                 sling:resourceType="foundation/components/image"/>
      <publisherLogo jcr:primaryType="nt:unstructured"
                     sling:resourceType="foundation/components/image"/>
   </jcr:content>
</jcr:root>