<?xml version="1.0" encoding="UTF-8"?>
<jcr:root xmlns:nt="http://www.jcp.org/jcr/nt/1.0" xmlns:json="http://json.org/"
          xmlns:sling="http://sling.apache.org/jcr/sling/1.0"
          xmlns:cq="http://www.day.com/jcr/cq/1.0"
          xmlns:jcr="http://www.jcp.org/jcr/1.0"
          xmlns:mix="http://www.jcp.org/jcr/mix/1.0"
          jcr:primaryType="cq:Page">
   <jcr:content navTitle="About Campaign-Analytics integration"
                jcr:primaryType="cq:PageContent"
                sling:resourceType="help/components/pages/article-3"
                heroGradient="light"
                jcr:language="en_us"
                cq:designPath="/etc/designs/help"
                cq:template="/apps/help/templates/article-3"
                jcr:mixinTypes="[mix:versionable]"
                jcr:title="About Campaign-Analytics integration"
                jcr:description="About Campaign-Analytics integration"
                seoDescription="By collecting the KPI data from Adobe Campaign Standard, you can now share campaign data with Adobe Analytics to measure email marketing metrics from Adobe Campaign."
                primaryProductTag="[products:SG_CAMPAIGN/STANDARD]"
                cq:tags="[products:SG_CAMPAIGN/STANDARD,audience:integrating,content_type:reference,topic_tags:working-with-campaign-and-analytics]"
                primaryAudienceTag="[audience:integrating]"
                contentOwner="sauviat"
                isReadyForLocalization="true"
                publishExternalDate="2019-01-09">
      <main-pars jcr:primaryType="nt:unstructured"
                 sling:resourceType="foundation/components/parsys">
    
    
      
    
         <text_140 jcr:primaryType="nt:unstructured"
                   sling:resourceType="help/components/article-3/text"
                   text="&lt;p&gt;Thanks to Adobe Analytics integration in Adobe Campaign, you can now track the success of your email deliveries directly in Adobe Analytics.&lt;/p&gt;&#xA;"
                   textIsRich="true"/>
         <text_141 jcr:primaryType="nt:unstructured"
                   sling:resourceType="help/components/article-3/text"
                   text="&lt;p&gt;This integration between Adobe Campaign Standard and Adobe Analytics will allow you to: &lt;/p&gt;&#xA;"
                   textIsRich="true"/>
         <procedure_14 jcr:primaryType="nt:unstructured"
                       sling:resourceType="help/components/procedure"
                       isBulleted="true">
            <proc_par jcr:primaryType="nt:unstructured"
                      sling:resourceType="help/components/procedure/proc_parsys">
               <step_61_14 jcr:primaryType="nt:unstructured" sling:resourceType="help/components/step">
                  <step_par jcr:primaryType="nt:unstructured"
                            sling:resourceType="help/components/procedure/step_parsys">
                     <text_142 jcr:primaryType="nt:unstructured"
                               sling:resourceType="help/components/article-3/text"
                               text="&lt;p&gt;Share your KPI (Key Performance Indicator) data from Adobe Campaign Standard to Adobe Analytics.&lt;/p&gt;&#xA;"
                               textIsRich="true"/>
                  </step_par>
               </step_61_14>
               <step_62_14 jcr:primaryType="nt:unstructured" sling:resourceType="help/components/step">
                  <step_par jcr:primaryType="nt:unstructured"
                            sling:resourceType="help/components/procedure/step_parsys">
                     <text_143 jcr:primaryType="nt:unstructured"
                               sling:resourceType="help/components/article-3/text"
                               text="&lt;p&gt;Enrich tracking formulas with Adobe Analytics parameters.&lt;/p&gt;&#xA;"
                               textIsRich="true"/>
                  </step_par>
               </step_62_14>
            </proc_par>
         </procedure_14>
         <text_144 jcr:primaryType="nt:unstructured"
                   sling:resourceType="help/components/article-3/text"
                   text="&lt;p&gt;This will work by first creating an external account linked to Adobe Analytics. A technical workflow will then automatically launch and will, by default, auto-executes every 15 minutes. Your KPI data are then pushed to Analytics. &lt;/p&gt;&#xA;"
                   textIsRich="true"/>
         <text_145 jcr:primaryType="nt:unstructured"
                   sling:resourceType="help/components/article-3/text"
                   text="&lt;p&gt;This integration is available for email deliveries only.&lt;/p&gt;&#xA;"
                   textIsRich="true"/>
         <text_146 jcr:primaryType="nt:unstructured"
                   sling:resourceType="help/components/article-3/text"
                   text="&lt;p&gt;An integration between Adobe Analytics' core service &lt;strong&gt;Triggers&lt;/strong&gt; and Adobe Campaign is also available. It allows you to send personalized emails to your customers as a reaction to specific behaviors that are tracked on your website by Adobe Analytics (within 15 minutes).&lt;/p&gt;&#xA;"
                   textIsRich="true"/>
         <text_147 jcr:primaryType="nt:unstructured"
                   sling:resourceType="help/components/article-3/text"
                   text="&lt;p&gt;Related topics:&lt;/p&gt;&#xA;"
                   textIsRich="true"/>
         <procedure_15 jcr:primaryType="nt:unstructured"
                       sling:resourceType="help/components/procedure"
                       isBulleted="true">
            <proc_par jcr:primaryType="nt:unstructured"
                      sling:resourceType="help/components/procedure/proc_parsys">
               <step_63_15 jcr:primaryType="nt:unstructured" sling:resourceType="help/components/step">
                  <step_par jcr:primaryType="nt:unstructured"
                            sling:resourceType="help/components/procedure/step_parsys">
                     <text_148 jcr:primaryType="nt:unstructured"
                               sling:resourceType="help/components/article-3/text"
                               text="&lt;p&gt;&#xA;&#x9;&#x9;&#x9;&#x9;&#x9;&#xA;&lt;a href=&#34;/content/help/en/campaign/standard/integrating/using/campaign-dimensions-and-metrics-in-analytics.html&#34; target=&#34;_blank&#34;&gt;Campaign dimensions and metrics in Analytics&lt;/a&gt;&lt;/p&gt;&#xA;"
                               textIsRich="true"/>
                  </step_par>
               </step_63_15>
               <step_64_15 jcr:primaryType="nt:unstructured" sling:resourceType="help/components/step">
                  <step_par jcr:primaryType="nt:unstructured"
                            sling:resourceType="help/components/procedure/step_parsys">
                     <text_149 jcr:primaryType="nt:unstructured"
                               sling:resourceType="help/components/article-3/text"
                               text="&lt;p&gt;&#xA;&#x9;&#x9;&#x9;&#x9;&#x9;&#x9;&#x9;&#x9;&#x9;&#x9;&#x9;&#xA;&#x9;&#x9;&#x9;&#x9;&#x9;&#x9;&#x9;&lt;a href=&#34;/content/help/en/campaign/standard/reporting/using/about-dynamic-reports.html&#34;&gt;Reporting&lt;/a&gt;&lt;/p&gt;&#xA;"
                               textIsRich="true"/>
                  </step_par>
               </step_64_15>
               <step_65_15 jcr:primaryType="nt:unstructured" sling:resourceType="help/components/step">
                  <step_par jcr:primaryType="nt:unstructured"
                            sling:resourceType="help/components/procedure/step_parsys">
                     <text_150 jcr:primaryType="nt:unstructured"
                               sling:resourceType="help/components/article-3/text"
                               text="&lt;p&gt;&#xA;&lt;a href=&#34;https://marketing.adobe.com/resources/help/en_US/reference/adobe-campaign.html&#34;&gt;Adobe Analytics&lt;/a&gt; documentation&lt;/p&gt;&#xA;"
                               textIsRich="true"/>
                  </step_par>
               </step_65_15>
            </proc_par>
         </procedure_15>
      </main-pars>
      <hero jcr:primaryType="nt:unstructured"
            sling:resourceType="foundation/components/image"/>
      <thumbnail jcr:primaryType="nt:unstructured"
                 sling:resourceType="foundation/components/image"/>
      <publisherLogo jcr:primaryType="nt:unstructured"
                     sling:resourceType="foundation/components/image"/>
   </jcr:content>
</jcr:root>