<?xml version="1.0" encoding="UTF-8"?>
<jcr:root xmlns:nt="http://www.jcp.org/jcr/nt/1.0" xmlns:json="http://json.org/"
          xmlns:sling="http://sling.apache.org/jcr/sling/1.0"
          xmlns:cq="http://www.day.com/jcr/cq/1.0"
          xmlns:jcr="http://www.jcp.org/jcr/1.0"
          xmlns:mix="http://www.jcp.org/jcr/mix/1.0"
          jcr:primaryType="cq:Page">
   <jcr:content navTitle="About Adobe Experience Cloud Triggers"
                jcr:primaryType="cq:PageContent"
                sling:resourceType="help/components/pages/article-3"
                heroGradient="light"
                jcr:language="en_us"
                cq:designPath="/etc/designs/help"
                cq:template="/apps/help/templates/article-3"
                jcr:mixinTypes="[mix:versionable]"
                jcr:title="About Adobe Experience Cloud Triggers"
                jcr:description="About Adobe Experience Cloud Triggers"
                seoDescription="By tracking specific behaviors from customers with Adobe Analytics, you can now send personalized emails to your customers in Adobe Campaign."
                primaryProductTag="[products:SG_CAMPAIGN/STANDARD]"
                cq:tags="[products:SG_CAMPAIGN/STANDARD,audience:integrating,content_type:reference,topic_tags:working-with-campaign-and-triggers]"
                primaryAudienceTag="[audience:integrating]"
                contentOwner="sauviat"
                isReadyForLocalization="true"
                publishExternalDate="2019-01-09">
      <main-pars jcr:primaryType="nt:unstructured"
                 sling:resourceType="foundation/components/parsys">
      
      
    
      
    
         <text_433 jcr:primaryType="nt:unstructured"
                   sling:resourceType="help/components/article-3/text"
                   text="&lt;p&gt;Integration between the Experience Cloud Activation core service &#xA;&lt;span class=&#34;uicontrol&#34;&gt;Triggers&lt;/span&gt;&#xA; and Adobe Campaign allows you to send personalized emails to your customers as a reaction to specific behaviors that are tracked on your website by Adobe Analytics (within 15 minutes).&lt;/p&gt;&#xA;"
                   textIsRich="true"/>
         <text_434 jcr:primaryType="nt:unstructured"
                   sling:resourceType="help/components/article-3/text"
                   text="&lt;p&gt;In Adobe Experience Cloud, you define the different triggers, that is to say, the customer behaviors that you would like to monitor, such as all of the clients who abandoned their visit on your website, made a search on your website, but didn't make a purchase, or even the clients whose session expired. When creating a trigger, you define the trigger's condition and the data that will be sent in the event (pload) to Adobe Campaign. &lt;/p&gt;&#xA;"
                   textIsRich="true"/>
         <text_435 jcr:primaryType="nt:unstructured"
                   sling:resourceType="help/components/article-3/text"
                   text="&lt;p&gt;In Adobe Campaign, you select the trigger that was previously created, you enrich the event data with datamart data and you define a transactional message template linked to that trigger. For example, when a client abandons his visit on your website, an event is sent to Adobe Campaign which can then leverage this event via a remarketing email that is sent to the client within 15 minutes.&lt;/p&gt;&#xA;"
                   textIsRich="true"/>
         <text_436 jcr:primaryType="nt:unstructured"
                   sling:resourceType="help/components/article-3/text"
                   text="&lt;p&gt;Related topics:&lt;/p&gt;&#xA;"
                   textIsRich="true"/>
         <procedure_35 jcr:primaryType="nt:unstructured"
                       sling:resourceType="help/components/procedure"
                       isBulleted="true">
            <proc_par jcr:primaryType="nt:unstructured"
                      sling:resourceType="help/components/procedure/proc_parsys">
               <step_193_35 jcr:primaryType="nt:unstructured" sling:resourceType="help/components/step">
                  <step_par jcr:primaryType="nt:unstructured"
                            sling:resourceType="help/components/procedure/step_parsys">
                     <text_437 jcr:primaryType="nt:unstructured"
                               sling:resourceType="help/components/article-3/text"
                               text="&lt;p&gt;Learn about the different types of triggers: &#xA;&lt;a href=&#34;https://marketing.adobe.com/resources/help/en_US/mcloud/triggers.html&#34;&gt;Adobe Experience Cloud documentation&lt;/a&gt;.&lt;/p&gt;&#xA;"
                               textIsRich="true"/>
                  </step_par>
               </step_193_35>
               <step_194_35 jcr:primaryType="nt:unstructured" sling:resourceType="help/components/step">
                  <step_par jcr:primaryType="nt:unstructured"
                            sling:resourceType="help/components/procedure/step_parsys">
                     <text_438 jcr:primaryType="nt:unstructured"
                               sling:resourceType="help/components/article-3/text"
                               text="&lt;p&gt;Watch the &#xA;&#x9;&#x9;&#x9;&#x9;&#x9;&lt;a href=&#34;https://helpx.adobe.com/marketing-cloud/how-to/email-marketing.html#step-two&#34; class=&#34;anchorLink&#34; target=&#34;_blank&#34;&gt;Trigger Remarketing Messages based on Site Activity&lt;/a&gt;&#xA;&#x9;&#x9;&#x9;&#x9; video.&lt;/p&gt;&#xA;"
                               textIsRich="true"/>
                  </step_par>
               </step_194_35>
               <step_195_35 jcr:primaryType="nt:unstructured" sling:resourceType="help/components/step">
                  <step_par jcr:primaryType="nt:unstructured"
                            sling:resourceType="help/components/procedure/step_parsys">
                     <text_439 jcr:primaryType="nt:unstructured"
                               sling:resourceType="help/components/article-3/text"
                               text="&lt;p&gt;Discover our two &#xA;&#x9;&#x9;&#x9;&#x9;&#x9;&#xA;&lt;a href=&#34;/content/help/en/campaign/standard/integrating/using/abandonment-triggers-use-cases.html&#34; target=&#34;_blank&#34;&gt;Abandonment Triggers use cases&lt;/a&gt;.&lt;/p&gt;&#xA;"
                               textIsRich="true"/>
                  </step_par>
               </step_195_35>
            </proc_par>
         </procedure_35>
        
            <header_43 jcr:primaryType="nt:unstructured" sling:resourceType="help/components/header"
                    id="triggers-user-process"
                    level="2"
                    text="&lt;p&gt;Triggers user process&lt;/p&gt;&#xA;"
                    textIsRich="'true'"/>
         <caution_2 jcr:primaryType="nt:unstructured"
                    sling:resourceType="help/components/article-3/note"
                    text="&lt;p&gt;&#xA;        Before executing the main user steps, the functionality needs to be configured. For more on this refer to &#xA;&#x9;&#x9;&#x9;&#x9;&#x9;&#xA;&lt;a href=&#34;/content/help/en/campaign/standard/integrating/using/configuring-triggers-in-experience-cloud.html#activating-the-functionality&#34; target=&#34;_blank&#34;&gt;Activating the functionality&lt;/a&gt;, &#xA;&#x9;&#x9;&#x9;&#x9;&#x9;&#xA;&lt;a href=&#34;/content/help/en/campaign/standard/integrating/using/configuring-triggers-in-experience-cloud.html#configuring-solutions-and-services&#34; target=&#34;_blank&#34;&gt;Configuring solutions and services&lt;/a&gt; and &#xA;&#x9;&#x9;&#x9;&#x9;&#x9;&#xA;&lt;a href=&#34;/content/help/en/campaign/standard/integrating/using/using-triggers-in-campaign.html#creating-a-mapped-trigger-in-campaign&#34; target=&#34;_blank&#34;&gt;Creating a mapped trigger in Campaign&lt;/a&gt;.&#xA;      &lt;/p&gt;&#xA;"
                    textIsRich="true"
                    type="caution"/>
            <text_441 jcr:primaryType="nt:unstructured"
                   sling:resourceType="help/components/article-3/text"
                   text="&lt;p&gt;The main steps of the user process, in Adobe Campaign, are:&lt;/p&gt;&#xA;"
                   textIsRich="true"/>
            <procedure_20_10 jcr:primaryType="nt:unstructured"
                          sling:resourceType="help/components/procedure">
            <proc_par jcr:primaryType="nt:unstructured"
                      sling:resourceType="help/components/procedure/proc_parsys">
                <step_196_0 jcr:primaryType="nt:unstructured" sling:resourceType="help/components/step">
                  <step_par jcr:primaryType="nt:unstructured"
                            sling:resourceType="help/components/procedure/step_parsys">
                    <text_442 jcr:primaryType="nt:unstructured"
                               sling:resourceType="help/components/article-3/text"
                               text="&lt;p&gt;Create a trigger event linked to an existing Adobe Experience Cloud trigger.&lt;/p&gt;&#xA;"
                               textIsRich="true"/>
                  </step_par>
               </step_196_0>
                <step_197_0 jcr:primaryType="nt:unstructured" sling:resourceType="help/components/step">
                  <step_par jcr:primaryType="nt:unstructured"
                            sling:resourceType="help/components/procedure/step_parsys">
                    <text_443 jcr:primaryType="nt:unstructured"
                               sling:resourceType="help/components/article-3/text"
                               text="&lt;p&gt;Publish the trigger event.&lt;/p&gt;&#xA;"
                               textIsRich="true"/>
                  </step_par>
               </step_197_0>
                <step_198_0 jcr:primaryType="nt:unstructured" sling:resourceType="help/components/step">
                  <step_par jcr:primaryType="nt:unstructured"
                            sling:resourceType="help/components/procedure/step_parsys">
                    <text_444 jcr:primaryType="nt:unstructured"
                               sling:resourceType="help/components/article-3/text"
                               text="&lt;p&gt;Define the content of the transactional message template.&lt;/p&gt;&#xA;"
                               textIsRich="true"/>
                  </step_par>
               </step_198_0>
                <step_199_0 jcr:primaryType="nt:unstructured" sling:resourceType="help/components/step">
                  <step_par jcr:primaryType="nt:unstructured"
                            sling:resourceType="help/components/procedure/step_parsys">
                    <text_445 jcr:primaryType="nt:unstructured"
                               sling:resourceType="help/components/article-3/text"
                               text="&lt;p&gt;Test the template (create a test profile and send a proof).&lt;/p&gt;&#xA;"
                               textIsRich="true"/>
                  </step_par>
               </step_199_0>
                <step_200_0 jcr:primaryType="nt:unstructured" sling:resourceType="help/components/step">
                  <step_par jcr:primaryType="nt:unstructured"
                            sling:resourceType="help/components/procedure/step_parsys">
                    <text_446 jcr:primaryType="nt:unstructured"
                               sling:resourceType="help/components/article-3/text"
                               text="&lt;p&gt;Publish the transactional message template.&lt;/p&gt;&#xA;"
                               textIsRich="true"/>
                  </step_par>
               </step_200_0>
            </proc_par>
         </procedure_20_10>
            <text_447 jcr:primaryType="nt:unstructured"
                   sling:resourceType="help/components/article-3/text"
                   text="&lt;p&gt;Complete use cases are described in &#xA;&#x9;&#x9;&#x9;&#x9;&#x9;&#x9;&#x9;&#x9;&#x9;&#x9;&#x9;&#xA;&#x9;&#x9;&#x9;&#x9;&#x9;&#x9;&#x9;&lt;a href=&#34;/content/help/en/campaign/standard/integrating/using/abandonment-triggers-use-cases.html&#34;&gt;this section&lt;/a&gt;.&lt;/p&gt;&#xA;"
                   textIsRich="true"/>
        
    
         <header_44 jcr:primaryType="nt:unstructured" sling:resourceType="help/components/header"
                    id="important-notes"
                    level="2"
                    text="&lt;p&gt;Important notes&lt;/p&gt;&#xA;"
                    textIsRich="'true'"/>
         <text_448 jcr:primaryType="nt:unstructured"
                   sling:resourceType="help/components/article-3/text"
                   text="&lt;p&gt;Here are some important notes to take into account before using the Triggers - Campaign integration:&lt;/p&gt;&#xA;"
                   textIsRich="true"/>
         <procedure_36 jcr:primaryType="nt:unstructured"
                       sling:resourceType="help/components/procedure"
                       isBulleted="true">
            <proc_par jcr:primaryType="nt:unstructured"
                      sling:resourceType="help/components/procedure/proc_parsys">
               <step_201_36 jcr:primaryType="nt:unstructured" sling:resourceType="help/components/step">
                  <step_par jcr:primaryType="nt:unstructured"
                            sling:resourceType="help/components/procedure/step_parsys">
                     <text_449 jcr:primaryType="nt:unstructured"
                               sling:resourceType="help/components/article-3/text"
                               text="&lt;p&gt;Push notifications are not supported for triggers. Only Email and SMS are supported.&lt;/p&gt;&#xA;"
                               textIsRich="true"/>
                  </step_par>
               </step_201_36>
               <step_202_36 jcr:primaryType="nt:unstructured" sling:resourceType="help/components/step">
                  <step_par jcr:primaryType="nt:unstructured"
                            sling:resourceType="help/components/procedure/step_parsys">
                     <text_450 jcr:primaryType="nt:unstructured"
                               sling:resourceType="help/components/article-3/text"
                               text="&lt;p&gt;You can enrich the trigger with meta data captured through Analytics such as email ID, page name, etc.&lt;/p&gt;&#xA;"
                               textIsRich="true"/>
                  </step_par>
               </step_202_36>
               <step_203_36 jcr:primaryType="nt:unstructured" sling:resourceType="help/components/step">
                  <step_par jcr:primaryType="nt:unstructured"
                            sling:resourceType="help/components/procedure/step_parsys">
                     <text_451 jcr:primaryType="nt:unstructured"
                               sling:resourceType="help/components/article-3/text"
                               text="&lt;p&gt;You can reconcile the trigger to a profile stored in Campaign Standard and use the profile's fields to personalize the message.&lt;/p&gt;&#xA;"
                               textIsRich="true"/>
                  </step_par>
               </step_203_36>
               <step_204_36 jcr:primaryType="nt:unstructured" sling:resourceType="help/components/step">
                  <step_par jcr:primaryType="nt:unstructured"
                            sling:resourceType="help/components/procedure/step_parsys">
                     <text_452 jcr:primaryType="nt:unstructured"
                               sling:resourceType="help/components/article-3/text"
                               text="&lt;p&gt;As soon a trigger is received, it is processed and reconciled and sent out. It takes about 5 to 15 minutes depending on the volume of triggers received, the number of personalization fields used in template.&lt;/p&gt;&#xA;"
                               textIsRich="true"/>
                  </step_par>
               </step_204_36>
            </proc_par>
         </procedure_36>
         <note_4 jcr:primaryType="nt:unstructured"
                 sling:resourceType="help/components/article-3/note"
                 text="&lt;p&gt;&#xA;        For more on best practices and technical limitations, refer to &#xA;&#x9;&#x9;&#x9;&#x9;&#x9;&#xA;&lt;a href=&#34;/content/help/en/campaign/standard/integrating/using/configuring-triggers-in-experience-cloud.html#triggers-best-practices-and-limitations&#34; target=&#34;_blank&#34;&gt;Triggers best practices and limitations&lt;/a&gt;. &#xA;      &lt;/p&gt;&#xA;"
                 textIsRich="true"
                 type="note"/>
      
    
      </main-pars>
      <hero jcr:primaryType="nt:unstructured"
            sling:resourceType="foundation/components/image"/>
      <thumbnail jcr:primaryType="nt:unstructured"
                 sling:resourceType="foundation/components/image"/>
      <publisherLogo jcr:primaryType="nt:unstructured"
                     sling:resourceType="foundation/components/image"/>
   </jcr:content>
</jcr:root>