<?xml version="1.0" encoding="UTF-8"?>
<jcr:root xmlns:nt="http://www.jcp.org/jcr/nt/1.0" xmlns:json="http://json.org/"
          xmlns:sling="http://sling.apache.org/jcr/sling/1.0"
          xmlns:cq="http://www.day.com/jcr/cq/1.0"
          xmlns:jcr="http://www.jcp.org/jcr/1.0"
          xmlns:mix="http://www.jcp.org/jcr/mix/1.0"
          jcr:primaryType="cq:Page">
   <jcr:content navTitle="Configuring Triggers in Experience Cloud"
                jcr:primaryType="cq:PageContent"
                sling:resourceType="help/components/pages/article-3"
                heroGradient="light"
                jcr:language="en_us"
                cq:designPath="/etc/designs/help"
                cq:template="/apps/help/templates/article-3"
                jcr:mixinTypes="[mix:versionable]"
                jcr:title="Configuring Triggers in Experience Cloud"
                jcr:description="Configuring Triggers in Experience Cloud"
                seoDescription="Learn how to configure the Adobe Experience Cloud Triggers integration to start sending personalized deliveries to your customers based on their previous behaviors. "
                primaryProductTag="[products:SG_CAMPAIGN/STANDARD]"
                cq:tags="[products:SG_CAMPAIGN/STANDARD,audience:integrating,content_type:reference,topic_tags:working-with-campaign-and-triggers]"
                primaryAudienceTag="[audience:integrating]"
                contentOwner="sauviat"
                isReadyForLocalization="true"
                publishExternalDate="2019-01-09">
      <main-pars jcr:primaryType="nt:unstructured"
                 sling:resourceType="foundation/components/parsys">
      
    
      
    
      
        <header_46 jcr:primaryType="nt:unstructured" sling:resourceType="help/components/header"
                    id="activating-the-functionality"
                    level="2"
                    text="&lt;p&gt;Activating the functionality&lt;/p&gt;&#xA;"
                    textIsRich="'true'"/>
        
        <text_455 jcr:primaryType="nt:unstructured"
                   sling:resourceType="help/components/article-3/text"
                   text="&lt;p&gt;The functionality must be activated in Adobe Campaign by Adobe. Please contact your Adobe account executive or professional services partner.&lt;/p&gt;&#xA;"
                   textIsRich="true"/>
         <text_456 jcr:primaryType="nt:unstructured"
                   sling:resourceType="help/components/article-3/text"
                   text="&lt;p&gt;The Adobe team will need the following information to activate triggers:&lt;/p&gt;&#xA;"
                   textIsRich="true"/>
         <procedure_37 jcr:primaryType="nt:unstructured"
                       sling:resourceType="help/components/procedure"
                       isBulleted="true">
            <proc_par jcr:primaryType="nt:unstructured"
                      sling:resourceType="help/components/procedure/proc_parsys">
               <step_205_37 jcr:primaryType="nt:unstructured" sling:resourceType="help/components/step">
                  <step_par jcr:primaryType="nt:unstructured"
                            sling:resourceType="help/components/procedure/step_parsys">
                     <text_457 jcr:primaryType="nt:unstructured"
                               sling:resourceType="help/components/article-3/text"
                               text="&lt;p&gt;Marketing Cloud Company Name&lt;/p&gt;&#xA;"
                               textIsRich="true"/>
                  </step_par>
               </step_205_37>
               <step_206_37 jcr:primaryType="nt:unstructured" sling:resourceType="help/components/step">
                  <step_par jcr:primaryType="nt:unstructured"
                            sling:resourceType="help/components/procedure/step_parsys">
                     <text_458 jcr:primaryType="nt:unstructured"
                               sling:resourceType="help/components/article-3/text"
                               text="&lt;p&gt;IMS ORG ID&lt;/p&gt;&#xA;"
                               textIsRich="true"/>
                  </step_par>
               </step_206_37>
               <step_207_37 jcr:primaryType="nt:unstructured" sling:resourceType="help/components/step">
                  <step_par jcr:primaryType="nt:unstructured"
                            sling:resourceType="help/components/procedure/step_parsys">
                     <text_459 jcr:primaryType="nt:unstructured"
                               sling:resourceType="help/components/article-3/text"
                               text="&lt;p&gt;Analytics Login Company (can be the same as the Marketing Cloud Company Name)&lt;/p&gt;&#xA;"
                               textIsRich="true"/>
                  </step_par>
               </step_207_37>
            </proc_par>
         </procedure_37>
        
      
    
         <header_47 jcr:primaryType="nt:unstructured" sling:resourceType="help/components/header"
                    id="configuring-solutions-and-services"
                    level="2"
                    text="&lt;p&gt;Configuring solutions and services&lt;/p&gt;&#xA;"
                    textIsRich="'true'"/>
         <text_460 jcr:primaryType="nt:unstructured"
                   sling:resourceType="help/components/article-3/text"
                   text="&lt;p&gt;In order to use this feature, you need to have access to the following solutions/core services:&lt;/p&gt;&#xA;"
                   textIsRich="true"/>
         <procedure_38 jcr:primaryType="nt:unstructured"
                       sling:resourceType="help/components/procedure"
                       isBulleted="true">
            <proc_par jcr:primaryType="nt:unstructured"
                      sling:resourceType="help/components/procedure/proc_parsys">
               <step_208_38 jcr:primaryType="nt:unstructured" sling:resourceType="help/components/step">
                  <step_par jcr:primaryType="nt:unstructured"
                            sling:resourceType="help/components/procedure/step_parsys">
                     <text_461 jcr:primaryType="nt:unstructured"
                               sling:resourceType="help/components/article-3/text"
                               text="&lt;p&gt;Adobe Campaign&lt;/p&gt;&#xA;"
                               textIsRich="true"/>
                  </step_par>
               </step_208_38>
               <step_209_38 jcr:primaryType="nt:unstructured" sling:resourceType="help/components/step">
                  <step_par jcr:primaryType="nt:unstructured"
                            sling:resourceType="help/components/procedure/step_parsys">
                     <text_462 jcr:primaryType="nt:unstructured"
                               sling:resourceType="help/components/article-3/text"
                               text="&lt;p&gt;Adobe Analytics Ultimate, Premium, Foundation, OD, Select, Prime, Mobile Apps, Select, or Standard.&lt;/p&gt;&#xA;"
                               textIsRich="true"/>
                  </step_par>
               </step_209_38>
               <step_210_38 jcr:primaryType="nt:unstructured" sling:resourceType="help/components/step">
                  <step_par jcr:primaryType="nt:unstructured"
                            sling:resourceType="help/components/procedure/step_parsys">
                     <text_463 jcr:primaryType="nt:unstructured"
                               sling:resourceType="help/components/article-3/text"
                               text="&lt;p&gt;Experience Cloud Triggers Core Service&lt;/p&gt;&#xA;"
                               textIsRich="true"/>
                     <image_27 jcr:primaryType="nt:unstructured"
                               sling:resourceType="help/components/article-3/image"
                               jcr:title=""
                               alt=""
                               captionBottom=""
                               fileName="trigger_uc_prereq_1.png"
                               originalFileName="images/en/trigger_uc_prereq_1.png"
                               fileReference="/content/dam/help/en/campaign/standard/trigger_uc_prereq_1.png"
                               imageRotate="0"
                               originalHeight=""
                               originalWidth=""
                               scaleOption="toTemplate"
                               status="legacy"/>
                  </step_par>
               </step_210_38>
               <step_211_38 jcr:primaryType="nt:unstructured" sling:resourceType="help/components/step">
                  <step_par jcr:primaryType="nt:unstructured"
                            sling:resourceType="help/components/procedure/step_parsys">
                     <text_464 jcr:primaryType="nt:unstructured"
                               sling:resourceType="help/components/article-3/text"
                               text="&lt;p&gt;Experience Cloud DTM Core Service&lt;/p&gt;&#xA;"
                               textIsRich="true"/>
                     <image_28 jcr:primaryType="nt:unstructured"
                               sling:resourceType="help/components/article-3/image"
                               jcr:title=""
                               alt=""
                               captionBottom=""
                               fileName="trigger_uc_prereq_2.png"
                               originalFileName="images/en/trigger_uc_prereq_2.png"
                               fileReference="/content/dam/help/en/campaign/standard/trigger_uc_prereq_2.png"
                               imageRotate="0"
                               originalHeight=""
                               originalWidth=""
                               scaleOption="toTemplate"
                               status="legacy"/>
                  </step_par>
               </step_211_38>
               <step_212_38 jcr:primaryType="nt:unstructured" sling:resourceType="help/components/step">
                  <step_par jcr:primaryType="nt:unstructured"
                            sling:resourceType="help/components/procedure/step_parsys">
                     <text_465 jcr:primaryType="nt:unstructured"
                               sling:resourceType="help/components/article-3/text"
                               text="&lt;p&gt;Experience Cloud Visitor ID and Experience Cloud People Core Service&lt;/p&gt;&#xA;"
                               textIsRich="true"/>
                     <image_29 jcr:primaryType="nt:unstructured"
                               sling:resourceType="help/components/article-3/image"
                               jcr:title=""
                               alt=""
                               captionBottom=""
                               fileName="trigger_uc_prereq_3.png"
                               originalFileName="images/en/trigger_uc_prereq_3.png"
                               fileReference="/content/dam/help/en/campaign/standard/trigger_uc_prereq_3.png"
                               imageRotate="0"
                               originalHeight=""
                               originalWidth=""
                               scaleOption="toTemplate"
                               status="legacy"/>
                  </step_par>
               </step_212_38>
            </proc_par>
         </procedure_38>
         <text_466 jcr:primaryType="nt:unstructured"
                   sling:resourceType="help/components/article-3/text"
                   text="&lt;p&gt;You also need to have a working website.&lt;/p&gt;&#xA;"
                   textIsRich="true"/>
         <image_30 jcr:primaryType="nt:unstructured"
                   sling:resourceType="help/components/article-3/image"
                   jcr:title=""
                   alt=""
                   captionBottom=""
                   fileName="trigger_uc_prereq_4.png"
                   originalFileName="images/en/trigger_uc_prereq_4.png"
                   fileReference="/content/dam/help/en/campaign/standard/trigger_uc_prereq_4.png"
                   imageRotate="0"
                   originalHeight=""
                   originalWidth=""
                   scaleOption="toTemplate"
                   status="legacy"/>
         <caution_3 jcr:primaryType="nt:unstructured"
                    sling:resourceType="help/components/article-3/note"
                    text="&lt;p&gt;&#xA;        Sub-domain delegation is a deliverability key element. Make sure that the Adobe Campaign emails are sent from the same domain as the one used by the website.&#xA;      &lt;/p&gt;&#xA;"
                    textIsRich="true"
                    type="caution"/>
         <text_468 jcr:primaryType="nt:unstructured"
                   sling:resourceType="help/components/article-3/text"
                   text="&lt;p&gt;You need to configure &#xA;&#x9;&#x9;&#x9;&#x9;&#x9;&#x9;&#x9;&#x9;&#x9;&#x9;&#x9;&#xA;&#x9;&#x9;&#x9;&#x9;&#x9;&#x9;&#x9;&lt;a href=&#34;/content/help/en/campaign/standard/integrating/using/configuring-triggers-in-experience-cloud.html#configuring-experience-cloud-dtm-core-service&#34;&gt;Experience Cloud DTM Core Service&lt;/a&gt;, &#xA;&#x9;&#x9;&#x9;&#x9;&#x9;&#x9;&#x9;&#x9;&#x9;&#x9;&#x9;&#xA;&#x9;&#x9;&#x9;&#x9;&#x9;&#x9;&#x9;&lt;a href=&#34;/content/help/en/campaign/standard/integrating/using/configuring-triggers-in-experience-cloud.html#configuring-experience-cloud-people-core-service&#34;&gt;Experience Cloud People Core Service&lt;/a&gt; and &#xA;&#x9;&#x9;&#x9;&#x9;&#x9;&#x9;&#x9;&#x9;&#x9;&#x9;&#x9;&#xA;&#x9;&#x9;&#x9;&#x9;&#x9;&#x9;&#x9;&lt;a href=&#34;/content/help/en/campaign/standard/integrating/using/configuring-triggers-in-experience-cloud.html#configuring-triggers-and-aliases-in-campaign&#34;&gt;Campaign&lt;/a&gt; to run these use cases.&lt;/p&gt;&#xA;"
                   textIsRich="true"/>
      
        <header_48 jcr:primaryType="nt:unstructured" sling:resourceType="help/components/header"
                    id="configuring-experience-cloud-dtm-core-service"
                    level="3"
                    text="&lt;p&gt;Configuring Experience Cloud DTM Core Service&lt;/p&gt;&#xA;"
                    textIsRich="'true'"/>
        <procedure_21_10 jcr:primaryType="nt:unstructured"
                          sling:resourceType="help/components/procedure">
            <proc_par jcr:primaryType="nt:unstructured"
                      sling:resourceType="help/components/procedure/proc_parsys">
               <step_213_0 jcr:primaryType="nt:unstructured" sling:resourceType="help/components/step">
                  <step_par jcr:primaryType="nt:unstructured"
                            sling:resourceType="help/components/procedure/step_parsys">
                     <text_469 jcr:primaryType="nt:unstructured"
                               sling:resourceType="help/components/article-3/text"
                               text="&lt;p&gt;In Experience Cloud DTM Core Service (Dynamic Tag Management), activate Experience Cloud ID and Adobe Analytics for your website pages.&lt;/p&gt;&#xA;"
                               textIsRich="true"/>
                     <image_31 jcr:primaryType="nt:unstructured"
                               sling:resourceType="help/components/article-3/image"
                               jcr:title=""
                               alt=""
                               captionBottom=""
                               fileName="trigger_uc_conf_1.png"
                               originalFileName="images/en/trigger_uc_conf_1.png"
                               fileReference="/content/dam/help/en/campaign/standard/trigger_uc_conf_1.png"
                               imageRotate="0"
                               originalHeight=""
                               originalWidth=""
                               scaleOption="toTemplate"
                               status="legacy"/>
                  </step_par>
               </step_213_0>
               <step_214_0 jcr:primaryType="nt:unstructured" sling:resourceType="help/components/step">
                  <step_par jcr:primaryType="nt:unstructured"
                            sling:resourceType="help/components/procedure/step_parsys">
                     <text_470 jcr:primaryType="nt:unstructured"
                               sling:resourceType="help/components/article-3/text"
                               text="&lt;p&gt;ID reconciliation between the website, Adobe Analytics and Adobe Campaign requires to use aliasing. Create an alias, &#34;visitorid&#34; for example.&lt;/p&gt;&#xA;"
                               textIsRich="true"/>
                     <image_32 jcr:primaryType="nt:unstructured"
                               sling:resourceType="help/components/article-3/image"
                               jcr:title=""
                               alt=""
                               captionBottom=""
                               fileName="trigger_uc_conf_2.png"
                               originalFileName="images/en/trigger_uc_conf_2.png"
                               fileReference="/content/dam/help/en/campaign/standard/trigger_uc_conf_2.png"
                               imageRotate="0"
                               originalHeight=""
                               originalWidth=""
                               scaleOption="toTemplate"
                               status="legacy"/>
                  </step_par>
               </step_214_0>
            </proc_par>
         </procedure_21_10>
      
      
        <header_49 jcr:primaryType="nt:unstructured" sling:resourceType="help/components/header"
                    id="configuring-experience-cloud-people-core-service"
                    level="3"
                    text="&lt;p&gt;Configuring Experience Cloud People Core Service&lt;/p&gt;&#xA;"
                    textIsRich="'true'"/>
        <text_471 jcr:primaryType="nt:unstructured"
                   sling:resourceType="help/components/article-3/text"
                   text="&lt;p&gt;The alias previously referenced in DTM needs to be created in the Experience Cloud People Core Service through a Customer Attribute. Make sure you create a new one and reference the same DTM alias in the integration code (for example &#34;visitorid&#34;).&lt;/p&gt;&#xA;"
                   textIsRich="true"/>
        <image_33 jcr:primaryType="nt:unstructured"
                   sling:resourceType="help/components/article-3/image"
                   jcr:title=""
                   alt=""
                   captionBottom=""
                   fileName="trigger_uc_conf_3.png"
                   originalFileName="images/en/trigger_uc_conf_3.png"
                   fileReference="/content/dam/help/en/campaign/standard/trigger_uc_conf_3.png"
                   imageRotate="0"
                   originalHeight=""
                   originalWidth=""
                   scaleOption="toTemplate"
                   status="legacy"/>
        <note_5 jcr:primaryType="nt:unstructured"
                 sling:resourceType="help/components/article-3/note"
                 text="&lt;p&gt;&#xA;          We are going to use this Customer Attribute in the Data source in Adobe Campaign (next step). &#xA;        &lt;/p&gt;&#xA;"
                 textIsRich="true"
                 type="note"/>
      
      
        <header_50 jcr:primaryType="nt:unstructured" sling:resourceType="help/components/header"
                    id="configuring-triggers-and-aliases-in-campaign"
                    level="3"
                    text="&lt;p&gt;Configuring triggers and aliases in Campaign&lt;/p&gt;&#xA;"
                    textIsRich="'true'"/>
        <procedure_22_10 jcr:primaryType="nt:unstructured"
                          sling:resourceType="help/components/procedure">
            <proc_par jcr:primaryType="nt:unstructured"
                      sling:resourceType="help/components/procedure/proc_parsys">
               <step_215_0 jcr:primaryType="nt:unstructured" sling:resourceType="help/components/step">
                  <step_par jcr:primaryType="nt:unstructured"
                            sling:resourceType="help/components/procedure/step_parsys">
                     <text_473 jcr:primaryType="nt:unstructured"
                               sling:resourceType="help/components/article-3/text"
                               text="&lt;p&gt;Make sure you have &#xA;&lt;span class=&#34;uicontrol&#34;&gt;Experience Cloud triggers&lt;/span&gt;&#xA; visible on your Adobe Campaign Standard instance. If you don't, contact the Adobe Campaign administrators.&lt;/p&gt;&#xA;"
                               textIsRich="true"/>
                     <image_34 jcr:primaryType="nt:unstructured"
                               sling:resourceType="help/components/article-3/image"
                               jcr:title=""
                               alt=""
                               captionBottom=""
                               fileName="remarketing_1.png"
                               originalFileName="images/en/remarketing_1.png"
                               fileReference="/content/dam/help/en/campaign/standard/remarketing_1.png"
                               imageRotate="0"
                               originalHeight=""
                               originalWidth=""
                               scaleOption="toTemplate"
                               status="legacy"/>
                  </step_par>
               </step_215_0>
               <step_216_0 jcr:primaryType="nt:unstructured" sling:resourceType="help/components/step">
                  <step_par jcr:primaryType="nt:unstructured"
                            sling:resourceType="help/components/procedure/step_parsys">
                     <text_474 jcr:primaryType="nt:unstructured"
                               sling:resourceType="help/components/article-3/text"
                               text="&lt;p&gt;Aliases enable a contact in Analytics to be reconciled with a profile in Campaign. You need to match the aliases defined in the Experience Cloud ID service with a Shared Data Source in Campaign. You need to configure the aliases resolution in Adobe Campaign via a Data source (&#xA;&lt;span class=&#34;uicontrol&#34;&gt;Administration&lt;/span&gt;&#xA; &gt; &#xA;&lt;span class=&#34;uicontrol&#34;&gt;Application Settings&lt;/span&gt;&#xA; &gt; &#xA;&lt;span class=&#34;uicontrol&#34;&gt;Shared Data Sources&lt;/span&gt;&#xA;). Make sure you choose the correct data source in the &#xA;&lt;span class=&#34;uicontrol&#34;&gt;Data Source/Alias&lt;/span&gt;&#xA; drop-down menu, which is mapped with the same Customer Attribute data source created in previous step.&lt;/p&gt;&#xA;"
                               textIsRich="true"/>
                     <image_35 jcr:primaryType="nt:unstructured"
                               sling:resourceType="help/components/article-3/image"
                               jcr:title=""
                               alt=""
                               captionBottom=""
                               fileName="trigger_uc_conf_5.png"
                               originalFileName="images/en/trigger_uc_conf_5.png"
                               fileReference="/content/dam/help/en/campaign/standard/trigger_uc_conf_5.png"
                               imageRotate="0"
                               originalHeight=""
                               originalWidth=""
                               scaleOption="toTemplate"
                               status="legacy"/>
                     <note_6 jcr:primaryType="nt:unstructured"
                             sling:resourceType="help/components/article-3/note"
                             text="&lt;p&gt;&#xA;              You can reconcile your triggers for both anonymous and logged in users. For anonymous users, the profile should exist in Adobe Campaign and an email has been sent to the user before. For this, Visitor ID configuration is sufficient. However, if you want to reconcile triggers for logged in users, you need to setup Declared ID Data Source. For more on this, refer to &#xA;&#x9;&#x9;&#x9;&#x9;&#x9;&#x9;&#x9;&#x9;&#x9;&#x9;&#x9;&#xA;&#x9;&#x9;&#x9;&#x9;&#x9;&#x9;&#x9;&lt;a href=&#34;/content/help/en/campaign/standard/integrating/using/provisioning-and-configuring-integration-with-audience-manager-or-people-core-service.html#step-2--configure-the-data-sources&#34;&gt;Data Source configuration&lt;/a&gt;.&#xA;            &lt;/p&gt;&#xA;"
                             textIsRich="true"
                             type="note"/>
                  </step_par>
               </step_216_0>
            </proc_par>
         </procedure_22_10>
      
    
    
         <header_51 jcr:primaryType="nt:unstructured" sling:resourceType="help/components/header"
                    id="creating-a-trigger-in-the-experience-cloud-interface"
                    level="2"
                    text="&lt;p&gt;Creating a trigger in the Experience Cloud interface&lt;/p&gt;&#xA;"
                    textIsRich="'true'"/>
         <text_476 jcr:primaryType="nt:unstructured"
                   sling:resourceType="help/components/article-3/text"
                   text="&lt;p&gt;An Adobe Experience Cloud trigger needs to be created so that you can use it in Campaign.&lt;/p&gt;&#xA;"
                   textIsRich="true"/>
         <text_477 jcr:primaryType="nt:unstructured"
                   sling:resourceType="help/components/article-3/text"
                   text="&lt;p&gt;Create a new trigger in Experience Cloud and make sure you select the report suite used on your website. Make sure you choose the right dimension so that the trigger will fire.&lt;/p&gt;&#xA;"
                   textIsRich="true"/>
         <text_478 jcr:primaryType="nt:unstructured"
                   sling:resourceType="help/components/article-3/text"
                   text="&lt;p&gt;Refer to the &#xA;&lt;a href=&#34;https://marketing.adobe.com/resources/help/en_US/mcloud/triggers.html&#34;&gt;Adobe Experience Cloud documentation&lt;/a&gt; and watch this &#xA;&#x9;&#x9;&#x9;&#x9;&#x9;&lt;a href=&#34;https://helpx.adobe.com/marketing-cloud/how-to/email-marketing.html#step-two&#34; class=&#34;anchorLink&#34; target=&#34;_blank&#34;&gt;video&lt;/a&gt;&#xA;&#x9;&#x9;&#x9;&#x9;.&lt;/p&gt;&#xA;"
                   textIsRich="true"/>
    
    
         <header_52 jcr:primaryType="nt:unstructured" sling:resourceType="help/components/header"
                    id="triggers-best-practices-and-limitations"
                    level="2"
                    text="&lt;p&gt;Triggers best practices and limitations&lt;/p&gt;&#xA;"
                    textIsRich="'true'"/>
         <text_479 jcr:primaryType="nt:unstructured"
                   sling:resourceType="help/components/article-3/text"
                   text="&lt;p&gt;Here is a list of best practices and limitations for the use of the Campaign - Triggers integration: &lt;/p&gt;&#xA;"
                   textIsRich="true"/>
         <procedure_39 jcr:primaryType="nt:unstructured"
                       sling:resourceType="help/components/procedure"
                       isBulleted="true">
            <proc_par jcr:primaryType="nt:unstructured"
                      sling:resourceType="help/components/procedure/proc_parsys">
               <step_217_39 jcr:primaryType="nt:unstructured" sling:resourceType="help/components/step">
                  <step_par jcr:primaryType="nt:unstructured"
                            sling:resourceType="help/components/procedure/step_parsys">
                     <text_480 jcr:primaryType="nt:unstructured"
                               sling:resourceType="help/components/article-3/text"
                               text="&lt;p&gt;If you have multiple instances of Campaign Standard, then triggers can be received by all instances as long as they are in the same IMS org ID. Analytics also needs to be on same IMS org ID.&lt;/p&gt;&#xA;"
                               textIsRich="true"/>
                  </step_par>
               </step_217_39>
               <step_218_39 jcr:primaryType="nt:unstructured" sling:resourceType="help/components/step">
                  <step_par jcr:primaryType="nt:unstructured"
                            sling:resourceType="help/components/procedure/step_parsys">
                     <text_481 jcr:primaryType="nt:unstructured"
                               sling:resourceType="help/components/article-3/text"
                               text="&lt;p&gt;You cannot create a trigger in the Trigger Core Service using events from two different report suites.&lt;/p&gt;&#xA;"
                               textIsRich="true"/>
                  </step_par>
               </step_218_39>
               <step_219_39 jcr:primaryType="nt:unstructured" sling:resourceType="help/components/step">
                  <step_par jcr:primaryType="nt:unstructured"
                            sling:resourceType="help/components/procedure/step_parsys">
                     <text_482 jcr:primaryType="nt:unstructured"
                               sling:resourceType="help/components/article-3/text"
                               text="&lt;p&gt;Triggers are based on transactional messages. Transactional messages are used whenever you have to send a message very quickly. You cannot queue transactional messages and then loop them in batch.&lt;/p&gt;&#xA;"
                               textIsRich="true"/>
                  </step_par>
               </step_219_39>
               <step_220_39 jcr:primaryType="nt:unstructured" sling:resourceType="help/components/step">
                  <step_par jcr:primaryType="nt:unstructured"
                            sling:resourceType="help/components/procedure/step_parsys">
                     <text_483 jcr:primaryType="nt:unstructured"
                               sling:resourceType="help/components/article-3/text"
                               text="&lt;p&gt;Triggers are not deterministic in nature. When a trigger is generated, it sends all aliases associated with the cookie, so in case of shared browsers such as in retail kiosks, libraries, cyber cafes, or shared devices at home (husband and wife logging in from the same device), it is not possible to map to the right ID. All IDs used to login with the browser are sent to Campaign which sends out a message on the basis of the first reconciliation. If there are multiple &#34;email IDs&#34; eligible for reconciliation, then Campaign does not send an email. There is no way for Campaign to know what the right email ID is unless it is captured and sent by Analytics.&lt;/p&gt;&#xA;"
                               textIsRich="true"/>
                  </step_par>
               </step_220_39>
               <step_221_39 jcr:primaryType="nt:unstructured" sling:resourceType="help/components/step">
                  <step_par jcr:primaryType="nt:unstructured"
                            sling:resourceType="help/components/procedure/step_parsys">
                     <text_484 jcr:primaryType="nt:unstructured"
                               sling:resourceType="help/components/article-3/text"
                               text="&lt;p&gt;You cannot store contents of payload in Campaign. Triggers cannot be used to update a profile's data.&lt;/p&gt;&#xA;"
                               textIsRich="true"/>
                  </step_par>
               </step_221_39>
               <step_222_39 jcr:primaryType="nt:unstructured" sling:resourceType="help/components/step">
                  <step_par jcr:primaryType="nt:unstructured"
                            sling:resourceType="help/components/procedure/step_parsys">
                     <text_485 jcr:primaryType="nt:unstructured"
                               sling:resourceType="help/components/article-3/text"
                               text="&lt;p&gt;Customer Attributes are not supported in Triggers (meaning, only report suite data can be used to define Triggers business rules).&lt;/p&gt;&#xA;"
                               textIsRich="true"/>
                  </step_par>
               </step_222_39>
               <step_223_39 jcr:primaryType="nt:unstructured" sling:resourceType="help/components/step">
                  <step_par jcr:primaryType="nt:unstructured"
                            sling:resourceType="help/components/procedure/step_parsys">
                     <text_486 jcr:primaryType="nt:unstructured"
                               sling:resourceType="help/components/article-3/text"
                               text="&lt;p&gt;Collection of collections are not supported in Campaign.&lt;/p&gt;&#xA;"
                               textIsRich="true"/>
                  </step_par>
               </step_223_39>
            </proc_par>
         </procedure_39>
         <caution_4 jcr:primaryType="nt:unstructured"
                    sling:resourceType="help/components/article-3/note"
                    text="&lt;p&gt;&#xA;        Your website must be running on the same domain as the Adobe Campaign server. If not, you cannot use visitor id to reconcile and reach out to users visiting the website anonymously.&#xA;      &lt;/p&gt;&#xA;"
                    textIsRich="true"
                    type="caution"/>
    
      </main-pars>
      <hero jcr:primaryType="nt:unstructured"
            sling:resourceType="foundation/components/image"/>
      <thumbnail jcr:primaryType="nt:unstructured"
                 sling:resourceType="foundation/components/image"/>
      <publisherLogo jcr:primaryType="nt:unstructured"
                     sling:resourceType="foundation/components/image"/>
   </jcr:content>
</jcr:root>