<?xml version="1.0" encoding="UTF-8"?>
<jcr:root xmlns:nt="http://www.jcp.org/jcr/nt/1.0" xmlns:json="http://json.org/"
          xmlns:sling="http://sling.apache.org/jcr/sling/1.0"
          xmlns:cq="http://www.day.com/jcr/cq/1.0"
          xmlns:jcr="http://www.jcp.org/jcr/1.0"
          xmlns:mix="http://www.jcp.org/jcr/mix/1.0"
          jcr:primaryType="cq:Page">
   <jcr:content navTitle="Configure Campaign-Analytics integration"
                jcr:primaryType="cq:PageContent"
                sling:resourceType="help/components/pages/article-3"
                heroGradient="light"
                jcr:language="en_us"
                cq:designPath="/etc/designs/help"
                cq:template="/apps/help/templates/article-3"
                jcr:mixinTypes="[mix:versionable]"
                jcr:title="Configure Campaign-Analytics integration"
                jcr:description="Configure Campaign-Analytics integration"
                seoDescription="Learn how to configure the Adobe Analytics integration to start measuring the success of your email deliveries."
                primaryProductTag="[products:SG_CAMPAIGN/STANDARD]"
                cq:tags="[products:SG_CAMPAIGN/STANDARD,audience:integrating,content_type:reference,topic_tags:working-with-campaign-and-analytics]"
                primaryAudienceTag="[audience:integrating]"
                contentOwner="sauviat"
                isReadyForLocalization="true"
                publishExternalDate="2019-01-09">
      <main-pars jcr:primaryType="nt:unstructured"
                 sling:resourceType="foundation/components/parsys">
    
    
      
    
         <text_152 jcr:primaryType="nt:unstructured"
                   sling:resourceType="help/components/article-3/text"
                   text="&lt;p&gt;This integration allows you to share your Key Performance Indicator data directly from Adobe Campaign to Adobe Analytics Standard or Premium.&lt;/p&gt;&#xA;"
                   textIsRich="true"/>
         <text_153 jcr:primaryType="nt:unstructured"
                   sling:resourceType="help/components/article-3/text"
                   text="&lt;p&gt;To start the integration between Adobe Campaign Standard and Adobe Analytics, you first need to configure the external account linked to Adobe Analytics.&lt;/p&gt;&#xA;"
                   textIsRich="true"/>
         <text_154 jcr:primaryType="nt:unstructured"
                   sling:resourceType="help/components/article-3/text"
                   text="&lt;p&gt;External accounts and technical workflows can only be managed by the functional administrator of the platform.&lt;/p&gt;&#xA;"
                   textIsRich="true"/>
         <procedure_6_10 jcr:primaryType="nt:unstructured"
                         sling:resourceType="help/components/procedure">
            <proc_par jcr:primaryType="nt:unstructured"
                      sling:resourceType="help/components/procedure/proc_parsys">
               <step_66_0 jcr:primaryType="nt:unstructured" sling:resourceType="help/components/step">
                  <step_par jcr:primaryType="nt:unstructured"
                            sling:resourceType="help/components/procedure/step_parsys">
                     <text_155 jcr:primaryType="nt:unstructured"
                               sling:resourceType="help/components/article-3/text"
                               text="&lt;p&gt;From the advanced menu, via the Adobe Campaign logo, select &#xA;&lt;span class=&#34;uicontrol&#34;&gt;Administration &gt; Application settings &gt; External accounts&lt;/span&gt;&#xA;.&lt;/p&gt;&#xA;"
                               textIsRich="true"/>
                  </step_par>
               </step_66_0>
               <step_67_0 jcr:primaryType="nt:unstructured" sling:resourceType="help/components/step">
                  <step_par jcr:primaryType="nt:unstructured"
                            sling:resourceType="help/components/procedure/step_parsys">
                     <text_156 jcr:primaryType="nt:unstructured"
                               sling:resourceType="help/components/article-3/text"
                               text="&lt;p&gt;Select the &#xA;&lt;span class=&#34;uicontrol&#34;&gt;Share KPIs with Adobe Analytics&lt;/span&gt;&#xA; external account.&lt;/p&gt;&#xA;"
                               textIsRich="true"/>
                     <image_7 jcr:primaryType="nt:unstructured"
                              sling:resourceType="help/components/article-3/image"
                              jcr:title=""
                              alt=""
                              captionBottom=""
                              fileName="analytics_2.png"
                              originalFileName="images/en/analytics_2.png"
                              fileReference="/content/dam/help/en/campaign/standard/analytics_2.png"
                              imageRotate="0"
                              originalHeight=""
                              originalWidth=""
                              scaleOption="toTemplate"
                              status="legacy"/>
                  </step_par>
               </step_67_0>
               <step_68_0 jcr:primaryType="nt:unstructured" sling:resourceType="help/components/step">
                  <step_par jcr:primaryType="nt:unstructured"
                            sling:resourceType="help/components/procedure/step_parsys">
                     <text_157 jcr:primaryType="nt:unstructured"
                               sling:resourceType="help/components/article-3/text"
                               text="&lt;p&gt;Specify your &#xA;&lt;span class=&#34;uicontrol&#34;&gt;Web services user name&lt;/span&gt;&#xA; and &#xA;&lt;span class=&#34;uicontrol&#34;&gt;Web services share secret&lt;/span&gt;&#xA; in the &#xA;&lt;span class=&#34;uicontrol&#34;&gt;Connection&lt;/span&gt;&#xA; field.&lt;/p&gt;&#xA;"
                               textIsRich="true"/>
                     <text_158 jcr:primaryType="nt:unstructured"
                               sling:resourceType="help/components/article-3/text"
                               text="&lt;p&gt;These parameters can be found in Analytics by selecting &#xA;&lt;span class=&#34;uicontrol&#34;&gt;Admin &gt; Company settings &gt; Web services&lt;/span&gt;&#xA;.&lt;/p&gt;&#xA;"
                               textIsRich="true"/>
                     <image_8 jcr:primaryType="nt:unstructured"
                              sling:resourceType="help/components/article-3/image"
                              jcr:title=""
                              alt=""
                              captionBottom=""
                              fileName="analytics_1.png"
                              originalFileName="images/en/analytics_1.png"
                              fileReference="/content/dam/help/en/campaign/standard/analytics_1.png"
                              imageRotate="0"
                              originalHeight=""
                              originalWidth=""
                              scaleOption="toTemplate"
                              status="legacy"/>
                  </step_par>
               </step_68_0>
               <step_69_0 jcr:primaryType="nt:unstructured" sling:resourceType="help/components/step">
                  <step_par jcr:primaryType="nt:unstructured"
                            sling:resourceType="help/components/procedure/step_parsys">
                     <text_159 jcr:primaryType="nt:unstructured"
                               sling:resourceType="help/components/article-3/text"
                               text="&lt;p&gt;Click the &#xA;&lt;span class=&#34;uicontrol&#34;&gt;Refresh report suites&lt;/span&gt;&#xA; button.&lt;/p&gt;&#xA;"
                               textIsRich="true"/>
                  </step_par>
               </step_69_0>
               <step_70_0 jcr:primaryType="nt:unstructured" sling:resourceType="help/components/step">
                  <step_par jcr:primaryType="nt:unstructured"
                            sling:resourceType="help/components/procedure/step_parsys">
                     <text_160 jcr:primaryType="nt:unstructured"
                               sling:resourceType="help/components/article-3/text"
                               text="&lt;p&gt;Select in the &#xA;&lt;span class=&#34;uicontrol&#34;&gt;Analytics default report suite&lt;/span&gt;&#xA; drop-down the Adobe Analytics report suite you want to enrich with Adobe Campaign data. &lt;/p&gt;&#xA;"
                               textIsRich="true"/>
                     <text_161 jcr:primaryType="nt:unstructured"
                               sling:resourceType="help/components/article-3/text"
                               text="&lt;p&gt;Your external account is now ready and linked with Adobe Analytics. You can disable it at any time by checking the &#xA;&lt;span class=&#34;uicontrol&#34;&gt;Enabled&lt;/span&gt;&#xA; box.&lt;/p&gt;&#xA;"
                               textIsRich="true"/>
                     <image_9 jcr:primaryType="nt:unstructured"
                              sling:resourceType="help/components/article-3/image"
                              jcr:title=""
                              alt=""
                              captionBottom=""
                              fileName="analytics.png"
                              originalFileName="images/en/analytics.png"
                              fileReference="/content/dam/help/en/campaign/standard/analytics.png"
                              imageRotate="0"
                              originalHeight=""
                              originalWidth=""
                              scaleOption="toTemplate"
                              status="legacy"/>
                  </step_par>
               </step_70_0>
            </proc_par>
         </procedure_6_10>
         <text_162 jcr:primaryType="nt:unstructured"
                   sling:resourceType="help/components/article-3/text"
                   text="&lt;p&gt;The &#xA;&lt;span class=&#34;uicontrol&#34;&gt;Share KPIs with Adobe Analytics&lt;/span&gt;&#xA; technical workflow will now automatically launch and can be viewed from the advanced menu by selecting &#xA;&lt;span class=&#34;uicontrol&#34;&gt;Administration &gt; Application settings &gt; Workflow&lt;/span&gt;&#xA;. This technical workflow will automatically execute every 15 minutes and will push up to 6 months old data in Adobe Analytics.&lt;/p&gt;&#xA;"
                   textIsRich="true"/>
         <image_10 jcr:primaryType="nt:unstructured"
                   sling:resourceType="help/components/article-3/image"
                   jcr:title=""
                   alt=""
                   captionBottom=""
                   fileName="analytics_3.png"
                   originalFileName="images/en/analytics_3.png"
                   fileReference="/content/dam/help/en/campaign/standard/analytics_3.png"
                   imageRotate="0"
                   originalHeight=""
                   originalWidth=""
                   scaleOption="toTemplate"
                   status="legacy"/>
         <text_163 jcr:primaryType="nt:unstructured"
                   sling:resourceType="help/components/article-3/text"
                   text="&lt;p&gt;Your data are now available in Adobe Analytics.&lt;/p&gt;&#xA;"
                   textIsRich="true"/>
         <text_164 jcr:primaryType="nt:unstructured"
                   sling:resourceType="help/components/article-3/text"
                   text="&lt;p&gt;&lt;strong&gt;Related topics:&lt;/strong&gt;&lt;/p&gt;&#xA;"
                   textIsRich="true"/>
         <procedure_16 jcr:primaryType="nt:unstructured"
                       sling:resourceType="help/components/procedure"
                       isBulleted="true">
            <proc_par jcr:primaryType="nt:unstructured"
                      sling:resourceType="help/components/procedure/proc_parsys">
               <step_71_16 jcr:primaryType="nt:unstructured" sling:resourceType="help/components/step">
                  <step_par jcr:primaryType="nt:unstructured"
                            sling:resourceType="help/components/procedure/step_parsys">
                     <text_165 jcr:primaryType="nt:unstructured"
                               sling:resourceType="help/components/article-3/text"
                               text="&lt;p&gt;&#xA;&#x9;&#x9;&#x9;&#x9;&#x9;&#x9;&#x9;&#x9;&#x9;&#x9;&#x9;&#xA;&#x9;&#x9;&#x9;&#x9;&#x9;&#x9;&#x9;&lt;a href=&#34;/content/help/en/campaign/standard/administration/using/external-accounts.html&#34;&gt;External accounts&lt;/a&gt;&lt;/p&gt;&#xA;"
                               textIsRich="true"/>
                  </step_par>
               </step_71_16>
               <step_72_16 jcr:primaryType="nt:unstructured" sling:resourceType="help/components/step">
                  <step_par jcr:primaryType="nt:unstructured"
                            sling:resourceType="help/components/procedure/step_parsys">
                     <text_166 jcr:primaryType="nt:unstructured"
                               sling:resourceType="help/components/article-3/text"
                               text="&lt;p&gt;&#xA;&#x9;&#x9;&#x9;&#x9;&#x9;&#x9;&#x9;&#x9;&#x9;&#x9;&#x9;&#xA;&#x9;&#x9;&#x9;&#x9;&#x9;&#x9;&#x9;&lt;a href=&#34;/content/help/en/campaign/standard/administration/using/technical-workflows.html&#34;&gt;Technical workflows&lt;/a&gt;&lt;/p&gt;&#xA;"
                               textIsRich="true"/>
                  </step_par>
               </step_72_16>
               <step_73_16 jcr:primaryType="nt:unstructured" sling:resourceType="help/components/step">
                  <step_par jcr:primaryType="nt:unstructured"
                            sling:resourceType="help/components/procedure/step_parsys">
                     <text_167 jcr:primaryType="nt:unstructured"
                               sling:resourceType="help/components/article-3/text"
                               text="&lt;p&gt;&#xA;&lt;a href=&#34;https://helpx.adobe.com/marketing-cloud/how-to/email-marketing.html&#34;&gt;Share KPIs for integrated Campaign reporting&lt;/a&gt; video&lt;/p&gt;&#xA;"
                               textIsRich="true"/>
                  </step_par>
               </step_73_16>
            </proc_par>
         </procedure_16>
      </main-pars>
      <hero jcr:primaryType="nt:unstructured"
            sling:resourceType="foundation/components/image"/>
      <thumbnail jcr:primaryType="nt:unstructured"
                 sling:resourceType="foundation/components/image"/>
      <publisherLogo jcr:primaryType="nt:unstructured"
                     sling:resourceType="foundation/components/image"/>
   </jcr:content>
</jcr:root>