<?xml version="1.0" encoding="UTF-8"?>
<jcr:root xmlns:nt="http://www.jcp.org/jcr/nt/1.0" xmlns:json="http://json.org/"
          xmlns:sling="http://sling.apache.org/jcr/sling/1.0"
          xmlns:cq="http://www.day.com/jcr/cq/1.0"
          xmlns:jcr="http://www.jcp.org/jcr/1.0"
          xmlns:mix="http://www.jcp.org/jcr/mix/1.0"
          jcr:primaryType="cq:Page">
   <jcr:content navTitle="Troubleshooting" jcr:primaryType="cq:PageContent"
                sling:resourceType="help/components/pages/article-3"
                heroGradient="light"
                jcr:language="en_us"
                cq:designPath="/etc/designs/help"
                cq:template="/apps/help/templates/article-3"
                jcr:mixinTypes="[mix:versionable]"
                jcr:title="Troubleshooting"
                jcr:description="Troubleshooting"
                seoDescription=""
                primaryProductTag="[products:SG_CAMPAIGN/STANDARD]"
                cq:tags="[products:SG_CAMPAIGN/STANDARD,audience:integrating,content_type:reference,topic_tags:working-with-campaign-and-audience-manager-or-people-core-service]"
                primaryAudienceTag="[audience:integrating]"
                contentOwner="sauviat"
                isReadyForLocalization="true"
                publishExternalDate="2019-01-09">
      <main-pars jcr:primaryType="nt:unstructured"
                 sling:resourceType="foundation/components/parsys">
    
         <text_266 jcr:primaryType="nt:unstructured"
                   sling:resourceType="help/components/article-3/text"
                   text="&lt;p&gt;Errors may be encountered while using the integration with Audience Manager or People core service.&lt;/p&gt;&#xA;"
                   textIsRich="true"/>
         <text_267 jcr:primaryType="nt:unstructured"
                   sling:resourceType="help/components/article-3/text"
                   text="&lt;p&gt;In this case, make sure that the following elements are correctly configured:&lt;/p&gt;&#xA;"
                   textIsRich="true"/>
         <procedure_22 jcr:primaryType="nt:unstructured"
                       sling:resourceType="help/components/procedure"
                       isBulleted="true">
            <proc_par jcr:primaryType="nt:unstructured"
                      sling:resourceType="help/components/procedure/proc_parsys">
               <step_100_22 jcr:primaryType="nt:unstructured" sling:resourceType="help/components/step">
                  <step_par jcr:primaryType="nt:unstructured"
                            sling:resourceType="help/components/procedure/step_parsys">
                     <text_268 jcr:primaryType="nt:unstructured"
                               sling:resourceType="help/components/article-3/text"
                               text="&lt;p&gt;&lt;strong&gt;External accounts&lt;/strong&gt;&lt;/p&gt;&#xA;"
                               textIsRich="true"/>
                     <text_269 jcr:primaryType="nt:unstructured"
                               sling:resourceType="help/components/article-3/text"
                               text="&lt;p&gt;In &#xA;&lt;span class=&#34;uicontrol&#34;&gt;Administration&lt;/span&gt;&#xA; &gt; &#xA;&lt;span class=&#34;uicontrol&#34;&gt;Application settings&lt;/span&gt;&#xA; &gt; &#xA;&lt;span class=&#34;uicontrol&#34;&gt;External accounts&lt;/span&gt;&#xA;, make sure that the following external S3 accounts are correctly configured. The mentioned S3 servers should have been configured during provisioning.&lt;/p&gt;&#xA;"
                               textIsRich="true"/>
                     <procedure_22 jcr:primaryType="nt:unstructured"
                                   sling:resourceType="help/components/procedure"
                                   isBulleted="true">
                        <proc_par jcr:primaryType="nt:unstructured"
                                  sling:resourceType="help/components/procedure/proc_parsys">
                           <step_100_22 jcr:primaryType="nt:unstructured" sling:resourceType="help/components/step">
                              <step_par jcr:primaryType="nt:unstructured"
                                        sling:resourceType="help/components/procedure/step_parsys">
                                 <text_270 jcr:primaryType="nt:unstructured"
                                           sling:resourceType="help/components/article-3/text"
                                           text="&lt;p&gt;&#xA;&lt;span class=&#34;uicontrol&#34;&gt;importSharedAudience&lt;/span&gt;&#xA;: S3 account dedicated to importing audiences.&lt;/p&gt;&#xA;"
                                           textIsRich="true"/>
                              </step_par>
                           </step_100_22>
                           <step_101_22 jcr:primaryType="nt:unstructured" sling:resourceType="help/components/step">
                              <step_par jcr:primaryType="nt:unstructured"
                                        sling:resourceType="help/components/procedure/step_parsys">
                                 <text_271 jcr:primaryType="nt:unstructured"
                                           sling:resourceType="help/components/article-3/text"
                                           text="&lt;p&gt;&#xA;&lt;span class=&#34;uicontrol&#34;&gt;exportSharedAudience&lt;/span&gt;&#xA;: S3 account dedicated to exporting audiences.&lt;/p&gt;&#xA;"
                                           textIsRich="true"/>
                              </step_par>
                           </step_101_22>
                        </proc_par>
                     </procedure_22>
                  </step_par>
               </step_100_22>
               <step_103_23 jcr:primaryType="nt:unstructured" sling:resourceType="help/components/step">
                  <step_par jcr:primaryType="nt:unstructured"
                            sling:resourceType="help/components/procedure/step_parsys">
                     <text_272 jcr:primaryType="nt:unstructured"
                               sling:resourceType="help/components/article-3/text"
                               text="&lt;p&gt;&lt;strong&gt;Shared Data Sources&lt;/strong&gt;&lt;/p&gt;&#xA;"
                               textIsRich="true"/>
                     <text_273 jcr:primaryType="nt:unstructured"
                               sling:resourceType="help/components/article-3/text"
                               text="&lt;p&gt;In &#xA;&lt;span class=&#34;uicontrol&#34;&gt;Administration&lt;/span&gt;&#xA; &gt; &#xA;&lt;span class=&#34;uicontrol&#34;&gt;Application settings&lt;/span&gt;&#xA; &gt; &#xA;&lt;span class=&#34;uicontrol&#34;&gt;Shared Data Sources&lt;/span&gt;&#xA;, check that the shared data source is set properly.&lt;/p&gt;&#xA;"
                               textIsRich="true"/>
                     <text_274 jcr:primaryType="nt:unstructured"
                               sling:resourceType="help/components/article-3/text"
                               text="&lt;p&gt;&#xA;&lt;span class=&#34;uicontrol&#34;&gt;Priority&lt;/span&gt;&#xA; is used when you have multiple data sources defined. Priority decides which data source will be used to match with alias received in the order defined. &#xA;&lt;span class=&#34;uicontrol&#34;&gt;Priority&lt;/span&gt;&#xA; is only needed for Triggers implementation.&lt;/p&gt;&#xA;"
                               textIsRich="true"/>
                     <text_275 jcr:primaryType="nt:unstructured"
                               sling:resourceType="help/components/article-3/text"
                               text="&lt;p&gt;Check that the reconciliation key is correct. It is the hashed/encrypted value of this field that is used to export and import audiences.&lt;/p&gt;&#xA;"
                               textIsRich="true"/>
                     <text_276 jcr:primaryType="nt:unstructured"
                               sling:resourceType="help/components/article-3/text"
                               text="&lt;p&gt;In case of hashing or encryption of the declared ID, check that the same parameters/encryption algorithms are used on your Website.&lt;/p&gt;&#xA;"
                               textIsRich="true"/>
                     <text_277 jcr:primaryType="nt:unstructured"
                               sling:resourceType="help/components/article-3/text"
                               text="&lt;p&gt;Only one encryption algorithm is supported: AES in CBC mode with a key size of 128, 192 or 256 bits, with PKCS padding.&lt;/p&gt;&#xA;"
                               textIsRich="true"/>
                     <text_278 jcr:primaryType="nt:unstructured"
                               sling:resourceType="help/components/article-3/text"
                               text="&lt;p&gt;If the AES encryption algorithm is selected, the following additional fields must be correctly set: &lt;/p&gt;&#xA;"
                               textIsRich="true"/>
                     <procedure_23 jcr:primaryType="nt:unstructured"
                                   sling:resourceType="help/components/procedure"
                                   isBulleted="true">
                        <proc_par jcr:primaryType="nt:unstructured"
                                  sling:resourceType="help/components/procedure/proc_parsys">
                           <step_103_23 jcr:primaryType="nt:unstructured" sling:resourceType="help/components/step">
                              <step_par jcr:primaryType="nt:unstructured"
                                        sling:resourceType="help/components/procedure/step_parsys">
                                 <text_279 jcr:primaryType="nt:unstructured"
                                           sling:resourceType="help/components/article-3/text"
                                           text="&lt;p&gt;&lt;strong&gt;Encryption Key&lt;/strong&gt; for AES&lt;/p&gt;&#xA;"
                                           textIsRich="true"/>
                              </step_par>
                           </step_103_23>
                           <step_104_23 jcr:primaryType="nt:unstructured" sling:resourceType="help/components/step">
                              <step_par jcr:primaryType="nt:unstructured"
                                        sling:resourceType="help/components/procedure/step_parsys">
                                 <text_280 jcr:primaryType="nt:unstructured"
                                           sling:resourceType="help/components/article-3/text"
                                           text="&lt;p&gt;&lt;strong&gt;Encryption IV&lt;/strong&gt; (Initialization Vector) for AES&lt;/p&gt;&#xA;"
                                           textIsRich="true"/>
                              </step_par>
                           </step_104_23>
                           <step_105_23 jcr:primaryType="nt:unstructured" sling:resourceType="help/components/step">
                              <step_par jcr:primaryType="nt:unstructured"
                                        sling:resourceType="help/components/procedure/step_parsys">
                                 <text_281 jcr:primaryType="nt:unstructured"
                                           sling:resourceType="help/components/article-3/text"
                                           text="&lt;p&gt;&lt;strong&gt;Channel&lt;/strong&gt; (Email/SMS/Other): This field allows to directly decrypt email addresses and SMS numbers. Make sure that the reconciliation key matches the setting of the &lt;strong&gt;Channel&lt;/strong&gt; field. If you select &#34;Other&#34;, this specific decryption will not happen and the reconciliation key will be used to reconcile the data.&lt;/p&gt;&#xA;"
                                           textIsRich="true"/>
                              </step_par>
                           </step_105_23>
                        </proc_par>
                     </procedure_23>
                     <text_282 jcr:primaryType="nt:unstructured"
                               sling:resourceType="help/components/article-3/text"
                               text="&lt;p&gt;Experience Cloud audiences might not be shared because the technical workflow has stopped or paused. Access the &#xA;&lt;span class=&#34;uicontrol&#34;&gt;Import shared audience&lt;/span&gt;&#xA; workflow by clicking directly the &#xA;&lt;span class=&#34;uicontrol&#34;&gt;Show ImportShared Audience workflow&lt;/span&gt;&#xA; option in your Data source.&lt;/p&gt;&#xA;"
                               textIsRich="true"/>
                  </step_par>
               </step_103_23>
            </proc_par>
         </procedure_22>
         <text_283 jcr:primaryType="nt:unstructured"
                   sling:resourceType="help/components/article-3/text"
                   text="&lt;p&gt;It can occur that some data are missing when sharing an audience via People core service or when importing an audience. Only records of which the ID ('Visitor ID' or 'Declared ID') was able to be reconciled with the profile dimension are transferred. IDs from the People core service segments that are not recognized by Adobe Campaign are not imported.&lt;/p&gt;&#xA;"
                   textIsRich="true"/>
      </main-pars>
      <hero jcr:primaryType="nt:unstructured"
            sling:resourceType="foundation/components/image"/>
      <thumbnail jcr:primaryType="nt:unstructured"
                 sling:resourceType="foundation/components/image"/>
      <publisherLogo jcr:primaryType="nt:unstructured"
                     sling:resourceType="foundation/components/image"/>
   </jcr:content>
</jcr:root>