<?xml version="1.0" encoding="UTF-8"?>
<jcr:root xmlns:nt="http://www.jcp.org/jcr/nt/1.0" xmlns:json="http://json.org/"
          xmlns:sling="http://sling.apache.org/jcr/sling/1.0"
          xmlns:cq="http://www.day.com/jcr/cq/1.0"
          xmlns:jcr="http://www.jcp.org/jcr/1.0"
          xmlns:mix="http://www.jcp.org/jcr/mix/1.0"
          jcr:primaryType="cq:Page">
   <jcr:content navTitle="Using Triggers in Campaign" jcr:primaryType="cq:PageContent"
                sling:resourceType="help/components/pages/article-3"
                heroGradient="light"
                jcr:language="en_us"
                cq:designPath="/etc/designs/help"
                cq:template="/apps/help/templates/article-3"
                jcr:mixinTypes="[mix:versionable]"
                jcr:title="Using Triggers in Campaign"
                jcr:description="Using Triggers in Campaign"
                seoDescription=""
                primaryProductTag="[products:SG_CAMPAIGN/STANDARD]"
                cq:tags="[products:SG_CAMPAIGN/STANDARD,audience:integrating,content_type:reference,topic_tags:working-with-campaign-and-triggers]"
                primaryAudienceTag="[audience:integrating]"
                contentOwner="sauviat"
                isReadyForLocalization="true"
                publishExternalDate="2019-01-09">
      <main-pars jcr:primaryType="nt:unstructured"
                 sling:resourceType="foundation/components/parsys">
    
    
         <header_54 jcr:primaryType="nt:unstructured" sling:resourceType="help/components/header"
                    id="creating-a-mapped-trigger-in-campaign"
                    level="2"
                    text="&lt;p&gt;Creating a mapped trigger in Campaign&lt;/p&gt;&#xA;"
                    textIsRich="'true'"/>
      
         <text_488 jcr:primaryType="nt:unstructured"
                   sling:resourceType="help/components/article-3/text"
                   text="&lt;p&gt;You should make sure to define the behaviors that you want to monitor beforehand in Adobe Experience Cloud (&#xA;&lt;span class=&#34;uicontrol&#34;&gt;Triggers&lt;/span&gt;&#xA; core service). For more on this, refer to the &#xA;&lt;a href=&#34;https://marketing.adobe.com/resources/help/en_US/mcloud/triggers.html&#34;&gt;Adobe Experience Cloud documentation&lt;/a&gt;. Note that when you define the trigger, you need to enable the aliases. For each behavior (browsing/form abandonment, adding/deleting products, session expired, etc.), a new trigger must be added in Adobe Experience Cloud.&lt;/p&gt;&#xA;"
                   textIsRich="true"/>
         <text_489 jcr:primaryType="nt:unstructured"
                   sling:resourceType="help/components/article-3/text"
                   text="&lt;p&gt;You now have to create a trigger event in Adobe Campaign based on an existing Adobe Experience Cloud trigger.&lt;/p&gt;&#xA;"
                   textIsRich="true"/>
         <text_490 jcr:primaryType="nt:unstructured"
                   sling:resourceType="help/components/article-3/text"
                   text="&lt;p&gt;You can watch this &#xA;&#x9;&#x9;&#x9;&#x9;&#x9;&lt;a href=&#34;https://helpx.adobe.com/marketing-cloud/how-to/email-marketing.html#step-two&#34; class=&#34;anchorLink&#34; target=&#34;_blank&#34;&gt;video&lt;/a&gt;&#xA;&#x9;&#x9;&#x9;&#x9; to help you understand how triggers are set up in Adobe Campaign.&lt;/p&gt;&#xA;"
                   textIsRich="true"/>
         <text_491 jcr:primaryType="nt:unstructured"
                   sling:resourceType="help/components/article-3/text"
                   text="&lt;p&gt;The steps for putting this into place are:&lt;/p&gt;&#xA;"
                   textIsRich="true"/>
         <procedure_23_10 jcr:primaryType="nt:unstructured"
                          sling:resourceType="help/components/procedure">
            <proc_par jcr:primaryType="nt:unstructured"
                      sling:resourceType="help/components/procedure/proc_parsys">
               <step_224_0 jcr:primaryType="nt:unstructured" sling:resourceType="help/components/step">
                  <step_par jcr:primaryType="nt:unstructured"
                            sling:resourceType="help/components/procedure/step_parsys">
                     <text_492 jcr:primaryType="nt:unstructured"
                               sling:resourceType="help/components/article-3/text"
                               text="&lt;p&gt;Click the &#xA;&lt;span class=&#34;uicontrol&#34;&gt;Adobe Campaign&lt;/span&gt;&#xA; logo, in the top left corner, then select &#xA;&lt;span class=&#34;uicontrol&#34;&gt;Marketing plans&lt;/span&gt;&#xA; &gt; &#xA;&lt;span class=&#34;uicontrol&#34;&gt;Transactional messages&lt;/span&gt;&#xA; &gt; &#xA;&lt;span class=&#34;uicontrol&#34;&gt;Experience Cloud Triggers&lt;/span&gt;&#xA;. &lt;/p&gt;&#xA;"
                               textIsRich="true"/>
                     <image_36 jcr:primaryType="nt:unstructured"
                               sling:resourceType="help/components/article-3/image"
                               jcr:title=""
                               alt=""
                               captionBottom=""
                               fileName="remarketing_1.png"
                               originalFileName="images/en/remarketing_1.png"
                               fileReference="/content/dam/help/en/campaign/standard/remarketing_1.png"
                               imageRotate="0"
                               originalHeight=""
                               originalWidth=""
                               scaleOption="toTemplate"
                               status="legacy"/>
                  </step_par>
               </step_224_0>
               <step_225_0 jcr:primaryType="nt:unstructured" sling:resourceType="help/components/step">
                  <step_par jcr:primaryType="nt:unstructured"
                            sling:resourceType="help/components/procedure/step_parsys">
                     <text_493 jcr:primaryType="nt:unstructured"
                               sling:resourceType="help/components/article-3/text"
                               text="&lt;p&gt;Click the &#xA;&lt;span class=&#34;uicontrol&#34;&gt;Create&lt;/span&gt;&#xA; button. The creation wizard that opens displays the list of all of the triggers defined in Adobe Experience Cloud. The &#xA;&lt;span class=&#34;uicontrol&#34;&gt;Fired by Analytics&lt;/span&gt;&#xA; column displays the number of events sent by the Adobe Experience Cloud trigger to Campaign. This is mapping of triggers created in the Experience Cloud interface.&lt;/p&gt;&#xA;"
                               textIsRich="true"/>
                     <image_37 jcr:primaryType="nt:unstructured"
                               sling:resourceType="help/components/article-3/image"
                               jcr:title=""
                               alt=""
                               captionBottom=""
                               fileName="remarketing_2.png"
                               originalFileName="images/en/remarketing_2.png"
                               fileReference="/content/dam/help/en/campaign/standard/remarketing_2.png"
                               imageRotate="0"
                               originalHeight=""
                               originalWidth=""
                               scaleOption="toTemplate"
                               status="legacy"/>
                  </step_par>
               </step_225_0>
               <step_226_0 jcr:primaryType="nt:unstructured" sling:resourceType="help/components/step">
                  <step_par jcr:primaryType="nt:unstructured"
                            sling:resourceType="help/components/procedure/step_parsys">
                     <text_494 jcr:primaryType="nt:unstructured"
                               sling:resourceType="help/components/article-3/text"
                               text="&lt;p&gt;Select the Adobe Experience Cloud trigger that you want to use and click &#xA;&lt;span class=&#34;uicontrol&#34;&gt;Next&lt;/span&gt;&#xA;.&lt;/p&gt;&#xA;"
                               textIsRich="true"/>
                  </step_par>
               </step_226_0>
               <step_227_0 jcr:primaryType="nt:unstructured" sling:resourceType="help/components/step">
                  <step_par jcr:primaryType="nt:unstructured"
                            sling:resourceType="help/components/procedure/step_parsys">
                     <text_495 jcr:primaryType="nt:unstructured"
                               sling:resourceType="help/components/article-3/text"
                               text="&lt;p&gt;Configure the general properties of the trigger. At this step of the wizard, also specify the channel and the targeting dimension to use for the trigger (see &#xA;&#x9;&#x9;&#x9;&#x9;&#x9;&#x9;&#x9;&#x9;&#x9;&#x9;&#x9;&#xA;&#x9;&#x9;&#x9;&#x9;&#x9;&#x9;&#x9;&lt;a href=&#34;/content/help/en/campaign/standard/automating/using/query.html#targeting-dimensions-and-resources&#34;&gt;targeting dimensions and resources&lt;/a&gt;). Then confirm the trigger creation.&lt;/p&gt;&#xA;"
                               textIsRich="true"/>
                  </step_par>
               </step_227_0>
               <step_228_0 jcr:primaryType="nt:unstructured" sling:resourceType="help/components/step">
                  <step_par jcr:primaryType="nt:unstructured"
                            sling:resourceType="help/components/procedure/step_parsys">
                     <text_496 jcr:primaryType="nt:unstructured"
                               sling:resourceType="help/components/article-3/text"
                               text="&lt;p&gt;Click the button to the right of the &#xA;&lt;span class=&#34;uicontrol&#34;&gt;Event content and enrichment&lt;/span&gt;&#xA; field to view the content of the payload. This screen also allows you to enrich the event data with profile data stored in the Adobe Campaign database. The enrichment is performed in the same way as for a standard transactional message. &lt;/p&gt;&#xA;"
                               textIsRich="true"/>
                     <image_38 jcr:primaryType="nt:unstructured"
                               sling:resourceType="help/components/article-3/image"
                               jcr:title=""
                               alt=""
                               captionBottom=""
                               fileName="remarketing_3.png"
                               originalFileName="images/en/remarketing_3.png"
                               fileReference="/content/dam/help/en/campaign/standard/remarketing_3.png"
                               imageRotate="0"
                               originalHeight=""
                               originalWidth=""
                               scaleOption="toTemplate"
                               status="legacy"/>
                  </step_par>
               </step_228_0>
               <step_229_0 jcr:primaryType="nt:unstructured" sling:resourceType="help/components/step">
                  <step_par jcr:primaryType="nt:unstructured"
                            sling:resourceType="help/components/procedure/step_parsys">
                     <text_497 jcr:primaryType="nt:unstructured"
                               sling:resourceType="help/components/article-3/text"
                               text="&lt;p&gt;In the &#xA;&lt;span class=&#34;uicontrol&#34;&gt;Transactional message validity duration&lt;/span&gt;&#xA; field, define the duration for which the message will stay valid after the event is sent by Analytics. If a duration of 2 days is defined, the message will no longer be sent after that duration has passed. If you put several messages on hold, this ensures that those messages will not be sent if you resume them after a certain period of time.&lt;/p&gt;&#xA;"
                               textIsRich="true"/>
                     <image_39 jcr:primaryType="nt:unstructured"
                               sling:resourceType="help/components/article-3/image"
                               jcr:title=""
                               alt=""
                               captionBottom=""
                               fileName="remarketing_4.png"
                               originalFileName="images/en/remarketing_4.png"
                               fileReference="/content/dam/help/en/campaign/standard/remarketing_4.png"
                               imageRotate="0"
                               originalHeight=""
                               originalWidth=""
                               scaleOption="toTemplate"
                               status="legacy"/>
                  </step_par>
               </step_229_0>
               <step_230_0 jcr:primaryType="nt:unstructured" sling:resourceType="help/components/step">
                  <step_par jcr:primaryType="nt:unstructured"
                            sling:resourceType="help/components/procedure/step_parsys">
                     <text_498 jcr:primaryType="nt:unstructured"
                               sling:resourceType="help/components/article-3/text"
                               text="&lt;p&gt;If a propensity scoring is defined in Analytics (see the &#xA;&lt;a href=&#34;https://marketing.adobe.com/resources/help/en_US/insight/client/c_visitor_propensity.html&#34;&gt;Experience Cloud documentation&lt;/a&gt;), you can choose not to send the message if the customer has a high probability of coming back to the website in the near future. The content of the score and the threshold is available in the content of the payload so that you can use those values to personalize the message. To use this option, check the box at the bottom of the screen. The clients with a strong probability of coming back to the site in the near future will not receive a message.&lt;/p&gt;&#xA;"
                               textIsRich="true"/>
                  </step_par>
               </step_230_0>
               <step_231_0 jcr:primaryType="nt:unstructured" sling:resourceType="help/components/step">
                  <step_par jcr:primaryType="nt:unstructured"
                            sling:resourceType="help/components/procedure/step_parsys">
                     <text_499 jcr:primaryType="nt:unstructured"
                               sling:resourceType="help/components/article-3/text"
                               text="&lt;p&gt;Click the &#xA;&lt;span class=&#34;uicontrol&#34;&gt;Publish&lt;/span&gt;&#xA; button to start publishing the trigger event.&lt;/p&gt;&#xA;"
                               textIsRich="true"/>
                  </step_par>
               </step_231_0>
               <step_232_0 jcr:primaryType="nt:unstructured" sling:resourceType="help/components/step">
                  <step_par jcr:primaryType="nt:unstructured"
                            sling:resourceType="help/components/procedure/step_parsys">
                     <text_500 jcr:primaryType="nt:unstructured"
                               sling:resourceType="help/components/article-3/text"
                               text="&lt;p&gt;If you need to make a change in your trigger schema even after publishing your trigger event, click the &#xA;&lt;span class=&#34;uicontrol&#34;&gt;Update schema&lt;/span&gt;&#xA; button to retrieve the latest changes. &lt;/p&gt;&#xA;"
                               textIsRich="true"/>
                     <text_501 jcr:primaryType="nt:unstructured"
                               sling:resourceType="help/components/article-3/text"
                               text="&lt;p&gt;Please note that this action will unpublish your trigger and transactional message, you will be required to republish them afterwards.&lt;/p&gt;&#xA;"
                               textIsRich="true"/>
                     <image_40 jcr:primaryType="nt:unstructured"
                               sling:resourceType="help/components/article-3/image"
                               jcr:title=""
                               alt=""
                               captionBottom=""
                               fileName="remarketing_11.png"
                               originalFileName="images/en/remarketing_11.png"
                               fileReference="/content/dam/help/en/campaign/standard/remarketing_11.png"
                               imageRotate="0"
                               originalHeight=""
                               originalWidth=""
                               scaleOption="toTemplate"
                               status="legacy"/>
                  </step_par>
               </step_232_0>
            </proc_par>
         </procedure_23_10>
         <text_502 jcr:primaryType="nt:unstructured"
                   sling:resourceType="help/components/article-3/text"
                   text="&lt;p&gt;The &#xA;&lt;span class=&#34;uicontrol&#34;&gt;Show Trigger in Experience Cloud&lt;/span&gt;&#xA; button allows you to view the trigger definition in Adobe Experience Cloud. &lt;/p&gt;&#xA;"
                   textIsRich="true"/>
         <text_503 jcr:primaryType="nt:unstructured"
                   sling:resourceType="help/components/article-3/text"
                   text="&lt;p&gt;Once the event has been published, a transactional template linked to the new event is then automatically created. You then have to modify and publish the template that was just created. For more on this, refer to the &#xA;&#x9;&#x9;&#x9;&#x9;&#x9;&#x9;&#x9;&#x9;&#x9;&#x9;&#x9;&#xA;&#x9;&#x9;&#x9;&#x9;&#x9;&#x9;&#x9;&lt;a href=&#34;/content/help/en/campaign/standard/start/using/about-templates.html&#34;&gt;Editing the template&lt;/a&gt; section.&lt;/p&gt;&#xA;"
                   textIsRich="true"/>
    
    
         <header_55 jcr:primaryType="nt:unstructured" sling:resourceType="help/components/header"
                    id="editing-the-transactional-message-template"
                    level="2"
                    text="&lt;p&gt;Editing the transactional message template&lt;/p&gt;&#xA;"
                    textIsRich="'true'"/>
         <text_504 jcr:primaryType="nt:unstructured"
                   sling:resourceType="help/components/article-3/text"
                   text="&lt;p&gt;Once you have created and published the trigger event, the corresponding transactional template is created automatically. For more on this, refer to the &#xA;&#x9;&#x9;&#x9;&#x9;&#x9;&#xA;&lt;a href=&#34;/content/help/en/campaign/standard/integrating/using/using-triggers-in-campaign.html#creating-a-mapped-trigger-in-campaign&#34; target=&#34;_blank&#34;&gt;Creating a mapped trigger in Campaign&lt;/a&gt; section.&lt;/p&gt;&#xA;"
                   textIsRich="true"/>
         <text_505 jcr:primaryType="nt:unstructured"
                   sling:resourceType="help/components/article-3/text"
                   text="&lt;p&gt;In order for the event to trigger sending a transactional message, you have to personalize the template, then test it and publish it. These steps are the same as for a standard transactional message. For more on this, refer to the &#xA;&#x9;&#x9;&#x9;&#x9;&#x9;&#x9;&#x9;&#x9;&#x9;&#x9;&#x9;&#xA;&#x9;&#x9;&#x9;&#x9;&#x9;&#x9;&#x9;&lt;a href=&#34;/content/help/en/campaign/standard/channels/using/event-transactional-messages.html#personalizing-a-transactional-message&#34;&gt;Transactional template&lt;/a&gt; section.&lt;/p&gt;&#xA;"
                   textIsRich="true"/>
         <note_7 jcr:primaryType="nt:unstructured"
                 sling:resourceType="help/components/article-3/note"
                 text="&lt;p&gt;&#xA;        If you unpublish the template, it will automatically unpublish the trigger event.&#xA;      &lt;/p&gt;&#xA;"
                 textIsRich="true"
                 type="note"/>
         <text_507 jcr:primaryType="nt:unstructured"
                   sling:resourceType="help/components/article-3/text"
                   text="&lt;p&gt;When editing content, you can add a personalization field based on the information sent by the Analytics trigger. If you enrich the event data with Adobe Campaign profile data, you can personalize the message based on this information. To personalize your message, select &#xA;&lt;span class=&#34;uicontrol&#34;&gt;Transactional event&lt;/span&gt;&#xA; &gt; &#xA;&lt;span class=&#34;uicontrol&#34;&gt;Event context&lt;/span&gt;&#xA; and select a field.&lt;/p&gt;&#xA;"
                   textIsRich="true"/>
         <image_41 jcr:primaryType="nt:unstructured"
                   sling:resourceType="help/components/article-3/image"
                   jcr:title=""
                   alt=""
                   captionBottom=""
                   fileName="remarketing_8.png"
                   originalFileName="images/en/remarketing_8.png"
                   fileReference="/content/dam/help/en/campaign/standard/remarketing_8.png"
                   imageRotate="0"
                   originalHeight=""
                   originalWidth=""
                   scaleOption="toTemplate"
                   status="legacy"/>
      
    
    
         <header_56 jcr:primaryType="nt:unstructured" sling:resourceType="help/components/header"
                    id="accessing-the-reports"
                    level="2"
                    text="&lt;p&gt;Accessing the reports&lt;/p&gt;&#xA;"
                    textIsRich="'true'"/>
         <text_508 jcr:primaryType="nt:unstructured"
                   sling:resourceType="help/components/article-3/text"
                   text="&lt;p&gt;To view the dedicated trigger report in Adobe Campaign, open the trigger event that you previously created, and click &#xA;&lt;span class=&#34;uicontrol&#34;&gt;Show trigger report&lt;/span&gt;&#xA;. &lt;/p&gt;&#xA;"
                   textIsRich="true"/>
         <image_42 jcr:primaryType="nt:unstructured"
                   sling:resourceType="help/components/article-3/image"
                   jcr:title=""
                   alt=""
                   captionBottom=""
                   fileName="remarketing_9.png"
                   originalFileName="images/en/remarketing_9.png"
                   fileReference="/content/dam/help/en/campaign/standard/remarketing_9.png"
                   imageRotate="0"
                   originalHeight=""
                   originalWidth=""
                   scaleOption="toTemplate"
                   status="legacy"/>
         <text_509 jcr:primaryType="nt:unstructured"
                   sling:resourceType="help/components/article-3/text"
                   text="&lt;p&gt;The report shows the number of processed events compared to the number of events sent by Analytics. It also displays a list of all the recent triggers. &lt;/p&gt;&#xA;"
                   textIsRich="true"/>
         <image_43 jcr:primaryType="nt:unstructured"
                   sling:resourceType="help/components/article-3/image"
                   jcr:title=""
                   alt=""
                   captionBottom=""
                   fileName="remarketing_10.png"
                   originalFileName="images/en/remarketing_10.png"
                   fileReference="/content/dam/help/en/campaign/standard/remarketing_10.png"
                   imageRotate="0"
                   originalHeight=""
                   originalWidth=""
                   scaleOption="toTemplate"
                   status="legacy"/>
    
      </main-pars>
      <hero jcr:primaryType="nt:unstructured"
            sling:resourceType="foundation/components/image"/>
      <thumbnail jcr:primaryType="nt:unstructured"
                 sling:resourceType="foundation/components/image"/>
      <publisherLogo jcr:primaryType="nt:unstructured"
                     sling:resourceType="foundation/components/image"/>
   </jcr:content>
</jcr:root>