<?xml version="1.0" encoding="UTF-8"?>
<jcr:root xmlns:nt="http://www.jcp.org/jcr/nt/1.0" xmlns:json="http://json.org/"
          xmlns:sling="http://sling.apache.org/jcr/sling/1.0"
          xmlns:cq="http://www.day.com/jcr/cq/1.0"
          xmlns:jcr="http://www.jcp.org/jcr/1.0"
          xmlns:mix="http://www.jcp.org/jcr/mix/1.0"
          jcr:primaryType="cq:Page">
   <jcr:content cq:designPath="/etc/designs/help" cq:template="/apps/help/templates/morehelp"
                jcr:language="en_us"
                jcr:primaryType="cq:PageContent"
                jcr:title="Use case: Extending profiles"
                sling:resourceType="help/components/morehelp"
                heroGradient="light"
                isContainer="true"
                contentOwner="sauviat"
                pageLayout="video"
                sideColumn="left"
                noIndex="true"
                preview="false"
                primaryProductTag="[products:SG_CAMPAIGN/STANDARD]"
                primaryAudienceTag="[audience:developing]"
                isReadyForLocalization="true">
      <main-pars jcr:primaryType="nt:unstructured">
         <dynamicpod jcr:primaryType="nt:unstructured"
                     sling:resourceType="help/components/dynamicpod"
                     keywordTags="[topic_tags:use-case--extending-profiles]"
                     searchRoot="/content/help/en/campaign/standard/developing/using"
                     highlightArticles="[&#xA;&#x9;&#x9;&#x9;&#x9;&#x9;&#x9;&#x9;&#x9;&#x9;&#xA;&#x9;&#x9;&#x9;&#x9;&#x9;&#x9;&#x9;&#x9;&#x9;/content/help/en/campaign/standard/developing/using/step-3--update-profiles-and-prepare-an-email,/content/help/en/campaign/standard/developing/using/about-extending-profiles,&#xA;&#x9;&#x9;&#x9;&#x9;&#x9;&#x9;&#x9;&#x9;&#x9;&#x9;&#x9;&#x9;/content/help/en/campaign/standard/developing/using/step-1--extend-the-profile-resource,&#xA;&#x9;&#x9;&#x9;&#x9;&#x9;&#x9;&#x9;&#x9;&#x9;&#x9;&#x9;&#x9;/content/help/en/campaign/standard/developing/using/step-2--extend-the-test-profile,&#xA;&#x9;&#x9;&#x9;&#x9;&#x9;&#x9;&#x9;&#x9;&#x9;&#x9;&#x9;&#x9;]"
                     pathsFromQuery="[&#xA;&#x9;&#x9;&#x9;&#x9;&#x9;&#x9;&#x9;&#x9;&#x9;&#xA;&#x9;&#x9;&#x9;&#x9;&#x9;&#x9;&#x9;&#x9;&#x9;&#xA;&#x9;&#x9;&#x9;&#x9;&#x9;&#x9;&#x9;&#x9;&#x9;/content/help/en/campaign/standard/developing/using/step-3--update-profiles-and-prepare-an-email,/content/help/en/campaign/standard/developing/using/about-extending-profiles,&#xA;&#x9;&#x9;&#x9;&#x9;&#x9;&#x9;&#x9;&#x9;&#x9;&#x9;&#x9;&#x9;/content/help/en/campaign/standard/developing/using/step-1--extend-the-profile-resource,&#xA;&#x9;&#x9;&#x9;&#x9;&#x9;&#x9;&#x9;&#x9;&#x9;&#x9;&#x9;&#x9;/content/help/en/campaign/standard/developing/using/step-2--extend-the-test-profile,&#xA;&#x9;&#x9;&#x9;&#x9;&#x9;&#x9;&#x9;&#x9;&#x9;&#x9;&#x9;&#x9;]"/>
         <text jcr:primaryType="nt:unstructured" sling:resourceType="help/components/text"
               text="&lt;p&gt;Discover how to extend the Adobe Campaign profiles resource.&lt;/p&gt;&#xA;"
               textIsRich="true"/>
      </main-pars>
      <hero jcr:primaryType="nt:unstructured"
            sling:resourceType="foundation/components/image"/>
      <thumbnail jcr:primaryType="nt:unstructured"
                 sling:resourceType="foundation/components/image"/>
      <publisherLogo jcr:primaryType="nt:unstructured"
                     sling:resourceType="foundation/components/image"/>
   </jcr:content>
</jcr:root>