<?xml version="1.0" encoding="UTF-8"?>
<jcr:root xmlns:nt="http://www.jcp.org/jcr/nt/1.0" xmlns:json="http://json.org/"
          xmlns:sling="http://sling.apache.org/jcr/sling/1.0"
          xmlns:cq="http://www.day.com/jcr/cq/1.0"
          xmlns:jcr="http://www.jcp.org/jcr/1.0"
          xmlns:mix="http://www.jcp.org/jcr/mix/1.0"
          jcr:primaryType="cq:Page">
   <jcr:content navTitle="About dynamic reports" jcr:primaryType="cq:PageContent"
                sling:resourceType="help/components/pages/article-3"
                heroGradient="light"
                jcr:language="en_us"
                cq:designPath="/etc/designs/help"
                cq:template="/apps/help/templates/article-3"
                jcr:mixinTypes="[mix:versionable]"
                jcr:title="About dynamic reports"
                jcr:description="About dynamic reports"
                seoDescription="With dynamic reports, drag and drop variables and dimensions into your freeform environment and analyze the success of your campaigns."
                primaryProductTag="[products:SG_CAMPAIGN/STANDARD]"
                cq:tags="[products:SG_CAMPAIGN/STANDARD,audience:reporting,content_type:reference,topic_tags:about-reporting]"
                primaryAudienceTag="[audience:reporting]"
                contentOwner="sauviat"
                isReadyForLocalization="true"
                publishExternalDate="2018-09-04">
      <main-pars jcr:primaryType="nt:unstructured"
                 sling:resourceType="foundation/components/parsys">
		
		
			
		
		
			      <header_3 jcr:primaryType="nt:unstructured" sling:resourceType="help/components/header"
                   id="accessing-dynamic-reports"
                   level="2"
                   text="&lt;p&gt;Accessing dynamic reports&lt;/p&gt;&#xA;"
                   textIsRich="'true'"/>
			      <image_0 jcr:primaryType="nt:unstructured"
                  sling:resourceType="help/components/article-3/image"
                  jcr:title=""
                  alt=""
                  captionBottom=""
                  fileName="dynamic_report_intro.png"
                  originalFileName="images/en/dynamic_report_intro.png"
                  fileReference="/content/dam/help/en/campaign/standard/dynamic_report_intro.png"
                  imageRotate="0"
                  originalHeight=""
                  originalWidth=""
                  scaleOption="toTemplate"
                  status="legacy"/>
			      <text_8 jcr:primaryType="nt:unstructured"
                 sling:resourceType="help/components/article-3/text"
                 text="&lt;p&gt;Thanks to its drag and drop menu and customizable visualizations, the dynamic reports feature allows you to combine dimensions, metrics and time range in any combination, with unlimited breakdowns and comparisons.&lt;/p&gt;&#xA;"
                 textIsRich="true"/>
			      <text_9 jcr:primaryType="nt:unstructured"
                 sling:resourceType="help/components/article-3/text"
                 text="&lt;p&gt;Adobe Campaign's dynamic reports is designed to be a flexible freeform environment where you can explore data. The workspace offers a set of real-time reports to monitor deliveries, campaigns, and programs and measure their impact on recipients.&lt;/p&gt;&#xA;"
                 textIsRich="true"/>
			      <text_10 jcr:primaryType="nt:unstructured"
                  sling:resourceType="help/components/article-3/text"
                  text="&lt;p&gt;Reports can be accessed:&lt;/p&gt;&#xA;"
                  textIsRich="true"/>
			      <procedure_0 jcr:primaryType="nt:unstructured"
                      sling:resourceType="help/components/procedure"
                      isBulleted="true">
            <proc_par jcr:primaryType="nt:unstructured"
                      sling:resourceType="help/components/procedure/proc_parsys">
				           <step_0_0 jcr:primaryType="nt:unstructured" sling:resourceType="help/components/step">
                  <step_par jcr:primaryType="nt:unstructured"
                            sling:resourceType="help/components/procedure/step_parsys">
					                <text_11 jcr:primaryType="nt:unstructured"
                              sling:resourceType="help/components/article-3/text"
                              text="&lt;p&gt;From the home page by selecting &lt;strong&gt;Reports&lt;/strong&gt; tab in the top bar or the &lt;strong&gt;Reports&lt;/strong&gt; card to access reports for all deliveries.&lt;/p&gt;&#xA;"
                              textIsRich="true"/>
					                <image_1 jcr:primaryType="nt:unstructured"
                              sling:resourceType="help/components/article-3/image"
                              jcr:title=""
                              alt=""
                              captionBottom=""
                              fileName="campaign_reports_access.png"
                              originalFileName="images/en/campaign_reports_access.png"
                              fileReference="/content/dam/help/en/campaign/standard/campaign_reports_access.png"
                              imageRotate="0"
                              originalHeight=""
                              originalWidth=""
                              scaleOption="toTemplate"
                              status="legacy"/>
				              </step_par>
               </step_0_0>
				           <step_1_0 jcr:primaryType="nt:unstructured" sling:resourceType="help/components/step">
                  <step_par jcr:primaryType="nt:unstructured"
                            sling:resourceType="help/components/procedure/step_parsys">
					                <text_12 jcr:primaryType="nt:unstructured"
                              sling:resourceType="help/components/article-3/text"
                              text="&lt;p&gt;In each program, campaign, and message, from the &lt;strong&gt;Reports&lt;/strong&gt; button by clicking &lt;strong&gt;Dynamic Reports&lt;/strong&gt; to only view the reports specific to the delivery.&lt;/p&gt;&#xA;"
                              textIsRich="true"/>
					                <image_2 jcr:primaryType="nt:unstructured"
                              sling:resourceType="help/components/article-3/image"
                              jcr:title=""
                              alt=""
                              captionBottom=""
                              fileName="campaign_reports_description.png"
                              originalFileName="images/en/campaign_reports_description.png"
                              fileReference="/content/dam/help/en/campaign/standard/campaign_reports_description.png"
                              imageRotate="0"
                              originalHeight=""
                              originalWidth=""
                              scaleOption="toTemplate"
                              status="legacy"/>
				              </step_par>
               </step_1_0>
			         </proc_par>
         </procedure_0>
			      <text_13 jcr:primaryType="nt:unstructured"
                  sling:resourceType="help/components/article-3/text"
                  text="&lt;p&gt;Certain reports cannot be available immediately after a delivery, depending on the time it takes to collect and process information.&lt;/p&gt;&#xA;"
                  textIsRich="true"/>
			      <text_14 jcr:primaryType="nt:unstructured"
                  sling:resourceType="help/components/article-3/text"
                  text="&lt;p&gt;Dynamic reports are divided into two categories:&lt;/p&gt;&#xA;"
                  textIsRich="true"/>
			      <procedure_1 jcr:primaryType="nt:unstructured"
                      sling:resourceType="help/components/procedure"
                      isBulleted="true">
            <proc_par jcr:primaryType="nt:unstructured"
                      sling:resourceType="help/components/procedure/proc_parsys">
				           <step_2_1 jcr:primaryType="nt:unstructured" sling:resourceType="help/components/step">
                  <step_par jcr:primaryType="nt:unstructured"
                            sling:resourceType="help/components/procedure/step_parsys">
					                <text_15 jcr:primaryType="nt:unstructured"
                              sling:resourceType="help/components/article-3/text"
                              text="&lt;p&gt;&lt;strong&gt;Templates&lt;/strong&gt;, which can be modified by copying them using the &lt;strong&gt;Save as&lt;/strong&gt; option (&lt;strong&gt;Project &gt; Save As..&lt;/strong&gt;) in the template.&lt;/p&gt;&#xA;"
                              textIsRich="true"/>
				              </step_par>
               </step_2_1>
				           <step_3_1 jcr:primaryType="nt:unstructured" sling:resourceType="help/components/step">
                  <step_par jcr:primaryType="nt:unstructured"
                            sling:resourceType="help/components/procedure/step_parsys">
					                <text_16 jcr:primaryType="nt:unstructured"
                              sling:resourceType="help/components/article-3/text"
                              text="&lt;p&gt;&lt;strong&gt;Custom reports&lt;/strong&gt; (identified in blue), which can be directly created by clicking the &lt;strong&gt;Create New Project&lt;/strong&gt; button on the &lt;strong&gt;Reports&lt;/strong&gt; home page.&lt;/p&gt;&#xA;"
                              textIsRich="true"/>
				              </step_par>
               </step_3_1>
			         </proc_par>
         </procedure_1>
			      <note_0 jcr:primaryType="nt:unstructured"
                 sling:resourceType="help/components/article-3/note"
                 text="&lt;p&gt;&#xA;&#x9;&#x9;&#x9;&#x9;Data are filtered depending of your geographical and organizational units.&#xA;&#x9;&#x9;&#x9;&lt;/p&gt;&#xA;"
                 textIsRich="true"
                 type="note"/>
			      <image_3 jcr:primaryType="nt:unstructured"
                  sling:resourceType="help/components/article-3/image"
                  jcr:title=""
                  alt=""
                  captionBottom=""
                  fileName="dynamic_report_overview.png"
                  originalFileName="images/en/dynamic_report_overview.png"
                  fileReference="/content/dam/help/en/campaign/standard/dynamic_report_overview.png"
                  imageRotate="0"
                  originalHeight=""
                  originalWidth=""
                  scaleOption="toTemplate"
                  status="legacy"/>
			      <text_18 jcr:primaryType="nt:unstructured"
                  sling:resourceType="help/components/article-3/text"
                  text="&lt;p&gt;&lt;strong&gt;Related topics:&lt;/strong&gt;&lt;/p&gt;&#xA;"
                  textIsRich="true"/>
			      <procedure_2 jcr:primaryType="nt:unstructured"
                      sling:resourceType="help/components/procedure"
                      isBulleted="true">
            <proc_par jcr:primaryType="nt:unstructured"
                      sling:resourceType="help/components/procedure/proc_parsys">
				           <step_4_2 jcr:primaryType="nt:unstructured" sling:resourceType="help/components/step">
                  <step_par jcr:primaryType="nt:unstructured"
                            sling:resourceType="help/components/procedure/step_parsys">
					                <text_19 jcr:primaryType="nt:unstructured"
                              sling:resourceType="help/components/article-3/text"
                              text="&lt;p&gt;&#xA;&#x9;&#x9;&#x9;&#x9;&#x9;&#x9;&#x9;&#x9;&#x9;&#x9;&#x9;&#xA;&#x9;&#x9;&#x9;&#x9;&#x9;&#x9;&#x9;&lt;a href=&#34;/content/help/en/campaign/standard/reporting/using/defining-the-report-period.html&#34;&gt;Report list&lt;/a&gt;&lt;/p&gt;&#xA;"
                              textIsRich="true"/>
				              </step_par>
               </step_4_2>
				           <step_5_2 jcr:primaryType="nt:unstructured" sling:resourceType="help/components/step">
                  <step_par jcr:primaryType="nt:unstructured"
                            sling:resourceType="help/components/procedure/step_parsys">
					                <text_20 jcr:primaryType="nt:unstructured"
                              sling:resourceType="help/components/article-3/text"
                              text="&lt;p&gt;&#xA;&#x9;&#x9;&#x9;&#x9;&#x9;&#x9;&#xA;&#x9;&#x9;&#x9;&#x9;&#x9;&#x9;&#x9;&#x9;&#x9;&#x9;&#x9;&#xA;&#x9;&#x9;&#x9;&#x9;&#x9;&#x9;&#x9;&lt;a href=&#34;/content/help/en/campaign/standard/administration/using/organizational-and-geographical-units.html&#34;&gt;Organizational and geographical units&lt;/a&gt;&lt;/p&gt;&#xA;"
                              textIsRich="true"/>
				              </step_par>
               </step_5_2>
				           <step_6_2 jcr:primaryType="nt:unstructured" sling:resourceType="help/components/step">
                  <step_par jcr:primaryType="nt:unstructured"
                            sling:resourceType="help/components/procedure/step_parsys">
					                <text_21 jcr:primaryType="nt:unstructured"
                              sling:resourceType="help/components/article-3/text"
                              text="&lt;p&gt;&#xA;&lt;a href=&#34;http://docs.campaign.adobe.com/doc/standard/en/GST_Tutorials_How-to_videos.html&#34;&gt;Dynamic reports&lt;/a&gt; video&lt;/p&gt;&#xA;"
                              textIsRich="true"/>
				              </step_par>
               </step_6_2>
			         </proc_par>
         </procedure_2>
		
		
			      <header_4 jcr:primaryType="nt:unstructured" sling:resourceType="help/components/header"
                   id="dynamic-reporting-usage-agreement"
                   level="2"
                   text="&lt;p&gt;Dynamic reporting usage agreement&lt;/p&gt;&#xA;"
                   textIsRich="'true'"/>
			      <text_22 jcr:primaryType="nt:unstructured"
                  sling:resourceType="help/components/article-3/text"
                  text="&lt;p&gt;Dynamic reports allow you to filter your report based on profile data with the profile dimensions.&lt;/p&gt;&#xA;"
                  textIsRich="true"/>
			      <text_23 jcr:primaryType="nt:unstructured"
                  sling:resourceType="help/components/article-3/text"
                  text="&lt;p&gt;The profile dimensions can only be displayed and used in your reports after accepting the Dynamic reporting usage agreement. By default, the agreement is only visible and can only be accepted or declined by users assigned with administration rights.&lt;/p&gt;&#xA;"
                  textIsRich="true"/>
			      <text_24 jcr:primaryType="nt:unstructured"
                  sling:resourceType="help/components/article-3/text"
                  text="&lt;p&gt;This agreement allows the transfer and storage in the United States of the following profile data: city, country, state, zip code, gender and segments on the age basis.&lt;/p&gt;&#xA;"
                  textIsRich="true"/>
			      <text_25 jcr:primaryType="nt:unstructured"
                  sling:resourceType="help/components/article-3/text"
                  text="&lt;p&gt;By accepting this agreement, every European and non-European data will be transferred to the United States.&lt;/p&gt;&#xA;"
                  textIsRich="true"/>
			      <image_4 jcr:primaryType="nt:unstructured"
                  sling:resourceType="help/components/article-3/image"
                  jcr:title=""
                  alt=""
                  captionBottom=""
                  fileName="PII_window.png"
                  originalFileName="images/en/PII_window.png"
                  fileReference="/content/dam/help/en/campaign/standard/PII_window.png"
                  imageRotate="0"
                  originalHeight=""
                  originalWidth=""
                  scaleOption="toTemplate"
                  status="legacy"/>
			      <text_26 jcr:primaryType="nt:unstructured"
                  sling:resourceType="help/components/article-3/text"
                  text="&lt;p&gt;Three options are available:&lt;/p&gt;&#xA;"
                  textIsRich="true"/>
			      <procedure_3 jcr:primaryType="nt:unstructured"
                      sling:resourceType="help/components/procedure"
                      isBulleted="true">
            <proc_par jcr:primaryType="nt:unstructured"
                      sling:resourceType="help/components/procedure/proc_parsys">
				           <step_7_3 jcr:primaryType="nt:unstructured" sling:resourceType="help/components/step">
                  <step_par jcr:primaryType="nt:unstructured"
                            sling:resourceType="help/components/procedure/step_parsys">
					                <text_27 jcr:primaryType="nt:unstructured"
                              sling:resourceType="help/components/article-3/text"
                              text="&lt;p&gt;&lt;strong&gt;Ask me later&lt;/strong&gt;: By clicking Ask me later, the window will stop showing for 24 hours.&lt;/p&gt;&#xA;"
                              textIsRich="true"/>
				              </step_par>
               </step_7_3>
				           <step_8_3 jcr:primaryType="nt:unstructured" sling:resourceType="help/components/step">
                  <step_par jcr:primaryType="nt:unstructured"
                            sling:resourceType="help/components/procedure/step_parsys">
					                <text_28 jcr:primaryType="nt:unstructured"
                              sling:resourceType="help/components/article-3/text"
                              text="&lt;p&gt;&lt;strong&gt;Accept&lt;/strong&gt;: By accepting this agreement, you authorize Adobe Campaign to collect your customers' Personal identification information and to transfer them to the United States.&lt;/p&gt;&#xA;"
                              textIsRich="true"/>
				              </step_par>
               </step_8_3>
				           <step_9_3 jcr:primaryType="nt:unstructured" sling:resourceType="help/components/step">
                  <step_par jcr:primaryType="nt:unstructured"
                            sling:resourceType="help/components/procedure/step_parsys">
					                <text_29 jcr:primaryType="nt:unstructured"
                              sling:resourceType="help/components/article-3/text"
                              text="&lt;p&gt;&lt;strong&gt;Decline&lt;/strong&gt;: By declining the agreement, the profile dimensions will not appear in your reports and your customers' Personal identification information will not be collected or sent.&lt;/p&gt;&#xA;"
                              textIsRich="true"/>
				              </step_par>
               </step_9_3>
			         </proc_par>
         </procedure_3>
			      <text_30 jcr:primaryType="nt:unstructured"
                  sling:resourceType="help/components/article-3/text"
                  text="&lt;p&gt;This choice is not final, you can always change it by selecting &lt;strong&gt;Enable PII data to be transferred to US region to use reporting on Profile data&lt;/strong&gt; in &lt;strong&gt;Administration&lt;/strong&gt; &gt; &lt;strong&gt;Application Settings&lt;/strong&gt; &gt; &lt;strong&gt;Options&lt;/strong&gt;. &lt;/p&gt;&#xA;"
                  textIsRich="true"/>
			      <text_31 jcr:primaryType="nt:unstructured"
                  sling:resourceType="help/components/article-3/text"
                  text="&lt;p&gt;The value can be changed at any time. The value -1 corresponds to &lt;strong&gt;Ask me later&lt;/strong&gt;, 1 &lt;strong&gt;Accept&lt;/strong&gt; and 0 &lt;strong&gt;Decline&lt;/strong&gt;.&lt;/p&gt;&#xA;"
                  textIsRich="true"/>
			      <image_5 jcr:primaryType="nt:unstructured"
                  sling:resourceType="help/components/article-3/image"
                  jcr:title=""
                  alt=""
                  captionBottom=""
                  fileName="PII_window_2.png"
                  originalFileName="images/en/PII_window_2.png"
                  fileReference="/content/dam/help/en/campaign/standard/PII_window_2.png"
                  imageRotate="0"
                  originalHeight=""
                  originalWidth=""
                  scaleOption="toTemplate"
                  status="legacy"/>
		
	     </main-pars>
      <hero jcr:primaryType="nt:unstructured"
            sling:resourceType="foundation/components/image"/>
      <thumbnail jcr:primaryType="nt:unstructured"
                 sling:resourceType="foundation/components/image"/>
      <publisherLogo jcr:primaryType="nt:unstructured"
                     sling:resourceType="foundation/components/image"/>
   </jcr:content>
</jcr:root>