<?xml version="1.0" encoding="UTF-8"?>
<jcr:root xmlns:nt="http://www.jcp.org/jcr/nt/1.0" xmlns:json="http://json.org/"
          xmlns:sling="http://sling.apache.org/jcr/sling/1.0"
          xmlns:cq="http://www.day.com/jcr/cq/1.0"
          xmlns:jcr="http://www.jcp.org/jcr/1.0"
          xmlns:mix="http://www.jcp.org/jcr/mix/1.0"
          jcr:primaryType="cq:Page">
   <jcr:content navTitle="Adding visualizations" jcr:primaryType="cq:PageContent"
                sling:resourceType="help/components/pages/article-3"
                heroGradient="light"
                jcr:language="en_us"
                cq:designPath="/etc/designs/help"
                cq:template="/apps/help/templates/article-3"
                jcr:mixinTypes="[mix:versionable]"
                jcr:title="Adding visualizations"
                jcr:description="Adding visualizations"
                seoDescription="Dynamic reports offer a set of visualizations to add a graphical representation to your report."
                primaryProductTag="[products:SG_CAMPAIGN/STANDARD]"
                cq:tags="[products:SG_CAMPAIGN/STANDARD,audience:reporting,content_type:reference,topic_tags:customizing-reports]"
                primaryAudienceTag="[audience:reporting]"
                contentOwner="sauviat"
                isReadyForLocalization="true"
                publishExternalDate="2018-09-04">
      <main-pars jcr:primaryType="nt:unstructured"
                 sling:resourceType="foundation/components/parsys">
		
		
			
		
		       <text_520 jcr:primaryType="nt:unstructured"
                   sling:resourceType="help/components/article-3/text"
                   text="&lt;p&gt;The &lt;strong&gt;Visualizations&lt;/strong&gt; tab lets you drag and drop visualization items, such as area, donut and graph. Visualizations give you graphical representations of your data.&lt;/p&gt;&#xA;"
                   textIsRich="true"/>
		       <procedure_5_10 jcr:primaryType="nt:unstructured"
                         sling:resourceType="help/components/procedure">
            <proc_par jcr:primaryType="nt:unstructured"
                      sling:resourceType="help/components/procedure/proc_parsys">
			            <step_130_0 jcr:primaryType="nt:unstructured" sling:resourceType="help/components/step">
                  <step_par jcr:primaryType="nt:unstructured"
                            sling:resourceType="help/components/procedure/step_parsys">
				                 <text_521 jcr:primaryType="nt:unstructured"
                               sling:resourceType="help/components/article-3/text"
                               text="&lt;p&gt;In the &lt;strong&gt;Visualizations&lt;/strong&gt; tab, drag and drop a visualization item in a panel.&lt;/p&gt;&#xA;"
                               textIsRich="true"/>
				                 <image_43 jcr:primaryType="nt:unstructured"
                               sling:resourceType="help/components/article-3/image"
                               jcr:title=""
                               alt=""
                               captionBottom=""
                               fileName="dynamic_report_visualization_1.png"
                               originalFileName="images/en/dynamic_report_visualization_1.png"
                               fileReference="/content/dam/help/en/campaign/standard/dynamic_report_visualization_1.png"
                               imageRotate="0"
                               originalHeight=""
                               originalWidth=""
                               scaleOption="toTemplate"
                               status="legacy"/>
			               </step_par>
               </step_130_0>
			            <step_131_0 jcr:primaryType="nt:unstructured" sling:resourceType="help/components/step">
                  <step_par jcr:primaryType="nt:unstructured"
                            sling:resourceType="help/components/procedure/step_parsys">
				                 <text_522 jcr:primaryType="nt:unstructured"
                               sling:resourceType="help/components/article-3/text"
                               text="&lt;p&gt;After adding a visualization to your panel, Dynamic reports automatically detects the data in your freeform table. Select the settings for your visualization.&lt;/p&gt;&#xA;"
                               textIsRich="true"/>
			               </step_par>
               </step_131_0>
			            <step_132_0 jcr:primaryType="nt:unstructured" sling:resourceType="help/components/step">
                  <step_par jcr:primaryType="nt:unstructured"
                            sling:resourceType="help/components/procedure/step_parsys">
				                 <text_523 jcr:primaryType="nt:unstructured"
                               sling:resourceType="help/components/article-3/text"
                               text="&lt;p&gt;If you have more than one freeform table, choose the available data source to add in your graph in the &lt;strong&gt;Data Source Settings&lt;/strong&gt; window. This window is also available by clicking on the colored dot next to your visualization title.&lt;/p&gt;&#xA;"
                               textIsRich="true"/>
				                 <image_44 jcr:primaryType="nt:unstructured"
                               sling:resourceType="help/components/article-3/image"
                               jcr:title=""
                               alt=""
                               captionBottom=""
                               fileName="dynamic_report_visualization_2.png"
                               originalFileName="images/en/dynamic_report_visualization_2.png"
                               fileReference="/content/dam/help/en/campaign/standard/dynamic_report_visualization_2.png"
                               imageRotate="0"
                               originalHeight=""
                               originalWidth=""
                               scaleOption="toTemplate"
                               status="legacy"/>
			               </step_par>
               </step_132_0>
			            <step_133_0 jcr:primaryType="nt:unstructured" sling:resourceType="help/components/step">
                  <step_par jcr:primaryType="nt:unstructured"
                            sling:resourceType="help/components/procedure/step_parsys">
				                 <text_524 jcr:primaryType="nt:unstructured"
                               sling:resourceType="help/components/article-3/text"
                               text="&lt;p&gt;Click the &lt;strong&gt;Visualization&lt;/strong&gt; settings button to directly change the graph type or what is displayed on it, such as:&lt;/p&gt;&#xA;"
                               textIsRich="true"/>
				                 <procedure_31 jcr:primaryType="nt:unstructured"
                                   sling:resourceType="help/components/procedure"
                                   isBulleted="true">
                        <proc_par jcr:primaryType="nt:unstructured"
                                  sling:resourceType="help/components/procedure/proc_parsys">
					                      <step_133_31 jcr:primaryType="nt:unstructured" sling:resourceType="help/components/step">
                              <step_par jcr:primaryType="nt:unstructured"
                                        sling:resourceType="help/components/procedure/step_parsys">
						                           <text_525 jcr:primaryType="nt:unstructured"
                                           sling:resourceType="help/components/article-3/text"
                                           text="&lt;p&gt;&lt;strong&gt;Percentages&lt;/strong&gt;: Displays the values in percentage. &lt;/p&gt;&#xA;"
                                           textIsRich="true"/>
					                         </step_par>
                           </step_133_31>
					                      <step_134_31 jcr:primaryType="nt:unstructured" sling:resourceType="help/components/step">
                              <step_par jcr:primaryType="nt:unstructured"
                                        sling:resourceType="help/components/procedure/step_parsys">
						                           <text_526 jcr:primaryType="nt:unstructured"
                                           sling:resourceType="help/components/article-3/text"
                                           text="&lt;p&gt;&lt;strong&gt;Anchor Y Axis at Zero&lt;/strong&gt;: Forces the y axis to zero even if values range above zero. &lt;/p&gt;&#xA;"
                                           textIsRich="true"/>
					                         </step_par>
                           </step_134_31>
					                      <step_135_31 jcr:primaryType="nt:unstructured" sling:resourceType="help/components/step">
                              <step_par jcr:primaryType="nt:unstructured"
                                        sling:resourceType="help/components/procedure/step_parsys">
						                           <text_527 jcr:primaryType="nt:unstructured"
                                           sling:resourceType="help/components/article-3/text"
                                           text="&lt;p&gt;&lt;strong&gt;Legend visible&lt;/strong&gt;: Lets you hide the legend.&lt;/p&gt;&#xA;"
                                           textIsRich="true"/>
					                         </step_par>
                           </step_135_31>
					                      <step_136_31 jcr:primaryType="nt:unstructured" sling:resourceType="help/components/step">
                              <step_par jcr:primaryType="nt:unstructured"
                                        sling:resourceType="help/components/procedure/step_parsys">
						                           <text_528 jcr:primaryType="nt:unstructured"
                                           sling:resourceType="help/components/article-3/text"
                                           text="&lt;p&gt;&lt;strong&gt;Normalization&lt;/strong&gt;: Forces values to match.&lt;/p&gt;&#xA;"
                                           textIsRich="true"/>
					                         </step_par>
                           </step_136_31>
					                      <step_137_31 jcr:primaryType="nt:unstructured" sling:resourceType="help/components/step">
                              <step_par jcr:primaryType="nt:unstructured"
                                        sling:resourceType="help/components/procedure/step_parsys">
						                           <text_529 jcr:primaryType="nt:unstructured"
                                           sling:resourceType="help/components/article-3/text"
                                           text="&lt;p&gt;&lt;strong&gt;Display Dual Axis&lt;/strong&gt;: Adds another axis to your graph.&lt;/p&gt;&#xA;"
                                           textIsRich="true"/>
					                         </step_par>
                           </step_137_31>
					                      <step_138_31 jcr:primaryType="nt:unstructured" sling:resourceType="help/components/step">
                              <step_par jcr:primaryType="nt:unstructured"
                                        sling:resourceType="help/components/procedure/step_parsys">
						                           <text_530 jcr:primaryType="nt:unstructured"
                                           sling:resourceType="help/components/article-3/text"
                                           text="&lt;p&gt;&lt;strong&gt;Limit Max Items&lt;/strong&gt;: Limits the number of graphs displayed.&lt;/p&gt;&#xA;"
                                           textIsRich="true"/>
					                         </step_par>
                           </step_138_31>
					                      <step_139_31 jcr:primaryType="nt:unstructured" sling:resourceType="help/components/step">
                              <step_par jcr:primaryType="nt:unstructured"
                                        sling:resourceType="help/components/procedure/step_parsys">
						                           <text_531 jcr:primaryType="nt:unstructured"
                                           sling:resourceType="help/components/article-3/text"
                                           text="&lt;p&gt;&lt;strong&gt;Threshold&lt;/strong&gt;: Let you set a threshold to your graph. It appears as a black dotted line. &lt;/p&gt;&#xA;"
                                           textIsRich="true"/>
					                         </step_par>
                           </step_139_31>
				                    </proc_par>
                     </procedure_31>
				                 <image_45 jcr:primaryType="nt:unstructured"
                               sling:resourceType="help/components/article-3/image"
                               jcr:title=""
                               alt=""
                               captionBottom=""
                               fileName="dynamic_report_visualization_3.png"
                               originalFileName="images/en/dynamic_report_visualization_3.png"
                               fileReference="/content/dam/help/en/campaign/standard/dynamic_report_visualization_3.png"
                               imageRotate="0"
                               originalHeight=""
                               originalWidth=""
                               scaleOption="toTemplate"
                               status="legacy"/>
			               </step_par>
               </step_133_0>
		          </proc_par>
         </procedure_5_10>
		       <text_532 jcr:primaryType="nt:unstructured"
                   sling:resourceType="help/components/article-3/text"
                   text="&lt;p&gt;This visualization allows you to have a clearer view of your data in your reports.&lt;/p&gt;&#xA;"
                   textIsRich="true"/>
	     </main-pars>
      <hero jcr:primaryType="nt:unstructured"
            sling:resourceType="foundation/components/image"/>
      <thumbnail jcr:primaryType="nt:unstructured"
                 sling:resourceType="foundation/components/image"/>
      <publisherLogo jcr:primaryType="nt:unstructured"
                     sling:resourceType="foundation/components/image"/>
   </jcr:content>
</jcr:root>