<?xml version="1.0" encoding="UTF-8"?>
<jcr:root xmlns:nt="http://www.jcp.org/jcr/nt/1.0" xmlns:json="http://json.org/"
          xmlns:sling="http://sling.apache.org/jcr/sling/1.0"
          xmlns:cq="http://www.day.com/jcr/cq/1.0"
          xmlns:jcr="http://www.jcp.org/jcr/1.0"
          xmlns:mix="http://www.jcp.org/jcr/mix/1.0"
          jcr:primaryType="cq:Page">
   <jcr:content navTitle="Delivery summary" jcr:primaryType="cq:PageContent"
                sling:resourceType="help/components/pages/article-3"
                heroGradient="light"
                jcr:language="en_us"
                cq:designPath="/etc/designs/help"
                cq:template="/apps/help/templates/article-3"
                jcr:mixinTypes="[mix:versionable]"
                jcr:title="Delivery summary"
                jcr:description="Delivery summary"
                seoDescription="With the Delivery summary out-of-the-box report, learn about your deliveries statistics, such as number of sends, bounces and opens."
                primaryProductTag="[products:SG_CAMPAIGN/STANDARD]"
                cq:tags="[products:SG_CAMPAIGN/STANDARD,audience:reporting,content_type:reference,topic_tags:list-of-reports]"
                primaryAudienceTag="[audience:reporting]"
                contentOwner="sauviat"
                isReadyForLocalization="true"
                publishExternalDate="2018-09-04">
      <main-pars jcr:primaryType="nt:unstructured"
                 sling:resourceType="foundation/components/parsys">
		
		
		
			
		
		       <text_366 jcr:primaryType="nt:unstructured"
                   sling:resourceType="help/components/article-3/text"
                   text="&lt;p&gt;The &lt;strong&gt;Delivery summary&lt;/strong&gt; report details the main information relative to an email, or several emails.&lt;/p&gt;&#xA;"
                   textIsRich="true"/>
		       <image_18 jcr:primaryType="nt:unstructured"
                   sling:resourceType="help/components/article-3/image"
                   jcr:title=""
                   alt=""
                   captionBottom=""
                   fileName="campaign_reports_1.png"
                   originalFileName="images/en/campaign_reports_1.png"
                   fileReference="/content/dam/help/en/campaign/standard/campaign_reports_1.png"
                   imageRotate="0"
                   originalHeight=""
                   originalWidth=""
                   scaleOption="toTemplate"
                   status="legacy"/>
		       <text_367 jcr:primaryType="nt:unstructured"
                   sling:resourceType="help/components/article-3/text"
                   text="&lt;p&gt;Each table is represented by summary numbers and charts. You can change how the details are shown in their respective visualization settings.&lt;/p&gt;&#xA;"
                   textIsRich="true"/>
		       <text_368 jcr:primaryType="nt:unstructured"
                   sling:resourceType="help/components/article-3/text"
                   text="&lt;p&gt;The &lt;strong&gt;Delivery statistics&lt;/strong&gt; table contains the data available for sent emails, such as:&lt;/p&gt;&#xA;"
                   textIsRich="true"/>
		       <procedure_14 jcr:primaryType="nt:unstructured"
                       sling:resourceType="help/components/procedure"
                       isBulleted="true">
            <proc_par jcr:primaryType="nt:unstructured"
                      sling:resourceType="help/components/procedure/proc_parsys">
			            <step_56_14 jcr:primaryType="nt:unstructured" sling:resourceType="help/components/step">
                  <step_par jcr:primaryType="nt:unstructured"
                            sling:resourceType="help/components/procedure/step_parsys">
				                 <text_369 jcr:primaryType="nt:unstructured"
                               sling:resourceType="help/components/article-3/text"
                               text="&lt;p&gt;&lt;strong&gt;Sent&lt;/strong&gt;: The total number of sends for the delivery.&lt;/p&gt;&#xA;"
                               textIsRich="true"/>
			               </step_par>
               </step_56_14>
			            <step_57_14 jcr:primaryType="nt:unstructured" sling:resourceType="help/components/step">
                  <step_par jcr:primaryType="nt:unstructured"
                            sling:resourceType="help/components/procedure/step_parsys">
				                 <text_370 jcr:primaryType="nt:unstructured"
                               sling:resourceType="help/components/article-3/text"
                               text="&lt;p&gt;&lt;strong&gt;Delivered&lt;/strong&gt;: The number of messages successfully sent, in relation to the total number of sent messages. Errors raised (bounces) are taken into account. However, complaints (spam declarations) and away messages such as &#34;out of office&#34; are not taken into account.&lt;/p&gt;&#xA;"
                               textIsRich="true"/>
			               </step_par>
               </step_57_14>
			            <step_58_14 jcr:primaryType="nt:unstructured" sling:resourceType="help/components/step">
                  <step_par jcr:primaryType="nt:unstructured"
                            sling:resourceType="help/components/procedure/step_parsys">
				                 <text_371 jcr:primaryType="nt:unstructured"
                               sling:resourceType="help/components/article-3/text"
                               text="&lt;p&gt;&lt;strong&gt;Bounces + Errors&lt;/strong&gt;: The number of total errors cumulated during delivery and automatic return processing in relation to the total number of sent messages. &lt;/p&gt;&#xA;"
                               textIsRich="true"/>
			               </step_par>
               </step_58_14>
		          </proc_par>
         </procedure_14>
		       <text_372 jcr:primaryType="nt:unstructured"
                   sling:resourceType="help/components/article-3/text"
                   text="&lt;p&gt;The &lt;strong&gt;Open and clicks&lt;/strong&gt; table, contains the available data for recipient activity for each delivery, such as:&lt;/p&gt;&#xA;"
                   textIsRich="true"/>
		       <procedure_15 jcr:primaryType="nt:unstructured"
                       sling:resourceType="help/components/procedure"
                       isBulleted="true">
            <proc_par jcr:primaryType="nt:unstructured"
                      sling:resourceType="help/components/procedure/proc_parsys">
			            <step_59_15 jcr:primaryType="nt:unstructured" sling:resourceType="help/components/step">
                  <step_par jcr:primaryType="nt:unstructured"
                            sling:resourceType="help/components/procedure/step_parsys">
				                 <text_373 jcr:primaryType="nt:unstructured"
                               sling:resourceType="help/components/article-3/text"
                               text="&lt;p&gt;&lt;strong&gt;Click&lt;/strong&gt;: The number of times a content was clicked in a delivery.&lt;/p&gt;&#xA;"
                               textIsRich="true"/>
			               </step_par>
               </step_59_15>
			            <step_60_15 jcr:primaryType="nt:unstructured" sling:resourceType="help/components/step">
                  <step_par jcr:primaryType="nt:unstructured"
                            sling:resourceType="help/components/procedure/step_parsys">
				                 <text_374 jcr:primaryType="nt:unstructured"
                               sling:resourceType="help/components/article-3/text"
                               text="&lt;p&gt;&lt;strong&gt;Open&lt;/strong&gt;: The number of times a message was opened in a delivery.&lt;/p&gt;&#xA;"
                               textIsRich="true"/>
			               </step_par>
               </step_60_15>
			            <step_61_15 jcr:primaryType="nt:unstructured" sling:resourceType="help/components/step">
                  <step_par jcr:primaryType="nt:unstructured"
                            sling:resourceType="help/components/procedure/step_parsys">
				                 <text_375 jcr:primaryType="nt:unstructured"
                               sling:resourceType="help/components/article-3/text"
                               text="&lt;p&gt;&lt;strong&gt;Unique opens&lt;/strong&gt;: The number of recipients who opened the delivery.&lt;/p&gt;&#xA;"
                               textIsRich="true"/>
			               </step_par>
               </step_61_15>
			            <step_62_15 jcr:primaryType="nt:unstructured" sling:resourceType="help/components/step">
                  <step_par jcr:primaryType="nt:unstructured"
                            sling:resourceType="help/components/procedure/step_parsys">
				                 <text_376 jcr:primaryType="nt:unstructured"
                               sling:resourceType="help/components/article-3/text"
                               text="&lt;p&gt;&lt;strong&gt;Unique clicks&lt;/strong&gt;: The number of recipients who clicked on a content in a delivery.&lt;/p&gt;&#xA;"
                               textIsRich="true"/>
			               </step_par>
               </step_62_15>
		          </proc_par>
         </procedure_15>
		       <text_377 jcr:primaryType="nt:unstructured"
                   sling:resourceType="help/components/article-3/text"
                   text="&lt;p&gt;The &lt;strong&gt;Domain repartition&lt;/strong&gt; table displays the status of deliveries according to the recipient's domain.&lt;/p&gt;&#xA;"
                   textIsRich="true"/>
		
	     </main-pars>
      <hero jcr:primaryType="nt:unstructured"
            sling:resourceType="foundation/components/image"/>
      <thumbnail jcr:primaryType="nt:unstructured"
                 sling:resourceType="foundation/components/image"/>
      <publisherLogo jcr:primaryType="nt:unstructured"
                     sling:resourceType="foundation/components/image"/>
   </jcr:content>
</jcr:root>