<?xml version="1.0" encoding="UTF-8"?>
<jcr:root xmlns:nt="http://www.jcp.org/jcr/nt/1.0" xmlns:json="http://json.org/"
          xmlns:sling="http://sling.apache.org/jcr/sling/1.0"
          xmlns:cq="http://www.day.com/jcr/cq/1.0"
          xmlns:jcr="http://www.jcp.org/jcr/1.0"
          xmlns:mix="http://www.jcp.org/jcr/mix/1.0"
          jcr:primaryType="cq:Page">
   <jcr:content navTitle="Reporting interface" jcr:primaryType="cq:PageContent"
                sling:resourceType="help/components/pages/article-3"
                heroGradient="light"
                jcr:language="en_us"
                cq:designPath="/etc/designs/help"
                cq:template="/apps/help/templates/article-3"
                jcr:mixinTypes="[mix:versionable]"
                jcr:title="Reporting interface"
                jcr:description="Reporting interface"
                seoDescription="Learn more about Dynamic report interface basis and how to navigate through the different tabs and menus."
                primaryProductTag="[products:SG_CAMPAIGN/STANDARD]"
                cq:tags="[products:SG_CAMPAIGN/STANDARD,audience:reporting,content_type:reference,topic_tags:about-reporting]"
                primaryAudienceTag="[audience:reporting]"
                contentOwner="sauviat"
                isReadyForLocalization="true"
                publishExternalDate="2018-09-04">
      <main-pars jcr:primaryType="nt:unstructured"
                 sling:resourceType="foundation/components/parsys">
		
		
			
		
		       <text_33 jcr:primaryType="nt:unstructured"
                  sling:resourceType="help/components/article-3/text"
                  text="&lt;p&gt;The top toolbar allows you, for example, to modify, save or print your report.&lt;/p&gt;&#xA;"
                  textIsRich="true"/>
		       <image_6 jcr:primaryType="nt:unstructured"
                  sling:resourceType="help/components/article-3/image"
                  jcr:title=""
                  alt=""
                  captionBottom=""
                  fileName="dynamic_report_toolbar.png"
                  originalFileName="images/en/dynamic_report_toolbar.png"
                  fileReference="/content/dam/help/en/campaign/standard/dynamic_report_toolbar.png"
                  imageRotate="0"
                  originalHeight=""
                  originalWidth=""
                  scaleOption="toTemplate"
                  status="legacy"/>
		       <text_34 jcr:primaryType="nt:unstructured"
                  sling:resourceType="help/components/article-3/text"
                  text="&lt;p&gt;Use the&lt;strong&gt; Project&lt;/strong&gt; tab to:&lt;/p&gt;&#xA;"
                  textIsRich="true"/>
		       <procedure_4 jcr:primaryType="nt:unstructured"
                      sling:resourceType="help/components/procedure"
                      isBulleted="true">
            <proc_par jcr:primaryType="nt:unstructured"
                      sling:resourceType="help/components/procedure/proc_parsys">
			            <step_10_4 jcr:primaryType="nt:unstructured" sling:resourceType="help/components/step">
                  <step_par jcr:primaryType="nt:unstructured"
                            sling:resourceType="help/components/procedure/step_parsys">
				                 <text_35 jcr:primaryType="nt:unstructured"
                              sling:resourceType="help/components/article-3/text"
                              text="&lt;p&gt;&lt;strong&gt;Open...&lt;/strong&gt;: Opens a previously created report or a template.&lt;/p&gt;&#xA;"
                              textIsRich="true"/>
			               </step_par>
               </step_10_4>
			            <step_11_4 jcr:primaryType="nt:unstructured" sling:resourceType="help/components/step">
                  <step_par jcr:primaryType="nt:unstructured"
                            sling:resourceType="help/components/procedure/step_parsys">
				                 <text_36 jcr:primaryType="nt:unstructured"
                              sling:resourceType="help/components/article-3/text"
                              text="&lt;p&gt;&lt;strong&gt;Save As...&lt;/strong&gt;: Duplicates templates to be able to modify them.&lt;/p&gt;&#xA;"
                              textIsRich="true"/>
			               </step_par>
               </step_11_4>
			            <step_12_4 jcr:primaryType="nt:unstructured" sling:resourceType="help/components/step">
                  <step_par jcr:primaryType="nt:unstructured"
                            sling:resourceType="help/components/procedure/step_parsys">
				                 <text_37 jcr:primaryType="nt:unstructured"
                              sling:resourceType="help/components/article-3/text"
                              text="&lt;p&gt;&lt;strong&gt;Refresh project&lt;/strong&gt;: Updates your report based upon new data and changes to filters.&lt;/p&gt;&#xA;"
                              textIsRich="true"/>
			               </step_par>
               </step_12_4>
			            <step_13_4 jcr:primaryType="nt:unstructured" sling:resourceType="help/components/step">
                  <step_par jcr:primaryType="nt:unstructured"
                            sling:resourceType="help/components/procedure/step_parsys">
				                 <text_38 jcr:primaryType="nt:unstructured"
                              sling:resourceType="help/components/article-3/text"
                              text="&lt;p&gt;&lt;strong&gt;Download CSV&lt;/strong&gt;: Exports your reports to a CSV file.&lt;/p&gt;&#xA;"
                              textIsRich="true"/>
			               </step_par>
               </step_13_4>
		          </proc_par>
         </procedure_4>
		       <text_39 jcr:primaryType="nt:unstructured"
                  sling:resourceType="help/components/article-3/text"
                  text="&lt;p&gt;The &lt;strong&gt;Edit&lt;/strong&gt; tab allows you to:&lt;/p&gt;&#xA;"
                  textIsRich="true"/>
		       <procedure_5 jcr:primaryType="nt:unstructured"
                      sling:resourceType="help/components/procedure"
                      isBulleted="true">
            <proc_par jcr:primaryType="nt:unstructured"
                      sling:resourceType="help/components/procedure/proc_parsys">
			            <step_14_5 jcr:primaryType="nt:unstructured" sling:resourceType="help/components/step">
                  <step_par jcr:primaryType="nt:unstructured"
                            sling:resourceType="help/components/procedure/step_parsys">
				                 <text_40 jcr:primaryType="nt:unstructured"
                              sling:resourceType="help/components/article-3/text"
                              text="&lt;p&gt;&lt;strong&gt;Undo&lt;/strong&gt;: Cancels your last action on your dashboard.&lt;/p&gt;&#xA;"
                              textIsRich="true"/>
			               </step_par>
               </step_14_5>
			            <step_15_5 jcr:primaryType="nt:unstructured" sling:resourceType="help/components/step">
                  <step_par jcr:primaryType="nt:unstructured"
                            sling:resourceType="help/components/procedure/step_parsys">
				                 <text_41 jcr:primaryType="nt:unstructured"
                              sling:resourceType="help/components/article-3/text"
                              text="&lt;p&gt;&lt;strong&gt;Clear all&lt;/strong&gt;: Deletes every panel on your dashboard.&lt;/p&gt;&#xA;"
                              textIsRich="true"/>
			               </step_par>
               </step_15_5>
		          </proc_par>
         </procedure_5>
		       <text_42 jcr:primaryType="nt:unstructured"
                  sling:resourceType="help/components/article-3/text"
                  text="&lt;p&gt;The &lt;strong&gt;Insert&lt;/strong&gt; table lets you customize your reports by adding graphs and tables to your dashboard:&lt;/p&gt;&#xA;"
                  textIsRich="true"/>
		       <procedure_6 jcr:primaryType="nt:unstructured"
                      sling:resourceType="help/components/procedure"
                      isBulleted="true">
            <proc_par jcr:primaryType="nt:unstructured"
                      sling:resourceType="help/components/procedure/proc_parsys">
			            <step_16_6 jcr:primaryType="nt:unstructured" sling:resourceType="help/components/step">
                  <step_par jcr:primaryType="nt:unstructured"
                            sling:resourceType="help/components/procedure/step_parsys">
				                 <text_43 jcr:primaryType="nt:unstructured"
                              sling:resourceType="help/components/article-3/text"
                              text="&lt;p&gt;&lt;strong&gt;New Blank Panel&lt;/strong&gt;: Adds a new blank panel to your dashboard.&lt;/p&gt;&#xA;"
                              textIsRich="true"/>
			               </step_par>
               </step_16_6>
			            <step_17_6 jcr:primaryType="nt:unstructured" sling:resourceType="help/components/step">
                  <step_par jcr:primaryType="nt:unstructured"
                            sling:resourceType="help/components/procedure/step_parsys">
				                 <text_44 jcr:primaryType="nt:unstructured"
                              sling:resourceType="help/components/article-3/text"
                              text="&lt;p&gt;&lt;strong&gt;New Freeform&lt;/strong&gt;: Adds a new freeform table to your dashboard.&lt;/p&gt;&#xA;"
                              textIsRich="true"/>
			               </step_par>
               </step_17_6>
			            <step_18_6 jcr:primaryType="nt:unstructured" sling:resourceType="help/components/step">
                  <step_par jcr:primaryType="nt:unstructured"
                            sling:resourceType="help/components/procedure/step_parsys">
				                 <text_45 jcr:primaryType="nt:unstructured"
                              sling:resourceType="help/components/article-3/text"
                              text="&lt;p&gt;&lt;strong&gt;New Line&lt;/strong&gt;: Adds a new line graph to your dashboard.&lt;/p&gt;&#xA;"
                              textIsRich="true"/>
			               </step_par>
               </step_18_6>
			            <step_19_6 jcr:primaryType="nt:unstructured" sling:resourceType="help/components/step">
                  <step_par jcr:primaryType="nt:unstructured"
                            sling:resourceType="help/components/procedure/step_parsys">
				                 <text_46 jcr:primaryType="nt:unstructured"
                              sling:resourceType="help/components/article-3/text"
                              text="&lt;p&gt;&lt;strong&gt;New Bar&lt;/strong&gt;: Adds a new bar graph to your dashboard.&lt;/p&gt;&#xA;"
                              textIsRich="true"/>
			               </step_par>
               </step_19_6>
		          </proc_par>
         </procedure_6>
		       <text_47 jcr:primaryType="nt:unstructured"
                  sling:resourceType="help/components/article-3/text"
                  text="&lt;p&gt;&lt;strong&gt;Related topics:&lt;/strong&gt;&lt;/p&gt;&#xA;"
                  textIsRich="true"/>
		       <procedure_7 jcr:primaryType="nt:unstructured"
                      sling:resourceType="help/components/procedure"
                      isBulleted="true">
            <proc_par jcr:primaryType="nt:unstructured"
                      sling:resourceType="help/components/procedure/proc_parsys">
			            <step_20_7 jcr:primaryType="nt:unstructured" sling:resourceType="help/components/step">
                  <step_par jcr:primaryType="nt:unstructured"
                            sling:resourceType="help/components/procedure/step_parsys">
				                 <text_48 jcr:primaryType="nt:unstructured"
                              sling:resourceType="help/components/article-3/text"
                              text="&lt;p&gt;&#xA;&#x9;&#x9;&#x9;&#x9;&#x9;&#x9;&#x9;&#x9;&#x9;&#x9;&#x9;&#xA;&#x9;&#x9;&#x9;&#x9;&#x9;&#x9;&#x9;&lt;a href=&#34;/content/help/en/campaign/standard/reporting/using/adding-panels.html&#34;&gt;Adding panels&lt;/a&gt;&lt;/p&gt;&#xA;"
                              textIsRich="true"/>
			               </step_par>
               </step_20_7>
			            <step_21_7 jcr:primaryType="nt:unstructured" sling:resourceType="help/components/step">
                  <step_par jcr:primaryType="nt:unstructured"
                            sling:resourceType="help/components/procedure/step_parsys">
				                 <text_49 jcr:primaryType="nt:unstructured"
                              sling:resourceType="help/components/article-3/text"
                              text="&lt;p&gt;&#xA;&#x9;&#x9;&#x9;&#x9;&#x9;&#x9;&#x9;&#x9;&#x9;&#x9;&#x9;&#xA;&#x9;&#x9;&#x9;&#x9;&#x9;&#x9;&#x9;&lt;a href=&#34;/content/help/en/campaign/standard/reporting/using/adding-visualizations.html&#34;&gt;Adding visualizations&lt;/a&gt;&lt;/p&gt;&#xA;"
                              textIsRich="true"/>
			               </step_par>
               </step_21_7>
			            <step_22_7 jcr:primaryType="nt:unstructured" sling:resourceType="help/components/step">
                  <step_par jcr:primaryType="nt:unstructured"
                            sling:resourceType="help/components/procedure/step_parsys">
				                 <text_50 jcr:primaryType="nt:unstructured"
                              sling:resourceType="help/components/article-3/text"
                              text="&lt;p&gt;&#xA;&#x9;&#x9;&#x9;&#x9;&#x9;&#x9;&#x9;&#x9;&#x9;&#x9;&#x9;&#xA;&#x9;&#x9;&#x9;&#x9;&#x9;&#x9;&#x9;&lt;a href=&#34;/content/help/en/campaign/standard/reporting/using/adding-components.html&#34;&gt;Adding components&lt;/a&gt;&lt;/p&gt;&#xA;"
                              textIsRich="true"/>
			               </step_par>
               </step_22_7>
		          </proc_par>
         </procedure_7>
		
			      <header_6 jcr:primaryType="nt:unstructured" sling:resourceType="help/components/header"
                   id="tabs"
                   level="2"
                   text="&lt;p&gt;Tabs&lt;/p&gt;&#xA;"
                   textIsRich="'true'"/>
			      <text_51 jcr:primaryType="nt:unstructured"
                  sling:resourceType="help/components/article-3/text"
                  text="&lt;p&gt;The left tabs let you build your report and filter your data as needed.&lt;/p&gt;&#xA;"
                  textIsRich="true"/>
			      <image_7 jcr:primaryType="nt:unstructured"
                  sling:resourceType="help/components/article-3/image"
                  jcr:title=""
                  alt=""
                  captionBottom=""
                  fileName="dynamic_report_interface.png"
                  originalFileName="images/en/dynamic_report_interface.png"
                  fileReference="/content/dam/help/en/campaign/standard/dynamic_report_interface.png"
                  imageRotate="0"
                  originalHeight=""
                  originalWidth=""
                  scaleOption="toTemplate"
                  status="legacy"/>
			      <text_52 jcr:primaryType="nt:unstructured"
                  sling:resourceType="help/components/article-3/text"
                  text="&lt;p&gt;These tabs give you access to the following items:&lt;/p&gt;&#xA;"
                  textIsRich="true"/>
			      <procedure_8 jcr:primaryType="nt:unstructured"
                      sling:resourceType="help/components/procedure"
                      isBulleted="true">
            <proc_par jcr:primaryType="nt:unstructured"
                      sling:resourceType="help/components/procedure/proc_parsys">
				           <step_23_8 jcr:primaryType="nt:unstructured" sling:resourceType="help/components/step">
                  <step_par jcr:primaryType="nt:unstructured"
                            sling:resourceType="help/components/procedure/step_parsys">
					                <text_53 jcr:primaryType="nt:unstructured"
                              sling:resourceType="help/components/article-3/text"
                              text="&lt;p&gt;&lt;strong&gt;Panels&lt;/strong&gt;: add a blank panel or freeform to your report to start filtering your data. For more on this, refer to the Adding panels section&lt;/p&gt;&#xA;"
                              textIsRich="true"/>
				              </step_par>
               </step_23_8>
				           <step_24_8 jcr:primaryType="nt:unstructured" sling:resourceType="help/components/step">
                  <step_par jcr:primaryType="nt:unstructured"
                            sling:resourceType="help/components/procedure/step_parsys">
					                <text_54 jcr:primaryType="nt:unstructured"
                              sling:resourceType="help/components/article-3/text"
                              text="&lt;p&gt;&lt;strong&gt;Visualizations&lt;/strong&gt;: drag and drop a selection of visualization items to give your report a graphical dimension. For more on this, refer to the Adding visualizations section.&lt;/p&gt;&#xA;"
                              textIsRich="true"/>
				              </step_par>
               </step_24_8>
				           <step_25_8 jcr:primaryType="nt:unstructured" sling:resourceType="help/components/step">
                  <step_par jcr:primaryType="nt:unstructured"
                            sling:resourceType="help/components/procedure/step_parsys">
					                <text_55 jcr:primaryType="nt:unstructured"
                              sling:resourceType="help/components/article-3/text"
                              text="&lt;p&gt;&lt;strong&gt;Components&lt;/strong&gt;: customize your reports with different dimensions, metrics, segments and time periods.&lt;/p&gt;&#xA;"
                              textIsRich="true"/>
				              </step_par>
               </step_25_8>
			         </proc_par>
         </procedure_8>
		
		
			      <header_7 jcr:primaryType="nt:unstructured" sling:resourceType="help/components/header"
                   id="toolbar"
                   level="2"
                   text="&lt;p&gt;Toolbar&lt;/p&gt;&#xA;"
                   textIsRich="'true'"/>
			      <text_56 jcr:primaryType="nt:unstructured"
                  sling:resourceType="help/components/article-3/text"
                  text="&lt;p&gt;The toolbar can be found above your workspace. Composed of different tabs, it allows you, for example, to modify, save, share or print your report.&lt;/p&gt;&#xA;"
                  textIsRich="true"/>
			      <image_8 jcr:primaryType="nt:unstructured"
                  sling:resourceType="help/components/article-3/image"
                  jcr:title=""
                  alt=""
                  captionBottom=""
                  fileName="dynamic_report_toolbar.png"
                  originalFileName="images/en/dynamic_report_toolbar.png"
                  fileReference="/content/dam/help/en/campaign/standard/dynamic_report_toolbar.png"
                  imageRotate="0"
                  originalHeight=""
                  originalWidth=""
                  scaleOption="toTemplate"
                  status="legacy"/>
			      <text_57 jcr:primaryType="nt:unstructured"
                  sling:resourceType="help/components/article-3/text"
                  text="&lt;p&gt;&lt;strong&gt;Related topics:&lt;/strong&gt;&lt;/p&gt;&#xA;"
                  textIsRich="true"/>
			      <procedure_9 jcr:primaryType="nt:unstructured"
                      sling:resourceType="help/components/procedure"
                      isBulleted="true">
            <proc_par jcr:primaryType="nt:unstructured"
                      sling:resourceType="help/components/procedure/proc_parsys">
				           <step_26_9 jcr:primaryType="nt:unstructured" sling:resourceType="help/components/step">
                  <step_par jcr:primaryType="nt:unstructured"
                            sling:resourceType="help/components/procedure/step_parsys">
					                <text_58 jcr:primaryType="nt:unstructured"
                              sling:resourceType="help/components/article-3/text"
                              text="&lt;p&gt;&#xA;&#x9;&#x9;&#x9;&#x9;&#x9;&#x9;&#x9;&#x9;&#x9;&#x9;&#x9;&#xA;&#x9;&#x9;&#x9;&#x9;&#x9;&#x9;&#x9;&lt;a href=&#34;/content/help/en/campaign/standard/reporting/using/adding-panels.html&#34;&gt;Adding panels&lt;/a&gt;&lt;/p&gt;&#xA;"
                              textIsRich="true"/>
				              </step_par>
               </step_26_9>
				           <step_27_9 jcr:primaryType="nt:unstructured" sling:resourceType="help/components/step">
                  <step_par jcr:primaryType="nt:unstructured"
                            sling:resourceType="help/components/procedure/step_parsys">
					                <text_59 jcr:primaryType="nt:unstructured"
                              sling:resourceType="help/components/article-3/text"
                              text="&lt;p&gt;&#xA;&#x9;&#x9;&#x9;&#x9;&#x9;&#x9;&#x9;&#x9;&#x9;&#x9;&#x9;&#xA;&#x9;&#x9;&#x9;&#x9;&#x9;&#x9;&#x9;&lt;a href=&#34;/content/help/en/campaign/standard/reporting/using/adding-visualizations.html&#34;&gt;Adding visualizations&lt;/a&gt;&lt;/p&gt;&#xA;"
                              textIsRich="true"/>
				              </step_par>
               </step_27_9>
				           <step_28_9 jcr:primaryType="nt:unstructured" sling:resourceType="help/components/step">
                  <step_par jcr:primaryType="nt:unstructured"
                            sling:resourceType="help/components/procedure/step_parsys">
					                <text_60 jcr:primaryType="nt:unstructured"
                              sling:resourceType="help/components/article-3/text"
                              text="&lt;p&gt;&#xA;&#x9;&#x9;&#x9;&#x9;&#x9;&#x9;&#x9;&#x9;&#x9;&#x9;&#x9;&#xA;&#x9;&#x9;&#x9;&#x9;&#x9;&#x9;&#x9;&lt;a href=&#34;/content/help/en/campaign/standard/reporting/using/adding-components.html&#34;&gt;Adding components&lt;/a&gt;&lt;/p&gt;&#xA;"
                              textIsRich="true"/>
				              </step_par>
               </step_28_9>
			         </proc_par>
         </procedure_9>
			
				     <header_8 jcr:primaryType="nt:unstructured" sling:resourceType="help/components/header"
                   id="project-tab"
                   level="3"
                   text="&lt;p&gt;Project tab&lt;/p&gt;&#xA;"
                   textIsRich="'true'"/>
				     <image_9 jcr:primaryType="nt:unstructured"
                  sling:resourceType="help/components/article-3/image"
                  jcr:title=""
                  alt=""
                  captionBottom=""
                  fileName="tab_project.png"
                  originalFileName="images/en/tab_project.png"
                  fileReference="/content/dam/help/en/campaign/standard/tab_project.png"
                  imageRotate="0"
                  originalHeight=""
                  originalWidth=""
                  scaleOption="toTemplate"
                  status="legacy"/>
				     <text_61 jcr:primaryType="nt:unstructured"
                  sling:resourceType="help/components/article-3/text"
                  text="&lt;p&gt;Use the&lt;strong&gt; Project&lt;/strong&gt; tab to:&lt;/p&gt;&#xA;"
                  textIsRich="true"/>
				     <procedure_10 jcr:primaryType="nt:unstructured"
                       sling:resourceType="help/components/procedure"
                       isBulleted="true">
            <proc_par jcr:primaryType="nt:unstructured"
                      sling:resourceType="help/components/procedure/proc_parsys">
					          <step_29_10 jcr:primaryType="nt:unstructured" sling:resourceType="help/components/step">
                  <step_par jcr:primaryType="nt:unstructured"
                            sling:resourceType="help/components/procedure/step_parsys">
						               <text_62 jcr:primaryType="nt:unstructured"
                              sling:resourceType="help/components/article-3/text"
                              text="&lt;p&gt;&lt;strong&gt;Open...&lt;/strong&gt;: Opens a previously created report or a template.&lt;/p&gt;&#xA;"
                              textIsRich="true"/>
					             </step_par>
               </step_29_10>
					          <step_30_10 jcr:primaryType="nt:unstructured" sling:resourceType="help/components/step">
                  <step_par jcr:primaryType="nt:unstructured"
                            sling:resourceType="help/components/procedure/step_parsys">
						               <text_63 jcr:primaryType="nt:unstructured"
                              sling:resourceType="help/components/article-3/text"
                              text="&lt;p&gt;&lt;strong&gt;Save As...&lt;/strong&gt;: Duplicates templates to be able to modify them.&lt;/p&gt;&#xA;"
                              textIsRich="true"/>
					             </step_par>
               </step_30_10>
					          <step_31_10 jcr:primaryType="nt:unstructured" sling:resourceType="help/components/step">
                  <step_par jcr:primaryType="nt:unstructured"
                            sling:resourceType="help/components/procedure/step_parsys">
						               <text_64 jcr:primaryType="nt:unstructured"
                              sling:resourceType="help/components/article-3/text"
                              text="&lt;p&gt;&lt;strong&gt;Refresh project&lt;/strong&gt;: Updates your report based upon new data and changes to filters.&lt;/p&gt;&#xA;"
                              textIsRich="true"/>
					             </step_par>
               </step_31_10>
					          <step_32_10 jcr:primaryType="nt:unstructured" sling:resourceType="help/components/step">
                  <step_par jcr:primaryType="nt:unstructured"
                            sling:resourceType="help/components/procedure/step_parsys">
						               <text_65 jcr:primaryType="nt:unstructured"
                              sling:resourceType="help/components/article-3/text"
                              text="&lt;p&gt;&lt;strong&gt;Download CSV&lt;/strong&gt;: Exports your reports to a CSV file.&lt;/p&gt;&#xA;"
                              textIsRich="true"/>
					             </step_par>
               </step_32_10>
					          <step_33_10 jcr:primaryType="nt:unstructured" sling:resourceType="help/components/step">
                  <step_par jcr:primaryType="nt:unstructured"
                            sling:resourceType="help/components/procedure/step_parsys">
						               <text_66 jcr:primaryType="nt:unstructured"
                              sling:resourceType="help/components/article-3/text"
                              text="&lt;p&gt;&lt;strong&gt;Print&lt;/strong&gt;: Print your report.&lt;/p&gt;&#xA;"
                              textIsRich="true"/>
					             </step_par>
               </step_33_10>
				        </proc_par>
         </procedure_10>
			
			
				     <header_9 jcr:primaryType="nt:unstructured" sling:resourceType="help/components/header"
                   id="edit-tab"
                   level="3"
                   text="&lt;p&gt;Edit tab&lt;/p&gt;&#xA;"
                   textIsRich="'true'"/>
				     <image_10 jcr:primaryType="nt:unstructured"
                   sling:resourceType="help/components/article-3/image"
                   jcr:title=""
                   alt=""
                   captionBottom=""
                   fileName="tab_edit.png"
                   originalFileName="images/en/tab_edit.png"
                   fileReference="/content/dam/help/en/campaign/standard/tab_edit.png"
                   imageRotate="0"
                   originalHeight=""
                   originalWidth=""
                   scaleOption="toTemplate"
                   status="legacy"/>
				     <text_67 jcr:primaryType="nt:unstructured"
                  sling:resourceType="help/components/article-3/text"
                  text="&lt;p&gt;The &lt;strong&gt;Edit&lt;/strong&gt; tab allows you to:&lt;/p&gt;&#xA;"
                  textIsRich="true"/>
				     <procedure_11 jcr:primaryType="nt:unstructured"
                       sling:resourceType="help/components/procedure"
                       isBulleted="true">
            <proc_par jcr:primaryType="nt:unstructured"
                      sling:resourceType="help/components/procedure/proc_parsys">
					          <step_34_11 jcr:primaryType="nt:unstructured" sling:resourceType="help/components/step">
                  <step_par jcr:primaryType="nt:unstructured"
                            sling:resourceType="help/components/procedure/step_parsys">
						               <text_68 jcr:primaryType="nt:unstructured"
                              sling:resourceType="help/components/article-3/text"
                              text="&lt;p&gt;&lt;strong&gt;Undo&lt;/strong&gt;: Cancels your last action on your dashboard.&lt;/p&gt;&#xA;"
                              textIsRich="true"/>
					             </step_par>
               </step_34_11>
					          <step_35_11 jcr:primaryType="nt:unstructured" sling:resourceType="help/components/step">
                  <step_par jcr:primaryType="nt:unstructured"
                            sling:resourceType="help/components/procedure/step_parsys">
						               <text_69 jcr:primaryType="nt:unstructured"
                              sling:resourceType="help/components/article-3/text"
                              text="&lt;p&gt;&lt;strong&gt;Clear all&lt;/strong&gt;: Deletes every panel on your dashboard.&lt;/p&gt;&#xA;"
                              textIsRich="true"/>
					             </step_par>
               </step_35_11>
				        </proc_par>
         </procedure_11>
			
			
				     <header_10 jcr:primaryType="nt:unstructured" sling:resourceType="help/components/header"
                    id="insert-tab"
                    level="3"
                    text="&lt;p&gt;Insert tab&lt;/p&gt;&#xA;"
                    textIsRich="'true'"/>
				     <image_11 jcr:primaryType="nt:unstructured"
                   sling:resourceType="help/components/article-3/image"
                   jcr:title=""
                   alt=""
                   captionBottom=""
                   fileName="tab_insert.png"
                   originalFileName="images/en/tab_insert.png"
                   fileReference="/content/dam/help/en/campaign/standard/tab_insert.png"
                   imageRotate="0"
                   originalHeight=""
                   originalWidth=""
                   scaleOption="toTemplate"
                   status="legacy"/>
				     <text_70 jcr:primaryType="nt:unstructured"
                  sling:resourceType="help/components/article-3/text"
                  text="&lt;p&gt;The &lt;strong&gt;Insert&lt;/strong&gt; tab lets you customize your reports by adding graphs and tables to your dashboard:&lt;/p&gt;&#xA;"
                  textIsRich="true"/>
				     <procedure_12 jcr:primaryType="nt:unstructured"
                       sling:resourceType="help/components/procedure"
                       isBulleted="true">
            <proc_par jcr:primaryType="nt:unstructured"
                      sling:resourceType="help/components/procedure/proc_parsys">
					          <step_36_12 jcr:primaryType="nt:unstructured" sling:resourceType="help/components/step">
                  <step_par jcr:primaryType="nt:unstructured"
                            sling:resourceType="help/components/procedure/step_parsys">
						               <text_71 jcr:primaryType="nt:unstructured"
                              sling:resourceType="help/components/article-3/text"
                              text="&lt;p&gt;&lt;strong&gt;New Blank Panel&lt;/strong&gt;: Adds a new blank panel to your dashboard.&lt;/p&gt;&#xA;"
                              textIsRich="true"/>
					             </step_par>
               </step_36_12>
					          <step_37_12 jcr:primaryType="nt:unstructured" sling:resourceType="help/components/step">
                  <step_par jcr:primaryType="nt:unstructured"
                            sling:resourceType="help/components/procedure/step_parsys">
						               <text_72 jcr:primaryType="nt:unstructured"
                              sling:resourceType="help/components/article-3/text"
                              text="&lt;p&gt;&lt;strong&gt;New Freeform&lt;/strong&gt;: Adds a new freeform table to your dashboard.&lt;/p&gt;&#xA;"
                              textIsRich="true"/>
					             </step_par>
               </step_37_12>
					          <step_38_12 jcr:primaryType="nt:unstructured" sling:resourceType="help/components/step">
                  <step_par jcr:primaryType="nt:unstructured"
                            sling:resourceType="help/components/procedure/step_parsys">
						               <text_73 jcr:primaryType="nt:unstructured"
                              sling:resourceType="help/components/article-3/text"
                              text="&lt;p&gt;&lt;strong&gt;New Line&lt;/strong&gt;: Adds a new line graph to your dashboard.&lt;/p&gt;&#xA;"
                              textIsRich="true"/>
					             </step_par>
               </step_38_12>
					          <step_39_12 jcr:primaryType="nt:unstructured" sling:resourceType="help/components/step">
                  <step_par jcr:primaryType="nt:unstructured"
                            sling:resourceType="help/components/procedure/step_parsys">
						               <text_74 jcr:primaryType="nt:unstructured"
                              sling:resourceType="help/components/article-3/text"
                              text="&lt;p&gt;&lt;strong&gt;New Bar&lt;/strong&gt;: Adds a new bar graph to your dashboard.&lt;/p&gt;&#xA;"
                              textIsRich="true"/>
					             </step_par>
               </step_39_12>
				        </proc_par>
         </procedure_12>
			
			
				     <header_11 jcr:primaryType="nt:unstructured" sling:resourceType="help/components/header"
                    id="share-tab"
                    level="3"
                    text="&lt;p&gt;Share tab&lt;/p&gt;&#xA;"
                    textIsRich="'true'"/>
				     <image_12 jcr:primaryType="nt:unstructured"
                   sling:resourceType="help/components/article-3/image"
                   jcr:title=""
                   alt=""
                   captionBottom=""
                   fileName="tab_share_1.png"
                   originalFileName="images/en/tab_share_1.png"
                   fileReference="/content/dam/help/en/campaign/standard/tab_share_1.png"
                   imageRotate="0"
                   originalHeight=""
                   originalWidth=""
                   scaleOption="toTemplate"
                   status="legacy"/>
				     <text_75 jcr:primaryType="nt:unstructured"
                  sling:resourceType="help/components/article-3/text"
                  text="&lt;p&gt;The &lt;strong&gt;Share&lt;/strong&gt; tab allows you to send your reports with Adobe Campaign users through one-shot or recurrent emails. The targeted users will then receive an email with your report attached.&lt;/p&gt;&#xA;"
                  textIsRich="true"/>
				     <procedure_13 jcr:primaryType="nt:unstructured"
                       sling:resourceType="help/components/procedure"
                       isBulleted="true">
            <proc_par jcr:primaryType="nt:unstructured"
                      sling:resourceType="help/components/procedure/proc_parsys">
					          <step_40_13 jcr:primaryType="nt:unstructured" sling:resourceType="help/components/step">
                  <step_par jcr:primaryType="nt:unstructured"
                            sling:resourceType="help/components/procedure/step_parsys">
						               <text_76 jcr:primaryType="nt:unstructured"
                              sling:resourceType="help/components/article-3/text"
                              text="&lt;p&gt;&lt;strong&gt;Send report now&lt;/strong&gt;: Send your report to a list of chosen recipients through a one-shot email.&lt;/p&gt;&#xA;"
                              textIsRich="true"/>
						               <procedure_0_10 jcr:primaryType="nt:unstructured"
                                     sling:resourceType="help/components/procedure">
                        <proc_par jcr:primaryType="nt:unstructured"
                                  sling:resourceType="help/components/procedure/proc_parsys">
							                    <step_40_0 jcr:primaryType="nt:unstructured" sling:resourceType="help/components/step">
                              <step_par jcr:primaryType="nt:unstructured"
                                        sling:resourceType="help/components/procedure/step_parsys">
								                         <text_77 jcr:primaryType="nt:unstructured"
                                          sling:resourceType="help/components/article-3/text"
                                          text="&lt;p&gt;In the &lt;strong&gt;Send report&lt;/strong&gt; window, add a description if needed.&lt;/p&gt;&#xA;"
                                          textIsRich="true"/>
								                         <image_13 jcr:primaryType="nt:unstructured"
                                           sling:resourceType="help/components/article-3/image"
                                           jcr:title=""
                                           alt=""
                                           captionBottom=""
                                           fileName="tab_share_4.png"
                                           originalFileName="images/en/tab_share_4.png"
                                           fileReference="/content/dam/help/en/campaign/standard/tab_share_4.png"
                                           imageRotate="0"
                                           originalHeight=""
                                           originalWidth=""
                                           scaleOption="toTemplate"
                                           status="legacy"/>
							                       </step_par>
                           </step_40_0>
							                    <step_41_0 jcr:primaryType="nt:unstructured" sling:resourceType="help/components/step">
                              <step_par jcr:primaryType="nt:unstructured"
                                        sling:resourceType="help/components/procedure/step_parsys">
								                         <text_78 jcr:primaryType="nt:unstructured"
                                          sling:resourceType="help/components/article-3/text"
                                          text="&lt;p&gt;Select the recipients to your email by clicking the field and selecting them in the drop-down or by typing their email addresses.&lt;/p&gt;&#xA;"
                                          textIsRich="true"/>
							                       </step_par>
                           </step_41_0>
							                    <step_42_0 jcr:primaryType="nt:unstructured" sling:resourceType="help/components/step">
                              <step_par jcr:primaryType="nt:unstructured"
                                        sling:resourceType="help/components/procedure/step_parsys">
								                         <text_79 jcr:primaryType="nt:unstructured"
                                          sling:resourceType="help/components/article-3/text"
                                          text="&lt;p&gt;Check &lt;strong&gt;Show scheduling options&lt;/strong&gt; if you want to send recurring emails. This can also be done by selecting &lt;strong&gt;Send Report on schedule&lt;/strong&gt; in the &lt;strong&gt;Share&lt;/strong&gt; tab.&lt;/p&gt;&#xA;"
                                          textIsRich="true"/>
							                       </step_par>
                           </step_42_0>
							                    <step_43_0 jcr:primaryType="nt:unstructured" sling:resourceType="help/components/step">
                              <step_par jcr:primaryType="nt:unstructured"
                                        sling:resourceType="help/components/procedure/step_parsys">
								                         <text_80 jcr:primaryType="nt:unstructured"
                                          sling:resourceType="help/components/article-3/text"
                                          text="&lt;p&gt;Click &lt;strong&gt;Send now&lt;/strong&gt;. Your recipients will then receive an email with your report attached.&lt;/p&gt;&#xA;"
                                          textIsRich="true"/>
							                       </step_par>
                           </step_43_0>
						                  </proc_par>
                     </procedure_0_10>
					             </step_par>
               </step_40_13>
					          <step_45_13 jcr:primaryType="nt:unstructured" sling:resourceType="help/components/step">
                  <step_par jcr:primaryType="nt:unstructured"
                            sling:resourceType="help/components/procedure/step_parsys">
						               <text_81 jcr:primaryType="nt:unstructured"
                              sling:resourceType="help/components/article-3/text"
                              text="&lt;p&gt;&lt;strong&gt;Send report on schedule&lt;/strong&gt;: Schedule your report and send recurring emails to your recipients.&lt;/p&gt;&#xA;"
                              textIsRich="true"/>
						               <procedure_1_10 jcr:primaryType="nt:unstructured"
                                     sling:resourceType="help/components/procedure">
                        <proc_par jcr:primaryType="nt:unstructured"
                                  sling:resourceType="help/components/procedure/proc_parsys">
							                    <step_45_0 jcr:primaryType="nt:unstructured" sling:resourceType="help/components/step">
                              <step_par jcr:primaryType="nt:unstructured"
                                        sling:resourceType="help/components/procedure/step_parsys">
								                         <text_82 jcr:primaryType="nt:unstructured"
                                          sling:resourceType="help/components/article-3/text"
                                          text="&lt;p&gt;In the &lt;strong&gt;Send report&lt;/strong&gt; window, add a description if needed.&lt;/p&gt;&#xA;"
                                          textIsRich="true"/>
							                       </step_par>
                           </step_45_0>
							                    <step_46_0 jcr:primaryType="nt:unstructured" sling:resourceType="help/components/step">
                              <step_par jcr:primaryType="nt:unstructured"
                                        sling:resourceType="help/components/procedure/step_parsys">
								                         <text_83 jcr:primaryType="nt:unstructured"
                                          sling:resourceType="help/components/article-3/text"
                                          text="&lt;p&gt;Select the recipients to your email by clicking the field and selecting them in the drop-down or by typing their email addresses.&lt;/p&gt;&#xA;"
                                          textIsRich="true"/>
								                         <image_14 jcr:primaryType="nt:unstructured"
                                           sling:resourceType="help/components/article-3/image"
                                           jcr:title=""
                                           alt=""
                                           captionBottom=""
                                           fileName="tab_share_5.png"
                                           originalFileName="images/en/tab_share_5.png"
                                           fileReference="/content/dam/help/en/campaign/standard/tab_share_5.png"
                                           imageRotate="0"
                                           originalHeight=""
                                           originalWidth=""
                                           scaleOption="toTemplate"
                                           status="legacy"/>
							                       </step_par>
                           </step_46_0>
							                    <step_47_0 jcr:primaryType="nt:unstructured" sling:resourceType="help/components/step">
                              <step_par jcr:primaryType="nt:unstructured"
                                        sling:resourceType="help/components/procedure/step_parsys">
								                         <text_84 jcr:primaryType="nt:unstructured"
                                          sling:resourceType="help/components/article-3/text"
                                          text="&lt;p&gt;Select your starting and ending date to configure your email validity in the &lt;strong&gt;Starting on&lt;/strong&gt; and &lt;strong&gt;Ending on&lt;/strong&gt; fields.&lt;/p&gt;&#xA;"
                                          textIsRich="true"/>
							                       </step_par>
                           </step_47_0>
							                    <step_48_0 jcr:primaryType="nt:unstructured" sling:resourceType="help/components/step">
                              <step_par jcr:primaryType="nt:unstructured"
                                        sling:resourceType="help/components/procedure/step_parsys">
								                         <text_85 jcr:primaryType="nt:unstructured"
                                          sling:resourceType="help/components/article-3/text"
                                          text="&lt;p&gt;Choose at which frequency your email will be sent.&lt;/p&gt;&#xA;"
                                          textIsRich="true"/>
								                         <image_15 jcr:primaryType="nt:unstructured"
                                           sling:resourceType="help/components/article-3/image"
                                           jcr:title=""
                                           alt=""
                                           captionBottom=""
                                           fileName="tab_share_2.png"
                                           originalFileName="images/en/tab_share_2.png"
                                           fileReference="/content/dam/help/en/campaign/standard/tab_share_2.png"
                                           imageRotate="0"
                                           originalHeight=""
                                           originalWidth=""
                                           scaleOption="toTemplate"
                                           status="legacy"/>
							                       </step_par>
                           </step_48_0>
							                    <step_49_0 jcr:primaryType="nt:unstructured" sling:resourceType="help/components/step">
                              <step_par jcr:primaryType="nt:unstructured"
                                        sling:resourceType="help/components/procedure/step_parsys">
								                         <text_86 jcr:primaryType="nt:unstructured"
                                          sling:resourceType="help/components/article-3/text"
                                          text="&lt;p&gt;Click &lt;strong&gt;Send on schedule&lt;/strong&gt;, your recipients will receive your recurring email depending on the chosen frequency.&lt;/p&gt;&#xA;"
                                          textIsRich="true"/>
							                       </step_par>
                           </step_49_0>
						                  </proc_par>
                     </procedure_1_10>
					             </step_par>
               </step_45_13>
					          <step_51_13 jcr:primaryType="nt:unstructured" sling:resourceType="help/components/step">
                  <step_par jcr:primaryType="nt:unstructured"
                            sling:resourceType="help/components/procedure/step_parsys">
						               <text_87 jcr:primaryType="nt:unstructured"
                              sling:resourceType="help/components/article-3/text"
                              text="&lt;p&gt;&lt;strong&gt;Scheduled reports&lt;/strong&gt;: Find and configure all your scheduled report.&lt;/p&gt;&#xA;"
                              textIsRich="true"/>
						               <procedure_2_10 jcr:primaryType="nt:unstructured"
                                     sling:resourceType="help/components/procedure">
                        <proc_par jcr:primaryType="nt:unstructured"
                                  sling:resourceType="help/components/procedure/proc_parsys">
							                    <step_51_0 jcr:primaryType="nt:unstructured" sling:resourceType="help/components/step">
                              <step_par jcr:primaryType="nt:unstructured"
                                        sling:resourceType="help/components/procedure/step_parsys">
								                         <text_88 jcr:primaryType="nt:unstructured"
                                          sling:resourceType="help/components/article-3/text"
                                          text="&lt;p&gt;In the &lt;strong&gt;Scheduled reports&lt;/strong&gt; window, find all your recurring sent reports. &lt;/p&gt;&#xA;"
                                          textIsRich="true"/>
								                         <image_16 jcr:primaryType="nt:unstructured"
                                           sling:resourceType="help/components/article-3/image"
                                           jcr:title=""
                                           alt=""
                                           captionBottom=""
                                           fileName="tab_share_3.png"
                                           originalFileName="images/en/tab_share_3.png"
                                           fileReference="/content/dam/help/en/campaign/standard/tab_share_3.png"
                                           imageRotate="0"
                                           originalHeight=""
                                           originalWidth=""
                                           scaleOption="toTemplate"
                                           status="legacy"/>
							                       </step_par>
                           </step_51_0>
							                    <step_52_0 jcr:primaryType="nt:unstructured" sling:resourceType="help/components/step">
                              <step_par jcr:primaryType="nt:unstructured"
                                        sling:resourceType="help/components/procedure/step_parsys">
								                         <text_89 jcr:primaryType="nt:unstructured"
                                          sling:resourceType="help/components/article-3/text"
                                          text="&lt;p&gt;If you need to delete one of your scheduled report, select the scheduled report you want to delete then click &lt;strong&gt;Delete the section&lt;/strong&gt;. &lt;/p&gt;&#xA;"
                                          textIsRich="true"/>
							                       </step_par>
                           </step_52_0>
							                    <step_53_0 jcr:primaryType="nt:unstructured" sling:resourceType="help/components/step">
                              <step_par jcr:primaryType="nt:unstructured"
                                        sling:resourceType="help/components/procedure/step_parsys">
								                         <text_90 jcr:primaryType="nt:unstructured"
                                          sling:resourceType="help/components/article-3/text"
                                          text="&lt;p&gt;To configure or check your scheduled reports, click directly on the report you need to change.&lt;/p&gt;&#xA;"
                                          textIsRich="true"/>
							                       </step_par>
                           </step_53_0>
							                    <step_54_0 jcr:primaryType="nt:unstructured" sling:resourceType="help/components/step">
                              <step_par jcr:primaryType="nt:unstructured"
                                        sling:resourceType="help/components/procedure/step_parsys">
								                         <text_91 jcr:primaryType="nt:unstructured"
                                          sling:resourceType="help/components/article-3/text"
                                          text="&lt;p&gt;The &lt;strong&gt;Edit scheduled report&lt;/strong&gt; window appears, you can now change the recipients or frequency of your email if needed.&lt;/p&gt;&#xA;"
                                          textIsRich="true"/>
							                       </step_par>
                           </step_54_0>
						                  </proc_par>
                     </procedure_2_10>
					             </step_par>
               </step_51_13>
				        </proc_par>
         </procedure_13>
				     <text_92 jcr:primaryType="nt:unstructured"
                  sling:resourceType="help/components/article-3/text"
                  text="&lt;p&gt;The targeted users will then receive an email with your report attached directly in their inboxes. Users can always decide to stop receiving recurring emails using an unsubscription link available in each recurring email.&lt;/p&gt;&#xA;"
                  textIsRich="true"/>
			
		
	     </main-pars>
      <hero jcr:primaryType="nt:unstructured"
            sling:resourceType="foundation/components/image"/>
      <thumbnail jcr:primaryType="nt:unstructured"
                 sling:resourceType="foundation/components/image"/>
      <publisherLogo jcr:primaryType="nt:unstructured"
                     sling:resourceType="foundation/components/image"/>
   </jcr:content>
</jcr:root>