<?xml version="1.0" encoding="UTF-8"?>
<jcr:root xmlns:nt="http://www.jcp.org/jcr/nt/1.0" xmlns:json="http://json.org/"
          xmlns:sling="http://sling.apache.org/jcr/sling/1.0"
          xmlns:cq="http://www.day.com/jcr/cq/1.0"
          xmlns:jcr="http://www.jcp.org/jcr/1.0"
          xmlns:mix="http://www.jcp.org/jcr/mix/1.0"
          jcr:primaryType="cq:Page">
   <jcr:content navTitle="About templates" jcr:primaryType="cq:PageContent"
                sling:resourceType="help/components/pages/article-3"
                heroGradient="light"
                jcr:language="en_us"
                cq:designPath="/etc/designs/help"
                cq:template="/apps/help/templates/article-3"
                jcr:mixinTypes="[mix:versionable]"
                jcr:title="About templates"
                jcr:description="About templates"
                seoDescription="Adobe Campaign templates allow you to pre-configure parameters depending on your needs: templates may contain a full or partial configuration of the marketing activity, to simplify Adobe Campaign usage for non-technical end users."
                primaryProductTag="[products:SG_CAMPAIGN/STANDARD]"
                cq:tags="[products:SG_CAMPAIGN/STANDARD,audience:start,content_type:reference,topic_tags:managing-templates]"
                primaryAudienceTag="[audience:start]"
                contentOwner="sauviat"
                isReadyForLocalization="true"
                publishExternalDate="2019-01-09">
      <main-pars jcr:primaryType="nt:unstructured"
                 sling:resourceType="foundation/components/parsys">
    
      
    
         <header_38 jcr:primaryType="nt:unstructured" sling:resourceType="help/components/header"
                    id="marketing-activity-templates"
                    level="2"
                    text="&lt;p&gt;Marketing activity templates&lt;/p&gt;&#xA;"
                    textIsRich="'true'"/>
         <text_255 jcr:primaryType="nt:unstructured"
                   sling:resourceType="help/components/article-3/text"
                   text="&lt;p&gt;When you create a new marketing activity, the first screen in the wizard asks you to select a type, or template. Using this template allows you to pre-configure certain parameters according to your needs. The template may contain a full or partial configuration of the marketing activity. The template management is performed by the functional administrator.&lt;/p&gt;&#xA;"
                   textIsRich="true"/>
         <text_256 jcr:primaryType="nt:unstructured"
                   sling:resourceType="help/components/article-3/text"
                   text="&lt;p&gt;The end user has a simplified interface. When creating a new marketing activity, you just need to select the template you would like to use. There is no need to worry about any technical configurations. This has already been pre-configured by the functional administrator in the template.&lt;/p&gt;&#xA;"
                   textIsRich="true"/>
         <text_257 jcr:primaryType="nt:unstructured"
                   sling:resourceType="help/components/article-3/text"
                   text="&lt;p&gt;For example, in the case of an email template, you can pre-fill the HTML content, the audience, and any other parameter of your delivery: schedule, test profiles, your delivery's general properties, the advanced parameters, etc. This allows you to save time when creating a new activity.&lt;/p&gt;&#xA;"
                   textIsRich="true"/>
         <image_28 jcr:primaryType="nt:unstructured"
                   sling:resourceType="help/components/article-3/image"
                   jcr:title=""
                   alt=""
                   captionBottom=""
                   fileName="template_1.png"
                   originalFileName="images/en/template_1.png"
                   fileReference="/content/dam/help/en/campaign/standard/template_1.png"
                   imageRotate="0"
                   originalHeight=""
                   originalWidth=""
                   scaleOption="toTemplate"
                   status="legacy"/>
         <text_258 jcr:primaryType="nt:unstructured"
                   sling:resourceType="help/components/article-3/text"
                   text="&lt;p&gt;For each type of marketing activity, one or several out-of-the-box templates are available. They offer minimal configuration for each type of marketing activity. These out-of-the-box templates cannot be modified or deleted.&lt;/p&gt;&#xA;"
                   textIsRich="true"/>
         <text_259 jcr:primaryType="nt:unstructured"
                   sling:resourceType="help/components/article-3/text"
                   text="&lt;p&gt;Templates are available for the following marketing activities:&lt;/p&gt;&#xA;"
                   textIsRich="true"/>
         <procedure_23 jcr:primaryType="nt:unstructured"
                       sling:resourceType="help/components/procedure"
                       isBulleted="true">
            <proc_par jcr:primaryType="nt:unstructured"
                      sling:resourceType="help/components/procedure/proc_parsys">
               <step_123_23 jcr:primaryType="nt:unstructured" sling:resourceType="help/components/step">
                  <step_par jcr:primaryType="nt:unstructured"
                            sling:resourceType="help/components/procedure/step_parsys">
                     <text_260 jcr:primaryType="nt:unstructured"
                               sling:resourceType="help/components/article-3/text"
                               text="&lt;p&gt;Programs&lt;/p&gt;&#xA;"
                               textIsRich="true"/>
                  </step_par>
               </step_123_23>
               <step_124_23 jcr:primaryType="nt:unstructured" sling:resourceType="help/components/step">
                  <step_par jcr:primaryType="nt:unstructured"
                            sling:resourceType="help/components/procedure/step_parsys">
                     <text_261 jcr:primaryType="nt:unstructured"
                               sling:resourceType="help/components/article-3/text"
                               text="&lt;p&gt;Campaigns&lt;/p&gt;&#xA;"
                               textIsRich="true"/>
                  </step_par>
               </step_124_23>
               <step_125_23 jcr:primaryType="nt:unstructured" sling:resourceType="help/components/step">
                  <step_par jcr:primaryType="nt:unstructured"
                            sling:resourceType="help/components/procedure/step_parsys">
                     <text_262 jcr:primaryType="nt:unstructured"
                               sling:resourceType="help/components/article-3/text"
                               text="&lt;p&gt;Email deliveries&lt;/p&gt;&#xA;"
                               textIsRich="true"/>
                  </step_par>
               </step_125_23>
               <step_126_23 jcr:primaryType="nt:unstructured" sling:resourceType="help/components/step">
                  <step_par jcr:primaryType="nt:unstructured"
                            sling:resourceType="help/components/procedure/step_parsys">
                     <text_263 jcr:primaryType="nt:unstructured"
                               sling:resourceType="help/components/article-3/text"
                               text="&lt;p&gt;SMS deliveries&lt;/p&gt;&#xA;"
                               textIsRich="true"/>
                  </step_par>
               </step_126_23>
               <step_127_23 jcr:primaryType="nt:unstructured" sling:resourceType="help/components/step">
                  <step_par jcr:primaryType="nt:unstructured"
                            sling:resourceType="help/components/procedure/step_parsys">
                     <text_264 jcr:primaryType="nt:unstructured"
                               sling:resourceType="help/components/article-3/text"
                               text="&lt;p&gt;Push notifications&lt;/p&gt;&#xA;"
                               textIsRich="true"/>
                  </step_par>
               </step_127_23>
               <step_128_23 jcr:primaryType="nt:unstructured" sling:resourceType="help/components/step">
                  <step_par jcr:primaryType="nt:unstructured"
                            sling:resourceType="help/components/procedure/step_parsys">
                     <text_265 jcr:primaryType="nt:unstructured"
                               sling:resourceType="help/components/article-3/text"
                               text="&lt;p&gt;Landing pages&lt;/p&gt;&#xA;"
                               textIsRich="true"/>
                  </step_par>
               </step_128_23>
               <step_129_23 jcr:primaryType="nt:unstructured" sling:resourceType="help/components/step">
                  <step_par jcr:primaryType="nt:unstructured"
                            sling:resourceType="help/components/procedure/step_parsys">
                     <text_266 jcr:primaryType="nt:unstructured"
                               sling:resourceType="help/components/article-3/text"
                               text="&lt;p&gt;Workflows&lt;/p&gt;&#xA;"
                               textIsRich="true"/>
                  </step_par>
               </step_129_23>
               <step_130_23 jcr:primaryType="nt:unstructured" sling:resourceType="help/components/step">
                  <step_par jcr:primaryType="nt:unstructured"
                            sling:resourceType="help/components/procedure/step_parsys">
                     <text_267 jcr:primaryType="nt:unstructured"
                               sling:resourceType="help/components/article-3/text"
                               text="&lt;p&gt;Services&lt;/p&gt;&#xA;"
                               textIsRich="true"/>
                  </step_par>
               </step_130_23>
               <step_131_23 jcr:primaryType="nt:unstructured" sling:resourceType="help/components/step">
                  <step_par jcr:primaryType="nt:unstructured"
                            sling:resourceType="help/components/procedure/step_parsys">
                     <text_268 jcr:primaryType="nt:unstructured"
                               sling:resourceType="help/components/article-3/text"
                               text="&lt;p&gt;Import&lt;/p&gt;&#xA;"
                               textIsRich="true"/>
                  </step_par>
               </step_131_23>
               <step_132_23 jcr:primaryType="nt:unstructured" sling:resourceType="help/components/step">
                  <step_par jcr:primaryType="nt:unstructured"
                            sling:resourceType="help/components/procedure/step_parsys">
                     <text_269 jcr:primaryType="nt:unstructured"
                               sling:resourceType="help/components/article-3/text"
                               text="&lt;p&gt;Transactional messages&lt;/p&gt;&#xA;"
                               textIsRich="true"/>
                  </step_par>
               </step_132_23>
            </proc_par>
         </procedure_23>
         <text_270 jcr:primaryType="nt:unstructured"
                   sling:resourceType="help/components/article-3/text"
                   text="&lt;p&gt;These templates are managed from the &#xA;&lt;span class=&#34;uicontrol&#34;&gt;Resources&lt;/span&gt;&#xA; &gt; &#xA;&lt;span class=&#34;uicontrol&#34;&gt;Templates&lt;/span&gt;&#xA; screen.&lt;/p&gt;&#xA;"
                   textIsRich="true"/>
         <note_6 jcr:primaryType="nt:unstructured"
                 sling:resourceType="help/components/article-3/note"
                 text="&lt;p&gt;&#xA;        Brand configuration can be pre-configured in an email or landing page template. For more information, refer to the &#xA;&#x9;&#x9;&#x9;&#x9;&#x9;&#x9;&#x9;&#x9;&#x9;&#x9;&#x9;&#xA;&#x9;&#x9;&#x9;&#x9;&#x9;&#x9;&#x9;&lt;a href=&#34;/content/help/en/campaign/standard/administration/using/branding.html&#34;&gt;Branding&lt;/a&gt; section.&#xA;      &lt;/p&gt;&#xA;"
                 textIsRich="true"
                 type="note"/>
    
    
         <header_39 jcr:primaryType="nt:unstructured" sling:resourceType="help/components/header"
                    id="content-templates"
                    level="2"
                    text="&lt;p&gt;Content templates&lt;/p&gt;&#xA;"
                    textIsRich="'true'"/>
         <text_272 jcr:primaryType="nt:unstructured"
                   sling:resourceType="help/components/article-3/text"
                   text="&lt;p&gt;You can also manage HTML contents that will be offered in the email content editing screen.&lt;/p&gt;&#xA;"
                   textIsRich="true"/>
         <image_29 jcr:primaryType="nt:unstructured"
                   sling:resourceType="help/components/article-3/image"
                   jcr:title=""
                   alt=""
                   captionBottom=""
                   fileName="template_content.png"
                   originalFileName="images/en/template_content.png"
                   fileReference="/content/dam/help/en/campaign/standard/template_content.png"
                   imageRotate="0"
                   originalHeight=""
                   originalWidth=""
                   scaleOption="toTemplate"
                   status="legacy"/>
         <text_273 jcr:primaryType="nt:unstructured"
                   sling:resourceType="help/components/article-3/text"
                   text="&lt;p&gt;These templates include 18 mobile-optimized layouts corresponding to the most current usages such as customer welcome, newsletters and reengagement emails, among others. They can easily be customized with your brands’ content to ease the process of designing emails from scratch.&lt;/p&gt;&#xA;"
                   textIsRich="true"/>
         <text_274 jcr:primaryType="nt:unstructured"
                   sling:resourceType="help/components/article-3/text"
                   text="&lt;p&gt;These out-of-the-box HTML contents are managed from the &#xA;&lt;span class=&#34;uicontrol&#34;&gt;Resources&lt;/span&gt;&#xA; &gt; &#xA;&lt;span class=&#34;uicontrol&#34;&gt;Content templates&lt;/span&gt;&#xA; screen. They are read-only. To edit one of them, you must first duplicate it. You can also create new templates and define your own contents.&lt;/p&gt;&#xA;"
                   textIsRich="true"/>
         <text_275 jcr:primaryType="nt:unstructured"
                   sling:resourceType="help/components/article-3/text"
                   text="&lt;p&gt;For more information on editing content, refer to the &#xA;&#x9;&#x9;&#x9;&#x9;&#x9;&#x9;&#x9;&#x9;&#x9;&#x9;&#x9;&#xA;&#x9;&#x9;&#x9;&#x9;&#x9;&#x9;&#x9;&lt;a href=&#34;/content/help/en/campaign/standard/designing/using/about-email-content-design.html&#34;&gt;Design content&lt;/a&gt; section.&lt;/p&gt;&#xA;"
                   textIsRich="true"/>
    
      </main-pars>
      <hero jcr:primaryType="nt:unstructured"
            sling:resourceType="foundation/components/image"/>
      <thumbnail jcr:primaryType="nt:unstructured"
                 sling:resourceType="foundation/components/image"/>
      <publisherLogo jcr:primaryType="nt:unstructured"
                     sling:resourceType="foundation/components/image"/>
   </jcr:content>
</jcr:root>