<?xml version="1.0" encoding="UTF-8"?>
<jcr:root xmlns:nt="http://www.jcp.org/jcr/nt/1.0" xmlns:json="http://json.org/"
          xmlns:sling="http://sling.apache.org/jcr/sling/1.0"
          xmlns:cq="http://www.day.com/jcr/cq/1.0"
          xmlns:jcr="http://www.jcp.org/jcr/1.0"
          xmlns:mix="http://www.jcp.org/jcr/mix/1.0"
          jcr:primaryType="cq:Page">
   <jcr:content navTitle="About the interface" jcr:primaryType="cq:PageContent"
                sling:resourceType="help/components/pages/article-3"
                heroGradient="light"
                jcr:language="en_us"
                cq:designPath="/etc/designs/help"
                cq:template="/apps/help/templates/article-3"
                jcr:mixinTypes="[mix:versionable]"
                jcr:title="About the interface"
                jcr:description="About the interface"
                seoDescription="Campaign workspace is based on concepts which are common to all the Adobe Experience Cloud solutions.."
                primaryProductTag="[products:SG_CAMPAIGN/STANDARD]"
                cq:tags="[products:SG_CAMPAIGN/STANDARD,audience:start,content_type:reference,topic_tags:discovering-the-interface]"
                primaryAudienceTag="[audience:start]"
                contentOwner="sauviat"
                isReadyForLocalization="true"
                publishExternalDate="2019-01-09">
      <main-pars jcr:primaryType="nt:unstructured"
                 sling:resourceType="foundation/components/parsys">
        
        
            
        
        <text_59 jcr:primaryType="nt:unstructured"
                  sling:resourceType="help/components/article-3/text"
                  text="&lt;p&gt;Adobe Campaign's user interface is based on concepts which are common to all the Adobe Experience Cloud solutions.&lt;/p&gt;&#xA;"
                  textIsRich="true"/>
        <text_60 jcr:primaryType="nt:unstructured"
                  sling:resourceType="help/components/article-3/text"
                  text="&lt;p&gt;This interface is intended for web browsers. It is completely resizable and therefore automatically adapts to the media on which it is used: desktop computer or tablet. Every element is compatible with the use of a mouse or touchscreen.&lt;/p&gt;&#xA;"
                  textIsRich="true"/>
        <text_61 jcr:primaryType="nt:unstructured"
                  sling:resourceType="help/components/article-3/text"
                  text="&lt;p&gt;Campaign interface, capabilities and options you can access to may vary depending your contract and user permissions.&lt;/p&gt;&#xA;"
                  textIsRich="true"/>
        <text_62 jcr:primaryType="nt:unstructured"
                  sling:resourceType="help/components/article-3/text"
                  text="&lt;p&gt;In order to adapt to the different uses and new functionalities offered, the Adobe Campaign user interface and all of its elements are updated regularly. You may notice some differences between the version that you are using and the screens shown in this document.&lt;/p&gt;&#xA;"
                  textIsRich="true"/>
        <text_63 jcr:primaryType="nt:unstructured"
                  sling:resourceType="help/components/article-3/text"
                  text="&lt;p&gt;The navigation principles are common to all of these solutions.&lt;/p&gt;&#xA;"
                  textIsRich="true"/>
      </main-pars>
      <hero jcr:primaryType="nt:unstructured"
            sling:resourceType="foundation/components/image"/>
      <thumbnail jcr:primaryType="nt:unstructured"
                 sling:resourceType="foundation/components/image"/>
      <publisherLogo jcr:primaryType="nt:unstructured"
                     sling:resourceType="foundation/components/image"/>
   </jcr:content>
</jcr:root>