<?xml version="1.0" encoding="UTF-8"?>
<jcr:root xmlns:nt="http://www.jcp.org/jcr/nt/1.0" xmlns:json="http://json.org/"
          xmlns:sling="http://sling.apache.org/jcr/sling/1.0"
          xmlns:cq="http://www.day.com/jcr/cq/1.0"
          xmlns:jcr="http://www.jcp.org/jcr/1.0"
          xmlns:mix="http://www.jcp.org/jcr/mix/1.0"
          jcr:primaryType="cq:Page">
   <jcr:content navTitle="Customizing lists" jcr:primaryType="cq:PageContent"
                sling:resourceType="help/components/pages/article-3"
                heroGradient="light"
                jcr:language="en_us"
                cq:designPath="/etc/designs/help"
                cq:template="/apps/help/templates/article-3"
                jcr:mixinTypes="[mix:versionable]"
                jcr:title="Customizing lists"
                jcr:description="Customizing lists"
                seoDescription="Learn how to customize display and act on list screens in Adobe Campaign Standard:sorting, filtering, deleting or duplicating elements. Lists screens display elements of one or several given resources."
                primaryProductTag="[products:SG_CAMPAIGN/STANDARD]"
                cq:tags="[products:SG_CAMPAIGN/STANDARD,audience:start,content_type:reference,topic_tags:discovering-the-interface]"
                primaryAudienceTag="[audience:start]"
                contentOwner="sauviat"
                isReadyForLocalization="true"
                publishExternalDate="2019-01-09">
      <main-pars jcr:primaryType="nt:unstructured"
                 sling:resourceType="foundation/components/parsys">
        
        
        <text_136 jcr:primaryType="nt:unstructured"
                   sling:resourceType="help/components/article-3/text"
                   text="&lt;p&gt;&lt;strong&gt;List&lt;/strong&gt; screens allow you to display elements of one or several given resources. &lt;/p&gt;&#xA;"
                   textIsRich="true"/>
        <text_137 jcr:primaryType="nt:unstructured"
                   sling:resourceType="help/components/article-3/text"
                   text="&lt;p&gt;Adobe Campaign has two types of lists:&lt;/p&gt;&#xA;"
                   textIsRich="true"/>
        <procedure_13 jcr:primaryType="nt:unstructured"
                       sling:resourceType="help/components/procedure"
                       isBulleted="true">
            <proc_par jcr:primaryType="nt:unstructured"
                      sling:resourceType="help/components/procedure/proc_parsys">
               <step_63_13 jcr:primaryType="nt:unstructured" sling:resourceType="help/components/step">
                  <step_par jcr:primaryType="nt:unstructured"
                            sling:resourceType="help/components/procedure/step_parsys">
                     <text_138 jcr:primaryType="nt:unstructured"
                               sling:resourceType="help/components/article-3/text"
                               text="&lt;p&gt;A &#34;homogeneous&#34; list, which is when it contains a single type of resource. For example, the profile list only contains profiles.&lt;/p&gt;&#xA;"
                               textIsRich="true"/>
                  </step_par>
               </step_63_13>
               <step_64_13 jcr:primaryType="nt:unstructured" sling:resourceType="help/components/step">
                  <step_par jcr:primaryType="nt:unstructured"
                            sling:resourceType="help/components/procedure/step_parsys">
                     <text_139 jcr:primaryType="nt:unstructured"
                               sling:resourceType="help/components/article-3/text"
                               text="&lt;p&gt;A &#34;heterogeneous&#34; list, which is when it contains several types of resources. For example, the list of marketing activities contains landing pages, workflows, emails, SMS, etc.&lt;/p&gt;&#xA;"
                               textIsRich="true"/>
                  </step_par>
               </step_64_13>
            </proc_par>
         </procedure_13>
        <text_140 jcr:primaryType="nt:unstructured"
                   sling:resourceType="help/components/article-3/text"
                   text="&lt;p&gt;The lists are displayed in columns. Each column can be sorted in ascending or descending order one at a time.&lt;/p&gt;&#xA;"
                   textIsRich="true"/>
        <text_141 jcr:primaryType="nt:unstructured"
                   sling:resourceType="help/components/article-3/text"
                   text="&lt;p&gt;The elements in a list have a checkbox that allows you to select them. By selecting one or several elements, you can carry out several actions, such as editing, duplicating and deleting these elements.&lt;/p&gt;&#xA;"
                   textIsRich="true"/>
        <text_142 jcr:primaryType="nt:unstructured"
                   sling:resourceType="help/components/article-3/text"
                   text="&lt;p&gt;When hovering over an element in the list, &lt;strong&gt;quick actions&lt;/strong&gt;. These actions allow the user to take various actions on the element that is hovered over, such as edit, select, delete, or show details. &lt;/p&gt;&#xA;"
                   textIsRich="true"/>
        <image_14 jcr:primaryType="nt:unstructured"
                   sling:resourceType="help/components/article-3/image"
                   jcr:title=""
                   alt=""
                   captionBottom=""
                   fileName="overview_list_quickactions.png"
                   originalFileName="images/en/overview_list_quickactions.png"
                   fileReference="/content/dam/help/en/campaign/standard/overview_list_quickactions.png"
                   imageRotate="0"
                   originalHeight=""
                   originalWidth=""
                   scaleOption="toTemplate"
                   status="legacy"/>
        <text_143 jcr:primaryType="nt:unstructured"
                   sling:resourceType="help/components/article-3/text"
                   text="&lt;p&gt;You can also configure whether columns in a list are to be displayed or not. To add or remove columns:&lt;/p&gt;&#xA;"
                   textIsRich="true"/>
        <procedure_0_10 jcr:primaryType="nt:unstructured"
                         sling:resourceType="help/components/procedure">
            <proc_par jcr:primaryType="nt:unstructured"
                      sling:resourceType="help/components/procedure/proc_parsys">
               <step_65_0 jcr:primaryType="nt:unstructured" sling:resourceType="help/components/step">
                  <step_par jcr:primaryType="nt:unstructured"
                            sling:resourceType="help/components/procedure/step_parsys">
                     <text_144 jcr:primaryType="nt:unstructured"
                               sling:resourceType="help/components/article-3/text"
                               text="&lt;p&gt;Make sure that the screen is in &lt;strong&gt;List&lt;/strong&gt; mode.&lt;/p&gt;&#xA;"
                               textIsRich="true"/>
                     <image_15 jcr:primaryType="nt:unstructured"
                               sling:resourceType="help/components/article-3/image"
                               jcr:title=""
                               alt=""
                               captionBottom=""
                               fileName="export_list_mode_switch.png"
                               originalFileName="images/en/export_list_mode_switch.png"
                               fileReference="/content/dam/help/en/campaign/standard/export_list_mode_switch.png"
                               imageRotate="0"
                               originalHeight=""
                               originalWidth=""
                               scaleOption="toTemplate"
                               status="legacy"/>
                  </step_par>
               </step_65_0>
               <step_66_0 jcr:primaryType="nt:unstructured" sling:resourceType="help/components/step">
                  <step_par jcr:primaryType="nt:unstructured"
                            sling:resourceType="help/components/procedure/step_parsys">
                     <text_145 jcr:primaryType="nt:unstructured"
                               sling:resourceType="help/components/article-3/text"
                               text="&lt;p&gt;Go to the list configuration window by selecting the &#xA;&#x9;&lt;img height=&#34;21px&#34; src=&#34;/content/dam/help/en/campaign/standard/ColumnSettings.png&#34; /&gt;&#xA;&#x9;&#xA; button in the action bar.&lt;/p&gt;&#xA;"
                               textIsRich="true"/>
                     <image_16 jcr:primaryType="nt:unstructured"
                               sling:resourceType="help/components/article-3/image"
                               jcr:title=""
                               alt=""
                               captionBottom=""
                               fileName="list_configuration1.png"
                               originalFileName="images/en/list_configuration1.png"
                               fileReference="/content/dam/help/en/campaign/standard/list_configuration1.png"
                               imageRotate="0"
                               originalHeight=""
                               originalWidth=""
                               scaleOption="toTemplate"
                               status="legacy"/>
                  </step_par>
               </step_66_0>
               <step_67_0 jcr:primaryType="nt:unstructured" sling:resourceType="help/components/step">
                  <step_par jcr:primaryType="nt:unstructured"
                            sling:resourceType="help/components/procedure/step_parsys">
                     <text_146 jcr:primaryType="nt:unstructured"
                               sling:resourceType="help/components/article-3/text"
                               text="&lt;p&gt;Add the columns that you want to include in your list. To do this, select a column from the left-hand side of the window, then use the &#xA;&#x9;&lt;img height=&#34;21px&#34; src=&#34;/content/dam/help/en/campaign/standard/arrowRight.png&#34; /&gt;&#xA;&#x9;&#xA; button from the action bar to add a column.&lt;/p&gt;&#xA;"
                               textIsRich="true"/>
                     <text_147 jcr:primaryType="nt:unstructured"
                               sling:resourceType="help/components/article-3/text"
                               text="&lt;p&gt;The selectable columns correspond to the list resource.&lt;/p&gt;&#xA;"
                               textIsRich="true"/>
                     <text_148 jcr:primaryType="nt:unstructured"
                               sling:resourceType="help/components/article-3/text"
                               text="&lt;p&gt;For each column added, specify whether you want to apply sorting by default:&lt;/p&gt;&#xA;"
                               textIsRich="true"/>
                     <procedure_14 jcr:primaryType="nt:unstructured"
                                   sling:resourceType="help/components/procedure"
                                   isBulleted="true">
                        <proc_par jcr:primaryType="nt:unstructured"
                                  sling:resourceType="help/components/procedure/proc_parsys">
                           <step_67_14 jcr:primaryType="nt:unstructured" sling:resourceType="help/components/step">
                              <step_par jcr:primaryType="nt:unstructured"
                                        sling:resourceType="help/components/procedure/step_parsys">
                                 <text_149 jcr:primaryType="nt:unstructured"
                                           sling:resourceType="help/components/article-3/text"
                                           text="&lt;p&gt;&#xA;&lt;span class=&#34;uicontrol&#34;&gt;NO&lt;/span&gt;&#xA;: No sort on the column&lt;/p&gt;&#xA;"
                                           textIsRich="true"/>
                              </step_par>
                           </step_67_14>
                           <step_68_14 jcr:primaryType="nt:unstructured" sling:resourceType="help/components/step">
                              <step_par jcr:primaryType="nt:unstructured"
                                        sling:resourceType="help/components/procedure/step_parsys">
                                 <text_150 jcr:primaryType="nt:unstructured"
                                           sling:resourceType="help/components/article-3/text"
                                           text="&lt;p&gt;&#xA;&lt;span class=&#34;uicontrol&#34;&gt;ASC&lt;/span&gt;&#xA;: Applies an ascending (rising) sort on the column&lt;/p&gt;&#xA;"
                                           textIsRich="true"/>
                              </step_par>
                           </step_68_14>
                           <step_69_14 jcr:primaryType="nt:unstructured" sling:resourceType="help/components/step">
                              <step_par jcr:primaryType="nt:unstructured"
                                        sling:resourceType="help/components/procedure/step_parsys">
                                 <text_151 jcr:primaryType="nt:unstructured"
                                           sling:resourceType="help/components/article-3/text"
                                           text="&lt;p&gt;&#xA;&lt;span class=&#34;uicontrol&#34;&gt;DESC&lt;/span&gt;&#xA;: Applies a descending (declining) sort on the column.&lt;/p&gt;&#xA;"
                                           textIsRich="true"/>
                              </step_par>
                           </step_69_14>
                        </proc_par>
                     </procedure_14>
                  </step_par>
               </step_67_0>
               <step_71_0 jcr:primaryType="nt:unstructured" sling:resourceType="help/components/step">
                  <step_par jcr:primaryType="nt:unstructured"
                            sling:resourceType="help/components/procedure/step_parsys">
                     <text_152 jcr:primaryType="nt:unstructured"
                               sling:resourceType="help/components/article-3/text"
                               text="&lt;p&gt;Delete the columns that you do not want to be displayed by checking the boxes corresponding to the columns to delete. Then, use the &#xA;&#x9;&lt;img height=&#34;21px&#34; src=&#34;/content/dam/help/en/campaign/standard/delete.png&#34; /&gt;&#xA;&#x9;&#xA; button from the action bar to confirm deleting them.&lt;/p&gt;&#xA;"
                               textIsRich="true"/>
                  </step_par>
               </step_71_0>
               <step_72_0 jcr:primaryType="nt:unstructured" sling:resourceType="help/components/step">
                  <step_par jcr:primaryType="nt:unstructured"
                            sling:resourceType="help/components/procedure/step_parsys">
                     <text_153 jcr:primaryType="nt:unstructured"
                               sling:resourceType="help/components/article-3/text"
                               text="&lt;p&gt;Once your list contains the correct columns, you can change the order in which they are displayed in the list by checking the columns that you want to move. Then, use the &#xA;&#x9;&lt;img height=&#34;21px&#34; src=&#34;/content/dam/help/en/campaign/standard/arrowDown.png&#34; /&gt;&#xA;&#x9;&#xA; and &#xA;&#x9;&lt;img height=&#34;21px&#34; src=&#34;/content/dam/help/en/campaign/standard/arrowUp.png&#34; /&gt;&#xA;&#x9;&#xA; arrows.&lt;/p&gt;&#xA;"
                               textIsRich="true"/>
                  </step_par>
               </step_72_0>
               <step_73_0 jcr:primaryType="nt:unstructured" sling:resourceType="help/components/step">
                  <step_par jcr:primaryType="nt:unstructured"
                            sling:resourceType="help/components/procedure/step_parsys">
                     <text_154 jcr:primaryType="nt:unstructured"
                               sling:resourceType="help/components/article-3/text"
                               text="&lt;p&gt;Confirm your list configuration by selecting &#xA;&lt;span class=&#34;uicontrol&#34;&gt;OK&lt;/span&gt;&#xA;.&lt;/p&gt;&#xA;"
                               textIsRich="true"/>
                  </step_par>
               </step_73_0>
            </proc_par>
         </procedure_0_10>
        <text_155 jcr:primaryType="nt:unstructured"
                   sling:resourceType="help/components/article-3/text"
                   text="&lt;p&gt;Your list is now displayed as you have configured it.&lt;/p&gt;&#xA;"
                   textIsRich="true"/>
      </main-pars>
      <hero jcr:primaryType="nt:unstructured"
            sling:resourceType="foundation/components/image"/>
      <thumbnail jcr:primaryType="nt:unstructured"
                 sling:resourceType="foundation/components/image"/>
      <publisherLogo jcr:primaryType="nt:unstructured"
                     sling:resourceType="foundation/components/image"/>
   </jcr:content>
</jcr:root>