<?xml version="1.0" encoding="UTF-8"?>
<jcr:root xmlns:nt="http://www.jcp.org/jcr/nt/1.0" xmlns:json="http://json.org/"
          xmlns:sling="http://sling.apache.org/jcr/sling/1.0"
          xmlns:cq="http://www.day.com/jcr/cq/1.0"
          xmlns:jcr="http://www.jcp.org/jcr/1.0"
          xmlns:mix="http://www.jcp.org/jcr/mix/1.0"
          jcr:primaryType="cq:Page">
   <jcr:content navTitle="Interface description" jcr:primaryType="cq:PageContent"
                sling:resourceType="help/components/pages/article-3"
                heroGradient="light"
                jcr:language="en_us"
                cq:designPath="/etc/designs/help"
                cq:template="/apps/help/templates/article-3"
                jcr:mixinTypes="[mix:versionable]"
                jcr:title="Interface description"
                jcr:description="Interface description"
                seoDescription="Learn how to navigate and use the Adobe Campaign workspace: home page, top bar, advanced menus and action bars."
                primaryProductTag="[products:SG_CAMPAIGN/STANDARD]"
                cq:tags="[products:SG_CAMPAIGN/STANDARD,audience:start,content_type:reference,topic_tags:discovering-the-interface]"
                primaryAudienceTag="[audience:start]"
                contentOwner="sauviat"
                isReadyForLocalization="true"
                publishExternalDate="2019-01-09">
      <main-pars jcr:primaryType="nt:unstructured"
                 sling:resourceType="foundation/components/parsys">
        
            
        <text_65 jcr:primaryType="nt:unstructured"
                  sling:resourceType="help/components/article-3/text"
                  text="&lt;p&gt;Adobe Campaign, lets you navigate through different menus and screen to manage your campaigns.&lt;/p&gt;&#xA;"
                  textIsRich="true"/>
        <text_66 jcr:primaryType="nt:unstructured"
                  sling:resourceType="help/components/article-3/text"
                  text="&lt;p&gt;All Adobe Campaign screens are made up of the following elements:&lt;/p&gt;&#xA;"
                  textIsRich="true"/>
        <procedure_3 jcr:primaryType="nt:unstructured"
                      sling:resourceType="help/components/procedure"
                      isBulleted="true">
            <proc_par jcr:primaryType="nt:unstructured"
                      sling:resourceType="help/components/procedure/proc_parsys">
               <step_18_3 jcr:primaryType="nt:unstructured" sling:resourceType="help/components/step">
                  <step_par jcr:primaryType="nt:unstructured"
                            sling:resourceType="help/components/procedure/step_parsys">
                     <text_67 jcr:primaryType="nt:unstructured"
                              sling:resourceType="help/components/article-3/text"
                              text="&lt;p&gt;A top bar for navigation&lt;/p&gt;&#xA;"
                              textIsRich="true"/>
                  </step_par>
               </step_18_3>
               <step_19_3 jcr:primaryType="nt:unstructured" sling:resourceType="help/components/step">
                  <step_par jcr:primaryType="nt:unstructured"
                            sling:resourceType="help/components/procedure/step_parsys">
                     <text_68 jcr:primaryType="nt:unstructured"
                              sling:resourceType="help/components/article-3/text"
                              text="&lt;p&gt;An advanced menu to access specific functionalities and configurations&lt;/p&gt;&#xA;"
                              textIsRich="true"/>
                  </step_par>
               </step_19_3>
               <step_20_3 jcr:primaryType="nt:unstructured" sling:resourceType="help/components/step">
                  <step_par jcr:primaryType="nt:unstructured"
                            sling:resourceType="help/components/procedure/step_parsys">
                     <text_69 jcr:primaryType="nt:unstructured"
                              sling:resourceType="help/components/article-3/text"
                              text="&lt;p&gt;A main zone to work on certain elements&lt;/p&gt;&#xA;"
                              textIsRich="true"/>
                  </step_par>
               </step_20_3>
               <step_21_3 jcr:primaryType="nt:unstructured" sling:resourceType="help/components/step">
                  <step_par jcr:primaryType="nt:unstructured"
                            sling:resourceType="help/components/procedure/step_parsys">
                     <text_70 jcr:primaryType="nt:unstructured"
                              sling:resourceType="help/components/article-3/text"
                              text="&lt;p&gt;A lateral panel, according to the context, to filter or search within the elements displayed.&lt;/p&gt;&#xA;"
                              textIsRich="true"/>
                  </step_par>
               </step_21_3>
            </proc_par>
         </procedure_3>
        <image_4 jcr:primaryType="nt:unstructured"
                  sling:resourceType="help/components/article-3/image"
                  jcr:title=""
                  alt=""
                  captionBottom=""
                  fileName="UX_interface_01.png"
                  originalFileName="images/en/UX_interface_01.png"
                  fileReference="/content/dam/help/en/campaign/standard/UX_interface_01.png"
                  imageRotate="0"
                  originalHeight=""
                  originalWidth=""
                  scaleOption="toTemplate"
                  status="legacy"/>
        
            
            <header_14 jcr:primaryType="nt:unstructured" sling:resourceType="help/components/header"
                    id="home-page"
                    level="2"
                    text="&lt;p&gt;Home page&lt;/p&gt;&#xA;"
                    textIsRich="'true'"/>
            <text_71 jcr:primaryType="nt:unstructured"
                  sling:resourceType="help/components/article-3/text"
                  text="&lt;p&gt;The home page is made up of multiple cards that give you quick access to the main Adobe Campaign functionalities.&lt;/p&gt;&#xA;"
                  textIsRich="true"/>
            <image_5 jcr:primaryType="nt:unstructured"
                  sling:resourceType="help/components/article-3/image"
                  jcr:title=""
                  alt=""
                  captionBottom=""
                  fileName="overview_home_page.png"
                  originalFileName="images/en/overview_home_page.png"
                  fileReference="/content/dam/help/en/campaign/standard/overview_home_page.png"
                  imageRotate="0"
                  originalHeight=""
                  originalWidth=""
                  scaleOption="toTemplate"
                  status="legacy"/>
            <procedure_4 jcr:primaryType="nt:unstructured"
                      sling:resourceType="help/components/procedure"
                      isBulleted="true">
            <proc_par jcr:primaryType="nt:unstructured"
                      sling:resourceType="help/components/procedure/proc_parsys">
                <step_22_4 jcr:primaryType="nt:unstructured" sling:resourceType="help/components/step">
                  <step_par jcr:primaryType="nt:unstructured"
                            sling:resourceType="help/components/procedure/step_parsys">
                    <text_72 jcr:primaryType="nt:unstructured"
                              sling:resourceType="help/components/article-3/text"
                              text="&lt;p&gt;The &#xA;&lt;span class=&#34;uicontrol&#34;&gt;Create an email&lt;/span&gt;&#xA; card takes you to the email creation assistant. This assistant lets you choose an email type, select your message recipients and define your content. Refer to the &#xA;&#x9;&#x9;&#x9;&#x9;&#x9;&#x9;&#x9;&#x9;&#x9;&#x9;&#x9;&#xA;&#x9;&#x9;&#x9;&#x9;&#x9;&#x9;&#x9;&lt;a href=&#34;/content/help/en/campaign/standard/channels/using/creating-an-email.html&#34;&gt;Creating an email&lt;/a&gt; section.&lt;/p&gt;&#xA;"
                              textIsRich="true"/>
                  </step_par>
               </step_22_4>
                <step_23_4 jcr:primaryType="nt:unstructured" sling:resourceType="help/components/step">
                  <step_par jcr:primaryType="nt:unstructured"
                            sling:resourceType="help/components/procedure/step_parsys">
                    <text_73 jcr:primaryType="nt:unstructured"
                              sling:resourceType="help/components/article-3/text"
                              text="&lt;p&gt;The &#xA;&lt;span class=&#34;uicontrol&#34;&gt;Create an SMS&lt;/span&gt;&#xA; card takes you to the SMS creation assistant. This assistant lets you choose an SMS type, select your message recipients and define your content. Refer to the &#xA;&#x9;&#x9;&#x9;&#x9;&#x9;&#x9;&#x9;&#x9;&#x9;&#x9;&#x9;&#xA;&#x9;&#x9;&#x9;&#x9;&#x9;&#x9;&#x9;&lt;a href=&#34;/content/help/en/campaign/standard/channels/using/creating-an-sms-message.html&#34;&gt;Creating an SMS&lt;/a&gt; section.&lt;/p&gt;&#xA;"
                              textIsRich="true"/>
                  </step_par>
               </step_23_4>
                <step_24_4 jcr:primaryType="nt:unstructured" sling:resourceType="help/components/step">
                  <step_par jcr:primaryType="nt:unstructured"
                            sling:resourceType="help/components/procedure/step_parsys">
                    <text_74 jcr:primaryType="nt:unstructured"
                              sling:resourceType="help/components/article-3/text"
                              text="&lt;p&gt;The &#xA;&lt;span class=&#34;uicontrol&#34;&gt;Create a Direct mail&lt;/span&gt;&#xA; card takes you to the direct mail creation assistant. Refer to the &#xA;&#x9;&#x9;&#x9;&#x9;&#x9;&#x9;&#x9;&#x9;&#x9;&#x9;&#x9;&#xA;&#x9;&#x9;&#x9;&#x9;&#x9;&#x9;&#x9;&lt;a href=&#34;/content/help/en/campaign/standard/channels/using/creating-the-direct-mail.html&#34;&gt;Creating a direct mail&lt;/a&gt; section.&lt;/p&gt;&#xA;"
                              textIsRich="true"/>
                  </step_par>
               </step_24_4>
                <step_25_4 jcr:primaryType="nt:unstructured" sling:resourceType="help/components/step">
                  <step_par jcr:primaryType="nt:unstructured"
                            sling:resourceType="help/components/procedure/step_parsys">
                    <text_75 jcr:primaryType="nt:unstructured"
                              sling:resourceType="help/components/article-3/text"
                              text="&lt;p&gt;The &#xA;&lt;span class=&#34;uicontrol&#34;&gt;Create a push notification&lt;/span&gt;&#xA; card takes you to the notification creation assistant. This assistant lets you choose a push notification type, select your message recipients and define your content. Refer to the &#xA;&#x9;&#x9;&#x9;&#x9;&#x9;&#x9;&#x9;&#x9;&#x9;&#x9;&#x9;&#xA;&#x9;&#x9;&#x9;&#x9;&#x9;&#x9;&#x9;&lt;a href=&#34;/content/help/en/campaign/standard/channels/using/preparing-and-sending-a-push-notification.html&#34;&gt;Creating a push notification&lt;/a&gt; section.&lt;/p&gt;&#xA;"
                              textIsRich="true"/>
                  </step_par>
               </step_25_4>
                <step_26_4 jcr:primaryType="nt:unstructured" sling:resourceType="help/components/step">
                  <step_par jcr:primaryType="nt:unstructured"
                            sling:resourceType="help/components/procedure/step_parsys">
                    <text_76 jcr:primaryType="nt:unstructured"
                              sling:resourceType="help/components/article-3/text"
                              text="&lt;p&gt;The &#xA;&lt;span class=&#34;uicontrol&#34;&gt;Marketing activities&lt;/span&gt;&#xA; card takes you to the complete list of all the activities, programs, and campaigns, particularly emails, SMS, workflows, and landing pages. From here you can then filter the elements by searching by name, date, status or activity type. For more on this, refer to the &#xA;&#x9;&#x9;&#x9;&#x9;&#x9;&#x9;&#x9;&#x9;&#x9;&#x9;&#x9;&#xA;&#x9;&#x9;&#x9;&#x9;&#x9;&#x9;&#x9;&lt;a href=&#34;/content/help/en/campaign/standard/start/using/marketing-activities.html#about-marketing-activities&#34;&gt;Marketing activity list&lt;/a&gt; section.&lt;/p&gt;&#xA;"
                              textIsRich="true"/>
                  </step_par>
               </step_26_4>
                <step_27_4 jcr:primaryType="nt:unstructured" sling:resourceType="help/components/step">
                  <step_par jcr:primaryType="nt:unstructured"
                            sling:resourceType="help/components/procedure/step_parsys">
                    <text_77 jcr:primaryType="nt:unstructured"
                              sling:resourceType="help/components/article-3/text"
                              text="&lt;p&gt;The &#xA;&lt;span class=&#34;uicontrol&#34;&gt;Programs &amp; campaigns&lt;/span&gt;&#xA; card takes you to the list of programs in which you can display, create, and manage your campaigns. Refer to &#xA;&#x9;&#x9;&#x9;&#x9;&#x9;&#x9;&#x9;&#x9;&#x9;&#x9;&#x9;&#xA;&#x9;&#x9;&#x9;&#x9;&#x9;&#x9;&#x9;&lt;a href=&#34;/content/help/en/campaign/standard/start/using/programs-and-campaigns.html#about-plans--programs-and-campaigns&#34;&gt;Program list&lt;/a&gt;.&lt;/p&gt;&#xA;"
                              textIsRich="true"/>
                  </step_par>
               </step_27_4>
                <step_28_4 jcr:primaryType="nt:unstructured" sling:resourceType="help/components/step">
                  <step_par jcr:primaryType="nt:unstructured"
                            sling:resourceType="help/components/procedure/step_parsys">
                    <text_78 jcr:primaryType="nt:unstructured"
                              sling:resourceType="help/components/article-3/text"
                              text="&lt;p&gt;The &#xA;&lt;span class=&#34;uicontrol&#34;&gt;Timeline&lt;/span&gt;&#xA; card takes you directly to an interactive timeline of your marketing activities, in which you can consult the ongoing programs and their content. Refer to &#xA;&#x9;&#x9;&#x9;&#x9;&#x9;&#x9;&#x9;&#x9;&#x9;&#x9;&#x9;&#xA;&#x9;&#x9;&#x9;&#x9;&#x9;&#x9;&#x9;&lt;a href=&#34;/content/help/en/campaign/standard/start/using/timeline.html&#34;&gt;Timeline&lt;/a&gt;.&lt;/p&gt;&#xA;"
                              textIsRich="true"/>
                  </step_par>
               </step_28_4>
                <step_29_4 jcr:primaryType="nt:unstructured" sling:resourceType="help/components/step">
                  <step_par jcr:primaryType="nt:unstructured"
                            sling:resourceType="help/components/procedure/step_parsys">
                    <text_79 jcr:primaryType="nt:unstructured"
                              sling:resourceType="help/components/article-3/text"
                              text="&lt;p&gt;The &#xA;&lt;span class=&#34;uicontrol&#34;&gt;Customer profiles&lt;/span&gt;&#xA; card takes you directly to the list of profiles. From here you can consult the events concerning each of the profiles in your list. Refer to &#xA;&#x9;&#x9;&#x9;&#x9;&#x9;&#x9;&#x9;&#x9;&#x9;&#x9;&#x9;&#xA;&#x9;&#x9;&#x9;&#x9;&#x9;&#x9;&#x9;&lt;a href=&#34;/content/help/en/campaign/standard/audiences/using/about-profiles.html&#34;&gt;Managing profiles&lt;/a&gt;.&lt;/p&gt;&#xA;"
                              textIsRich="true"/>
                  </step_par>
               </step_29_4>
                <step_30_4 jcr:primaryType="nt:unstructured" sling:resourceType="help/components/step">
                  <step_par jcr:primaryType="nt:unstructured"
                            sling:resourceType="help/components/procedure/step_parsys">
                    <text_80 jcr:primaryType="nt:unstructured"
                              sling:resourceType="help/components/article-3/text"
                              text="&lt;p&gt;The &#xA;&lt;span class=&#34;uicontrol&#34;&gt;Audiences&lt;/span&gt;&#xA; card takes you directly to the list of audiences. From here you can create new sets of individuals. Refer to &#xA;&#x9;&#x9;&#x9;&#x9;&#x9;&#x9;&#x9;&#x9;&#x9;&#x9;&#x9;&#xA;&#x9;&#x9;&#x9;&#x9;&#x9;&#x9;&#x9;&lt;a href=&#34;/content/help/en/campaign/standard/audiences/using/about-audiences.html&#34;&gt;Managing audiences&lt;/a&gt;.&lt;/p&gt;&#xA;"
                              textIsRich="true"/>
                  </step_par>
               </step_30_4>
            </proc_par>
         </procedure_4>
        
          
            <header_15 jcr:primaryType="nt:unstructured" sling:resourceType="help/components/header"
                    id="top-bar"
                    level="2"
                    text="&lt;p&gt;Top bar&lt;/p&gt;&#xA;"
                    textIsRich="'true'"/>
            <text_81 jcr:primaryType="nt:unstructured"
                  sling:resourceType="help/components/article-3/text"
                  text="&lt;p&gt;The top bar is visible on every screen and allows you to navigate through Adobe Campaign functionalities as well as access the Adobe profile connected, notifications, other Adobe Experience Cloud solutions and configurations, and the documentation.&lt;/p&gt;&#xA;"
                  textIsRich="true"/>
            <text_82 jcr:primaryType="nt:unstructured"
                  sling:resourceType="help/components/article-3/text"
                  text="&lt;p&gt;The navigation principles are:&lt;/p&gt;&#xA;"
                  textIsRich="true"/>
            <procedure_5 jcr:primaryType="nt:unstructured"
                      sling:resourceType="help/components/procedure"
                      isBulleted="true">
            <proc_par jcr:primaryType="nt:unstructured"
                      sling:resourceType="help/components/procedure/proc_parsys">
                <step_31_5 jcr:primaryType="nt:unstructured" sling:resourceType="help/components/step">
                  <step_par jcr:primaryType="nt:unstructured"
                            sling:resourceType="help/components/procedure/step_parsys">
                    <text_83 jcr:primaryType="nt:unstructured"
                              sling:resourceType="help/components/article-3/text"
                              text="&lt;p&gt;The &#xA;&lt;span class=&#34;uicontrol&#34;&gt;Adobe Campaign&lt;/span&gt;&#xA; logo in the top left-hand corner of the page gives you access to the advanced functions. The menus offered depend on the permissions allocated to the user connected.&lt;/p&gt;&#xA;"
                              textIsRich="true"/>
                    <text_84 jcr:primaryType="nt:unstructured"
                              sling:resourceType="help/components/article-3/text"
                              text="&lt;p&gt;The advanced menu is presented in the &#xA;&#x9;&#x9;&#x9;&#x9;&#x9;&#xA;&lt;a href=&#34;/content/help/en/campaign/standard/start/using/interface-description.html#advanced-menu&#34; target=&#34;_blank&#34;&gt;Advanced menu&lt;/a&gt; section.&lt;/p&gt;&#xA;"
                              textIsRich="true"/>
                  </step_par>
               </step_31_5>
                <step_32_5 jcr:primaryType="nt:unstructured" sling:resourceType="help/components/step">
                  <step_par jcr:primaryType="nt:unstructured"
                            sling:resourceType="help/components/procedure/step_parsys">
                    <text_85 jcr:primaryType="nt:unstructured"
                              sling:resourceType="help/components/article-3/text"
                              text="&lt;p&gt;The &#xA;&lt;span class=&#34;uicontrol&#34;&gt;Home&lt;/span&gt;&#xA; link allows you to display the Adobe Campaign home page.&lt;/p&gt;&#xA;"
                              textIsRich="true"/>
                  </step_par>
               </step_32_5>
                <step_33_5 jcr:primaryType="nt:unstructured" sling:resourceType="help/components/step">
                  <step_par jcr:primaryType="nt:unstructured"
                            sling:resourceType="help/components/procedure/step_parsys">
                    <text_86 jcr:primaryType="nt:unstructured"
                              sling:resourceType="help/components/article-3/text"
                              text="&lt;p&gt;The &#xA;&lt;span class=&#34;uicontrol&#34;&gt;Marketing activities&lt;/span&gt;&#xA;, &#xA;&lt;span class=&#34;uicontrol&#34;&gt;Programs &amp; Campaigns&lt;/span&gt;&#xA;, &#xA;&lt;span class=&#34;uicontrol&#34;&gt;Profiles&lt;/span&gt;&#xA;, &#xA;&lt;span class=&#34;uicontrol&#34;&gt;Audiences&lt;/span&gt;&#xA; and &#xA;&lt;span class=&#34;uicontrol&#34;&gt;Reports&lt;/span&gt;&#xA; links let you access the views linked to these functionalities. &lt;/p&gt;&#xA;"
                              textIsRich="true"/>
                  </step_par>
               </step_33_5>
                <step_34_5 jcr:primaryType="nt:unstructured" sling:resourceType="help/components/step">
                  <step_par jcr:primaryType="nt:unstructured"
                            sling:resourceType="help/components/procedure/step_parsys">
                    <text_87 jcr:primaryType="nt:unstructured"
                              sling:resourceType="help/components/article-3/text"
                              text="&lt;p&gt;The &#xA;&lt;span class=&#34;uicontrol&#34;&gt;Help&lt;/span&gt;&#xA; button gives access to the product documentation and contextual help, release notes, version numbers, legal notices, as well as the links to the Adobe Experience Cloud community and customer care.&lt;/p&gt;&#xA;"
                              textIsRich="true"/>
                    <image_6 jcr:primaryType="nt:unstructured"
                              sling:resourceType="help/components/article-3/image"
                              jcr:title=""
                              alt=""
                              captionBottom=""
                              fileName="UX_help.png"
                              originalFileName="images/en/UX_help.png"
                              fileReference="/content/dam/help/en/campaign/standard/UX_help.png"
                              imageRotate="0"
                              originalHeight=""
                              originalWidth=""
                              scaleOption="toTemplate"
                              status="legacy"/>
                  </step_par>
               </step_34_5>
                <step_35_5 jcr:primaryType="nt:unstructured" sling:resourceType="help/components/step">
                  <step_par jcr:primaryType="nt:unstructured"
                            sling:resourceType="help/components/procedure/step_parsys">
                    <text_88 jcr:primaryType="nt:unstructured"
                              sling:resourceType="help/components/article-3/text"
                              text="&lt;p&gt;The &lt;strong&gt;Select solution&lt;/strong&gt; icon lets you switch to another Adobe Experience Cloud solution as well as to the settings linked to the account being used.&lt;/p&gt;&#xA;"
                              textIsRich="true"/>
                  </step_par>
               </step_35_5>
                <step_36_5 jcr:primaryType="nt:unstructured" sling:resourceType="help/components/step">
                  <step_par jcr:primaryType="nt:unstructured"
                            sling:resourceType="help/components/procedure/step_parsys">
                    <text_89 jcr:primaryType="nt:unstructured"
                              sling:resourceType="help/components/article-3/text"
                              text="&lt;p&gt;The &lt;strong&gt;Notifications&lt;/strong&gt; icon displays the latest alerts or information for the user connected.&lt;/p&gt;&#xA;"
                              textIsRich="true"/>
                  </step_par>
               </step_36_5>
                <step_37_5 jcr:primaryType="nt:unstructured" sling:resourceType="help/components/step">
                  <step_par jcr:primaryType="nt:unstructured"
                            sling:resourceType="help/components/procedure/step_parsys">
                    <text_90 jcr:primaryType="nt:unstructured"
                              sling:resourceType="help/components/article-3/text"
                              text="&lt;p&gt;The &lt;strong&gt;User&lt;/strong&gt; icon allows you to display information linked to the current user. It gives access to the &#xA;&lt;span class=&#34;uicontrol&#34;&gt;Sign out&lt;/span&gt;&#xA; button.&lt;/p&gt;&#xA;"
                              textIsRich="true"/>
                  </step_par>
               </step_37_5>
            </proc_par>
         </procedure_5>
        
    
        <header_16 jcr:primaryType="nt:unstructured" sling:resourceType="help/components/header"
                    id="advanced-menu"
                    level="2"
                    text="&lt;p&gt;Advanced menu&lt;/p&gt;&#xA;"
                    textIsRich="'true'"/>
        <text_91 jcr:primaryType="nt:unstructured"
                  sling:resourceType="help/components/article-3/text"
                  text="&lt;p&gt;The advanced menu is displayed by clicking the &lt;strong&gt;Adobe Campaign&lt;/strong&gt; icon, in the top left corner of each screen. The advanced menu may vary depending your contract and user permissions. &lt;/p&gt;&#xA;"
                  textIsRich="true"/>
        <text_92 jcr:primaryType="nt:unstructured"
                  sling:resourceType="help/components/article-3/text"
                  text="&lt;p&gt;This menu allows you to navigate to specific functionalities and settings. &lt;/p&gt;&#xA;"
                  textIsRich="true"/>
            <text_93 jcr:primaryType="nt:unstructured"
                  sling:resourceType="help/components/article-3/text"
                  text="&lt;p&gt;&#xA;                &#xA;            &lt;/p&gt;&#xA;"
                  textIsRich="true"/>
        
                <header_17 jcr:primaryType="nt:unstructured" sling:resourceType="help/components/header"
                    id="marketing-plans"
                    level="3"
                    text="&lt;p&gt;Marketing plans&lt;/p&gt;&#xA;"
                    textIsRich="'true'"/>
                <text_94 jcr:primaryType="nt:unstructured"
                  sling:resourceType="help/components/article-3/text"
                  text="&lt;p&gt;The &#xA;&lt;span class=&#34;uicontrol&#34;&gt;Marketing plans&lt;/span&gt;&#xA; icon gives you access the following functionalities:&lt;/p&gt;&#xA;"
                  textIsRich="true"/>
            <procedure_6 jcr:primaryType="nt:unstructured"
                      sling:resourceType="help/components/procedure"
                      isBulleted="true">
            <proc_par jcr:primaryType="nt:unstructured"
                      sling:resourceType="help/components/procedure/proc_parsys">
                        <step_38_6 jcr:primaryType="nt:unstructured" sling:resourceType="help/components/step">
                  <step_par jcr:primaryType="nt:unstructured"
                            sling:resourceType="help/components/procedure/step_parsys">
                            <text_95 jcr:primaryType="nt:unstructured"
                              sling:resourceType="help/components/article-3/text"
                              text="&lt;p&gt;&#xA;&lt;span class=&#34;uicontrol&#34;&gt;Marketing activities&lt;/span&gt;&#xA; - for more on this, refer to the &#xA;&#x9;&#x9;&#x9;&#x9;&#x9;&#x9;&#x9;&#x9;&#x9;&#x9;&#x9;&#xA;&#x9;&#x9;&#x9;&#x9;&#x9;&#x9;&#x9;&lt;a href=&#34;/content/help/en/campaign/standard/start/using/marketing-activities.html#about-marketing-activities&#34;&gt;Marketing activity list&lt;/a&gt; section.&lt;/p&gt;&#xA;"
                              textIsRich="true"/>
                        </step_par>
               </step_38_6>
                        <step_39_6 jcr:primaryType="nt:unstructured" sling:resourceType="help/components/step">
                  <step_par jcr:primaryType="nt:unstructured"
                            sling:resourceType="help/components/procedure/step_parsys">
                            <text_96 jcr:primaryType="nt:unstructured"
                              sling:resourceType="help/components/article-3/text"
                              text="&lt;p&gt;&#xA;&lt;span class=&#34;uicontrol&#34;&gt;Programs &amp; Campaigns&lt;/span&gt;&#xA; - for more on this, refer to the &#xA;&#x9;&#x9;&#x9;&#x9;&#x9;&#x9;&#x9;&#x9;&#x9;&#x9;&#x9;&#xA;&#x9;&#x9;&#x9;&#x9;&#x9;&#x9;&#x9;&lt;a href=&#34;/content/help/en/campaign/standard/start/using/programs-and-campaigns.html#about-plans--programs-and-campaigns&#34;&gt;Program list&lt;/a&gt; section.&lt;/p&gt;&#xA;"
                              textIsRich="true"/>
                        </step_par>
               </step_39_6>
                        <step_40_6 jcr:primaryType="nt:unstructured" sling:resourceType="help/components/step">
                  <step_par jcr:primaryType="nt:unstructured"
                            sling:resourceType="help/components/procedure/step_parsys">
                            <text_97 jcr:primaryType="nt:unstructured"
                              sling:resourceType="help/components/article-3/text"
                              text="&lt;p&gt;&#xA;&lt;span class=&#34;uicontrol&#34;&gt;Timeline&lt;/span&gt;&#xA; - for more on this, refer to the &#xA;&#x9;&#x9;&#x9;&#x9;&#x9;&#x9;&#x9;&#x9;&#x9;&#x9;&#x9;&#xA;&#x9;&#x9;&#x9;&#x9;&#x9;&#x9;&#x9;&lt;a href=&#34;/content/help/en/campaign/standard/start/using/timeline.html&#34;&gt;Timeline&lt;/a&gt; section.&lt;/p&gt;&#xA;"
                              textIsRich="true"/>
                        </step_par>
               </step_40_6>
                        <step_41_6 jcr:primaryType="nt:unstructured" sling:resourceType="help/components/step">
                  <step_par jcr:primaryType="nt:unstructured"
                            sling:resourceType="help/components/procedure/step_parsys">
                            <text_98 jcr:primaryType="nt:unstructured"
                              sling:resourceType="help/components/article-3/text"
                              text="&lt;p&gt;&#xA;&lt;span class=&#34;uicontrol&#34;&gt;Transactional messages&lt;/span&gt;&#xA;, which contains the sub-menus &#xA;&lt;span class=&#34;uicontrol&#34;&gt;Deliveries&lt;/span&gt;&#xA; and &#xA;&lt;span class=&#34;uicontrol&#34;&gt;Event configuration&lt;/span&gt;&#xA; - for more on this, refer to the &#xA;&#x9;&#x9;&#x9;&#x9;&#x9;&#x9;&#x9;&#x9;&#x9;&#x9;&#x9;&#xA;&#x9;&#x9;&#x9;&#x9;&#x9;&#x9;&#x9;&lt;a href=&#34;/content/help/en/campaign/standard/channels/using/about-transactional-messaging.html&#34;&gt;Transactional messaging&lt;/a&gt; section.&lt;/p&gt;&#xA;"
                              textIsRich="true"/>
                        </step_par>
               </step_41_6>
                    </proc_par>
         </procedure_6>
            
       
                <header_18 jcr:primaryType="nt:unstructured" sling:resourceType="help/components/header"
                    id="profiles-e-audiences"
                    level="3"
                    text="&lt;p&gt;Profiles &amp; audiences&lt;/p&gt;&#xA;"
                    textIsRich="'true'"/>
                <text_99 jcr:primaryType="nt:unstructured"
                  sling:resourceType="help/components/article-3/text"
                  text="&lt;p&gt;The &#xA;&lt;span class=&#34;uicontrol&#34;&gt;Profiles &amp; audiences&lt;/span&gt;&#xA; icon gives you access to the following functionalities:&lt;/p&gt;&#xA;"
                  textIsRich="true"/>
                <procedure_7 jcr:primaryType="nt:unstructured"
                      sling:resourceType="help/components/procedure"
                      isBulleted="true">
            <proc_par jcr:primaryType="nt:unstructured"
                      sling:resourceType="help/components/procedure/proc_parsys">
                        <step_42_7 jcr:primaryType="nt:unstructured" sling:resourceType="help/components/step">
                  <step_par jcr:primaryType="nt:unstructured"
                            sling:resourceType="help/components/procedure/step_parsys">
                            <text_100 jcr:primaryType="nt:unstructured"
                               sling:resourceType="help/components/article-3/text"
                               text="&lt;p&gt;&#xA;&lt;span class=&#34;uicontrol&#34;&gt;Profiles&lt;/span&gt;&#xA; - for more on this, refer to the &#xA;&#x9;&#x9;&#x9;&#x9;&#x9;&#x9;&#x9;&#x9;&#x9;&#x9;&#x9;&#xA;&#x9;&#x9;&#x9;&#x9;&#x9;&#x9;&#x9;&lt;a href=&#34;/content/help/en/campaign/standard/audiences/using/about-profiles.html&#34;&gt;Managing profiles&lt;/a&gt; section.&lt;/p&gt;&#xA;"
                               textIsRich="true"/>
                        </step_par>
               </step_42_7>
                        <step_43_7 jcr:primaryType="nt:unstructured" sling:resourceType="help/components/step">
                  <step_par jcr:primaryType="nt:unstructured"
                            sling:resourceType="help/components/procedure/step_parsys">
                            <text_101 jcr:primaryType="nt:unstructured"
                               sling:resourceType="help/components/article-3/text"
                               text="&lt;p&gt;&#xA;&lt;span class=&#34;uicontrol&#34;&gt;Test profiles&lt;/span&gt;&#xA; - for more on this, refer to the &#xA;&#x9;&#x9;&#x9;&#x9;&#x9;&#x9;&#x9;&#x9;&#x9;&#x9;&#x9;&#xA;&#x9;&#x9;&#x9;&#x9;&#x9;&#x9;&#x9;&lt;a href=&#34;/content/help/en/campaign/standard/sending/using/managing-test-profiles-and-sending-proofs.html#managing-test-profiles&#34;&gt;Managing test profiles&lt;/a&gt; section.&lt;/p&gt;&#xA;"
                               textIsRich="true"/>
                        </step_par>
               </step_43_7>
                        <step_44_7 jcr:primaryType="nt:unstructured" sling:resourceType="help/components/step">
                  <step_par jcr:primaryType="nt:unstructured"
                            sling:resourceType="help/components/procedure/step_parsys">
                            <text_102 jcr:primaryType="nt:unstructured"
                               sling:resourceType="help/components/article-3/text"
                               text="&lt;p&gt;&#xA;&lt;span class=&#34;uicontrol&#34;&gt;Audiences&lt;/span&gt;&#xA; - for more on this, refer to the &#xA;&#x9;&#x9;&#x9;&#x9;&#x9;&#x9;&#x9;&#x9;&#x9;&#x9;&#x9;&#xA;&#x9;&#x9;&#x9;&#x9;&#x9;&#x9;&#x9;&lt;a href=&#34;/content/help/en/campaign/standard/audiences/using/about-audiences.html&#34;&gt;Managing audiences&lt;/a&gt; section.&lt;/p&gt;&#xA;"
                               textIsRich="true"/>
                        </step_par>
               </step_44_7>
                        <step_45_7 jcr:primaryType="nt:unstructured" sling:resourceType="help/components/step">
                  <step_par jcr:primaryType="nt:unstructured"
                            sling:resourceType="help/components/procedure/step_parsys">
                            <text_103 jcr:primaryType="nt:unstructured"
                               sling:resourceType="help/components/article-3/text"
                               text="&lt;p&gt;&#xA;&lt;span class=&#34;uicontrol&#34;&gt;Services&lt;/span&gt;&#xA; - for more on this, refer to the &#xA;&#x9;&#x9;&#x9;&#x9;&#x9;&#x9;&#x9;&#x9;&#x9;&#x9;&#x9;&#xA;&#x9;&#x9;&#x9;&#x9;&#x9;&#x9;&#x9;&lt;a href=&#34;/content/help/en/campaign/standard/audiences/using/creating-a-service.html&#34;&gt;Creating a service&lt;/a&gt; section.&lt;/p&gt;&#xA;"
                               textIsRich="true"/>
                        </step_par>
               </step_45_7>
                        
                    </proc_par>
         </procedure_7>
         
        
                <header_19 jcr:primaryType="nt:unstructured" sling:resourceType="help/components/header"
                    id="resources"
                    level="3"
                    text="&lt;p&gt;Resources&lt;/p&gt;&#xA;"
                    textIsRich="'true'"/>
                <text_104 jcr:primaryType="nt:unstructured"
                   sling:resourceType="help/components/article-3/text"
                   text="&lt;p&gt;The &#xA;&lt;span class=&#34;uicontrol&#34;&gt;Resources&lt;/span&gt;&#xA; icon gives you access to the following functionalities:&lt;/p&gt;&#xA;"
                   textIsRich="true"/>
                 <procedure_8 jcr:primaryType="nt:unstructured"
                      sling:resourceType="help/components/procedure"
                      isBulleted="true">
            <proc_par jcr:primaryType="nt:unstructured"
                      sling:resourceType="help/components/procedure/proc_parsys">
                        <step_46_8 jcr:primaryType="nt:unstructured" sling:resourceType="help/components/step">
                  <step_par jcr:primaryType="nt:unstructured"
                            sling:resourceType="help/components/procedure/step_parsys">
                            <text_105 jcr:primaryType="nt:unstructured"
                               sling:resourceType="help/components/article-3/text"
                               text="&lt;p&gt;&#xA;&lt;span class=&#34;uicontrol&#34;&gt;Templates&lt;/span&gt;&#xA;, which contains the sub-menus for each type of template - for more on this, refer to the &#xA;&#x9;&#x9;&#x9;&#x9;&#x9;&#x9;&#x9;&#x9;&#x9;&#x9;&#x9;&#xA;&#x9;&#x9;&#x9;&#x9;&#x9;&#x9;&#x9;&lt;a href=&#34;/content/help/en/campaign/standard/start/using/about-templates.html&#34;&gt;Managing templates&lt;/a&gt; section.&lt;/p&gt;&#xA;"
                               textIsRich="true"/>
                        </step_par>
               </step_46_8>
                        <step_47_8 jcr:primaryType="nt:unstructured" sling:resourceType="help/components/step">
                  <step_par jcr:primaryType="nt:unstructured"
                            sling:resourceType="help/components/procedure/step_parsys">
                            <text_106 jcr:primaryType="nt:unstructured"
                               sling:resourceType="help/components/article-3/text"
                               text="&lt;p&gt;&#xA;&lt;span class=&#34;uicontrol&#34;&gt;Content blocks&lt;/span&gt;&#xA; - for more on this, refer to the &#xA;&#x9;&#x9;&#x9;&#x9;&#x9;&#x9;&#x9;&#x9;&#x9;&#x9;&#x9;&#xA;&#x9;&#x9;&#x9;&#x9;&#x9;&#x9;&#x9;&lt;a href=&#34;/content/help/en/campaign/standard/designing/using/adding-a-content-block.html&#34;&gt;Adding a content block&lt;/a&gt; section.&lt;/p&gt;&#xA;"
                               textIsRich="true"/>
                        </step_par>
               </step_47_8>
                        <step_48_8 jcr:primaryType="nt:unstructured" sling:resourceType="help/components/step">
                  <step_par jcr:primaryType="nt:unstructured"
                            sling:resourceType="help/components/procedure/step_parsys">
                            <text_107 jcr:primaryType="nt:unstructured"
                               sling:resourceType="help/components/article-3/text"
                               text="&lt;p&gt;&#xA;&lt;span class=&#34;uicontrol&#34;&gt;Content templates&lt;/span&gt;&#xA; - for more on this, refer to the &#xA;&#x9;&#x9;&#x9;&#x9;&#x9;&#x9;&#x9;&#x9;&#x9;&#x9;&#x9;&#xA;&#x9;&#x9;&#x9;&#x9;&#x9;&#x9;&#x9;&lt;a href=&#34;/content/help/en/campaign/standard/designing/using/selecting-an-existing-content.html&#34;&gt;Loading an existing content&lt;/a&gt; section.&lt;/p&gt;&#xA;"
                               textIsRich="true"/>
                        </step_par>
               </step_48_8>
                    </proc_par>
         </procedure_8>
            
        
                <header_20 jcr:primaryType="nt:unstructured" sling:resourceType="help/components/header"
                    id="administration"
                    level="3"
                    text="&lt;p&gt;Administration&lt;/p&gt;&#xA;"
                    textIsRich="'true'"/>
            <text_108 jcr:primaryType="nt:unstructured"
                   sling:resourceType="help/components/article-3/text"
                   text="&lt;p&gt;The &#xA;&lt;span class=&#34;uicontrol&#34;&gt;Administration&lt;/span&gt;&#xA; icon gives you access to the advanced functionalities that can only be carried out by functional administrator. For more on this, refer to the &#xA;&#x9;&#x9;&#x9;&#x9;&#x9;&#x9;&#x9;&#x9;&#x9;&#x9;&#x9;&#xA;&#x9;&#x9;&#x9;&#x9;&#x9;&#x9;&#x9;&lt;a href=&#34;/content/help/en/campaign/standard/administration/using/about-administrating-adobe-campaign.html&#34;&gt;Administration&lt;/a&gt; chapter. &lt;/p&gt;&#xA;"
                   textIsRich="true"/>
            
    
    
        <header_21 jcr:primaryType="nt:unstructured" sling:resourceType="help/components/header"
                    id="main-zone"
                    level="2"
                    text="&lt;p&gt;Main zone&lt;/p&gt;&#xA;"
                    textIsRich="'true'"/>
        <text_109 jcr:primaryType="nt:unstructured"
                   sling:resourceType="help/components/article-3/text"
                   text="&lt;p&gt;The main zone is a dynamic zone that contains a list of elements or a set of cards for example. It allows you to edit existing elements and create resources.&lt;/p&gt;&#xA;"
                   textIsRich="true"/>
        <image_8 jcr:primaryType="nt:unstructured"
                  sling:resourceType="help/components/article-3/image"
                  jcr:title=""
                  alt=""
                  captionBottom=""
                  fileName="UX_genericScreen.png"
                  originalFileName="images/en/UX_genericScreen.png"
                  fileReference="/content/dam/help/en/campaign/standard/UX_genericScreen.png"
                  imageRotate="0"
                  originalHeight=""
                  originalWidth=""
                  scaleOption="toTemplate"
                  status="legacy"/>
        <text_110 jcr:primaryType="nt:unstructured"
                   sling:resourceType="help/components/article-3/text"
                   text="&lt;p&gt;The content and display format of the main zone can vary:&lt;/p&gt;&#xA;"
                   textIsRich="true"/>
        <procedure_9 jcr:primaryType="nt:unstructured"
                      sling:resourceType="help/components/procedure"
                      isBulleted="true">
            <proc_par jcr:primaryType="nt:unstructured"
                      sling:resourceType="help/components/procedure/proc_parsys">
               <step_49_9 jcr:primaryType="nt:unstructured" sling:resourceType="help/components/step">
                  <step_par jcr:primaryType="nt:unstructured"
                            sling:resourceType="help/components/procedure/step_parsys">
                     <text_111 jcr:primaryType="nt:unstructured"
                               sling:resourceType="help/components/article-3/text"
                               text="&lt;p&gt;A &lt;strong&gt;list&lt;/strong&gt; presenting various elements such as programs, campaigns, profiles, etc. These elements can be viewed in &#xA;&lt;span class=&#34;uicontrol&#34;&gt;Card&lt;/span&gt;&#xA; or &#xA;&lt;span class=&#34;uicontrol&#34;&gt;List&lt;/span&gt;&#xA; mode. Use the change mode button to switch from one to the other. Each element displays indicators.&lt;/p&gt;&#xA;"
                               textIsRich="true"/>
                     <image_9 jcr:primaryType="nt:unstructured"
                              sling:resourceType="help/components/article-3/image"
                              jcr:title=""
                              alt=""
                              captionBottom=""
                              fileName="UX_liste.png"
                              originalFileName="images/en/UX_liste.png"
                              fileReference="/content/dam/help/en/campaign/standard/UX_liste.png"
                              imageRotate="0"
                              originalHeight=""
                              originalWidth=""
                              scaleOption="toTemplate"
                              status="legacy"/>
                     <text_112 jcr:primaryType="nt:unstructured"
                               sling:resourceType="help/components/article-3/text"
                               text="&lt;p&gt;A counter allows you to be aware of the number of elements. If this number exceeds 30 you need to click this counter to get the total number.&lt;/p&gt;&#xA;"
                               textIsRich="true"/>
                  </step_par>
               </step_49_9>
               <step_50_9 jcr:primaryType="nt:unstructured" sling:resourceType="help/components/step">
                  <step_par jcr:primaryType="nt:unstructured"
                            sling:resourceType="help/components/procedure/step_parsys">
                     <text_113 jcr:primaryType="nt:unstructured"
                               sling:resourceType="help/components/article-3/text"
                               text="&lt;p&gt;A &lt;strong&gt;dashboard&lt;/strong&gt; presenting an overview of all the parameters linked to an activity. This screen includes interactive zones that allow you to separate and configure the different concepts independently.&lt;/p&gt;&#xA;"
                               textIsRich="true"/>
                     <image_10 jcr:primaryType="nt:unstructured"
                               sling:resourceType="help/components/article-3/image"
                               jcr:title=""
                               alt=""
                               captionBottom=""
                               fileName="UX_dashboard.png"
                               originalFileName="images/en/UX_dashboard.png"
                               fileReference="/content/dam/help/en/campaign/standard/UX_dashboard.png"
                               imageRotate="0"
                               originalHeight=""
                               originalWidth=""
                               scaleOption="toTemplate"
                               status="legacy"/>
                  </step_par>
               </step_50_9>
               <step_51_9 jcr:primaryType="nt:unstructured" sling:resourceType="help/components/step">
                  <step_par jcr:primaryType="nt:unstructured"
                            sling:resourceType="help/components/procedure/step_parsys">
                     <text_114 jcr:primaryType="nt:unstructured"
                               sling:resourceType="help/components/article-3/text"
                               text="&lt;p&gt;If several offers are possible when creating an element, a &lt;strong&gt;selection screen&lt;/strong&gt; allows you to select the type of element to add (campaigns, deliveries). This selection screen is also offered to access the reports.&lt;/p&gt;&#xA;"
                               textIsRich="true"/>
                     <image_11 jcr:primaryType="nt:unstructured"
                               sling:resourceType="help/components/article-3/image"
                               jcr:title=""
                               alt=""
                               captionBottom=""
                               fileName="UX_activitySelection.png"
                               originalFileName="images/en/UX_activitySelection.png"
                               fileReference="/content/dam/help/en/campaign/standard/UX_activitySelection.png"
                               imageRotate="0"
                               originalHeight=""
                               originalWidth=""
                               scaleOption="toTemplate"
                               status="legacy"/>
                  </step_par>
               </step_51_9>
               <step_52_9 jcr:primaryType="nt:unstructured" sling:resourceType="help/components/step">
                  <step_par jcr:primaryType="nt:unstructured"
                            sling:resourceType="help/components/procedure/step_parsys">
                     <text_115 jcr:primaryType="nt:unstructured"
                               sling:resourceType="help/components/article-3/text"
                               text="&lt;p&gt;For the workflows and the query editor, a &lt;strong&gt;workspace&lt;/strong&gt; with a palette is made available for you to design the object.&lt;/p&gt;&#xA;"
                               textIsRich="true"/>
                     <text_116 jcr:primaryType="nt:unstructured"
                               sling:resourceType="help/components/article-3/text"
                               text="&lt;p&gt;You can drag and drop elements from the palette into the workspace to configure the element in question.&lt;/p&gt;&#xA;"
                               textIsRich="true"/>
                     <image_12 jcr:primaryType="nt:unstructured"
                               sling:resourceType="help/components/article-3/image"
                               jcr:title=""
                               alt=""
                               captionBottom=""
                               fileName="UX_workspace.png"
                               originalFileName="images/en/UX_workspace.png"
                               fileReference="/content/dam/help/en/campaign/standard/UX_workspace.png"
                               imageRotate="0"
                               originalHeight=""
                               originalWidth=""
                               scaleOption="toTemplate"
                               status="legacy"/>
                  </step_par>
               </step_52_9>
            </proc_par>
         </procedure_9>
    
    
        <header_22 jcr:primaryType="nt:unstructured" sling:resourceType="help/components/header"
                    id="action-bar"
                    level="2"
                    text="&lt;p&gt;Action bar&lt;/p&gt;&#xA;"
                    textIsRich="'true'"/>
        <text_117 jcr:primaryType="nt:unstructured"
                   sling:resourceType="help/components/article-3/text"
                   text="&lt;p&gt;According to the screen type displayed, a bar containing actions linked to the screen appears at the top.&lt;/p&gt;&#xA;"
                   textIsRich="true"/>
        <image_13 jcr:primaryType="nt:unstructured"
                   sling:resourceType="help/components/article-3/image"
                   jcr:title=""
                   alt=""
                   captionBottom=""
                   fileName="actionBar.png"
                   originalFileName="images/en/actionBar.png"
                   fileReference="/content/dam/help/en/campaign/standard/actionBar.png"
                   imageRotate="0"
                   originalHeight=""
                   originalWidth=""
                   scaleOption="toTemplate"
                   status="legacy"/>
        <text_118 jcr:primaryType="nt:unstructured"
                   sling:resourceType="help/components/article-3/text"
                   text="&lt;p&gt;This bar not only contains common actions such as search and filtering, but also actions relating to the screen displayed:&lt;/p&gt;&#xA;"
                   textIsRich="true"/>
        <procedure_10 jcr:primaryType="nt:unstructured"
                       sling:resourceType="help/components/procedure"
                       isBulleted="true">
            <proc_par jcr:primaryType="nt:unstructured"
                      sling:resourceType="help/components/procedure/proc_parsys">
               <step_53_10 jcr:primaryType="nt:unstructured" sling:resourceType="help/components/step">
                  <step_par jcr:primaryType="nt:unstructured"
                            sling:resourceType="help/components/procedure/step_parsys">
                     <text_119 jcr:primaryType="nt:unstructured"
                               sling:resourceType="help/components/article-3/text"
                               text="&lt;p&gt;For actions related to &lt;strong&gt;workspace&lt;/strong&gt; type screens, refer to either the &#xA;&#x9;&#x9;&#x9;&#x9;&#x9;&#x9;&#x9;&#x9;&#x9;&#x9;&#x9;&#xA;&#x9;&#x9;&#x9;&#x9;&#x9;&#x9;&#x9;&lt;a href=&#34;/content/help/en/campaign/standard/automating/using/workflow-interface.html#action-bar&#34;&gt;Action bar&lt;/a&gt; section for the workflows.&lt;/p&gt;&#xA;"
                               textIsRich="true"/>
                  </step_par>
               </step_53_10>
               <step_54_10 jcr:primaryType="nt:unstructured" sling:resourceType="help/components/step">
                  <step_par jcr:primaryType="nt:unstructured"
                            sling:resourceType="help/components/procedure/step_parsys">
                     <text_120 jcr:primaryType="nt:unstructured"
                               sling:resourceType="help/components/article-3/text"
                               text="&lt;p&gt;For actions related to &lt;strong&gt;dashboard&lt;/strong&gt; screens, refer to the &#xA;&#x9;&#x9;&#x9;&#x9;&#x9;&#x9;&#x9;&#x9;&#x9;&#x9;&#x9;&#xA;&#x9;&#x9;&#x9;&#x9;&#x9;&#x9;&#x9;&lt;a href=&#34;/content/help/en/campaign/standard/channels/using/message-dashboard.html&#34;&gt;Message dashboard&lt;/a&gt; section for more information.&lt;/p&gt;&#xA;"
                               textIsRich="true"/>
                  </step_par>
               </step_54_10>
               <step_55_10 jcr:primaryType="nt:unstructured" sling:resourceType="help/components/step">
                  <step_par jcr:primaryType="nt:unstructured"
                            sling:resourceType="help/components/procedure/step_parsys">
                     <text_121 jcr:primaryType="nt:unstructured"
                               sling:resourceType="help/components/article-3/text"
                               text="&lt;p&gt;For actions related to &lt;strong&gt;list&lt;/strong&gt; type screens, refer to the &#xA;&#x9;&#x9;&#x9;&#x9;&#x9;&#xA;&lt;a href=&#34;/content/help/en/campaign/standard/start/using/customizing-lists.html&#34; target=&#34;_blank&#34;&gt;Customizing lists&lt;/a&gt; section below.&lt;/p&gt;&#xA;"
                               textIsRich="true"/>
                  </step_par>
               </step_55_10>
            </proc_par>
         </procedure_10>
    
      </main-pars>
      <hero jcr:primaryType="nt:unstructured"
            sling:resourceType="foundation/components/image"/>
      <thumbnail jcr:primaryType="nt:unstructured"
                 sling:resourceType="foundation/components/image"/>
      <publisherLogo jcr:primaryType="nt:unstructured"
                     sling:resourceType="foundation/components/image"/>
   </jcr:content>
</jcr:root>