<?xml version="1.0" encoding="UTF-8"?>
<jcr:root xmlns:nt="http://www.jcp.org/jcr/nt/1.0" xmlns:json="http://json.org/"
          xmlns:sling="http://sling.apache.org/jcr/sling/1.0"
          xmlns:cq="http://www.day.com/jcr/cq/1.0"
          xmlns:jcr="http://www.jcp.org/jcr/1.0"
          xmlns:mix="http://www.jcp.org/jcr/mix/1.0"
          jcr:primaryType="cq:Page">
   <jcr:content navTitle="Marketing activities" jcr:primaryType="cq:PageContent"
                sling:resourceType="help/components/pages/article-3"
                heroGradient="light"
                jcr:language="en_us"
                cq:designPath="/etc/designs/help"
                cq:template="/apps/help/templates/article-3"
                jcr:mixinTypes="[mix:versionable]"
                jcr:title="Marketing activities"
                jcr:description="Marketing activities"
                seoDescription="Learn how to create and manage your marketing activities: campaigns, email, SMS and push notification deliveries, landing pages, workflows. You can easily design a new activity, edit an existing one, and consult their status and validity."
                primaryProductTag="[products:SG_CAMPAIGN/STANDARD]"
                cq:tags="[products:SG_CAMPAIGN/STANDARD,audience:start,content_type:reference,topic_tags:marketing-plans]"
                primaryAudienceTag="[audience:start]"
                contentOwner="sauviat"
                isReadyForLocalization="true"
                publishExternalDate="2019-01-09">
      <main-pars jcr:primaryType="nt:unstructured"
                 sling:resourceType="foundation/components/parsys">
    
    
      
    
         <header_32 jcr:primaryType="nt:unstructured" sling:resourceType="help/components/header"
                    id="about-marketing-activities"
                    level="2"
                    text="&lt;p&gt;About marketing activities&lt;/p&gt;&#xA;"
                    textIsRich="'true'"/>
         <text_194 jcr:primaryType="nt:unstructured"
                   sling:resourceType="help/components/article-3/text"
                   text="&lt;p&gt;You can create and manage your marketing activities from the programs and campaigns to which they belong, or via the list of marketing activities.&lt;/p&gt;&#xA;"
                   textIsRich="true"/>
         <text_195 jcr:primaryType="nt:unstructured"
                   sling:resourceType="help/components/article-3/text"
                   text="&lt;p&gt;The marketing activity list centralizes all of the activities, whatever the programs or campaigns in which they were created. Programs, campaigns, deliveries (emails, SMS messages and push notifications), landing pages, and workflows are thus itemized in no particular hierarchical order.&lt;/p&gt;&#xA;"
                   textIsRich="true"/>
         <text_196 jcr:primaryType="nt:unstructured"
                   sling:resourceType="help/components/article-3/text"
                   text="&lt;p&gt;To access the marketing activity list, choose the &#xA;&lt;span class=&#34;uicontrol&#34;&gt;Marketing activities&lt;/span&gt;&#xA; link from the top bar.&lt;/p&gt;&#xA;"
                   textIsRich="true"/>
         <note_2 jcr:primaryType="nt:unstructured"
                 sling:resourceType="help/components/article-3/note"
                 text="&lt;p&gt;&#xA;        The marketing activities can also be accessed by selecting the &#xA;&lt;span class=&#34;uicontrol&#34;&gt;Marketing activities&lt;/span&gt;&#xA; card from the home page.&#xA;      &lt;/p&gt;&#xA;"
                 textIsRich="true"
                 type="note"/>
         <image_22 jcr:primaryType="nt:unstructured"
                   sling:resourceType="help/components/article-3/image"
                   jcr:title=""
                   alt=""
                   captionBottom=""
                   fileName="marketing_activities_1.png"
                   originalFileName="images/en/marketing_activities_1.png"
                   fileReference="/content/dam/help/en/campaign/standard/marketing_activities_1.png"
                   imageRotate="0"
                   originalHeight=""
                   originalWidth=""
                   scaleOption="toTemplate"
                   status="legacy"/>
         <text_198 jcr:primaryType="nt:unstructured"
                   sling:resourceType="help/components/article-3/text"
                   text="&lt;p&gt;The &#xA;&lt;span class=&#34;uicontrol&#34;&gt;Search&lt;/span&gt;&#xA; pane allows you to filter elements according to different criteria: name (label and ID), date, status, or activity type. By default, all of the activity types are selected, except programs.&lt;/p&gt;&#xA;"
                   textIsRich="true"/>
         <text_199 jcr:primaryType="nt:unstructured"
                   sling:resourceType="help/components/article-3/text"
                   text="&lt;p&gt;To directly access the content of each activity, choose one of the elements from the list.&lt;/p&gt;&#xA;"
                   textIsRich="true"/>
         <text_200 jcr:primaryType="nt:unstructured"
                   sling:resourceType="help/components/article-3/text"
                   text="&lt;p&gt;The &#xA;&lt;span class=&#34;uicontrol&#34;&gt;Create&lt;/span&gt;&#xA; button can be used to create a new activity. For more on this, refer to the &#xA;&#x9;&#x9;&#x9;&#x9;&#x9;&#xA;&lt;a href=&#34;/content/help/en/campaign/standard/start/using/marketing-activities.html#creating-a-marketing-activity&#34; target=&#34;_blank&#34;&gt;Creating a marketing activity&lt;/a&gt; section.&lt;/p&gt;&#xA;"
                   textIsRich="true"/>
    
    
         <header_33 jcr:primaryType="nt:unstructured" sling:resourceType="help/components/header"
                    id="marketing-activity-icons-and-statuses"
                    level="2"
                    text="&lt;p&gt;Marketing activity icons and statuses&lt;/p&gt;&#xA;"
                    textIsRich="'true'"/>
         <text_201 jcr:primaryType="nt:unstructured"
                   sling:resourceType="help/components/article-3/text"
                   text="&lt;p&gt;In the main zone, each type of activity in the list has an icon:&lt;/p&gt;&#xA;"
                   textIsRich="true"/>
         <procedure_18 jcr:primaryType="nt:unstructured"
                       sling:resourceType="help/components/procedure"
                       isBulleted="true">
            <proc_par jcr:primaryType="nt:unstructured"
                      sling:resourceType="help/components/procedure/proc_parsys">
               <step_93_18 jcr:primaryType="nt:unstructured" sling:resourceType="help/components/step">
                  <step_par jcr:primaryType="nt:unstructured"
                            sling:resourceType="help/components/procedure/step_parsys">
                     <text_202 jcr:primaryType="nt:unstructured"
                               sling:resourceType="help/components/article-3/text"
                               text="&lt;p&gt;&#xA;&#x9;&lt;img height=&#34;21px&#34; src=&#34;/content/dam/help/en/campaign/standard/marketing_program_icon.png&#34; /&gt;&#xA;&#x9;&#xA;: Program&lt;/p&gt;&#xA;"
                               textIsRich="true"/>
                  </step_par>
               </step_93_18>
               <step_94_18 jcr:primaryType="nt:unstructured" sling:resourceType="help/components/step">
                  <step_par jcr:primaryType="nt:unstructured"
                            sling:resourceType="help/components/procedure/step_parsys">
                     <text_203 jcr:primaryType="nt:unstructured"
                               sling:resourceType="help/components/article-3/text"
                               text="&lt;p&gt;&#xA;&#x9;&lt;img height=&#34;21px&#34; src=&#34;/content/dam/help/en/campaign/standard/marketing_campaign_icon.png&#34; /&gt;&#xA;&#x9;&#xA;: Campaign&lt;/p&gt;&#xA;"
                               textIsRich="true"/>
                  </step_par>
               </step_94_18>
               <step_95_18 jcr:primaryType="nt:unstructured" sling:resourceType="help/components/step">
                  <step_par jcr:primaryType="nt:unstructured"
                            sling:resourceType="help/components/procedure/step_parsys">
                     <text_204 jcr:primaryType="nt:unstructured"
                               sling:resourceType="help/components/article-3/text"
                               text="&lt;p&gt;&#xA;&#x9;&lt;img height=&#34;21px&#34; src=&#34;/content/dam/help/en/campaign/standard/marketing_email_icon.png&#34; /&gt;&#xA;&#x9;&#xA;: Email&lt;/p&gt;&#xA;"
                               textIsRich="true"/>
                  </step_par>
               </step_95_18>
               <step_96_18 jcr:primaryType="nt:unstructured" sling:resourceType="help/components/step">
                  <step_par jcr:primaryType="nt:unstructured"
                            sling:resourceType="help/components/procedure/step_parsys">
                     <text_205 jcr:primaryType="nt:unstructured"
                               sling:resourceType="help/components/article-3/text"
                               text="&lt;p&gt;&#xA;&#x9;&lt;img height=&#34;21px&#34; src=&#34;/content/dam/help/en/campaign/standard/marketing_sms_icon.png&#34; /&gt;&#xA;&#x9;&#xA;: SMS&lt;/p&gt;&#xA;"
                               textIsRich="true"/>
                  </step_par>
               </step_96_18>
               <step_97_18 jcr:primaryType="nt:unstructured" sling:resourceType="help/components/step">
                  <step_par jcr:primaryType="nt:unstructured"
                            sling:resourceType="help/components/procedure/step_parsys">
                     <text_206 jcr:primaryType="nt:unstructured"
                               sling:resourceType="help/components/article-3/text"
                               text="&lt;p&gt;&#xA;&#x9;&lt;img height=&#34;21px&#34; src=&#34;/content/dam/help/en/campaign/standard/marketing_push_icon.png&#34; /&gt;&#xA;&#x9;&#xA;: Push notification&lt;/p&gt;&#xA;"
                               textIsRich="true"/>
                  </step_par>
               </step_97_18>
               <step_98_18 jcr:primaryType="nt:unstructured" sling:resourceType="help/components/step">
                  <step_par jcr:primaryType="nt:unstructured"
                            sling:resourceType="help/components/procedure/step_parsys">
                     <text_207 jcr:primaryType="nt:unstructured"
                               sling:resourceType="help/components/article-3/text"
                               text="&lt;p&gt;&#xA;&#x9;&lt;img height=&#34;21px&#34; src=&#34;/content/dam/help/en/campaign/standard/marketing_LP_icon.png&#34; /&gt;&#xA;&#x9;&#xA;: Landing page&lt;/p&gt;&#xA;"
                               textIsRich="true"/>
                  </step_par>
               </step_98_18>
               <step_99_18 jcr:primaryType="nt:unstructured" sling:resourceType="help/components/step">
                  <step_par jcr:primaryType="nt:unstructured"
                            sling:resourceType="help/components/procedure/step_parsys">
                     <text_208 jcr:primaryType="nt:unstructured"
                               sling:resourceType="help/components/article-3/text"
                               text="&lt;p&gt;&#xA;&#x9;&lt;img height=&#34;21px&#34; src=&#34;/content/dam/help/en/campaign/standard/marketing_workflow_icon.png&#34; /&gt;&#xA;&#x9;&#xA;: Workflow&lt;/p&gt;&#xA;"
                               textIsRich="true"/>
                  </step_par>
               </step_99_18>
            </proc_par>
         </procedure_18>
         <text_209 jcr:primaryType="nt:unstructured"
                   sling:resourceType="help/components/article-3/text"
                   text="&lt;p&gt;Depending on its validity period and status, the color associated with this icon indicates the corresponding activity's execution status.&lt;/p&gt;&#xA;"
                   textIsRich="true"/>
         <procedure_19 jcr:primaryType="nt:unstructured"
                       sling:resourceType="help/components/procedure"
                       isBulleted="true">
            <proc_par jcr:primaryType="nt:unstructured"
                      sling:resourceType="help/components/procedure/proc_parsys">
               <step_100_19 jcr:primaryType="nt:unstructured" sling:resourceType="help/components/step">
                  <step_par jcr:primaryType="nt:unstructured"
                            sling:resourceType="help/components/procedure/step_parsys">
                     <text_210 jcr:primaryType="nt:unstructured"
                               sling:resourceType="help/components/article-3/text"
                               text="&lt;p&gt;Gray: the activity has not yet started - &#xA;&lt;span class=&#34;uicontrol&#34;&gt;Editing&lt;/span&gt;&#xA; status.&lt;/p&gt;&#xA;"
                               textIsRich="true"/>
                  </step_par>
               </step_100_19>
               <step_101_19 jcr:primaryType="nt:unstructured" sling:resourceType="help/components/step">
                  <step_par jcr:primaryType="nt:unstructured"
                            sling:resourceType="help/components/procedure/step_parsys">
                     <text_211 jcr:primaryType="nt:unstructured"
                               sling:resourceType="help/components/article-3/text"
                               text="&lt;p&gt;Blue: the activity is in progress - &#xA;&lt;span class=&#34;uicontrol&#34;&gt;In progress&lt;/span&gt;&#xA; status.&lt;/p&gt;&#xA;"
                               textIsRich="true"/>
                  </step_par>
               </step_101_19>
               <step_102_19 jcr:primaryType="nt:unstructured" sling:resourceType="help/components/step">
                  <step_par jcr:primaryType="nt:unstructured"
                            sling:resourceType="help/components/procedure/step_parsys">
                     <text_212 jcr:primaryType="nt:unstructured"
                               sling:resourceType="help/components/article-3/text"
                               text="&lt;p&gt;Green: the activity has finished - &#xA;&lt;span class=&#34;uicontrol&#34;&gt;Finished&lt;/span&gt;&#xA; status.&lt;/p&gt;&#xA;"
                               textIsRich="true"/>
                  </step_par>
               </step_102_19>
               <step_103_19 jcr:primaryType="nt:unstructured" sling:resourceType="help/components/step">
                  <step_par jcr:primaryType="nt:unstructured"
                            sling:resourceType="help/components/procedure/step_parsys">
                     <text_213 jcr:primaryType="nt:unstructured"
                               sling:resourceType="help/components/article-3/text"
                               text="&lt;p&gt;Yellow: the activity has received a warning - &#xA;&lt;span class=&#34;uicontrol&#34;&gt;Warning&lt;/span&gt;&#xA; status.&lt;/p&gt;&#xA;"
                               textIsRich="true"/>
                  </step_par>
               </step_103_19>
               <step_104_19 jcr:primaryType="nt:unstructured" sling:resourceType="help/components/step">
                  <step_par jcr:primaryType="nt:unstructured"
                            sling:resourceType="help/components/procedure/step_parsys">
                     <text_214 jcr:primaryType="nt:unstructured"
                               sling:resourceType="help/components/article-3/text"
                               text="&lt;p&gt;Red: an error has occurred - &#xA;&lt;span class=&#34;uicontrol&#34;&gt;Erroneous&lt;/span&gt;&#xA; status.&lt;/p&gt;&#xA;"
                               textIsRich="true"/>
                  </step_par>
               </step_104_19>
            </proc_par>
         </procedure_19>
    
    
         <header_34 jcr:primaryType="nt:unstructured" sling:resourceType="help/components/header"
                    id="creating-a-marketing-activity"
                    level="2"
                    text="&lt;p&gt;Creating a marketing activity&lt;/p&gt;&#xA;"
                    textIsRich="'true'"/>
         <text_215 jcr:primaryType="nt:unstructured"
                   sling:resourceType="help/components/article-3/text"
                   text="&lt;p&gt;From an existing campaign, you can create different types of messages (&lt;strong&gt;email&lt;/strong&gt;, &lt;strong&gt;SMS&lt;/strong&gt;, &lt;strong&gt;push notification&lt;/strong&gt;, etc.), workflows, and landing pages.&lt;/p&gt;&#xA;"
                   textIsRich="true"/>
         <text_216 jcr:primaryType="nt:unstructured"
                   sling:resourceType="help/components/article-3/text"
                   text="&lt;p&gt;From an existing program, you can create other programs, campaigns, workflows, and landing pages.&lt;/p&gt;&#xA;"
                   textIsRich="true"/>
         <note_3 jcr:primaryType="nt:unstructured"
                 sling:resourceType="help/components/article-3/note"
                 text="&lt;p&gt;&#xA;        Consider creating workflows directly within a campaign. If you create a workflow within a program, you will not be able to move it to a campaign afterwards.&#xA;      &lt;/p&gt;&#xA;"
                 textIsRich="true"
                 type="note"/>
         <text_218 jcr:primaryType="nt:unstructured"
                   sling:resourceType="help/components/article-3/text"
                   text="&lt;p&gt;Programs and campaigns are presented in the &#xA;&#x9;&#x9;&#x9;&#x9;&#x9;&#xA;&lt;a href=&#34;/content/help/en/campaign/standard/start/using/programs-and-campaigns.html&#34; target=&#34;_blank&#34;&gt;Programs and campaigns&lt;/a&gt; section.&lt;/p&gt;&#xA;"
                   textIsRich="true"/>
         <procedure_3_10 jcr:primaryType="nt:unstructured"
                         sling:resourceType="help/components/procedure">
            <proc_par jcr:primaryType="nt:unstructured"
                      sling:resourceType="help/components/procedure/proc_parsys">
               <step_105_0 jcr:primaryType="nt:unstructured" sling:resourceType="help/components/step">
                  <step_par jcr:primaryType="nt:unstructured"
                            sling:resourceType="help/components/procedure/step_parsys">
                     <text_219 jcr:primaryType="nt:unstructured"
                               sling:resourceType="help/components/article-3/text"
                               text="&lt;p&gt;In the dashboard of a program or a campaign, create a new marketing activity using the &#xA;&lt;span class=&#34;uicontrol&#34;&gt;Create&lt;/span&gt;&#xA; button.&lt;/p&gt;&#xA;"
                               textIsRich="true"/>
                     <image_23 jcr:primaryType="nt:unstructured"
                               sling:resourceType="help/components/article-3/image"
                               jcr:title=""
                               alt=""
                               captionBottom=""
                               fileName="marketing_activiy_creation_1.png"
                               originalFileName="images/en/marketing_activiy_creation_1.png"
                               fileReference="/content/dam/help/en/campaign/standard/marketing_activiy_creation_1.png"
                               imageRotate="0"
                               originalHeight=""
                               originalWidth=""
                               scaleOption="toTemplate"
                               status="legacy"/>
                  </step_par>
               </step_105_0>
               <step_106_0 jcr:primaryType="nt:unstructured" sling:resourceType="help/components/step">
                  <step_par jcr:primaryType="nt:unstructured"
                            sling:resourceType="help/components/procedure/step_parsys">
                     <text_220 jcr:primaryType="nt:unstructured"
                               sling:resourceType="help/components/article-3/text"
                               text="&lt;p&gt;Select the type of activity that you want to create.&lt;/p&gt;&#xA;"
                               textIsRich="true"/>
                     <image_24 jcr:primaryType="nt:unstructured"
                               sling:resourceType="help/components/article-3/image"
                               jcr:title=""
                               alt=""
                               captionBottom=""
                               fileName="marketing_activiy_creation_2.png"
                               originalFileName="images/en/marketing_activiy_creation_2.png"
                               fileReference="/content/dam/help/en/campaign/standard/marketing_activiy_creation_2.png"
                               imageRotate="0"
                               originalHeight=""
                               originalWidth=""
                               scaleOption="toTemplate"
                               status="legacy"/>
                  </step_par>
               </step_106_0>
            </proc_par>
         </procedure_3_10>
         <text_221 jcr:primaryType="nt:unstructured"
                   sling:resourceType="help/components/article-3/text"
                   text="&lt;p&gt;According to the context, you can:&lt;/p&gt;&#xA;"
                   textIsRich="true"/>
         <procedure_20 jcr:primaryType="nt:unstructured"
                       sling:resourceType="help/components/procedure"
                       isBulleted="true">
            <proc_par jcr:primaryType="nt:unstructured"
                      sling:resourceType="help/components/procedure/proc_parsys">
               <step_107_20 jcr:primaryType="nt:unstructured" sling:resourceType="help/components/step">
                  <step_par jcr:primaryType="nt:unstructured"
                            sling:resourceType="help/components/procedure/step_parsys">
                     <text_222 jcr:primaryType="nt:unstructured"
                               sling:resourceType="help/components/article-3/text"
                               text="&lt;p&gt;&#xA;&#x9;&#x9;&#x9;&#x9;&#x9;&#x9;&#x9;&#x9;&#x9;&#x9;&#x9;&#xA;&#x9;&#x9;&#x9;&#x9;&#x9;&#x9;&#x9;&lt;a href=&#34;/content/help/en/campaign/standard/channels/using/creating-an-email.html&#34;&gt;Create an email&lt;/a&gt;&lt;/p&gt;&#xA;"
                               textIsRich="true"/>
                  </step_par>
               </step_107_20>
               <step_108_20 jcr:primaryType="nt:unstructured" sling:resourceType="help/components/step">
                  <step_par jcr:primaryType="nt:unstructured"
                            sling:resourceType="help/components/procedure/step_parsys">
                     <text_223 jcr:primaryType="nt:unstructured"
                               sling:resourceType="help/components/article-3/text"
                               text="&lt;p&gt;&#xA;&#x9;&#x9;&#x9;&#x9;&#x9;&#x9;&#x9;&#x9;&#x9;&#x9;&#x9;&#xA;&#x9;&#x9;&#x9;&#x9;&#x9;&#x9;&#x9;&lt;a href=&#34;/content/help/en/campaign/standard/channels/using/creating-an-sms-message.html&#34;&gt;Create an SMS&lt;/a&gt;&lt;/p&gt;&#xA;"
                               textIsRich="true"/>
                  </step_par>
               </step_108_20>
               <step_109_20 jcr:primaryType="nt:unstructured" sling:resourceType="help/components/step">
                  <step_par jcr:primaryType="nt:unstructured"
                            sling:resourceType="help/components/procedure/step_parsys">
                     <text_224 jcr:primaryType="nt:unstructured"
                               sling:resourceType="help/components/article-3/text"
                               text="&lt;p&gt;&#xA;&#x9;&#x9;&#x9;&#x9;&#x9;&#x9;&#x9;&#x9;&#x9;&#x9;&#x9;&#xA;&#x9;&#x9;&#x9;&#x9;&#x9;&#x9;&#x9;&lt;a href=&#34;/content/help/en/campaign/standard/channels/using/preparing-and-sending-a-push-notification.html&#34;&gt;Create a push notification&lt;/a&gt;&lt;/p&gt;&#xA;"
                               textIsRich="true"/>
                  </step_par>
               </step_109_20>
               <step_110_20 jcr:primaryType="nt:unstructured" sling:resourceType="help/components/step">
                  <step_par jcr:primaryType="nt:unstructured"
                            sling:resourceType="help/components/procedure/step_parsys">
                     <text_225 jcr:primaryType="nt:unstructured"
                               sling:resourceType="help/components/article-3/text"
                               text="&lt;p&gt;&#xA;&#x9;&#x9;&#x9;&#x9;&#x9;&#x9;&#x9;&#x9;&#x9;&#x9;&#x9;&#xA;&#x9;&#x9;&#x9;&#x9;&#x9;&#x9;&#x9;&lt;a href=&#34;/content/help/en/campaign/standard/automating/using/building-a-workflow.html#creating-a-workflow&#34;&gt;Create a workflow&lt;/a&gt;&lt;/p&gt;&#xA;"
                               textIsRich="true"/>
                  </step_par>
               </step_110_20>
               <step_111_20 jcr:primaryType="nt:unstructured" sling:resourceType="help/components/step">
                  <step_par jcr:primaryType="nt:unstructured"
                            sling:resourceType="help/components/procedure/step_parsys">
                     <text_226 jcr:primaryType="nt:unstructured"
                               sling:resourceType="help/components/article-3/text"
                               text="&lt;p&gt;&#xA;&#x9;&#x9;&#x9;&#x9;&#x9;&#x9;&#x9;&#x9;&#x9;&#x9;&#x9;&#xA;&#x9;&#x9;&#x9;&#x9;&#x9;&#x9;&#x9;&lt;a href=&#34;/content/help/en/campaign/standard/channels/using/about-landing-pages.html&#34;&gt;Create a landing page&lt;/a&gt;&lt;/p&gt;&#xA;"
                               textIsRich="true"/>
                  </step_par>
               </step_111_20>
               <step_112_20 jcr:primaryType="nt:unstructured" sling:resourceType="help/components/step">
                  <step_par jcr:primaryType="nt:unstructured"
                            sling:resourceType="help/components/procedure/step_parsys">
                     <text_227 jcr:primaryType="nt:unstructured"
                               sling:resourceType="help/components/article-3/text"
                               text="&lt;p&gt;&#xA;&#x9;&#x9;&#x9;&#x9;&#x9;&#x9;&#x9;&#x9;&#x9;&#x9;&#x9;&#xA;&#x9;&#x9;&#x9;&#x9;&#x9;&#x9;&#x9;&lt;a href=&#34;/content/help/en/campaign/standard/start/using/programs-and-campaigns.html#creating-a-campaign&#34;&gt;Create a campaign&lt;/a&gt;&lt;/p&gt;&#xA;"
                               textIsRich="true"/>
                  </step_par>
               </step_112_20>
               <step_113_20 jcr:primaryType="nt:unstructured" sling:resourceType="help/components/step">
                  <step_par jcr:primaryType="nt:unstructured"
                            sling:resourceType="help/components/procedure/step_parsys">
                     <text_228 jcr:primaryType="nt:unstructured"
                               sling:resourceType="help/components/article-3/text"
                               text="&lt;p&gt;&#xA;&#x9;&#x9;&#x9;&#x9;&#x9;&#x9;&#x9;&#x9;&#x9;&#x9;&#x9;&#xA;&#x9;&#x9;&#x9;&#x9;&#x9;&#x9;&#x9;&lt;a href=&#34;/content/help/en/campaign/standard/start/using/programs-and-campaigns.html#creating-a-program&#34;&gt;Create a program&lt;/a&gt;&lt;/p&gt;&#xA;"
                               textIsRich="true"/>
                  </step_par>
               </step_113_20>
            </proc_par>
         </procedure_20>
         <note_4 jcr:primaryType="nt:unstructured"
                 sling:resourceType="help/components/article-3/note"
                 text="&lt;p&gt;&#xA;        You can also create a marketing activity from the marketing activity list. In this case, you can create any type of activity. You can choose to link the marketing activity to a parent campaign (or to a parent program if you create a program) via the activity's properties.&#xA;      &lt;/p&gt;&#xA;"
                 textIsRich="true"
                 type="note"/>
    
      </main-pars>
      <hero jcr:primaryType="nt:unstructured"
            sling:resourceType="foundation/components/image"/>
      <thumbnail jcr:primaryType="nt:unstructured"
                 sling:resourceType="foundation/components/image"/>
      <publisherLogo jcr:primaryType="nt:unstructured"
                     sling:resourceType="foundation/components/image"/>
   </jcr:content>
</jcr:root>