<?xml version="1.0" encoding="UTF-8"?>
<jcr:root xmlns:nt="http://www.jcp.org/jcr/nt/1.0" xmlns:json="http://json.org/"
          xmlns:sling="http://sling.apache.org/jcr/sling/1.0"
          xmlns:cq="http://www.day.com/jcr/cq/1.0"
          xmlns:jcr="http://www.jcp.org/jcr/1.0"
          xmlns:mix="http://www.jcp.org/jcr/mix/1.0"
          jcr:primaryType="cq:Page">
   <jcr:content navTitle="Step-by-step guides" jcr:primaryType="cq:PageContent"
                sling:resourceType="help/components/pages/article-3"
                heroGradient="light"
                jcr:language="en_us"
                cq:designPath="/etc/designs/help"
                cq:template="/apps/help/templates/article-3"
                jcr:mixinTypes="[mix:versionable]"
                jcr:title="Step-by-step guides"
                jcr:description="Step-by-step guides"
                seoDescription="Learn Adobe Campaign basics through simple step-by-step procedures, and experience the power of the solution."
                primaryProductTag="[products:SG_CAMPAIGN/STANDARD]"
                cq:tags="[products:SG_CAMPAIGN/STANDARD,audience:start,content_type:reference,topic_tags:tutorials]"
                primaryAudienceTag="[audience:start]"
                contentOwner="sauviat"
                isReadyForLocalization="true"
                publishExternalDate="2019-01-09">
      <main-pars jcr:primaryType="nt:unstructured"
                 sling:resourceType="foundation/components/parsys">
        
        
            
        
        <text_313 jcr:primaryType="nt:unstructured"
                   sling:resourceType="help/components/article-3/text"
                   text="&lt;p&gt;Get started with Adobe Campaign by consulting our intuitive step-by-step guides.&lt;/p&gt;&#xA;"
                   textIsRich="true"/>
        <procedure_26 jcr:primaryType="nt:unstructured"
                       sling:resourceType="help/components/procedure"
                       isBulleted="true">
            <proc_par jcr:primaryType="nt:unstructured"
                      sling:resourceType="help/components/procedure/proc_parsys">
               <step_147_26 jcr:primaryType="nt:unstructured" sling:resourceType="help/components/step">
                  <step_par jcr:primaryType="nt:unstructured"
                            sling:resourceType="help/components/procedure/step_parsys">
                     <text_314 jcr:primaryType="nt:unstructured"
                               sling:resourceType="help/components/article-3/text"
                               text="&lt;p&gt;&#xA;&lt;a href=&#34;https://docs.campaign.adobe.com/doc/standard/getting_started/en/ACS_GettingStartedEmail.html&#34;&gt;Creating a personalized email&lt;/a&gt;: create and send personalized emails to a targeted audience.&lt;/p&gt;&#xA;"
                               textIsRich="true"/>
                  </step_par>
               </step_147_26>
               <step_148_26 jcr:primaryType="nt:unstructured" sling:resourceType="help/components/step">
                  <step_par jcr:primaryType="nt:unstructured"
                            sling:resourceType="help/components/procedure/step_parsys">
                     <text_315 jcr:primaryType="nt:unstructured"
                               sling:resourceType="help/components/article-3/text"
                               text="&lt;p&gt;&#xA;&lt;a href=&#34;https://docs.campaign.adobe.com/doc/standard/getting_started/en/ACS_GettingStartedLandingPages.html&#34;&gt;Offering a subscription to a service&lt;/a&gt;: create a subscription to a newsletter using a landing page.&lt;/p&gt;&#xA;"
                               textIsRich="true"/>
                  </step_par>
               </step_148_26>
               <step_149_26 jcr:primaryType="nt:unstructured" sling:resourceType="help/components/step">
                  <step_par jcr:primaryType="nt:unstructured"
                            sling:resourceType="help/components/procedure/step_parsys">
                     <text_316 jcr:primaryType="nt:unstructured"
                               sling:resourceType="help/components/article-3/text"
                               text="&lt;p&gt;&#xA;&lt;a href=&#34;https://docs.campaign.adobe.com/doc/standard/getting_started/en/ACS_CreateLandingPage.html&#34;&gt;Creating a landing page&lt;/a&gt;: manage your landing page templates and create new landing pages that are ready for use.&lt;/p&gt;&#xA;"
                               textIsRich="true"/>
                  </step_par>
               </step_149_26>
               <step_150_26 jcr:primaryType="nt:unstructured" sling:resourceType="help/components/step">
                  <step_par jcr:primaryType="nt:unstructured"
                            sling:resourceType="help/components/procedure/step_parsys">
                     <text_317 jcr:primaryType="nt:unstructured"
                               sling:resourceType="help/components/article-3/text"
                               text="&lt;p&gt;&#xA;&lt;a href=&#34;https://docs.campaign.adobe.com/doc/standard/getting_started/en/ACS_ImportExport.html&#34;&gt;Exporting and importing a package of custom resources&lt;/a&gt;: export and import a package of custom resources from a development environment to a production environment.&lt;/p&gt;&#xA;"
                               textIsRich="true"/>
                  </step_par>
               </step_150_26>
               <step_151_26 jcr:primaryType="nt:unstructured" sling:resourceType="help/components/step">
                  <step_par jcr:primaryType="nt:unstructured"
                            sling:resourceType="help/components/procedure/step_parsys">
                     <text_318 jcr:primaryType="nt:unstructured"
                               sling:resourceType="help/components/article-3/text"
                               text="&lt;p&gt;&#xA;&lt;a href=&#34;https://docs.campaign.adobe.com/doc/standard/getting_started/en/ACS_WorkflowSegmentation.html&#34;&gt;Creating a cross-channel message workflow&lt;/a&gt;: create a workflow by segmenting a population to send an email delivery and an SMS delivery.&lt;/p&gt;&#xA;"
                               textIsRich="true"/>
                  </step_par>
               </step_151_26>
               <step_152_26 jcr:primaryType="nt:unstructured" sling:resourceType="help/components/step">
                  <step_par jcr:primaryType="nt:unstructured"
                            sling:resourceType="help/components/procedure/step_parsys">
                     <text_319 jcr:primaryType="nt:unstructured"
                               sling:resourceType="help/components/article-3/text"
                               text="&lt;p&gt;&#xA;&lt;a href=&#34;https://docs.campaign.adobe.com/doc/standard/getting_started/en/ACS_AEM.html&#34;&gt;Creating an email with Experience Manager and Campaign&lt;/a&gt;: create an email content in Adobe Experience Manager and use it in an email in Adobe Campaign Standard.&lt;/p&gt;&#xA;"
                               textIsRich="true"/>
                  </step_par>
               </step_152_26>
               <step_153_26 jcr:primaryType="nt:unstructured" sling:resourceType="help/components/step">
                  <step_par jcr:primaryType="nt:unstructured"
                            sling:resourceType="help/components/procedure/step_parsys">
                     <text_320 jcr:primaryType="nt:unstructured"
                               sling:resourceType="help/components/article-3/text"
                               text="&lt;p&gt;&#xA;&lt;a href=&#34;https://docs.campaign.adobe.com/doc/standard/getting_started/en/ACS_DeliveryBestPractices.html&#34;&gt;Delivering with Adobe Campaign&lt;/a&gt;: discover some of the best practices that can be used to deliver with Adobe Campaign, from creating and targeting to sending and monitoring.&lt;/p&gt;&#xA;"
                               textIsRich="true"/>
                  </step_par>
               </step_153_26>
               <step_154_26 jcr:primaryType="nt:unstructured" sling:resourceType="help/components/step">
                  <step_par jcr:primaryType="nt:unstructured"
                            sling:resourceType="help/components/procedure/step_parsys">
                     <text_321 jcr:primaryType="nt:unstructured"
                               sling:resourceType="help/components/article-3/text"
                               text="&lt;p&gt;&#xA;&lt;a href=&#34;https://docs.campaign.adobe.com/doc/standard/getting_started/en/ACS_Deliverability.html&#34;&gt;Optimizing your deliverability&lt;/a&gt;: learn the key concepts and best practices related to deliverability as well as the tools offered by Adobe Campaign to optimize your deliveries.&lt;/p&gt;&#xA;"
                               textIsRich="true"/>
                  </step_par>
               </step_154_26>
               <step_155_26 jcr:primaryType="nt:unstructured" sling:resourceType="help/components/step">
                  <step_par jcr:primaryType="nt:unstructured"
                            sling:resourceType="help/components/procedure/step_parsys">
                     <text_322 jcr:primaryType="nt:unstructured"
                               sling:resourceType="help/components/article-3/text"
                               text="&lt;p&gt;&#xA;&lt;a href=&#34;https://docs.campaign.adobe.com/doc/standard/getting_started/en/ACS_GDPR.html&#34;&gt;General Data Protection Regulation&lt;/a&gt;: discover the tools and functionalities that Adobe Campaign provides, as well as best practices, to help you become GDPR compliant.&lt;/p&gt;&#xA;"
                               textIsRich="true"/>
                  </step_par>
               </step_155_26>
            </proc_par>
         </procedure_26>
        <text_323 jcr:primaryType="nt:unstructured"
                   sling:resourceType="help/components/article-3/text"
                   text="&lt;p&gt;Learn more about Adobe Campaign by checking the following use cases and examples:&lt;/p&gt;&#xA;"
                   textIsRich="true"/>
        <procedure_27 jcr:primaryType="nt:unstructured"
                       sling:resourceType="help/components/procedure"
                       isBulleted="true">
            <proc_par jcr:primaryType="nt:unstructured"
                      sling:resourceType="help/components/procedure/proc_parsys">
               <step_156_27 jcr:primaryType="nt:unstructured" sling:resourceType="help/components/step">
                  <step_par jcr:primaryType="nt:unstructured"
                            sling:resourceType="help/components/procedure/step_parsys">
                     <text_324 jcr:primaryType="nt:unstructured"
                               sling:resourceType="help/components/article-3/text"
                               text="&lt;p&gt;&#xA;&#x9;&#x9;&#x9;&#x9;&#x9;&#x9;&#x9;&#x9;&#x9;&#x9;&#x9;&#xA;&#x9;&#x9;&#x9;&#x9;&#x9;&#x9;&#x9;&lt;a href=&#34;/content/help/en/campaign/standard/automating/using/importing-data.html#example--import-workflow-template&#34;&gt;Importing profiles&lt;/a&gt;: import new client profiles with a workflow to your Adobe Campaign instance to update your database and to send emails.&lt;/p&gt;&#xA;"
                               textIsRich="true"/>
                  </step_par>
               </step_156_27>
               <step_157_27 jcr:primaryType="nt:unstructured" sling:resourceType="help/components/step">
                  <step_par jcr:primaryType="nt:unstructured"
                            sling:resourceType="help/components/procedure/step_parsys">
                     <text_325 jcr:primaryType="nt:unstructured"
                               sling:resourceType="help/components/article-3/text"
                               text="&lt;p&gt;&#xA;&#x9;&#x9;&#x9;&#x9;&#x9;&#x9;&#x9;&#x9;&#x9;&#x9;&#x9;&#xA;&#x9;&#x9;&#x9;&#x9;&#x9;&#x9;&#x9;&lt;a href=&#34;/content/help/en/campaign/standard/channels/using/key-steps-to-send-a-message.html&#34;&gt;Key steps to send a message&lt;/a&gt;: learn how to create and send messages step by step.&lt;/p&gt;&#xA;"
                               textIsRich="true"/>
                  </step_par>
               </step_157_27>
               <step_158_27 jcr:primaryType="nt:unstructured" sling:resourceType="help/components/step">
                  <step_par jcr:primaryType="nt:unstructured"
                            sling:resourceType="help/components/procedure/step_parsys">
                     <text_326 jcr:primaryType="nt:unstructured"
                               sling:resourceType="help/components/article-3/text"
                               text="&lt;p&gt;&#xA;&#x9;&#x9;&#x9;&#x9;&#x9;&#x9;&#x9;&#x9;&#x9;&#x9;&#x9;&#xA;&#x9;&#x9;&#x9;&#x9;&#x9;&#x9;&#x9;&lt;a href=&#34;/content/help/en/campaign/standard/integrating/using/abandonment-triggers-use-cases.html&#34;&gt;Using Experience Cloud Triggers with Adobe Campaign&lt;/a&gt;: send personalized emails to your customers following specific behaviors that were tracked by Adobe Analytics on your website.&lt;/p&gt;&#xA;"
                               textIsRich="true"/>
                  </step_par>
               </step_158_27>
               <step_159_27 jcr:primaryType="nt:unstructured" sling:resourceType="help/components/step">
                  <step_par jcr:primaryType="nt:unstructured"
                            sling:resourceType="help/components/procedure/step_parsys">
                     <text_327 jcr:primaryType="nt:unstructured"
                               sling:resourceType="help/components/article-3/text"
                               text="&lt;p&gt;&#xA;&#x9;&#x9;&#x9;&#x9;&#x9;&#x9;&#x9;&#x9;&#x9;&#x9;&#x9;&#xA;&#x9;&#x9;&#x9;&#x9;&#x9;&#x9;&#x9;&lt;a href=&#34;/content/help/en/campaign/standard/developing/using/key-steps.html&#34;&gt;Adding or extending a resource&lt;/a&gt;: learn how to create new resources or extend existing ones.&lt;/p&gt;&#xA;"
                               textIsRich="true"/>
                  </step_par>
               </step_159_27>
               <step_160_27 jcr:primaryType="nt:unstructured" sling:resourceType="help/components/step">
                  <step_par jcr:primaryType="nt:unstructured"
                            sling:resourceType="help/components/procedure/step_parsys">
                     <text_328 jcr:primaryType="nt:unstructured"
                               sling:resourceType="help/components/article-3/text"
                               text="&lt;p&gt;&#xA;&#x9;&#x9;&#x9;&#x9;&#x9;&#x9;&#x9;&#x9;&#x9;&#x9;&#x9;&#xA;&#x9;&#x9;&#x9;&#x9;&#x9;&#x9;&#x9;&lt;a href=&#34;/content/help/en/campaign/standard/automating/using/importing-data.html#example--import-workflow-template&#34;&gt;Importing workflow template&lt;/a&gt;: use import template to regularly import files with the same structure.&lt;/p&gt;&#xA;"
                               textIsRich="true"/>
                  </step_par>
               </step_160_27>
               <step_161_27 jcr:primaryType="nt:unstructured" sling:resourceType="help/components/step">
                  <step_par jcr:primaryType="nt:unstructured"
                            sling:resourceType="help/components/procedure/step_parsys">
                     <text_329 jcr:primaryType="nt:unstructured"
                               sling:resourceType="help/components/article-3/text"
                               text="&lt;p&gt;&#xA;&#x9;&#x9;&#x9;&#x9;&#x9;&#x9;&#x9;&#x9;&#x9;&#x9;&#x9;&#xA;&#x9;&#x9;&#x9;&#x9;&#x9;&#x9;&#x9;&lt;a href=&#34;/content/help/en/campaign/standard/channels/using/setting-up-a-double-opt-in-process.html&#34;&gt;Setting up a double opt-in process&lt;/a&gt;: learn how to send an email linked to a landing page to confirm a customer's subscription.&lt;/p&gt;&#xA;"
                               textIsRich="true"/>
                  </step_par>
               </step_161_27>
               <step_162_27 jcr:primaryType="nt:unstructured" sling:resourceType="help/components/step">
                  <step_par jcr:primaryType="nt:unstructured"
                            sling:resourceType="help/components/procedure/step_parsys">
                     <text_330 jcr:primaryType="nt:unstructured"
                               sling:resourceType="help/components/article-3/text"
                               text="&lt;p&gt;&#xA;&#x9;&#x9;&#x9;&#x9;&#x9;&#x9;&#x9;&#x9;&#x9;&#x9;&#x9;&#xA;&#x9;&#x9;&#x9;&#x9;&#x9;&#x9;&#x9;&lt;a href=&#34;/content/help/en/campaign/standard/designing/using/example--email-personalization.html&#34;&gt;Personalize an email&lt;/a&gt;: personalize an email according to the customer's age.&lt;/p&gt;&#xA;"
                               textIsRich="true"/>
                  </step_par>
               </step_162_27>
            </proc_par>
         </procedure_27>
      </main-pars>
      <hero jcr:primaryType="nt:unstructured"
            sling:resourceType="foundation/components/image"/>
      <thumbnail jcr:primaryType="nt:unstructured"
                 sling:resourceType="foundation/components/image"/>
      <publisherLogo jcr:primaryType="nt:unstructured"
                     sling:resourceType="foundation/components/image"/>
   </jcr:content>
</jcr:root>