<?xml version="1.0" encoding="UTF-8"?>
<jcr:root xmlns:cq="http://www.day.com/jcr/cq/1.0" xmlns:jcr="http://www.jcp.org/jcr/1.0" xmlns:rep="internal"
    jcr:mixinTypes="[rep:AccessControllable]"
    jcr:primaryType="cq:Page">
    <tutorials-search/>
    <naga-test-page/>
    <jcr:content/>
    <velaro-chat/>
    <analytics-reference-master/>
    <internal-master/>
    <social-users-master/>
    <whatsnew-master/>
    <target-standard-premium-master/>
    <analytics-getting-started-master/>
    <analytics-marketing-channels-master/>
    <audience-manager-master/>
    <experience-manager-master/>
    <marketing-cloud-id-service-master/>
    <marketing-cloud-interface-master/>
    <mobile-services-users-master/>
    <contact/>
    <adobe-access/>
    <manage-account/>
    <acrobat/>
    <acrobat-com/>
    <reader/>
    <advertising-cloud/>
    <after-effects/>
    <air/>
    <analytics/>
    <analytics-cloud/>
    <animate/>
    <anywhere/>
    <creative-cloud-files/>
    <audience-manager/>
    <audition/>
    <behance/>
    <beta/>
    <bridge/>
    <brush-cc/>
    <business-catalyst/>
    <camera-raw/>
    <captivate/>
    <captivate-prime/>
    <capture/>
    <adobe-character-animator/>
    <coldfusion/>
    <color-cc/>
    <comp-cc/>
    <campaign/>
    <adobe-connect/>
    <content-server/>
    <contribute/>
    <cloud-manager/>
    <creative-cloud/>
    <creative-cloud-extract/>
    <createpdf/>
    <creative-suite/>
    <digital-editions/>
    <digital-publishing-solution/>
    <digital-publishing-suite/>
    <dimension/>
    <director/>
    <dmacc-internal/>
    <document-cloud/>
    <download-install/>
    <dreamweaver/>
    <drive/>
    <dtm/>
    <edge-animate/>
    <edge-code/>
    <edge-inspect/>
    <edge-reflow/>
    <edge-web-fonts/>
    <elearning-suite/>
    <elements-organizer/>
    <encore/>
    <enterprise/>
    <entp/>
    <sign-mobile/>
    <experience-cloud/>
    <experience-design/>
    <experience-manager/>
    <aem-forms/>
    <exportpdf/>
    <extendscript-toolkit/>
    <extension-builder/>
    <extension-manager/>
    <fill-sign/>
    <fireworks/>
    <flash-builder/>
    <flash-catalyst/>
    <flash-player/>
    <flash/>
    <flex/>
    <font-folio-type/>
    <formscentral/>
    <framemaker/>
    <framemaker-publishing-server/>
    <freehand/>
    <fuse/>
    <gaming-sdk/>
    <genuine/>
    <hue/>
    <ideas/>
    <illustrator/>
    <illustrator-draw/>
    <illustrator-line/>
    <incopy/>
    <indesign/>
    <insight/>
    <leanprint/>
    <learn/>
    <legal/>
    <lightroom/>
    <lightroom-cc/>
    <lightroom-mobile/>
    <lightroom-tv/>
    <marketing-cloud/>
    <marketing-cloud-core/>
    <media-encoder/>
    <media-optimizer/>
    <livecycle/>
    <adobe-media-server/>
    <mobile-apps/>
    <muse/>
    <pdf-pack/>
    <pdf-services/>
    <phonegap-build/>
    <photography/>
    <photoshop/>
    <photoshop-elements/>
    <photoshop-elements-editor/>
    <photoshop-express/>
    <photoshop-fix/>
    <photoshop-mix/>
    <photoshop-sketch/>
    <photoshop-touch/>
    <playpanel/>
    <portfolio/>
    <prelude/>
    <prelude-live-logger/>
    <premiere-clip/>
    <premiere-elements/>
    <premiere-elements-editor/>
    <premiere-elements-quick-editor/>
    <premiere-pro/>
    <presenter/>
    <presenter-video-express/>
    <adobe-preview/>
    <primetime/>
    <revel/>
    <robohelp/>
    <robohelp-server/>
    <scan-app/>
    <scout/>
    <adobe-shape-cc/>
    <adobe-slate/>
    <security/>
    <send-track/>
    <server-status/>
    <sign/>
    <social/>
    <spark/>
    <stock/>
    <story/>
    <support/>
    <target/>
    <tech-comm-suite/>
    <learning/>
    <typekit/>
    <validator/>
    <adobe-voice/>
    <xd/>
    <x-productkb/>
    <internal/>
    <legacy/>
    <_x0035_00/>
    <qe/>
    <qe-upgrade/>
    <chl-internal/>
    <editorial-examples/>
    <production/>
    <wip/>
    <_x0034_10/>
    <search-internal/>
    <search/>
    <sitemap-ccl/>
    <sitemap---adobe-analytics/>
    <ink-and-slide/>
    <shockwave/>
    <agsamtoolslauncher/>
    <sitemap-cs/>
    <gsoc-internal/>
    <golee-test/>
    <photoshop_food_industry/>
    <chat-registration/>
    <chat-registration1/>
    <chat-console/>
    <chat-adobe-id/>
    <ccx/>
    <wb-test/>
    <utilities/>
    <support-test/>
    <_x0034_04/>
    <speedgrade/>
    <sophia/>
    <sitemap/>
    <sitemap-ts/>
    <sitemap---topics-pages-with-broad-queries/>
    <sitemap-kb/>
    <sitemap-internal/>
    <sitemap-internal-pdf/>
    <sitemap-internal-coveo/>
    <sitemap-help/>
    <team-projects/>
    <contact-velaro/>
    <cmiqueo/>
    <rep:policy/>
    <testpageforMoreLikeThis/>
    <experience-cloud-core-services/>
    <experience-cloud-mobile/>
    <livefyre/>
</jcr:root>
