<?xml version="1.0" encoding="UTF-8"?>
<jcr:root xmlns:nt="http://www.jcp.org/jcr/nt/1.0" xmlns:json="http://json.org/"
          xmlns:sling="http://sling.apache.org/jcr/sling/1.0"
          xmlns:cq="http://www.day.com/jcr/cq/1.0"
          xmlns:jcr="http://www.jcp.org/jcr/1.0"
          xmlns:mix="http://www.jcp.org/jcr/mix/1.0"
          jcr:primaryType="cq:Page">
   <jcr:content navTitle="Building a workflow" jcr:primaryType="cq:PageContent"
                sling:resourceType="help/components/pages/article-3"
                heroGradient="light"
                jcr:language="en_us"
                cq:designPath="/etc/designs/help"
                cq:template="/apps/help/templates/article-3"
                jcr:mixinTypes="[mix:versionable]"
                jcr:title="Building a workflow"
                jcr:description="Building a workflow"
                seoDescription="This section details the main principles and best practices for creating a new workflow."
                primaryProductTag="[products:SG_CAMPAIGN/STANDARD]"
                cq:tags="[products:SG_CAMPAIGN/STANDARD,audience:automating,content_type:reference,topic_tags:workflow-general-operation]"
                primaryAudienceTag="[audience:automating]"
                contentOwner="sauviat"
                isReadyForLocalization="true"
                publishExternalDate="2018-09-04">
      <main-pars jcr:primaryType="nt:unstructured"
                 sling:resourceType="foundation/components/parsys">
        
        
            
        
        <text_152 jcr:primaryType="nt:unstructured"
                   sling:resourceType="help/components/article-3/text"
                   text="&lt;p&gt;This section details the main principles and best practices for creating a new workflow:&lt;/p&gt;&#xA;"
                   textIsRich="true"/>
        <procedure_6 jcr:primaryType="nt:unstructured"
                      sling:resourceType="help/components/procedure"
                      isBulleted="true">
            <proc_par jcr:primaryType="nt:unstructured"
                      sling:resourceType="help/components/procedure/proc_parsys">
               <step_21_6 jcr:primaryType="nt:unstructured" sling:resourceType="help/components/step">
                  <step_par jcr:primaryType="nt:unstructured"
                            sling:resourceType="help/components/procedure/step_parsys">
                     <text_153 jcr:primaryType="nt:unstructured"
                               sling:resourceType="help/components/article-3/text"
                               text="&lt;p&gt;Creating a workflow.&lt;/p&gt;&#xA;"
                               textIsRich="true"/>
                  </step_par>
               </step_21_6>
               <step_22_6 jcr:primaryType="nt:unstructured" sling:resourceType="help/components/step">
                  <step_par jcr:primaryType="nt:unstructured"
                            sling:resourceType="help/components/procedure/step_parsys">
                     <text_154 jcr:primaryType="nt:unstructured"
                               sling:resourceType="help/components/article-3/text"
                               text="&lt;p&gt;Adding and linking activities.&lt;/p&gt;&#xA;"
                               textIsRich="true"/>
                  </step_par>
               </step_22_6>
               <step_23_6 jcr:primaryType="nt:unstructured" sling:resourceType="help/components/step">
                  <step_par jcr:primaryType="nt:unstructured"
                            sling:resourceType="help/components/procedure/step_parsys">
                     <text_155 jcr:primaryType="nt:unstructured"
                               sling:resourceType="help/components/article-3/text"
                               text="&lt;p&gt;Configuring activities.&lt;/p&gt;&#xA;"
                               textIsRich="true"/>
                  </step_par>
               </step_23_6>
            </proc_par>
         </procedure_6>
        
            
            <header_12 jcr:primaryType="nt:unstructured" sling:resourceType="help/components/header"
                    id="creating-a-workflow"
                    level="2"
                    text="&lt;p&gt;Creating a workflow&lt;/p&gt;&#xA;"
                    textIsRich="'true'"/>
            <text_156 jcr:primaryType="nt:unstructured"
                   sling:resourceType="help/components/article-3/text"
                   text="&lt;p&gt;You can create a workflow from a program, a campaign, or the marketing activity list.&lt;/p&gt;&#xA;"
                   textIsRich="true"/>
            <text_157 jcr:primaryType="nt:unstructured"
                   sling:resourceType="help/components/article-3/text"
                   text="&lt;p&gt;Creating a marketing activity is detailed in the &#xA;&#x9;&#x9;&#x9;&#x9;&#x9;&#x9;&#x9;&#x9;&#x9;&#x9;&#x9;&#xA;&#x9;&#x9;&#x9;&#x9;&#x9;&#x9;&#x9;&lt;a href=&#34;/content/help/en/campaign/standard/start/using/marketing-activities.html#creating-a-marketing-activity&#34;&gt;Creating marketing activities&lt;/a&gt; section.&lt;/p&gt;&#xA;"
                   textIsRich="true"/>
            <procedure_0_10 jcr:primaryType="nt:unstructured"
                         sling:resourceType="help/components/procedure">
            <proc_par jcr:primaryType="nt:unstructured"
                      sling:resourceType="help/components/procedure/proc_parsys">
                <step_24_0 jcr:primaryType="nt:unstructured" sling:resourceType="help/components/step">
                  <step_par jcr:primaryType="nt:unstructured"
                            sling:resourceType="help/components/procedure/step_parsys">
                    <text_158 jcr:primaryType="nt:unstructured"
                               sling:resourceType="help/components/article-3/text"
                               text="&lt;p&gt;Once you have started creating a workflow type marketing activity, select the template you want to use.&lt;/p&gt;&#xA;"
                               textIsRich="true"/>
                    <image_4 jcr:primaryType="nt:unstructured"
                              sling:resourceType="help/components/article-3/image"
                              jcr:title=""
                              alt=""
                              captionBottom=""
                              fileName="workflow_creation_1.png"
                              originalFileName="images/en/workflow_creation_1.png"
                              fileReference="/content/dam/help/en/campaign/standard/workflow_creation_1.png"
                              imageRotate="0"
                              originalHeight=""
                              originalWidth=""
                              scaleOption="toTemplate"
                              status="legacy"/>
                    <note_0 jcr:primaryType="nt:unstructured"
                             sling:resourceType="help/components/article-3/note"
                             text="&lt;p&gt;&#xA;                        Each marketing activity offers several types by default. These allow you to preconfigure certain parameters according to your needs. For more information, refer to the &#xA;&#x9;&#x9;&#x9;&#x9;&#x9;&#x9;&#x9;&#x9;&#x9;&#x9;&#x9;&#xA;&#x9;&#x9;&#x9;&#x9;&#x9;&#x9;&#x9;&lt;a href=&#34;/content/help/en/campaign/standard/start/using/about-templates.html&#34;&gt;Managing templates&lt;/a&gt; section.&#xA;                    &lt;/p&gt;&#xA;"
                             textIsRich="true"
                             type="note"/>
                  </step_par>
               </step_24_0>
                <step_25_0 jcr:primaryType="nt:unstructured" sling:resourceType="help/components/step">
                  <step_par jcr:primaryType="nt:unstructured"
                            sling:resourceType="help/components/procedure/step_parsys">
                    <text_160 jcr:primaryType="nt:unstructured"
                               sling:resourceType="help/components/article-3/text"
                               text="&lt;p&gt;Enter the general properties of the workflow.&lt;/p&gt;&#xA;"
                               textIsRich="true"/>
                    <image_5 jcr:primaryType="nt:unstructured"
                              sling:resourceType="help/components/article-3/image"
                              jcr:title=""
                              alt=""
                              captionBottom=""
                              fileName="workflow_creation_2.png"
                              originalFileName="images/en/workflow_creation_2.png"
                              fileReference="/content/dam/help/en/campaign/standard/workflow_creation_2.png"
                              imageRotate="0"
                              originalHeight=""
                              originalWidth=""
                              scaleOption="toTemplate"
                              status="legacy"/>
                    <text_161 jcr:primaryType="nt:unstructured"
                               sling:resourceType="help/components/article-3/text"
                               text="&lt;p&gt;You can enter a name in the &lt;strong&gt;Label&lt;/strong&gt; field and modify the ID. The activity name and its ID appear in the interface, but these are not visible by the message recipients.&lt;/p&gt;&#xA;"
                               textIsRich="true"/>
                    <note_1 jcr:primaryType="nt:unstructured"
                             sling:resourceType="help/components/article-3/note"
                             text="&lt;p&gt;&#xA;                        You can create your workflow within a parent campaign from the list of marketing activities. You can link this workflow to a campaign by selecting one that has already been created.&#xA;                    &lt;/p&gt;&#xA;"
                             textIsRich="true"
                             type="note"/>
                    <text_163 jcr:primaryType="nt:unstructured"
                               sling:resourceType="help/components/article-3/text"
                               text="&lt;p&gt;You can add a description that the user can see in the campaign content.&lt;/p&gt;&#xA;"
                               textIsRich="true"/>
                    <text_164 jcr:primaryType="nt:unstructured"
                               sling:resourceType="help/components/article-3/text"
                               text="&lt;p&gt;Because it makes them easier to find and troubleshoot if they are not performing in the expected ways, Adobe recommends to give your workflows proper names and labels: fill in the workflow's description field to summarize the process to be performed so that the operator can easily understand it.&lt;/p&gt;&#xA;"
                               textIsRich="true"/>
                  </step_par>
               </step_25_0>
                <step_26_0 jcr:primaryType="nt:unstructured" sling:resourceType="help/components/step">
                  <step_par jcr:primaryType="nt:unstructured"
                            sling:resourceType="help/components/procedure/step_parsys">
                    <text_165 jcr:primaryType="nt:unstructured"
                               sling:resourceType="help/components/article-3/text"
                               text="&lt;p&gt;Confirm creating the activity and the dashboard for that activity will then be displayed. For more on this, refer to the &#xA;&#x9;&#x9;&#x9;&#x9;&#x9;&#x9;&#x9;&#x9;&#x9;&#x9;&#x9;&#xA;&#x9;&#x9;&#x9;&#x9;&#x9;&#x9;&#x9;&lt;a href=&#34;/content/help/en/campaign/standard/automating/using/workflow-interface.html&#34;&gt;Workflow interface&lt;/a&gt; section.&lt;/p&gt;&#xA;"
                               textIsRich="true"/>
                  </step_par>
               </step_26_0>
            </proc_par>
         </procedure_0_10>
         <text_166 jcr:primaryType="nt:unstructured"
                   sling:resourceType="help/components/article-3/text"
                   text="&lt;p&gt;&lt;strong&gt;Related topic:&lt;/strong&gt;&lt;/p&gt;&#xA;"
                   textIsRich="true"/>
            <text_167 jcr:primaryType="nt:unstructured"
                   sling:resourceType="help/components/article-3/text"
                   text="&lt;p&gt;&#xA;&lt;a href=&#34;https://docs.campaign.adobe.com/doc/standard/en/Videos/workflow_creation.mp4&#34;&gt;Creating a workflow&lt;/a&gt; video&lt;/p&gt;&#xA;"
                   textIsRich="true"/>
        
        
            <header_13 jcr:primaryType="nt:unstructured" sling:resourceType="help/components/header"
                    id="adding-and-linking-activities"
                    level="2"
                    text="&lt;p&gt;Adding and linking activities&lt;/p&gt;&#xA;"
                    textIsRich="'true'"/>
            <text_168 jcr:primaryType="nt:unstructured"
                   sling:resourceType="help/components/article-3/text"
                   text="&lt;p&gt;You must now define the various activities and link them together in the diagram.&lt;/p&gt;&#xA;"
                   textIsRich="true"/>
         <note_2 jcr:primaryType="nt:unstructured"
                 sling:resourceType="help/components/article-3/note"
                 text="&lt;p&gt;&#xA;        If the palette is not shown, click the first button of the toolbar to display it.&#xA;      &lt;/p&gt;&#xA;"
                 textIsRich="true"
                 type="note"/>
            <text_170 jcr:primaryType="nt:unstructured"
                   sling:resourceType="help/components/article-3/text"
                   text="&lt;p&gt;Activities are grouped by category inside the different sections of the palette. &lt;/p&gt;&#xA;"
                   textIsRich="true"/>
            <procedure_7 jcr:primaryType="nt:unstructured"
                      sling:resourceType="help/components/procedure"
                      isBulleted="true">
            <proc_par jcr:primaryType="nt:unstructured"
                      sling:resourceType="help/components/procedure/proc_parsys">
                <step_27_7 jcr:primaryType="nt:unstructured" sling:resourceType="help/components/step">
                  <step_par jcr:primaryType="nt:unstructured"
                            sling:resourceType="help/components/procedure/step_parsys">
                    <text_171 jcr:primaryType="nt:unstructured"
                               sling:resourceType="help/components/article-3/text"
                               text="&lt;p&gt;The first section contains targeting activities.&lt;/p&gt;&#xA;"
                               textIsRich="true"/>
                  </step_par>
               </step_27_7>
                <step_28_7 jcr:primaryType="nt:unstructured" sling:resourceType="help/components/step">
                  <step_par jcr:primaryType="nt:unstructured"
                            sling:resourceType="help/components/procedure/step_parsys">
                    <text_172 jcr:primaryType="nt:unstructured"
                               sling:resourceType="help/components/article-3/text"
                               text="&lt;p&gt;The second section contains the execution activities, which are mainly used for coordinating other activities.&lt;/p&gt;&#xA;"
                               textIsRich="true"/>
                  </step_par>
               </step_28_7>
                <step_29_7 jcr:primaryType="nt:unstructured" sling:resourceType="help/components/step">
                  <step_par jcr:primaryType="nt:unstructured"
                            sling:resourceType="help/components/procedure/step_parsys">
                    <text_173 jcr:primaryType="nt:unstructured"
                               sling:resourceType="help/components/article-3/text"
                               text="&lt;p&gt;The third section contains activities that can be used to send messages on different channels. Activities in this section can vary depending on the channels that are enabled on your instance.&lt;/p&gt;&#xA;"
                               textIsRich="true"/>
                  </step_par>
               </step_29_7>
                <step_30_7 jcr:primaryType="nt:unstructured" sling:resourceType="help/components/step">
                  <step_par jcr:primaryType="nt:unstructured"
                            sling:resourceType="help/components/procedure/step_parsys">
                    <text_174 jcr:primaryType="nt:unstructured"
                               sling:resourceType="help/components/article-3/text"
                               text="&lt;p&gt;The fourth section contains file manipulation and data management activities.&lt;/p&gt;&#xA;"
                               textIsRich="true"/>
                  </step_par>
               </step_30_7>
            </proc_par>
         </procedure_7>
            <text_175 jcr:primaryType="nt:unstructured"
                   sling:resourceType="help/components/article-3/text"
                   text="&lt;p&gt;To create the diagram:&lt;/p&gt;&#xA;"
                   textIsRich="true"/>
            <procedure_1_10 jcr:primaryType="nt:unstructured"
                         sling:resourceType="help/components/procedure">
            <proc_par jcr:primaryType="nt:unstructured"
                      sling:resourceType="help/components/procedure/proc_parsys">
                <step_31_0 jcr:primaryType="nt:unstructured" sling:resourceType="help/components/step">
                  <step_par jcr:primaryType="nt:unstructured"
                            sling:resourceType="help/components/procedure/step_parsys">
                    <text_176 jcr:primaryType="nt:unstructured"
                               sling:resourceType="help/components/article-3/text"
                               text="&lt;p&gt;Add an activity by dragging it from the palette and dropping it in the diagram.&lt;/p&gt;&#xA;"
                               textIsRich="true"/>
                    <text_177 jcr:primaryType="nt:unstructured"
                               sling:resourceType="help/components/article-3/text"
                               text="&lt;p&gt;For example, add a &lt;strong&gt;Start&lt;/strong&gt; activity and then an &lt;strong&gt;Email delivery&lt;/strong&gt; activity on the diagram.&lt;/p&gt;&#xA;"
                               textIsRich="true"/>
                  </step_par>
               </step_31_0>
                <step_32_0 jcr:primaryType="nt:unstructured" sling:resourceType="help/components/step">
                  <step_par jcr:primaryType="nt:unstructured"
                            sling:resourceType="help/components/procedure/step_parsys">
                    <text_178 jcr:primaryType="nt:unstructured"
                               sling:resourceType="help/components/article-3/text"
                               text="&lt;p&gt;Link the activities together by dragging the &lt;strong&gt;Start&lt;/strong&gt; activity transition and dropping it on to the &lt;strong&gt;Email delivery&lt;/strong&gt; activity.&lt;/p&gt;&#xA;"
                               textIsRich="true"/>
                    <note_3 jcr:primaryType="nt:unstructured"
                             sling:resourceType="help/components/article-3/note"
                             text="&lt;p&gt;&#xA;                        You can automatically link an activity to the previous one by placing the new activity at the end of the transition of the previous.&#xA;                    &lt;/p&gt;&#xA;"
                             textIsRich="true"
                             type="note"/>
                  </step_par>
               </step_32_0>
                <step_33_0 jcr:primaryType="nt:unstructured" sling:resourceType="help/components/step">
                  <step_par jcr:primaryType="nt:unstructured"
                            sling:resourceType="help/components/procedure/step_parsys">
                    <text_180 jcr:primaryType="nt:unstructured"
                               sling:resourceType="help/components/article-3/text"
                               text="&lt;p&gt;Add the activities you need and link them together to complete your workflow.&lt;/p&gt;&#xA;"
                               textIsRich="true"/>
                  </step_par>
               </step_33_0>
            </proc_par>
         </procedure_1_10>
        
        
            <header_14 jcr:primaryType="nt:unstructured" sling:resourceType="help/components/header"
                    id="configuring-activities"
                    level="2"
                    text="&lt;p&gt;Configuring activities&lt;/p&gt;&#xA;"
                    textIsRich="'true'"/>
            <text_181 jcr:primaryType="nt:unstructured"
                   sling:resourceType="help/components/article-3/text"
                   text="&lt;p&gt;By default, activities are not set and won't process the data correctly if they are not configured. Each activity contains several tabs to manage specific configurations and activity generic options such as outbound transitions, labels, etc.&lt;/p&gt;&#xA;"
                   textIsRich="true"/>
            <procedure_2_10 jcr:primaryType="nt:unstructured"
                         sling:resourceType="help/components/procedure">
            <proc_par jcr:primaryType="nt:unstructured"
                      sling:resourceType="help/components/procedure/proc_parsys">
                <step_34_0 jcr:primaryType="nt:unstructured" sling:resourceType="help/components/step">
                  <step_par jcr:primaryType="nt:unstructured"
                            sling:resourceType="help/components/procedure/step_parsys">
                    <text_182 jcr:primaryType="nt:unstructured"
                               sling:resourceType="help/components/article-3/text"
                               text="&lt;p&gt;Make sure all activities are correctly connected. Some activities require to detect the structure or nature of the incoming data to offer the correct configuration options.&lt;/p&gt;&#xA;"
                               textIsRich="true"/>
                  </step_par>
               </step_34_0>
                <step_35_0 jcr:primaryType="nt:unstructured" sling:resourceType="help/components/step">
                  <step_par jcr:primaryType="nt:unstructured"
                            sling:resourceType="help/components/procedure/step_parsys">
                    <text_183 jcr:primaryType="nt:unstructured"
                               sling:resourceType="help/components/article-3/text"
                               text="&lt;p&gt;Double-click an activity or select it and click the &lt;strong&gt;Edit&lt;/strong&gt; contextual action to open its configuration window.&lt;/p&gt;&#xA;"
                               textIsRich="true"/>
                  </step_par>
               </step_35_0>
                <step_36_0 jcr:primaryType="nt:unstructured" sling:resourceType="help/components/step">
                  <step_par jcr:primaryType="nt:unstructured"
                            sling:resourceType="help/components/procedure/step_parsys">
                    <text_184 jcr:primaryType="nt:unstructured"
                               sling:resourceType="help/components/article-3/text"
                               text="&lt;p&gt;Edit the label of the activity.&lt;/p&gt;&#xA;"
                               textIsRich="true"/>
                  </step_par>
               </step_36_0>
                <step_37_0 jcr:primaryType="nt:unstructured" sling:resourceType="help/components/step">
                  <step_par jcr:primaryType="nt:unstructured"
                            sling:resourceType="help/components/procedure/step_parsys">
                    <text_185 jcr:primaryType="nt:unstructured"
                               sling:resourceType="help/components/article-3/text"
                               text="&lt;p&gt;Define all different options that you need to process the data. Refer to the activity's specific section of this documentation to learn the possible options for each activity.&lt;/p&gt;&#xA;"
                               textIsRich="true"/>
                  </step_par>
               </step_37_0>
                <step_38_0 jcr:primaryType="nt:unstructured" sling:resourceType="help/components/step">
                  <step_par jcr:primaryType="nt:unstructured"
                            sling:resourceType="help/components/procedure/step_parsys">
                    <text_186 jcr:primaryType="nt:unstructured"
                               sling:resourceType="help/components/article-3/text"
                               text="&lt;p&gt;Save the activity and repeat these operations for each activity of the workflow.&lt;/p&gt;&#xA;"
                               textIsRich="true"/>
                  </step_par>
               </step_38_0>
                <step_39_0 jcr:primaryType="nt:unstructured" sling:resourceType="help/components/step">
                  <step_par jcr:primaryType="nt:unstructured"
                            sling:resourceType="help/components/procedure/step_parsys">
                    <text_187 jcr:primaryType="nt:unstructured"
                               sling:resourceType="help/components/article-3/text"
                               text="&lt;p&gt;Save the workflow.&lt;/p&gt;&#xA;"
                               textIsRich="true"/>
                  </step_par>
               </step_39_0>
            </proc_par>
         </procedure_2_10>
        
      </main-pars>
      <hero jcr:primaryType="nt:unstructured"
            sling:resourceType="foundation/components/image"/>
      <thumbnail jcr:primaryType="nt:unstructured"
                 sling:resourceType="foundation/components/image"/>
      <publisherLogo jcr:primaryType="nt:unstructured"
                     sling:resourceType="foundation/components/image"/>
   </jcr:content>
</jcr:root>