<?xml version="1.0" encoding="UTF-8"?>
<jcr:root xmlns:nt="http://www.jcp.org/jcr/nt/1.0" xmlns:json="http://json.org/"
          xmlns:sling="http://sling.apache.org/jcr/sling/1.0"
          xmlns:cq="http://www.day.com/jcr/cq/1.0"
          xmlns:jcr="http://www.jcp.org/jcr/1.0"
          xmlns:mix="http://www.jcp.org/jcr/mix/1.0"
          jcr:primaryType="cq:Page">
   <jcr:content navTitle="Direct mail delivery" jcr:primaryType="cq:PageContent"
                sling:resourceType="help/components/pages/article-3"
                heroGradient="light"
                jcr:language="en_us"
                cq:designPath="/etc/designs/help"
                cq:template="/apps/help/templates/article-3"
                jcr:mixinTypes="[mix:versionable]"
                jcr:title="Direct mail delivery"
                jcr:description="Direct mail delivery"
                seoDescription="The Direct mail delivery activity allows you to configure sending a single send direct mail or a recurring direct mail in a workflow."
                primaryProductTag="[products:SG_CAMPAIGN/STANDARD]"
                cq:tags="[products:SG_CAMPAIGN/STANDARD,audience:automating,content_type:reference,topic_tags:channel-activities]"
                primaryAudienceTag="[audience:automating]"
                contentOwner="sauviat"
                isReadyForLocalization="true"
                publishExternalDate="2018-09-04">
      <main-pars jcr:primaryType="nt:unstructured"
                 sling:resourceType="foundation/components/parsys">
        
        
        
            
        
        
            <header_169 jcr:primaryType="nt:unstructured" sling:resourceType="help/components/header"
                     id="description"
                     level="2"
                     text="&lt;p&gt;Description&lt;/p&gt;&#xA;"
                     textIsRich="'true'"/>
            <image_160 jcr:primaryType="nt:unstructured"
                    sling:resourceType="help/components/article-3/image"
                    jcr:title=""
                    alt=""
                    captionBottom=""
                    fileName="paper.png"
                    originalFileName="images/en/paper.png"
                    fileReference="/content/dam/help/en/campaign/standard/paper.png"
                    imageRotate="0"
                    originalHeight=""
                    originalWidth=""
                    scaleOption="toTemplate"
                    status="legacy"/>
            <image_161 jcr:primaryType="nt:unstructured"
                    sling:resourceType="help/components/article-3/image"
                    jcr:title=""
                    alt=""
                    captionBottom=""
                    fileName="recurrentPaper.png"
                    originalFileName="images/en/recurrentPaper.png"
                    fileReference="/content/dam/help/en/campaign/standard/recurrentPaper.png"
                    imageRotate="0"
                    originalHeight=""
                    originalWidth=""
                    scaleOption="toTemplate"
                    status="legacy"/>
            <text_1002 jcr:primaryType="nt:unstructured"
                    sling:resourceType="help/components/article-3/text"
                    text="&lt;p&gt;The &lt;strong&gt;Direct mail delivery&lt;/strong&gt; activity allows you to configure and prepare a file containing profile data that you want to use for a direct mail campaign. This can be a direct mail that is used just once, or it can be a &lt;strong&gt;recurring&lt;/strong&gt; direct mail.&lt;/p&gt;&#xA;"
                    textIsRich="true"/>
            <text_1003 jcr:primaryType="nt:unstructured"
                    sling:resourceType="help/components/article-3/text"
                    text="&lt;p&gt;Standard direct mails are sent once.&lt;/p&gt;&#xA;"
                    textIsRich="true"/>
            <text_1004 jcr:primaryType="nt:unstructured"
                    sling:resourceType="help/components/article-3/text"
                    text="&lt;p&gt;Recurring mails allow you to send the same direct mail multiple times to different targets over a defined period. You can aggregate the deliveries per period in order to get reports that correspond to your needs.&lt;/p&gt;&#xA;"
                    textIsRich="true"/>
        
        
            <header_170 jcr:primaryType="nt:unstructured" sling:resourceType="help/components/header"
                     id="context-of-use"
                     level="2"
                     text="&lt;p&gt;Context of use&lt;/p&gt;&#xA;"
                     textIsRich="'true'"/>
            <text_1005 jcr:primaryType="nt:unstructured"
                    sling:resourceType="help/components/article-3/text"
                    text="&lt;p&gt;The &lt;strong&gt;Direct mail delivery&lt;/strong&gt; activity is generally used to automate preparing a file that contains profile data. This file can then be sent to a partner/provider in charge of the mailing.&lt;/p&gt;&#xA;"
                    textIsRich="true"/>
            <text_1006 jcr:primaryType="nt:unstructured"
                    sling:resourceType="help/components/article-3/text"
                    text="&lt;p&gt;When linked to a scheduler, you can define recurring direct mails.&lt;/p&gt;&#xA;"
                    textIsRich="true"/>
            <text_1007 jcr:primaryType="nt:unstructured"
                    sling:resourceType="help/components/article-3/text"
                    text="&lt;p&gt;Direct mail recipients are defined upstream of the activity in the same workflow, via targeting activities such as queries, intersections, etc. Profiles whose mailing address is not specified are automatically excluded when the direct mail is prepared.&lt;/p&gt;&#xA;"
                    textIsRich="true"/>
            <text_1008 jcr:primaryType="nt:unstructured"
                    sling:resourceType="help/components/article-3/text"
                    text="&lt;p&gt;The message preparation is triggered according to the workflow execution parameters. From the message dashboard, you can select whether to request or not a manual confirmation to send the message (required by default). You can start the workflow manually or place a scheduler activity in the workflow to automate execution.&lt;/p&gt;&#xA;"
                    textIsRich="true"/>
        
        
            <header_171 jcr:primaryType="nt:unstructured" sling:resourceType="help/components/header"
                     id="configuration"
                     level="2"
                     text="&lt;p&gt;Configuration&lt;/p&gt;&#xA;"
                     textIsRich="'true'"/>
            <procedure_33_10 jcr:primaryType="nt:unstructured"
                          sling:resourceType="help/components/procedure">
            <proc_par jcr:primaryType="nt:unstructured"
                      sling:resourceType="help/components/procedure/proc_parsys">
                <step_444_0 jcr:primaryType="nt:unstructured" sling:resourceType="help/components/step">
                  <step_par jcr:primaryType="nt:unstructured"
                            sling:resourceType="help/components/procedure/step_parsys">
                    <text_1009 jcr:primaryType="nt:unstructured"
                                sling:resourceType="help/components/article-3/text"
                                text="&lt;p&gt;Drag and drop a &lt;strong&gt;Direct mail delivery&lt;/strong&gt; activity into your workflow.&lt;/p&gt;&#xA;"
                                textIsRich="true"/>
                  </step_par>
               </step_444_0>
                <step_445_0 jcr:primaryType="nt:unstructured" sling:resourceType="help/components/step">
                  <step_par jcr:primaryType="nt:unstructured"
                            sling:resourceType="help/components/procedure/step_parsys">
                    <text_1010 jcr:primaryType="nt:unstructured"
                                sling:resourceType="help/components/article-3/text"
                                text="&lt;p&gt;Select the activity, then open it using the &#xA;&#x9;&lt;img height=&#34;21px&#34; src=&#34;/content/dam/help/en/campaign/standard/edit_darkgrey-24px.png&#34; /&gt;&#xA;&#x9;&#xA; button from the quick actions that appear.&lt;/p&gt;&#xA;"
                                textIsRich="true"/>
                    <note_34 jcr:primaryType="nt:unstructured"
                              sling:resourceType="help/components/article-3/note"
                              text="&lt;p&gt;&#xA;                        You can access the general properties and advanced options of the activity (and not of the delivery itself) via the &#xA;&#x9;&lt;img height=&#34;21px&#34; src=&#34;/content/dam/help/en/campaign/standard/dlv_activity_params-24px.png&#34; /&gt;&#xA;&#x9;&#xA; button from the activity's quick actions. This button is specific to the channel activities.&#xA;                        The direct mail's properties can be accessed via the action bar in the direct mail dashboard.&#xA;                    &lt;/p&gt;&#xA;"
                              textIsRich="true"
                              type="note"/>
                  </step_par>
               </step_445_0>
                <step_446_0 jcr:primaryType="nt:unstructured" sling:resourceType="help/components/step">
                  <step_par jcr:primaryType="nt:unstructured"
                            sling:resourceType="help/components/procedure/step_parsys">
                    <text_1013 jcr:primaryType="nt:unstructured"
                                sling:resourceType="help/components/article-3/text"
                                text="&lt;p&gt;Select the direct mail send mode:&lt;/p&gt;&#xA;"
                                textIsRich="true"/>
                    <procedure_84 jcr:primaryType="nt:unstructured"
                                   sling:resourceType="help/components/procedure"
                                   isBulleted="true">
                        <proc_par jcr:primaryType="nt:unstructured"
                                  sling:resourceType="help/components/procedure/proc_parsys">
                           <step_446_84 jcr:primaryType="nt:unstructured" sling:resourceType="help/components/step">
                              <step_par jcr:primaryType="nt:unstructured"
                                        sling:resourceType="help/components/procedure/step_parsys">
                                 <text_1014 jcr:primaryType="nt:unstructured"
                                            sling:resourceType="help/components/article-3/text"
                                            text="&lt;p&gt;&lt;strong&gt;Direct mail&lt;/strong&gt;: the direct mail is sent a single time. You can specify here whether or not you would like to add an outbound transition to the activity. The different transition types are detailed in step 7 of this procedure.&lt;/p&gt;&#xA;"
                                            textIsRich="true"/>
                              </step_par>
                           </step_446_84>
                           <step_447_84 jcr:primaryType="nt:unstructured" sling:resourceType="help/components/step">
                              <step_par jcr:primaryType="nt:unstructured"
                                        sling:resourceType="help/components/procedure/step_parsys">
                                 <text_1015 jcr:primaryType="nt:unstructured"
                                            sling:resourceType="help/components/article-3/text"
                                            text="&lt;p&gt;&lt;strong&gt;Recurring direct mail&lt;/strong&gt;: the direct mail is sent several times, according to the frequency defined in a &lt;strong&gt;Scheduler&lt;/strong&gt; activity. Select the aggregation period of the sends. This allows you to regroup all the sends that occur during the defined period in one single direct mail that is also called &lt;strong&gt;Recurring execution&lt;/strong&gt; and can be accessed from the application's marketing activity list.&lt;/p&gt;&#xA;"
                                            textIsRich="true"/>
                                 <text_1016 jcr:primaryType="nt:unstructured"
                                            sling:resourceType="help/components/article-3/text"
                                            text="&lt;p&gt;For example, for a recurring birthday mail, that is processed daily, you can choose to aggregate the sends per month. This allows you to receive reports on your delivery on a monthly basis although the mail is processed every day.&lt;/p&gt;&#xA;"
                                            textIsRich="true"/>
                                 <note_35 jcr:primaryType="nt:unstructured"
                                          sling:resourceType="help/components/article-3/note"
                                          text="&lt;p&gt;&#xA;                                For recurring direct mails, a new file is generated at each execution of the workflow. The selected aggregation period has no impact on this behavior.&#xA;                            &lt;/p&gt;&#xA;"
                                          textIsRich="true"
                                          type="note"/>
                              </step_par>
                           </step_447_84>
                        </proc_par>
                     </procedure_84>
                  </step_par>
               </step_446_0>
                <step_449_0 jcr:primaryType="nt:unstructured" sling:resourceType="help/components/step">
                  <step_par jcr:primaryType="nt:unstructured"
                            sling:resourceType="help/components/procedure/step_parsys">
                    <text_1018 jcr:primaryType="nt:unstructured"
                                sling:resourceType="help/components/article-3/text"
                                text="&lt;p&gt;Select a direct mail type. The direct mail types come from templates defined in the &lt;strong&gt;Resources&lt;/strong&gt; &amp;gt; &lt;strong&gt;Templates&lt;/strong&gt; &amp;gt; &lt;strong&gt;Delivery templates&lt;/strong&gt; menu.&lt;/p&gt;&#xA;"
                                textIsRich="true"/>
                  </step_par>
               </step_449_0>
                
                <step_450_0 jcr:primaryType="nt:unstructured" sling:resourceType="help/components/step">
                  <step_par jcr:primaryType="nt:unstructured"
                            sling:resourceType="help/components/procedure/step_parsys">
                    <text_1019 jcr:primaryType="nt:unstructured"
                                sling:resourceType="help/components/article-3/text"
                                text="&lt;p&gt;Enter the general properties for the direct mail. You can also attach it to an existing campaign. The label of the workflow's delivery activity is updated with the direct mail label.&lt;/p&gt;&#xA;"
                                textIsRich="true"/>
                  </step_par>
               </step_450_0>
                <step_451_0 jcr:primaryType="nt:unstructured" sling:resourceType="help/components/step">
                  <step_par jcr:primaryType="nt:unstructured"
                            sling:resourceType="help/components/procedure/step_parsys">
                    <text_1020 jcr:primaryType="nt:unstructured"
                                sling:resourceType="help/components/article-3/text"
                                text="&lt;p&gt;Define the direct mail content. Refer to the section concerning &#xA;&#x9;&#x9;&#x9;&#x9;&#x9;&#x9;&#x9;&#x9;&#x9;&#x9;&#x9;&#xA;&#x9;&#x9;&#x9;&#x9;&#x9;&#x9;&#x9;&lt;a href=&#34;/content/help/en/campaign/standard/designing/using/about-email-content-design.html#using-the-email-content-editor&#34;&gt;content editing&lt;/a&gt;.&lt;/p&gt;&#xA;"
                                textIsRich="true"/>
                  </step_par>
               </step_451_0>
                <step_452_0 jcr:primaryType="nt:unstructured" sling:resourceType="help/components/step">
                  <step_par jcr:primaryType="nt:unstructured"
                            sling:resourceType="help/components/procedure/step_parsys">
                    <text_1021 jcr:primaryType="nt:unstructured"
                                sling:resourceType="help/components/article-3/text"
                                text="&lt;p&gt;By default, the &lt;strong&gt;Direct mail delivery&lt;/strong&gt; activity does not include any outbound transitions. If you would like to add an outbound transition to your &lt;strong&gt;Direct mail delivery&lt;/strong&gt; activity, go to the &lt;strong&gt;General&lt;/strong&gt; tab of the advanced activity options (&#xA;&#x9;&lt;img height=&#34;21px&#34; src=&#34;/content/dam/help/en/campaign/standard/dlv_activity_params-24px.png&#34; /&gt;&#xA;&#x9;&#xA; button in the activity's quick actions) then check one of the following options:&lt;/p&gt;&#xA;"
                                textIsRich="true"/>
                    <procedure_85 jcr:primaryType="nt:unstructured"
                                   sling:resourceType="help/components/procedure"
                                   isBulleted="true">
                        <proc_par jcr:primaryType="nt:unstructured"
                                  sling:resourceType="help/components/procedure/proc_parsys">
                           <step_452_85 jcr:primaryType="nt:unstructured" sling:resourceType="help/components/step">
                              <step_par jcr:primaryType="nt:unstructured"
                                        sling:resourceType="help/components/procedure/step_parsys">
                                 <text_1022 jcr:primaryType="nt:unstructured"
                                            sling:resourceType="help/components/article-3/text"
                                            text="&lt;p&gt;&lt;strong&gt;Add outbound transition without the population&lt;/strong&gt;: this lets you generate an outbound transition that contains the exact same population as the inbound transition. This transition contains the file generated by the direct mail activity and the raw population that was received by the direct mail activity.&lt;/p&gt;&#xA;"
                                            textIsRich="true"/>
                              </step_par>
                           </step_452_85>
                           <step_453_85 jcr:primaryType="nt:unstructured" sling:resourceType="help/components/step">
                              <step_par jcr:primaryType="nt:unstructured"
                                        sling:resourceType="help/components/procedure/step_parsys">
                                 <text_1023 jcr:primaryType="nt:unstructured"
                                            sling:resourceType="help/components/article-3/text"
                                            text="&lt;p&gt;&lt;strong&gt;Add outbound transition with the population&lt;/strong&gt;: this lets you generate an outbound transition containing the population to whom the direct mail will be sent. The members of the target excluded during the direct mail preparation (quarantine, invalid address, etc.) are excluded from this transition. The transition also contains the file generated by the direct mail.&lt;/p&gt;&#xA;"
                                            textIsRich="true"/>
                              </step_par>
                           </step_453_85>
                        </proc_par>
                     </procedure_85>
                  </step_par>
               </step_452_0>
                <step_455_0 jcr:primaryType="nt:unstructured" sling:resourceType="help/components/step">
                  <step_par jcr:primaryType="nt:unstructured"
                            sling:resourceType="help/components/procedure/step_parsys">
                    <text_1024 jcr:primaryType="nt:unstructured"
                                sling:resourceType="help/components/article-3/text"
                                text="&lt;p&gt;Confirm the configuration of your activity and save your workflow.&lt;/p&gt;&#xA;"
                                textIsRich="true"/>
                  </step_par>
               </step_455_0>
            </proc_par>
         </procedure_33_10>
            <text_1025 jcr:primaryType="nt:unstructured"
                    sling:resourceType="help/components/article-3/text"
                    text="&lt;p&gt;When you reopen the activity, you are taken directly to the direct mail dashboard. Only its content can be edited.&lt;/p&gt;&#xA;"
                    textIsRich="true"/>
            <text_1026 jcr:primaryType="nt:unstructured"
                    sling:resourceType="help/components/article-3/text"
                    text="&lt;p&gt;By default, starting a delivery workflow only triggers the message preparation. The sending of messages created from a workflow still needs to be confirmed after the workflow has been started. But from the message dashboard, and only if the message was created from a workflow, you can disable the &lt;strong&gt;Request confirmation before sending messages&lt;/strong&gt; option. By unchecking this option, messages are sent without further notice once the preparation is done.&lt;/p&gt;&#xA;"
                    textIsRich="true"/>
        
        
            <header_172 jcr:primaryType="nt:unstructured" sling:resourceType="help/components/header"
                     id="remarks"
                     level="2"
                     text="&lt;p&gt;Remarks&lt;/p&gt;&#xA;"
                     textIsRich="'true'"/>
            <text_1027 jcr:primaryType="nt:unstructured"
                    sling:resourceType="help/components/article-3/text"
                    text="&lt;p&gt;The deliveries created within a workflow can be accessed in the application's marketing activity list. You can view the workflow's execution status using the dashboard. Links in the direct mail summary pane allow you to directly access linked elements (workflow, campaign, parent delivery in case of a recurring direct mail).&lt;/p&gt;&#xA;"
                    textIsRich="true"/>
            <image_162 jcr:primaryType="nt:unstructured"
                    sling:resourceType="help/components/article-3/image"
                    jcr:title=""
                    alt=""
                    captionBottom=""
                    fileName="wkf_display_parent_elements_direct_mail.png"
                    originalFileName="images/en/wkf_display_parent_elements_direct_mail.png"
                    fileReference="/content/dam/help/en/campaign/standard/wkf_display_parent_elements_direct_mail.png"
                    imageRotate="0"
                    originalHeight=""
                    originalWidth=""
                    scaleOption="toTemplate"
                    status="legacy"/>
            <text_1028 jcr:primaryType="nt:unstructured"
                    sling:resourceType="help/components/article-3/text"
                    text="&lt;p&gt;The executions of recurring deliveries are masked by default. To view them, check the &lt;strong&gt;Show recurring executions&lt;/strong&gt; option in the marketing activities' search panel.&lt;/p&gt;&#xA;"
                    textIsRich="true"/>
            <image_163 jcr:primaryType="nt:unstructured"
                    sling:resourceType="help/components/article-3/image"
                    jcr:title=""
                    alt=""
                    captionBottom=""
                    fileName="wkf_display_recurrent_executions_direct_mail.png"
                    originalFileName="images/en/wkf_display_recurrent_executions_direct_mail.png"
                    fileReference="/content/dam/help/en/campaign/standard/wkf_display_recurrent_executions_direct_mail.png"
                    imageRotate="0"
                    originalHeight=""
                    originalWidth=""
                    scaleOption="toTemplate"
                    status="legacy"/>
            <text_1029 jcr:primaryType="nt:unstructured"
                    sling:resourceType="help/components/article-3/text"
                    text="&lt;p&gt;In the parent deliveries, which can be accessed from the marketing activity list or directly via the associated recurring executions, you can view the total number of mails that have been processed (according to the aggregation period specified when the &lt;strong&gt;Direct mail delivery&lt;/strong&gt; activity was configured). To do this, open the detail view of the parent delivery's &lt;strong&gt;Deployment&lt;/strong&gt; block by selecting &#xA;&#x9;&lt;img height=&#34;21px&#34; src=&#34;/content/dam/help/en/campaign/standard/wkf_dlv_detail_button.png&#34; /&gt;&#xA;&#x9;&#xA;.&lt;/p&gt;&#xA;"
                    textIsRich="true"/>
            <image_164 jcr:primaryType="nt:unstructured"
                    sling:resourceType="help/components/article-3/image"
                    jcr:title=""
                    alt=""
                    captionBottom=""
                    fileName="wkf_display_recurrent_executions_3_direct_mail.png"
                    originalFileName="images/en/wkf_display_recurrent_executions_3_direct_mail.png"
                    fileReference="/content/dam/help/en/campaign/standard/wkf_display_recurrent_executions_3_direct_mail.png"
                    imageRotate="0"
                    originalHeight=""
                    originalWidth=""
                    scaleOption="toTemplate"
                    status="legacy"/>
        
        
            <header_173 jcr:primaryType="nt:unstructured" sling:resourceType="help/components/header"
                     id="example"
                     level="2"
                     text="&lt;p&gt;Example&lt;/p&gt;&#xA;"
                     textIsRich="'true'"/>
            <text_1030 jcr:primaryType="nt:unstructured"
                    sling:resourceType="help/components/article-3/text"
                    text="&lt;p&gt;An example of &lt;strong&gt;Direct mail delivery&lt;/strong&gt; is available in the &#xA;&#x9;&#x9;&#x9;&#x9;&#x9;&#x9;&#x9;&#x9;&#x9;&#x9;&#x9;&#xA;&#x9;&#x9;&#x9;&#x9;&#x9;&#x9;&#x9;&lt;a href=&#34;/content/help/en/campaign/standard/channels/using/example-of-direct-mail-in-a-workflow.html&#34;&gt;Direct Mail&lt;/a&gt; chapter.&lt;/p&gt;&#xA;"
                    textIsRich="true"/>
        
      </main-pars>
      <hero jcr:primaryType="nt:unstructured"
            sling:resourceType="foundation/components/image"/>
      <thumbnail jcr:primaryType="nt:unstructured"
                 sling:resourceType="foundation/components/image"/>
      <publisherLogo jcr:primaryType="nt:unstructured"
                     sling:resourceType="foundation/components/image"/>
   </jcr:content>
</jcr:root>