<?xml version="1.0" encoding="UTF-8"?>
<jcr:root xmlns:nt="http://www.jcp.org/jcr/nt/1.0" xmlns:json="http://json.org/"
          xmlns:sling="http://sling.apache.org/jcr/sling/1.0"
          xmlns:cq="http://www.day.com/jcr/cq/1.0"
          xmlns:jcr="http://www.jcp.org/jcr/1.0"
          xmlns:mix="http://www.jcp.org/jcr/mix/1.0"
          jcr:primaryType="cq:Page">
   <jcr:content navTitle="Exporting logs" jcr:primaryType="cq:PageContent"
                sling:resourceType="help/components/pages/article-3"
                heroGradient="light"
                jcr:language="en_us"
                cq:designPath="/etc/designs/help"
                cq:template="/apps/help/templates/article-3"
                jcr:mixinTypes="[mix:versionable]"
                jcr:title="Exporting logs"
                jcr:description="Exporting logs"
                seoDescription="Log data, whether they are related to deliveries or to subscriptions, can be exported through a simple workflow."
                primaryProductTag="[products:SG_CAMPAIGN/STANDARD]"
                cq:tags="[products:SG_CAMPAIGN/STANDARD,audience:automating,content_type:reference,topic_tags:importing-and-exporting-data]"
                primaryAudienceTag="[audience:automating]"
                contentOwner="sauviat"
                isReadyForLocalization="true"
                publishExternalDate="2018-09-04">
      <main-pars jcr:primaryType="nt:unstructured"
                 sling:resourceType="foundation/components/parsys">
        
        
            
        
        <text_1937 jcr:primaryType="nt:unstructured"
                    sling:resourceType="help/components/article-3/text"
                    text="&lt;p&gt;Log data, whether they are related to deliveries or to subscriptions, can be exported through a simple workflow. It enables you to analyze the results of your campaigns in your own reporting or BI tool.&lt;/p&gt;&#xA;"
                    textIsRich="true"/>
        <text_1938 jcr:primaryType="nt:unstructured"
                    sling:resourceType="help/components/article-3/text"
                    text="&lt;p&gt;By using an &lt;strong&gt;Incremental query&lt;/strong&gt; that only retrieves new logs every time the workflow is executed and a simple &lt;strong&gt;Extract file&lt;/strong&gt; activity to define the output columns, you can get a file with the format and all the data you need. Then use a &lt;strong&gt;Transfer file&lt;/strong&gt; activity to retrieve the final file. Each workflow execution is planned by a &lt;strong&gt;Scheduler&lt;/strong&gt;. &lt;/p&gt;&#xA;"
                    textIsRich="true"/>
        <text_1939 jcr:primaryType="nt:unstructured"
                    sling:resourceType="help/components/article-3/text"
                    text="&lt;p&gt;The export logs operation can be carried out by standard users. Private resources such as: broadlogs, tracking logs, exclusion logs subscription logs and subscription history logs on &lt;strong&gt;Profiles&lt;/strong&gt; can only be managed by functional administrator.&lt;/p&gt;&#xA;"
                    textIsRich="true"/>
        <procedure_48_10 jcr:primaryType="nt:unstructured"
                          sling:resourceType="help/components/procedure">
            <proc_par jcr:primaryType="nt:unstructured"
                      sling:resourceType="help/components/procedure/proc_parsys">
               <step_722_0 jcr:primaryType="nt:unstructured" sling:resourceType="help/components/step">
                  <step_par jcr:primaryType="nt:unstructured"
                            sling:resourceType="help/components/procedure/step_parsys">
                     <text_1940 jcr:primaryType="nt:unstructured"
                                sling:resourceType="help/components/article-3/text"
                                text="&lt;p&gt;Create a new workflow as detailed in &#xA;&#x9;&#x9;&#x9;&#x9;&#x9;&#x9;&#x9;&#x9;&#x9;&#x9;&#x9;&#xA;&#x9;&#x9;&#x9;&#x9;&#x9;&#x9;&#x9;&lt;a href=&#34;/content/help/en/campaign/standard/automating/using/building-a-workflow.html#creating-a-workflow&#34;&gt;this section&lt;/a&gt;.&lt;/p&gt;&#xA;"
                                textIsRich="true"/>
                  </step_par>
               </step_722_0>
               <step_723_0 jcr:primaryType="nt:unstructured" sling:resourceType="help/components/step">
                  <step_par jcr:primaryType="nt:unstructured"
                            sling:resourceType="help/components/procedure/step_parsys">
                     <text_1941 jcr:primaryType="nt:unstructured"
                                sling:resourceType="help/components/article-3/text"
                                text="&lt;p&gt;Add a &lt;strong&gt;Scheduler&lt;/strong&gt; activity and set it according to your needs. Below is an example of a monthly execution.&lt;/p&gt;&#xA;"
                                textIsRich="true"/>
                     <image_233 jcr:primaryType="nt:unstructured"
                                sling:resourceType="help/components/article-3/image"
                                jcr:title=""
                                alt=""
                                captionBottom=""
                                fileName="export_logs_scheduler.png"
                                originalFileName="images/en/export_logs_scheduler.png"
                                fileReference="/content/dam/help/en/campaign/standard/export_logs_scheduler.png"
                                imageRotate="0"
                                originalHeight=""
                                originalWidth=""
                                scaleOption="toTemplate"
                                status="legacy"/>
                  </step_par>
               </step_723_0>
               <step_724_0 jcr:primaryType="nt:unstructured" sling:resourceType="help/components/step">
                  <step_par jcr:primaryType="nt:unstructured"
                            sling:resourceType="help/components/procedure/step_parsys">
                     <text_1942 jcr:primaryType="nt:unstructured"
                                sling:resourceType="help/components/article-3/text"
                                text="&lt;p&gt;Add an &lt;strong&gt;Incremental query&lt;/strong&gt; activity and configure it so that it selects the logs you need. For example, to select all new or updated broadlogs (profile delivery logs):&lt;/p&gt;&#xA;"
                                textIsRich="true"/>
                     <procedure_141 jcr:primaryType="nt:unstructured"
                                    sling:resourceType="help/components/procedure"
                                    isBulleted="true">
                        <proc_par jcr:primaryType="nt:unstructured"
                                  sling:resourceType="help/components/procedure/proc_parsys">
                           <step_724_141 jcr:primaryType="nt:unstructured" sling:resourceType="help/components/step">
                              <step_par jcr:primaryType="nt:unstructured"
                                        sling:resourceType="help/components/procedure/step_parsys">
                                 <text_1943 jcr:primaryType="nt:unstructured"
                                            sling:resourceType="help/components/article-3/text"
                                            text="&lt;p&gt;In the &lt;strong&gt;Properties&lt;/strong&gt; tab, change the target resource to &lt;strong&gt;Delivery logs&lt;/strong&gt; (broadLogRcp).&lt;/p&gt;&#xA;"
                                            textIsRich="true"/>
                                 <image_234 jcr:primaryType="nt:unstructured"
                                            sling:resourceType="help/components/article-3/image"
                                            jcr:title=""
                                            alt=""
                                            captionBottom=""
                                            fileName="export_logs_query_properties.png"
                                            originalFileName="images/en/export_logs_query_properties.png"
                                            fileReference="/content/dam/help/en/campaign/standard/export_logs_query_properties.png"
                                            imageRotate="0"
                                            originalHeight=""
                                            originalWidth=""
                                            scaleOption="toTemplate"
                                            status="legacy"/>
                              </step_par>
                           </step_724_141>
                           <step_725_141 jcr:primaryType="nt:unstructured" sling:resourceType="help/components/step">
                              <step_par jcr:primaryType="nt:unstructured"
                                        sling:resourceType="help/components/procedure/step_parsys">
                                 <text_1944 jcr:primaryType="nt:unstructured"
                                            sling:resourceType="help/components/article-3/text"
                                            text="&lt;p&gt;In the &lt;strong&gt;Target&lt;/strong&gt; tab, set a condition to retrieve all delivery logs that correspond to deliveries sent in 2016 or after. For more information, refer to the &#xA;&#x9;&#x9;&#x9;&#x9;&#x9;&#x9;&#x9;&#x9;&#x9;&#x9;&#x9;&#xA;&#x9;&#x9;&#x9;&#x9;&#x9;&#x9;&#x9;&lt;a href=&#34;/content/help/en/campaign/standard/automating/using/editing-queries.html#creating-queries&#34;&gt;Editing queries&lt;/a&gt; section.&lt;/p&gt;&#xA;"
                                            textIsRich="true"/>
                                 <image_235 jcr:primaryType="nt:unstructured"
                                            sling:resourceType="help/components/article-3/image"
                                            jcr:title=""
                                            alt=""
                                            captionBottom=""
                                            fileName="export_logs_query_target.png"
                                            originalFileName="images/en/export_logs_query_target.png"
                                            fileReference="/content/dam/help/en/campaign/standard/export_logs_query_target.png"
                                            imageRotate="0"
                                            originalHeight=""
                                            originalWidth=""
                                            scaleOption="toTemplate"
                                            status="legacy"/>
                              </step_par>
                           </step_725_141>
                           <step_726_141 jcr:primaryType="nt:unstructured" sling:resourceType="help/components/step">
                              <step_par jcr:primaryType="nt:unstructured"
                                        sling:resourceType="help/components/procedure/step_parsys">
                                 <text_1945 jcr:primaryType="nt:unstructured"
                                            sling:resourceType="help/components/article-3/text"
                                            text="&lt;p&gt;In the &lt;strong&gt;Processed data&lt;/strong&gt; tab, select &lt;strong&gt;Use a date field&lt;/strong&gt; and choose the &lt;strong&gt;lastModified&lt;/strong&gt; field. On the next executions of the workflow, only logs that will have been modified or created after the last execution will be retrieved.&lt;/p&gt;&#xA;"
                                            textIsRich="true"/>
                                 <image_236 jcr:primaryType="nt:unstructured"
                                            sling:resourceType="help/components/article-3/image"
                                            jcr:title=""
                                            alt=""
                                            captionBottom=""
                                            fileName="export_logs_query_processeddata.png"
                                            originalFileName="images/en/export_logs_query_processeddata.png"
                                            fileReference="/content/dam/help/en/campaign/standard/export_logs_query_processeddata.png"
                                            imageRotate="0"
                                            originalHeight=""
                                            originalWidth=""
                                            scaleOption="toTemplate"
                                            status="legacy"/>
                                 <text_1946 jcr:primaryType="nt:unstructured"
                                            sling:resourceType="help/components/article-3/text"
                                            text="&lt;p&gt;After the first execution of the workflow, you can see in this tab the last execution date that will be used for the next execution. It is automatically updated every time the workflow is executed. You still have the possibility to override this value by manually entering a new one so that it fits your needs.&lt;/p&gt;&#xA;"
                                            textIsRich="true"/>
                              </step_par>
                           </step_726_141>
                        </proc_par>
                     </procedure_141>
                  </step_par>
               </step_724_0>
               <step_728_0 jcr:primaryType="nt:unstructured" sling:resourceType="help/components/step">
                  <step_par jcr:primaryType="nt:unstructured"
                            sling:resourceType="help/components/procedure/step_parsys">
                     <text_1947 jcr:primaryType="nt:unstructured"
                                sling:resourceType="help/components/article-3/text"
                                text="&lt;p&gt;Add an &lt;strong&gt;Extract file&lt;/strong&gt; activity that will export the queried data in a file:&lt;/p&gt;&#xA;"
                                textIsRich="true"/>
                     <procedure_142 jcr:primaryType="nt:unstructured"
                                    sling:resourceType="help/components/procedure"
                                    isBulleted="true">
                        <proc_par jcr:primaryType="nt:unstructured"
                                  sling:resourceType="help/components/procedure/proc_parsys">
                           <step_728_142 jcr:primaryType="nt:unstructured" sling:resourceType="help/components/step">
                              <step_par jcr:primaryType="nt:unstructured"
                                        sling:resourceType="help/components/procedure/step_parsys">
                                 <text_1948 jcr:primaryType="nt:unstructured"
                                            sling:resourceType="help/components/article-3/text"
                                            text="&lt;p&gt;In the &lt;strong&gt;Extraction&lt;/strong&gt; tab, specify the name of the file. This name will be automatically completed with the date of the export to ensure all extracted files are unique.&lt;/p&gt;&#xA;"
                                            textIsRich="true"/>
                                 <text_1949 jcr:primaryType="nt:unstructured"
                                            sling:resourceType="help/components/article-3/text"
                                            text="&lt;p&gt;Select the columns that you want to export in your file. You can select here data coming from related resources such as delivery or profile information. To organize the final file, you can apply a sort. For example on the log date, as shown in the example below.&lt;/p&gt;&#xA;"
                                            textIsRich="true"/>
                                 <image_237 jcr:primaryType="nt:unstructured"
                                            sling:resourceType="help/components/article-3/image"
                                            jcr:title=""
                                            alt=""
                                            captionBottom=""
                                            fileName="export_logs_extractfile_extraction.png"
                                            originalFileName="images/en/export_logs_extractfile_extraction.png"
                                            fileReference="/content/dam/help/en/campaign/standard/export_logs_extractfile_extraction.png"
                                            imageRotate="0"
                                            originalHeight=""
                                            originalWidth=""
                                            scaleOption="toTemplate"
                                            status="legacy"/>
                                 <note_49 jcr:primaryType="nt:unstructured"
                                          sling:resourceType="help/components/article-3/note"
                                          text="&lt;p&gt;&#xA;                            It is not possible to export unique identifiers (primary keys) of log resources.&#xA;                        &lt;/p&gt;&#xA;"
                                          textIsRich="true"
                                          type="note"/>
                              </step_par>
                           </step_728_142>
                           <step_729_142 jcr:primaryType="nt:unstructured" sling:resourceType="help/components/step">
                              <step_par jcr:primaryType="nt:unstructured"
                                        sling:resourceType="help/components/procedure/step_parsys">
                                 <text_1951 jcr:primaryType="nt:unstructured"
                                            sling:resourceType="help/components/article-3/text"
                                            text="&lt;p&gt;In the &lt;strong&gt;File structure&lt;/strong&gt; tab, define the format of the output file to match your needs.&lt;/p&gt;&#xA;"
                                            textIsRich="true"/>
                                 <text_1952 jcr:primaryType="nt:unstructured"
                                            sling:resourceType="help/components/article-3/text"
                                            text="&lt;p&gt;Check the &lt;strong&gt;Export labels instead of internal values of enumerations&lt;/strong&gt; option in case you export enumeration values. This option allows to retrieve shorter labels that are easy to understand instead of IDs.&lt;/p&gt;&#xA;"
                                            textIsRich="true"/>
                              </step_par>
                           </step_729_142>
                        </proc_par>
                     </procedure_142>
                  </step_par>
               </step_728_0>
               <step_731_0 jcr:primaryType="nt:unstructured" sling:resourceType="help/components/step">
                  <step_par jcr:primaryType="nt:unstructured"
                            sling:resourceType="help/components/procedure/step_parsys">
                     <text_1953 jcr:primaryType="nt:unstructured"
                                sling:resourceType="help/components/article-3/text"
                                text="&lt;p&gt;Add a &lt;strong&gt;Transfer file&lt;/strong&gt; activity and configure it to transfer the newly created file from the Adobe Campaign server to another location where you can access it, such as a SFTP server.&lt;/p&gt;&#xA;"
                                textIsRich="true"/>
                     <procedure_143 jcr:primaryType="nt:unstructured"
                                    sling:resourceType="help/components/procedure"
                                    isBulleted="true">
                        <proc_par jcr:primaryType="nt:unstructured"
                                  sling:resourceType="help/components/procedure/proc_parsys">
                           <step_731_143 jcr:primaryType="nt:unstructured" sling:resourceType="help/components/step">
                              <step_par jcr:primaryType="nt:unstructured"
                                        sling:resourceType="help/components/procedure/step_parsys">
                                 <text_1954 jcr:primaryType="nt:unstructured"
                                            sling:resourceType="help/components/article-3/text"
                                            text="&lt;p&gt;In the &lt;strong&gt;General&lt;/strong&gt; tab, select &lt;strong&gt;File upload&lt;/strong&gt; as the purpose is to send the file from Adobe Campaign to another server.&lt;/p&gt;&#xA;"
                                            textIsRich="true"/>
                              </step_par>
                           </step_731_143>
                           <step_732_143 jcr:primaryType="nt:unstructured" sling:resourceType="help/components/step">
                              <step_par jcr:primaryType="nt:unstructured"
                                        sling:resourceType="help/components/procedure/step_parsys">
                                 <text_1955 jcr:primaryType="nt:unstructured"
                                            sling:resourceType="help/components/article-3/text"
                                            text="&lt;p&gt;In the &lt;strong&gt;Protocol&lt;/strong&gt; tab, specify the transfer parameters and select the &#xA;&#x9;&#x9;&#x9;&#x9;&#x9;&#x9;&#x9;&#x9;&#x9;&#x9;&#x9;&#xA;&#x9;&#x9;&#x9;&#x9;&#x9;&#x9;&#x9;&lt;a href=&#34;/content/help/en/campaign/standard/administration/using/external-accounts.html#creating-an-external-account&#34;&gt;external account&lt;/a&gt; to use.&lt;/p&gt;&#xA;"
                                            textIsRich="true"/>
                              </step_par>
                           </step_732_143>
                        </proc_par>
                     </procedure_143>
                  </step_par>
               </step_731_0>
               <step_734_0 jcr:primaryType="nt:unstructured" sling:resourceType="help/components/step">
                  <step_par jcr:primaryType="nt:unstructured"
                            sling:resourceType="help/components/procedure/step_parsys">
                     <text_1956 jcr:primaryType="nt:unstructured"
                                sling:resourceType="help/components/article-3/text"
                                text="&lt;p&gt;Add an &lt;strong&gt;End&lt;/strong&gt; activity to make sure it properly ends and save your workflow.&lt;/p&gt;&#xA;"
                                textIsRich="true"/>
                     <image_238 jcr:primaryType="nt:unstructured"
                                sling:resourceType="help/components/article-3/image"
                                jcr:title=""
                                alt=""
                                captionBottom=""
                                fileName="export_logs_example_workflow.png"
                                originalFileName="images/en/export_logs_example_workflow.png"
                                fileReference="/content/dam/help/en/campaign/standard/export_logs_example_workflow.png"
                                imageRotate="0"
                                originalHeight=""
                                originalWidth=""
                                scaleOption="toTemplate"
                                status="legacy"/>
                  </step_par>
               </step_734_0>
            </proc_par>
         </procedure_48_10>
        <text_1957 jcr:primaryType="nt:unstructured"
                    sling:resourceType="help/components/article-3/text"
                    text="&lt;p&gt;You can now execute the workflow and retrieve the output file on your external server.&lt;/p&gt;&#xA;"
                    textIsRich="true"/>
        <text_1958 jcr:primaryType="nt:unstructured"
                    sling:resourceType="help/components/article-3/text"
                    text="&lt;p&gt;&lt;strong&gt;Related topic:&lt;/strong&gt;&lt;/p&gt;&#xA;"
                    textIsRich="true"/>
         <text_1959 jcr:primaryType="nt:unstructured"
                    sling:resourceType="help/components/article-3/text"
                    text="&lt;p&gt;&#xA;&#x9;&#x9;&#x9;&#x9;&#x9;&#x9;&#x9;&#x9;&#x9;&#x9;&#x9;&#xA;&#x9;&#x9;&#x9;&#x9;&#x9;&#x9;&#x9;&lt;a href=&#34;/content/help/en/campaign/standard/automating/using/discovering-workflows.html&#34;&gt;Workflows&lt;/a&gt;&lt;/p&gt;&#xA;"
                    textIsRich="true"/>
      </main-pars>
      <hero jcr:primaryType="nt:unstructured"
            sling:resourceType="foundation/components/image"/>
      <thumbnail jcr:primaryType="nt:unstructured"
                 sling:resourceType="foundation/components/image"/>
      <publisherLogo jcr:primaryType="nt:unstructured"
                     sling:resourceType="foundation/components/image"/>
   </jcr:content>
</jcr:root>