<?xml version="1.0" encoding="UTF-8"?>
<jcr:root xmlns:nt="http://www.jcp.org/jcr/nt/1.0" xmlns:json="http://json.org/"
          xmlns:sling="http://sling.apache.org/jcr/sling/1.0"
          xmlns:cq="http://www.day.com/jcr/cq/1.0"
          xmlns:jcr="http://www.jcp.org/jcr/1.0"
          xmlns:mix="http://www.jcp.org/jcr/mix/1.0"
          jcr:primaryType="cq:Page">
   <jcr:content navTitle="Exporting lists" jcr:primaryType="cq:PageContent"
                sling:resourceType="help/components/pages/article-3"
                heroGradient="light"
                jcr:language="en_us"
                cq:designPath="/etc/designs/help"
                cq:template="/apps/help/templates/article-3"
                jcr:mixinTypes="[mix:versionable]"
                jcr:title="Exporting lists"
                jcr:description="Exporting lists"
                seoDescription="Adobe Campaign allows you to export the data displayed as lists from an overview screen directly in a file for future use. "
                primaryProductTag="[products:SG_CAMPAIGN/STANDARD]"
                cq:tags="[products:SG_CAMPAIGN/STANDARD,audience:automating,content_type:reference,topic_tags:importing-and-exporting-data]"
                primaryAudienceTag="[audience:automating]"
                contentOwner="sauviat"
                isReadyForLocalization="true"
                publishExternalDate="2018-09-04">
      <main-pars jcr:primaryType="nt:unstructured"
                 sling:resourceType="foundation/components/parsys">
        
        
            
        
        <text_2016 jcr:primaryType="nt:unstructured"
                    sling:resourceType="help/components/article-3/text"
                    text="&lt;p&gt;Adobe Campaign allows you to export your lists directly in a file for future use. Exporting a list in a file generates a log entry in the &lt;strong&gt;Export audits&lt;/strong&gt; menu. For more information on export audits, refer to the &#xA;&#x9;&#x9;&#x9;&#x9;&#x9;&#x9;&#x9;&#x9;&#x9;&#x9;&#x9;&#xA;&#x9;&#x9;&#x9;&#x9;&#x9;&#x9;&#x9;&lt;a href=&#34;/content/help/en/campaign/standard/administration/using/auditing-export-logs.html&#34;&gt;Auditing exports&lt;/a&gt; section. &lt;/p&gt;&#xA;"
                    textIsRich="true"/>
        <text_2017 jcr:primaryType="nt:unstructured"
                    sling:resourceType="help/components/article-3/text"
                    text="&lt;p&gt;The export list option allows you to export a maximum of 100,000 lines by default and defined by the &lt;strong&gt;Nms_ExportListLimit&lt;/strong&gt; option. This option can be managed by the functional administrator, under the &lt;strong&gt;Administration&lt;/strong&gt; &amp;gt; &lt;strong&gt;Application settings&lt;/strong&gt; &amp;gt; &lt;strong&gt;Options&lt;/strong&gt; menu.&lt;/p&gt;&#xA;"
                    textIsRich="true"/>
        <text_2018 jcr:primaryType="nt:unstructured"
                    sling:resourceType="help/components/article-3/text"
                    text="&lt;p&gt;Export list is available in all the screens that have a &lt;strong&gt;List&lt;/strong&gt; mode view, for users with the &lt;strong&gt;EXPORT (export)&lt;/strong&gt; role. &lt;/p&gt;&#xA;"
                    textIsRich="true"/>
        <procedure_52_10 jcr:primaryType="nt:unstructured"
                          sling:resourceType="help/components/procedure">
            <proc_par jcr:primaryType="nt:unstructured"
                      sling:resourceType="help/components/procedure/proc_parsys">
               <step_756_0 jcr:primaryType="nt:unstructured" sling:resourceType="help/components/step">
                  <step_par jcr:primaryType="nt:unstructured"
                            sling:resourceType="help/components/procedure/step_parsys">
                     <text_2019 jcr:primaryType="nt:unstructured"
                                sling:resourceType="help/components/article-3/text"
                                text="&lt;p&gt;Go to your chosen &lt;strong&gt;List&lt;/strong&gt; screen. For example, the test profile overview screen (&lt;strong&gt;Profiles &amp; audiences&lt;/strong&gt; &amp;gt; &lt;strong&gt;Test profiles&lt;/strong&gt;).&lt;/p&gt;&#xA;"
                                textIsRich="true"/>
                  </step_par>
               </step_756_0>
               <step_757_0 jcr:primaryType="nt:unstructured" sling:resourceType="help/components/step">
                  <step_par jcr:primaryType="nt:unstructured"
                            sling:resourceType="help/components/procedure/step_parsys">
                     <text_2020 jcr:primaryType="nt:unstructured"
                                sling:resourceType="help/components/article-3/text"
                                text="&lt;p&gt;Check that the screen is in &lt;strong&gt;List&lt;/strong&gt; mode.&lt;/p&gt;&#xA;"
                                textIsRich="true"/>
                     <image_253 jcr:primaryType="nt:unstructured"
                                sling:resourceType="help/components/article-3/image"
                                jcr:title=""
                                alt=""
                                captionBottom=""
                                fileName="export_list_mode_switch.png"
                                originalFileName="images/en/export_list_mode_switch.png"
                                fileReference="/content/dam/help/en/campaign/standard/export_list_mode_switch.png"
                                imageRotate="0"
                                originalHeight=""
                                originalWidth=""
                                scaleOption="toTemplate"
                                status="legacy"/>
                  </step_par>
               </step_757_0>
               <step_758_0 jcr:primaryType="nt:unstructured" sling:resourceType="help/components/step">
                  <step_par jcr:primaryType="nt:unstructured"
                            sling:resourceType="help/components/procedure/step_parsys">
                     <text_2021 jcr:primaryType="nt:unstructured"
                                sling:resourceType="help/components/article-3/text"
                                text="&lt;p&gt;Organize the columns in the list in the order that you want to export them using the &lt;strong&gt;Configure list&lt;/strong&gt; button, in the top right corner. In addition to configured columns, the primary key of the resource will also be exported.&lt;/p&gt;&#xA;"
                                textIsRich="true"/>
                  </step_par>
               </step_758_0>
               <step_759_0 jcr:primaryType="nt:unstructured" sling:resourceType="help/components/step">
                  <step_par jcr:primaryType="nt:unstructured"
                            sling:resourceType="help/components/procedure/step_parsys">
                     <text_2022 jcr:primaryType="nt:unstructured"
                                sling:resourceType="help/components/article-3/text"
                                text="&lt;p&gt;If you like, you can apply a filter. To do this, click the button in the top left corner to show the search pane.&lt;/p&gt;&#xA;"
                                textIsRich="true"/>
                     <text_2023 jcr:primaryType="nt:unstructured"
                                sling:resourceType="help/components/article-3/text"
                                text="&lt;p&gt;If you carry out an export from a list containing different resources, you must apply your filters so that only one type of resource is displayed in the list.&lt;/p&gt;&#xA;"
                                textIsRich="true"/>
                  </step_par>
               </step_759_0>
               <step_760_0 jcr:primaryType="nt:unstructured" sling:resourceType="help/components/step">
                  <step_par jcr:primaryType="nt:unstructured"
                            sling:resourceType="help/components/procedure/step_parsys">
                     <text_2024 jcr:primaryType="nt:unstructured"
                                sling:resourceType="help/components/article-3/text"
                                text="&lt;p&gt;If you like, sort your chosen column(s).&lt;/p&gt;&#xA;"
                                textIsRich="true"/>
                  </step_par>
               </step_760_0>
               <step_761_0 jcr:primaryType="nt:unstructured" sling:resourceType="help/components/step">
                  <step_par jcr:primaryType="nt:unstructured"
                            sling:resourceType="help/components/procedure/step_parsys">
                     <text_2025 jcr:primaryType="nt:unstructured"
                                sling:resourceType="help/components/article-3/text"
                                text="&lt;p&gt;Select the export button &#xA;&#x9;&lt;img height=&#34;21px&#34; src=&#34;/content/dam/help/en/campaign/standard/exportListButton.png&#34; /&gt;&#xA;&#x9;&#xA;.&lt;/p&gt;&#xA;"
                                textIsRich="true"/>
                     <text_2026 jcr:primaryType="nt:unstructured"
                                sling:resourceType="help/components/article-3/text"
                                text="&lt;p&gt;A popup will appear to confirm the export. Once you have confirmed the export, the file is automatically downloaded to your computer.&lt;/p&gt;&#xA;"
                                textIsRich="true"/>
                  </step_par>
               </step_761_0>
            </proc_par>
         </procedure_52_10>
        <text_2027 jcr:primaryType="nt:unstructured"
                    sling:resourceType="help/components/article-3/text"
                    text="&lt;p&gt;The file is generated in CSV format, unless the export is carried out in iOS, in which case the file generated is in TXT format. It is named according to the resource exported and the export date. For example: the name profileBase_20150426_120253.csv would be applied to a profile export carried out on the 26th of April 2015 at 12:02:53. It is encoded in UTF-8 format.&lt;/p&gt;&#xA;"
                    textIsRich="true"/>
        <text_2028 jcr:primaryType="nt:unstructured"
                    sling:resourceType="help/components/article-3/text"
                    text="&lt;p&gt;The numeric values and dates take into account the local time (locale) of the user that carries out the export. For example: DD-MM-YYYY or MM-DD-YYYY.&lt;/p&gt;&#xA;"
                    textIsRich="true"/>
        <text_2029 jcr:primaryType="nt:unstructured"
                    sling:resourceType="help/components/article-3/text"
                    text="&lt;p&gt;To carry out an export that is larger than this, you must create a dedicated workflow. Refer to the &#xA;&#x9;&#x9;&#x9;&#x9;&#x9;&#x9;&#x9;&#x9;&#x9;&#x9;&#x9;&#xA;&#x9;&#x9;&#x9;&#x9;&#x9;&#x9;&#x9;&lt;a href=&#34;/content/help/en/campaign/standard/automating/using/extract-file.html&#34;&gt;Extract file&lt;/a&gt; section.&lt;/p&gt;&#xA;"
                    textIsRich="true"/>
        <text_2030 jcr:primaryType="nt:unstructured"
                    sling:resourceType="help/components/article-3/text"
                    text="&lt;p&gt;&lt;strong&gt;Example&lt;/strong&gt;&lt;/p&gt;&#xA;"
                    textIsRich="true"/>
        <text_2031 jcr:primaryType="nt:unstructured"
                    sling:resourceType="help/components/article-3/text"
                    text="&lt;p&gt;The following example is an export carried out from the profile list defined below:&lt;/p&gt;&#xA;"
                    textIsRich="true"/>
        <procedure_147 jcr:primaryType="nt:unstructured"
                        sling:resourceType="help/components/procedure"
                        isBulleted="true">
            <proc_par jcr:primaryType="nt:unstructured"
                      sling:resourceType="help/components/procedure/proc_parsys">
               <step_762_147 jcr:primaryType="nt:unstructured" sling:resourceType="help/components/step">
                  <step_par jcr:primaryType="nt:unstructured"
                            sling:resourceType="help/components/procedure/step_parsys">
                     <text_2032 jcr:primaryType="nt:unstructured"
                                sling:resourceType="help/components/article-3/text"
                                text="&lt;p&gt;Columns displayed (in order): Last name, First name, Birth date, Email address.&lt;/p&gt;&#xA;"
                                textIsRich="true"/>
                  </step_par>
               </step_762_147>
               <step_763_147 jcr:primaryType="nt:unstructured" sling:resourceType="help/components/step">
                  <step_par jcr:primaryType="nt:unstructured"
                            sling:resourceType="help/components/procedure/step_parsys">
                     <text_2033 jcr:primaryType="nt:unstructured"
                                sling:resourceType="help/components/article-3/text"
                                text="&lt;p&gt;Names are sorted in alphabetical order.&lt;/p&gt;&#xA;"
                                textIsRich="true"/>
                  </step_par>
               </step_763_147>
            </proc_par>
         </procedure_147>
        <image_254 jcr:primaryType="nt:unstructured"
                    sling:resourceType="help/components/article-3/image"
                    jcr:title=""
                    alt=""
                    captionBottom=""
                    fileName="export_list_example1.png"
                    originalFileName="images/en/export_list_example1.png"
                    fileReference="/content/dam/help/en/campaign/standard/export_list_example1.png"
                    imageRotate="0"
                    originalHeight=""
                    originalWidth=""
                    scaleOption="toTemplate"
                    status="legacy"/>
        <text_2034 jcr:primaryType="nt:unstructured"
                    sling:resourceType="help/components/article-3/text"
                    text="&lt;p&gt;The file generated is presented as follows (for the first ten records):&lt;/p&gt;&#xA;"
                    textIsRich="true"/>
        <codelisting_sh13 jcr:primaryType="nt:unstructured"
                           sling:resourceType="help/components/codeblock"
                           codeLanguage="html"
                           gutter="true"
                           text="\Last name;First name;Birth date;Email;Zip code&#xA;Abalo;Patrick;11/11/1941 02:00:00;patrick.a@testmail.com;29200&#xA;Abasq;Joel;21/08/1977 02:00:00;abasq.joel@testmail.com;92160&#xA;Abernot;John;12/07/1963 01:00:00;john.abernot@testmail.com;78510&#xA;Abiven;Christian;16/03/1975 01:00:00;chris.a@mailtest.com;35000&#xA;Abouvier;Peter;02/07/1975 01:00:00;pabouvier@mailtest.com;94560&#xA;Accardi;Mike;22/06/1948 01:00:00;mike.accardi@mail.com;76400&#xA;Accremont;Frank;27/04/1947 01:00:00;accr.frank@mailtest.com;13500&#xA;Adam;Daniel;17/09/1953 01:00:00;danieladam@mail.com;17000&#xA;Adama;Pascal;22/01/1990 01:00:00;adapascal@mailtest.com;75012&#xA;Adama;Henry;22/09/1992 02:00:00;henry.adama@mail.com;64120"/>
        <text_2035 jcr:primaryType="nt:unstructured"
                    sling:resourceType="help/components/article-3/text"
                    text="&lt;p&gt;&lt;strong&gt;Related topics:&lt;/strong&gt;&lt;/p&gt;&#xA;"
                    textIsRich="true"/>
        <procedure_148 jcr:primaryType="nt:unstructured"
                        sling:resourceType="help/components/procedure"
                        isBulleted="true">
            <proc_par jcr:primaryType="nt:unstructured"
                      sling:resourceType="help/components/procedure/proc_parsys">
               <step_764_148 jcr:primaryType="nt:unstructured" sling:resourceType="help/components/step">
                  <step_par jcr:primaryType="nt:unstructured"
                            sling:resourceType="help/components/procedure/step_parsys">
                     <text_2036 jcr:primaryType="nt:unstructured"
                                sling:resourceType="help/components/article-3/text"
                                text="&lt;p&gt;&#xA;&#x9;&#x9;&#x9;&#x9;&#x9;&#x9;&#x9;&#x9;&#x9;&#x9;&#x9;&#xA;&#x9;&#x9;&#x9;&#x9;&#x9;&#x9;&#x9;&lt;a href=&#34;/content/help/en/campaign/standard/administration/using/list-of-roles.html&#34;&gt;Roles&lt;/a&gt;&lt;/p&gt;&#xA;"
                                textIsRich="true"/>
                  </step_par>
               </step_764_148>
               <step_765_148 jcr:primaryType="nt:unstructured" sling:resourceType="help/components/step">
                  <step_par jcr:primaryType="nt:unstructured"
                            sling:resourceType="help/components/procedure/step_parsys">
                     <text_2037 jcr:primaryType="nt:unstructured"
                                sling:resourceType="help/components/article-3/text"
                                text="&lt;p&gt;&#xA;&#x9;&#x9;&#x9;&#x9;&#x9;&#x9;&#x9;&#x9;&#x9;&#x9;&#x9;&#xA;&#x9;&#x9;&#x9;&#x9;&#x9;&#x9;&#x9;&lt;a href=&#34;/content/help/en/campaign/standard/start/using/customizing-lists.html&#34;&gt;Customizing lists&lt;/a&gt;&lt;/p&gt;&#xA;"
                                textIsRich="true"/>
                  </step_par>
               </step_765_148>
               <step_766_148 jcr:primaryType="nt:unstructured" sling:resourceType="help/components/step">
                  <step_par jcr:primaryType="nt:unstructured"
                            sling:resourceType="help/components/procedure/step_parsys">
                     <text_2038 jcr:primaryType="nt:unstructured"
                                sling:resourceType="help/components/article-3/text"
                                text="&lt;p&gt;&#xA;&lt;a href=&#34;https://docs.campaign.adobe.com/doc/standard/en/Videos/configuring_list_ACS.mp4&#34;&gt;Configuring list&lt;/a&gt; video&lt;/p&gt;&#xA;"
                                textIsRich="true"/>
                  </step_par>
               </step_766_148>
            </proc_par>
         </procedure_148>
      </main-pars>
      <hero jcr:primaryType="nt:unstructured"
            sling:resourceType="foundation/components/image"/>
      <thumbnail jcr:primaryType="nt:unstructured"
                 sling:resourceType="foundation/components/image"/>
      <publisherLogo jcr:primaryType="nt:unstructured"
                     sling:resourceType="foundation/components/image"/>
   </jcr:content>
</jcr:root>