<?xml version="1.0" encoding="UTF-8"?>
<jcr:root xmlns:nt="http://www.jcp.org/jcr/nt/1.0" xmlns:json="http://json.org/"
          xmlns:sling="http://sling.apache.org/jcr/sling/1.0"
          xmlns:cq="http://www.day.com/jcr/cq/1.0"
          xmlns:jcr="http://www.jcp.org/jcr/1.0"
          xmlns:mix="http://www.jcp.org/jcr/mix/1.0"
          jcr:primaryType="cq:Page">
   <jcr:content navTitle="External signal" jcr:primaryType="cq:PageContent"
                sling:resourceType="help/components/pages/article-3"
                heroGradient="light"
                jcr:language="en_us"
                cq:designPath="/etc/designs/help"
                cq:template="/apps/help/templates/article-3"
                jcr:mixinTypes="[mix:versionable]"
                jcr:title="External signal"
                jcr:description="External signal"
                seoDescription="The External signal activity triggers a workflow when some conditions are successfully met in another workflow."
                primaryProductTag="[products:SG_CAMPAIGN/STANDARD]"
                cq:tags="[products:SG_CAMPAIGN/STANDARD,audience:automating,content_type:reference,topic_tags:execution-activities]"
                primaryAudienceTag="[audience:automating]"
                contentOwner="sauviat"
                isReadyForLocalization="true"
                publishExternalDate="2018-09-04">
      <main-pars jcr:primaryType="nt:unstructured"
                 sling:resourceType="foundation/components/parsys">
        
        
        
            
        
        
            <header_144 jcr:primaryType="nt:unstructured" sling:resourceType="help/components/header"
                     id="description"
                     level="2"
                     text="&lt;p&gt;Description&lt;/p&gt;&#xA;"
                     textIsRich="'true'"/>
            <image_131 jcr:primaryType="nt:unstructured"
                    sling:resourceType="help/components/article-3/image"
                    jcr:title=""
                    alt=""
                    captionBottom=""
                    fileName="signal.png"
                    originalFileName="images/en/signal.png"
                    fileReference="/content/dam/help/en/campaign/standard/signal.png"
                    imageRotate="0"
                    originalHeight=""
                    originalWidth=""
                    scaleOption="toTemplate"
                    status="legacy"/>
            <text_856 jcr:primaryType="nt:unstructured"
                   sling:resourceType="help/components/article-3/text"
                   text="&lt;p&gt;The &lt;strong&gt;External signal&lt;/strong&gt; activity triggers a workflow when some conditions are successfully met in another workflow or from a REST API call.&lt;/p&gt;&#xA;"
                   textIsRich="true"/>
        
        
            <header_145 jcr:primaryType="nt:unstructured" sling:resourceType="help/components/header"
                     id="context-of-use"
                     level="2"
                     text="&lt;p&gt;Context of use&lt;/p&gt;&#xA;"
                     textIsRich="'true'"/>
            <text_857 jcr:primaryType="nt:unstructured"
                   sling:resourceType="help/components/article-3/text"
                   text="&lt;p&gt;The &lt;strong&gt;External signal&lt;/strong&gt; activity is used to organize and orchestrate different processes that are part of the same customer journey into different workflows. It allows to start one workflow from another, enabling to support more complex customer journeys, while being able to better monitor and react in case of issue.&lt;/p&gt;&#xA;"
                   textIsRich="true"/>
            <text_858 jcr:primaryType="nt:unstructured"
                   sling:resourceType="help/components/article-3/text"
                   text="&lt;p&gt;The &lt;strong&gt;External signal&lt;/strong&gt; activity is designed to be placed as the first activity of a workflow. It can be triggered from the &lt;strong&gt;End&lt;/strong&gt; activity of another workflow or from a REST API call.&lt;/p&gt;&#xA;"
                   textIsRich="true"/>
            <note_28 jcr:primaryType="nt:unstructured"
                  sling:resourceType="help/components/article-3/note"
                  text="&lt;p&gt;&#xA;                If you want to trigger the destination workflow from a REST API call, consult the &#xA;&#x9;&#x9;&#x9;&#x9;&#x9;&lt;a href=&#34;https://docs.campaign.adobe.com/doc/standard/en/api/ACS_API.html#triggering-a-signal-activity&#34; class=&#34;anchorLink&#34; target=&#34;_blank&#34;&gt;API documentation&lt;/a&gt;&#xA;&#x9;&#x9;&#x9;&#x9; to get more details.&#xA;            &lt;/p&gt;&#xA;"
                  textIsRich="true"
                  type="note"/>
            <text_860 jcr:primaryType="nt:unstructured"
                   sling:resourceType="help/components/article-3/text"
                   text="&lt;p&gt;Note that an &lt;strong&gt;External signal&lt;/strong&gt; activity can be triggered from several different events. In that case, the &lt;strong&gt;External signal&lt;/strong&gt; is triggered as soon as one of the source workflows or API call is executed. It does not require that all source workflows are finished.&lt;/p&gt;&#xA;"
                   textIsRich="true"/>
        
        
            <header_146 jcr:primaryType="nt:unstructured" sling:resourceType="help/components/header"
                     id="configuration"
                     level="2"
                     text="&lt;p&gt;Configuration&lt;/p&gt;&#xA;"
                     textIsRich="'true'"/>
            <text_861 jcr:primaryType="nt:unstructured"
                   sling:resourceType="help/components/article-3/text"
                   text="&lt;p&gt;When configuring an external signal, it is important to first configure the &lt;strong&gt;External signal&lt;/strong&gt; activity in the destination workflow. Once this configuration is done, the &lt;strong&gt;External signal&lt;/strong&gt; activity of this workflow becomes available to configure the &lt;strong&gt;End&lt;/strong&gt; activity of the source workflow.&lt;/p&gt;&#xA;"
                   textIsRich="true"/>
            <procedure_28_10 jcr:primaryType="nt:unstructured"
                          sling:resourceType="help/components/procedure">
            <proc_par jcr:primaryType="nt:unstructured"
                      sling:resourceType="help/components/procedure/proc_parsys">
                <step_370_0 jcr:primaryType="nt:unstructured" sling:resourceType="help/components/step">
                  <step_par jcr:primaryType="nt:unstructured"
                            sling:resourceType="help/components/procedure/step_parsys">
                    <text_862 jcr:primaryType="nt:unstructured"
                               sling:resourceType="help/components/article-3/text"
                               text="&lt;p&gt;Drag and drop an &lt;strong&gt;External signal&lt;/strong&gt; activity into your destination workflow.&lt;/p&gt;&#xA;"
                               textIsRich="true"/>
                  </step_par>
               </step_370_0>
                <step_371_0 jcr:primaryType="nt:unstructured" sling:resourceType="help/components/step">
                  <step_par jcr:primaryType="nt:unstructured"
                            sling:resourceType="help/components/procedure/step_parsys">
                    <text_863 jcr:primaryType="nt:unstructured"
                               sling:resourceType="help/components/article-3/text"
                               text="&lt;p&gt;Select the activity, then open it using the &#xA;&#x9;&lt;img height=&#34;21px&#34; src=&#34;/content/dam/help/en/campaign/standard/edit_darkgrey-24px.png&#34; /&gt;&#xA;&#x9;&#xA; button from the quick actions that appear.&lt;/p&gt;&#xA;"
                               textIsRich="true"/>
                  </step_par>
               </step_371_0>
                <step_372_0 jcr:primaryType="nt:unstructured" sling:resourceType="help/components/step">
                  <step_par jcr:primaryType="nt:unstructured"
                            sling:resourceType="help/components/procedure/step_parsys">
                    <text_864 jcr:primaryType="nt:unstructured"
                               sling:resourceType="help/components/article-3/text"
                               text="&lt;p&gt;Edit the label of the activity. This label is needed when configuring the source workflow that triggers the &lt;strong&gt;External signal&lt;/strong&gt;.&lt;/p&gt;&#xA;"
                               textIsRich="true"/>
                    <image_132 jcr:primaryType="nt:unstructured"
                                sling:resourceType="help/components/article-3/image"
                                jcr:title=""
                                alt=""
                                captionBottom=""
                                fileName="external_signal_configuration.png"
                                originalFileName="images/en/external_signal_configuration.png"
                                fileReference="/content/dam/help/en/campaign/standard/external_signal_configuration.png"
                                imageRotate="0"
                                originalHeight=""
                                originalWidth=""
                                scaleOption="toTemplate"
                                status="legacy"/>
                  </step_par>
               </step_372_0>
                <step_373_0 jcr:primaryType="nt:unstructured" sling:resourceType="help/components/step">
                  <step_par jcr:primaryType="nt:unstructured"
                            sling:resourceType="help/components/procedure/step_parsys">
                    <text_865 jcr:primaryType="nt:unstructured"
                               sling:resourceType="help/components/article-3/text"
                               text="&lt;p&gt;Confirm the configuration of your activity, add any other activity you need and save your workflow.&lt;/p&gt;&#xA;"
                               textIsRich="true"/>
                    <note_29 jcr:primaryType="nt:unstructured"
                              sling:resourceType="help/components/article-3/note"
                              text="&lt;p&gt;&#xA;                        If you want to trigger the destination workflow from another workflow, proceed with the following steps. If you want to trigger the destination workflow from a REST API call, consult the &#xA;&#x9;&#x9;&#x9;&#x9;&#x9;&lt;a href=&#34;https://docs.campaign.adobe.com/doc/standard/en/api/ACS_API.html#triggering-a-signal-activity&#34; class=&#34;anchorLink&#34; target=&#34;_blank&#34;&gt;API documentation&lt;/a&gt;&#xA;&#x9;&#x9;&#x9;&#x9; to get more details.&#xA;                    &lt;/p&gt;&#xA;"
                              textIsRich="true"
                              type="note"/>
                  </step_par>
               </step_373_0>
                <step_374_0 jcr:primaryType="nt:unstructured" sling:resourceType="help/components/step">
                  <step_par jcr:primaryType="nt:unstructured"
                            sling:resourceType="help/components/procedure/step_parsys">
                    <text_867 jcr:primaryType="nt:unstructured"
                               sling:resourceType="help/components/article-3/text"
                               text="&lt;p&gt;Open the source workflow and select an &lt;strong&gt;End&lt;/strong&gt; activity. If there is no &lt;strong&gt;End&lt;/strong&gt; activity available, add one after the last activity of a branch of the workflow.&lt;/p&gt;&#xA;"
                               textIsRich="true"/>
                    <text_868 jcr:primaryType="nt:unstructured"
                               sling:resourceType="help/components/article-3/text"
                               text="&lt;p&gt;Some activities do not have any outbound transition by default. From the &lt;strong&gt;Properties&lt;/strong&gt; tab of these activities, you can add an outbound transition.&lt;/p&gt;&#xA;"
                               textIsRich="true"/>
                    <text_869 jcr:primaryType="nt:unstructured"
                               sling:resourceType="help/components/article-3/text"
                               text="&lt;p&gt;For example, in an &lt;strong&gt;Update data&lt;/strong&gt; activity, go to the &lt;strong&gt;Transitions&lt;/strong&gt; tab and check the &lt;strong&gt;Add an outbound transition without the population&lt;/strong&gt; option. This option allows to add a transition that does not contain any data and do not consume any unnecessary space on your system. It is just used to connect the extra &lt;strong&gt;End&lt;/strong&gt; activity that triggers the destination workflow.&lt;/p&gt;&#xA;"
                               textIsRich="true"/>
                    <image_133 jcr:primaryType="nt:unstructured"
                                sling:resourceType="help/components/article-3/image"
                                jcr:title=""
                                alt=""
                                captionBottom=""
                                fileName="external_signal_empty_transition.png"
                                originalFileName="images/en/external_signal_empty_transition.png"
                                fileReference="/content/dam/help/en/campaign/standard/external_signal_empty_transition.png"
                                imageRotate="0"
                                originalHeight=""
                                originalWidth=""
                                scaleOption="toTemplate"
                                status="legacy"/>
                  </step_par>
               </step_374_0>
                <step_375_0 jcr:primaryType="nt:unstructured" sling:resourceType="help/components/step">
                  <step_par jcr:primaryType="nt:unstructured"
                            sling:resourceType="help/components/procedure/step_parsys">
                    <text_870 jcr:primaryType="nt:unstructured"
                               sling:resourceType="help/components/article-3/text"
                               text="&lt;p&gt;In the &lt;strong&gt;External signal&lt;/strong&gt; tab of the &lt;strong&gt;End&lt;/strong&gt; activity, select the destination workflow as well as the &lt;strong&gt;External signal&lt;/strong&gt; activity to trigger within that workflow.&lt;/p&gt;&#xA;"
                               textIsRich="true"/>
                    <text_871 jcr:primaryType="nt:unstructured"
                               sling:resourceType="help/components/article-3/text"
                               text="&lt;p&gt;When you set an &lt;strong&gt;End&lt;/strong&gt; activity to trigger another workflow, its icon is updated with an additional signal symbol.&lt;/p&gt;&#xA;"
                               textIsRich="true"/>
                    <image_134 jcr:primaryType="nt:unstructured"
                                sling:resourceType="help/components/article-3/image"
                                jcr:title=""
                                alt=""
                                captionBottom=""
                                fileName="external_signal_end.png"
                                originalFileName="images/en/external_signal_end.png"
                                fileReference="/content/dam/help/en/campaign/standard/external_signal_end.png"
                                imageRotate="0"
                                originalHeight=""
                                originalWidth=""
                                scaleOption="toTemplate"
                                status="legacy"/>
                  </step_par>
               </step_375_0>
                <step_376_0 jcr:primaryType="nt:unstructured" sling:resourceType="help/components/step">
                  <step_par jcr:primaryType="nt:unstructured"
                            sling:resourceType="help/components/procedure/step_parsys">
                    <text_872 jcr:primaryType="nt:unstructured"
                               sling:resourceType="help/components/article-3/text"
                               text="&lt;p&gt;Save the source workflow.&lt;/p&gt;&#xA;"
                               textIsRich="true"/>
                  </step_par>
               </step_376_0>
            </proc_par>
         </procedure_28_10>
            <text_873 jcr:primaryType="nt:unstructured"
                   sling:resourceType="help/components/article-3/text"
                   text="&lt;p&gt;Once the &lt;strong&gt;End&lt;/strong&gt; activity of the source workflow or the REST API call is executed, the destination workflow is automatically triggered from the &lt;strong&gt;External signal&lt;/strong&gt; activity.&lt;/p&gt;&#xA;"
                   textIsRich="true"/>
            <note_30 jcr:primaryType="nt:unstructured"
                  sling:resourceType="help/components/article-3/note"
                  text="&lt;p&gt;&#xA;                The destination workflow must be started manually before it can be triggered. When started, the &lt;strong&gt;External activity&lt;/strong&gt; is activated and waits for the signal from the source workflow.&#xA;            &lt;/p&gt;&#xA;"
                  textIsRich="true"
                  type="note"/>
        
        
            <header_147 jcr:primaryType="nt:unstructured" sling:resourceType="help/components/header"
                     id="example"
                     level="2"
                     text="&lt;p&gt;Example&lt;/p&gt;&#xA;"
                     textIsRich="'true'"/>
            <text_875 jcr:primaryType="nt:unstructured"
                   sling:resourceType="help/components/article-3/text"
                   text="&lt;p&gt;The following example illustrates the &lt;strong&gt;External signal&lt;/strong&gt; activity in a typical use case. A data import is performed in a source workflow. Once the import is done and the database updated, a second workflow is triggered. This second workflow is used to update an aggregate on the imported data.&lt;/p&gt;&#xA;"
                   textIsRich="true"/>
            <text_876 jcr:primaryType="nt:unstructured"
                   sling:resourceType="help/components/article-3/text"
                   text="&lt;p&gt;The source workflow is presented as follows:&lt;/p&gt;&#xA;"
                   textIsRich="true"/>
            <procedure_71 jcr:primaryType="nt:unstructured"
                       sling:resourceType="help/components/procedure"
                       isBulleted="true">
            <proc_par jcr:primaryType="nt:unstructured"
                      sling:resourceType="help/components/procedure/proc_parsys">
                <step_377_71 jcr:primaryType="nt:unstructured" sling:resourceType="help/components/step">
                  <step_par jcr:primaryType="nt:unstructured"
                            sling:resourceType="help/components/procedure/step_parsys">
                    <text_877 jcr:primaryType="nt:unstructured"
                               sling:resourceType="help/components/article-3/text"
                               text="&lt;p&gt;A &#xA;&#x9;&#x9;&#x9;&#x9;&#x9;&#x9;&#x9;&#x9;&#x9;&#x9;&#x9;&#xA;&#x9;&#x9;&#x9;&#x9;&#x9;&#x9;&#x9;&lt;a href=&#34;/content/help/en/campaign/standard/automating/using/load-file.html&#34;&gt;Load file&lt;/a&gt; activity uploads a file containing new purchase data. Note that the &#xA;&#x9;&#x9;&#x9;&#x9;&#x9;&#x9;&#x9;&#x9;&#x9;&#x9;&#x9;&#xA;&#x9;&#x9;&#x9;&#x9;&#x9;&#x9;&#x9;&lt;a href=&#34;/content/help/en/campaign/standard/developing/using/data-model-concepts.html&#34;&gt;database has been extended&lt;/a&gt; accordingly as purchase data are not present by default in the datamart.&lt;/p&gt;&#xA;"
                               textIsRich="true"/>
                    <text_878 jcr:primaryType="nt:unstructured"
                               sling:resourceType="help/components/article-3/text"
                               text="&lt;p&gt;For example:&lt;/p&gt;&#xA;"
                               textIsRich="true"/>
                    <codelisting_sh5 jcr:primaryType="nt:unstructured"
                                      sling:resourceType="help/components/codeblock"
                                      codeLanguage="html"
                                      gutter="true"
                                      text="\tcode;tdate;customer;product;tamount&#xA;aze123;21/05/2015;dannymars@example.com;A2;799&#xA;aze124;28/05/2015;dannymars@example.com;A7;8&#xA;aze125;31/07/2015;john.smith@example.com;A7;8&#xA;aze126;14/12/2015;john.smith@example.com;A10;4&#xA;aze127;02/01/2016;dannymars@example.com;A3;79&#xA;aze128;04/03/2016;clara.smith@example.com;A8;149"/>
                  </step_par>
               </step_377_71>
                <step_378_71 jcr:primaryType="nt:unstructured" sling:resourceType="help/components/step">
                  <step_par jcr:primaryType="nt:unstructured"
                            sling:resourceType="help/components/procedure/step_parsys">
                    <text_879 jcr:primaryType="nt:unstructured"
                               sling:resourceType="help/components/article-3/text"
                               text="&lt;p&gt;A &#xA;&#x9;&#x9;&#x9;&#x9;&#x9;&#x9;&#x9;&#x9;&#x9;&#x9;&#x9;&#xA;&#x9;&#x9;&#x9;&#x9;&#x9;&#x9;&#x9;&lt;a href=&#34;/content/help/en/campaign/standard/automating/using/reconciliation.html&#34;&gt;Reconciliation&lt;/a&gt; activity creates the links between the imported data and the database so that the transactions data are properly connected to profiles and products.&lt;/p&gt;&#xA;"
                               textIsRich="true"/>
                  </step_par>
               </step_378_71>
                <step_379_71 jcr:primaryType="nt:unstructured" sling:resourceType="help/components/step">
                  <step_par jcr:primaryType="nt:unstructured"
                            sling:resourceType="help/components/procedure/step_parsys">
                    <text_880 jcr:primaryType="nt:unstructured"
                               sling:resourceType="help/components/article-3/text"
                               text="&lt;p&gt;An &#xA;&#x9;&#x9;&#x9;&#x9;&#x9;&#x9;&#x9;&#x9;&#x9;&#x9;&#x9;&#xA;&#x9;&#x9;&#x9;&#x9;&#x9;&#x9;&#x9;&lt;a href=&#34;/content/help/en/campaign/standard/automating/using/update-data.html&#34;&gt;Update data&lt;/a&gt; activity inserts and updates the Transactions resource of the database with the incoming data.&lt;/p&gt;&#xA;"
                               textIsRich="true"/>
                  </step_par>
               </step_379_71>
                <step_380_71 jcr:primaryType="nt:unstructured" sling:resourceType="help/components/step">
                  <step_par jcr:primaryType="nt:unstructured"
                            sling:resourceType="help/components/procedure/step_parsys">
                    <text_881 jcr:primaryType="nt:unstructured"
                               sling:resourceType="help/components/article-3/text"
                               text="&lt;p&gt;An &lt;strong&gt;End&lt;/strong&gt; activity triggers the destination workflow, which is used to update aggregates.&lt;/p&gt;&#xA;"
                               textIsRich="true"/>
                  </step_par>
               </step_380_71>
            </proc_par>
         </procedure_71>
            <image_135 jcr:primaryType="nt:unstructured"
                    sling:resourceType="help/components/article-3/image"
                    jcr:title=""
                    alt=""
                    captionBottom=""
                    fileName="signal_example_source1.png"
                    originalFileName="images/en/signal_example_source1.png"
                    fileReference="/content/dam/help/en/campaign/standard/signal_example_source1.png"
                    imageRotate="0"
                    originalHeight=""
                    originalWidth=""
                    scaleOption="toTemplate"
                    status="legacy"/>
            <text_882 jcr:primaryType="nt:unstructured"
                   sling:resourceType="help/components/article-3/text"
                   text="&lt;p&gt;The destination workflow is presented as follows:&lt;/p&gt;&#xA;"
                   textIsRich="true"/>
            <procedure_72 jcr:primaryType="nt:unstructured"
                       sling:resourceType="help/components/procedure"
                       isBulleted="true">
            <proc_par jcr:primaryType="nt:unstructured"
                      sling:resourceType="help/components/procedure/proc_parsys">
                <step_381_72 jcr:primaryType="nt:unstructured" sling:resourceType="help/components/step">
                  <step_par jcr:primaryType="nt:unstructured"
                            sling:resourceType="help/components/procedure/step_parsys">
                    <text_883 jcr:primaryType="nt:unstructured"
                               sling:resourceType="help/components/article-3/text"
                               text="&lt;p&gt;An &lt;strong&gt;External signal&lt;/strong&gt; activity waits for the source workflow to be successfully finished.&lt;/p&gt;&#xA;"
                               textIsRich="true"/>
                  </step_par>
               </step_381_72>
                <step_382_72 jcr:primaryType="nt:unstructured" sling:resourceType="help/components/step">
                  <step_par jcr:primaryType="nt:unstructured"
                            sling:resourceType="help/components/procedure/step_parsys">
                    <text_884 jcr:primaryType="nt:unstructured"
                               sling:resourceType="help/components/article-3/text"
                               text="&lt;p&gt;A &#xA;&#x9;&#x9;&#x9;&#x9;&#x9;&#x9;&#x9;&#x9;&#x9;&#x9;&#x9;&#xA;&#x9;&#x9;&#x9;&#x9;&#x9;&#x9;&#x9;&lt;a href=&#34;/content/help/en/campaign/standard/automating/using/query.html#enriching-data&#34;&gt;Query&lt;/a&gt; activity targets profiles and enrich them with a collection set to retrieve the last purchase date.&lt;/p&gt;&#xA;"
                               textIsRich="true"/>
                  </step_par>
               </step_382_72>
                <step_383_72 jcr:primaryType="nt:unstructured" sling:resourceType="help/components/step">
                  <step_par jcr:primaryType="nt:unstructured"
                            sling:resourceType="help/components/procedure/step_parsys">
                    <text_885 jcr:primaryType="nt:unstructured"
                               sling:resourceType="help/components/article-3/text"
                               text="&lt;p&gt;An &#xA;&#x9;&#x9;&#x9;&#x9;&#x9;&#x9;&#x9;&#x9;&#x9;&#x9;&#x9;&#xA;&#x9;&#x9;&#x9;&#x9;&#x9;&#x9;&#x9;&lt;a href=&#34;/content/help/en/campaign/standard/automating/using/update-data.html&#34;&gt;Update data&lt;/a&gt; activity stores the additional data in a dedicated custom field. Note that the profile resource has been extended to add the &lt;strong&gt;Last purchase date&lt;/strong&gt; field.&lt;/p&gt;&#xA;"
                               textIsRich="true"/>
                  </step_par>
               </step_383_72>
            </proc_par>
         </procedure_72>
            <image_136 jcr:primaryType="nt:unstructured"
                    sling:resourceType="help/components/article-3/image"
                    jcr:title=""
                    alt=""
                    captionBottom=""
                    fileName="signal_example_source2.png"
                    originalFileName="images/en/signal_example_source2.png"
                    fileReference="/content/dam/help/en/campaign/standard/signal_example_source2.png"
                    imageRotate="0"
                    originalHeight=""
                    originalWidth=""
                    scaleOption="toTemplate"
                    status="legacy"/>
        
      </main-pars>
      <hero jcr:primaryType="nt:unstructured"
            sling:resourceType="foundation/components/image"/>
      <thumbnail jcr:primaryType="nt:unstructured"
                 sling:resourceType="foundation/components/image"/>
      <publisherLogo jcr:primaryType="nt:unstructured"
                     sling:resourceType="foundation/components/image"/>
   </jcr:content>
</jcr:root>