<?xml version="1.0" encoding="UTF-8"?>
<jcr:root xmlns:nt="http://www.jcp.org/jcr/nt/1.0" xmlns:json="http://json.org/"
          xmlns:sling="http://sling.apache.org/jcr/sling/1.0"
          xmlns:cq="http://www.day.com/jcr/cq/1.0"
          xmlns:jcr="http://www.jcp.org/jcr/1.0"
          xmlns:mix="http://www.jcp.org/jcr/mix/1.0"
          jcr:primaryType="cq:Page">
   <jcr:content navTitle="Extract file" jcr:primaryType="cq:PageContent"
                sling:resourceType="help/components/pages/article-3"
                heroGradient="light"
                jcr:language="en_us"
                cq:designPath="/etc/designs/help"
                cq:template="/apps/help/templates/article-3"
                jcr:mixinTypes="[mix:versionable]"
                jcr:title="Extract file"
                jcr:description="Extract file"
                seoDescription="The Extract file activity allows you to export data from Adobe Campaign in the form of an external file."
                primaryProductTag="[products:SG_CAMPAIGN/STANDARD]"
                cq:tags="[products:SG_CAMPAIGN/STANDARD,audience:automating,content_type:reference,topic_tags:data-management-activities]"
                primaryAudienceTag="[audience:automating]"
                contentOwner="sauviat"
                isReadyForLocalization="true"
                publishExternalDate="2018-09-04">
      <main-pars jcr:primaryType="nt:unstructured"
                 sling:resourceType="foundation/components/parsys">
        
        
        
            
        
        
            <header_205 jcr:primaryType="nt:unstructured" sling:resourceType="help/components/header"
                     id="description"
                     level="2"
                     text="&lt;p&gt;Description&lt;/p&gt;&#xA;"
                     textIsRich="'true'"/>
            <image_195 jcr:primaryType="nt:unstructured"
                    sling:resourceType="help/components/article-3/image"
                    jcr:title=""
                    alt=""
                    captionBottom=""
                    fileName="export.png"
                    originalFileName="images/en/export.png"
                    fileReference="/content/dam/help/en/campaign/standard/export.png"
                    imageRotate="0"
                    originalHeight=""
                    originalWidth=""
                    scaleOption="toTemplate"
                    status="legacy"/>
            <text_1247 jcr:primaryType="nt:unstructured"
                    sling:resourceType="help/components/article-3/text"
                    text="&lt;p&gt;The &lt;strong&gt;Extract file&lt;/strong&gt; activity allows you to export data from Adobe Campaign in the form of an external file.&lt;/p&gt;&#xA;"
                    textIsRich="true"/>
        
        
            <header_206 jcr:primaryType="nt:unstructured" sling:resourceType="help/components/header"
                     id="context-of-use"
                     level="2"
                     text="&lt;p&gt;Context of use&lt;/p&gt;&#xA;"
                     textIsRich="'true'"/>
            <text_1248 jcr:primaryType="nt:unstructured"
                    sling:resourceType="help/components/article-3/text"
                    text="&lt;p&gt;The way in which the data will be extracted is defined when configuring the activity.&lt;/p&gt;&#xA;"
                    textIsRich="true"/>
            <caution_5 jcr:primaryType="nt:unstructured"
                    sling:resourceType="help/components/article-3/note"
                    text="&lt;p&gt;&#xA;                The &lt;strong&gt;Extract file&lt;/strong&gt; activity must be placed after a &lt;strong&gt;Query&lt;/strong&gt; activity in order to be used.&#xA;            &lt;/p&gt;&#xA;"
                    textIsRich="true"
                    type="caution"/>
        
        
            <header_207 jcr:primaryType="nt:unstructured" sling:resourceType="help/components/header"
                     id="configuration"
                     level="2"
                     text="&lt;p&gt;Configuration&lt;/p&gt;&#xA;"
                     textIsRich="'true'"/>
            <procedure_41_10 jcr:primaryType="nt:unstructured"
                          sling:resourceType="help/components/procedure">
            <proc_par jcr:primaryType="nt:unstructured"
                      sling:resourceType="help/components/procedure/proc_parsys">
                <step_581_0 jcr:primaryType="nt:unstructured" sling:resourceType="help/components/step">
                  <step_par jcr:primaryType="nt:unstructured"
                            sling:resourceType="help/components/procedure/step_parsys">
                    <text_1250 jcr:primaryType="nt:unstructured"
                                sling:resourceType="help/components/article-3/text"
                                text="&lt;p&gt;Drag and drop an &lt;strong&gt;Extract file&lt;/strong&gt; activity into your workflow.&lt;/p&gt;&#xA;"
                                textIsRich="true"/>
                    <image_196 jcr:primaryType="nt:unstructured"
                                sling:resourceType="help/components/article-3/image"
                                jcr:title=""
                                alt=""
                                captionBottom=""
                                fileName="wkf_data_export1.png"
                                originalFileName="images/en/wkf_data_export1.png"
                                fileReference="/content/dam/help/en/campaign/standard/wkf_data_export1.png"
                                imageRotate="0"
                                originalHeight=""
                                originalWidth=""
                                scaleOption="toTemplate"
                                status="legacy"/>
                  </step_par>
               </step_581_0>
                <step_582_0 jcr:primaryType="nt:unstructured" sling:resourceType="help/components/step">
                  <step_par jcr:primaryType="nt:unstructured"
                            sling:resourceType="help/components/procedure/step_parsys">
                    <text_1251 jcr:primaryType="nt:unstructured"
                                sling:resourceType="help/components/article-3/text"
                                text="&lt;p&gt;Select the activity, then open it using the &#xA;&#x9;&lt;img height=&#34;21px&#34; src=&#34;/content/dam/help/en/campaign/standard/edit_darkgrey-24px.png&#34; /&gt;&#xA;&#x9;&#xA; button from the quick actions that appear.&lt;/p&gt;&#xA;"
                                textIsRich="true"/>
                  </step_par>
               </step_582_0>
                <step_583_0 jcr:primaryType="nt:unstructured" sling:resourceType="help/components/step">
                  <step_par jcr:primaryType="nt:unstructured"
                            sling:resourceType="help/components/procedure/step_parsys">
                    <text_1252 jcr:primaryType="nt:unstructured"
                                sling:resourceType="help/components/article-3/text"
                                text="&lt;p&gt;Enter the label of the &lt;strong&gt;Output file&lt;/strong&gt;. The label of the file will automatically be completed with the date and time it was created so that it is unique. For example: recipients_20150815_081532.txt for a file generated the 15th of August 2015 at 08:15:32.&lt;/p&gt;&#xA;"
                                textIsRich="true"/>
                  </step_par>
               </step_583_0>
                <step_584_0 jcr:primaryType="nt:unstructured" sling:resourceType="help/components/step">
                  <step_par jcr:primaryType="nt:unstructured"
                            sling:resourceType="help/components/procedure/step_parsys">
                    <text_1253 jcr:primaryType="nt:unstructured"
                                sling:resourceType="help/components/article-3/text"
                                text="&lt;p&gt;If you like, you can zip the output file by selecting &lt;strong&gt;Compression&lt;/strong&gt; in the &lt;strong&gt;Add a pre-processing step&lt;/strong&gt; field. The output file will be compressed into a GZIP file (.gz).&lt;/p&gt;&#xA;"
                                textIsRich="true"/>
                    
                  </step_par>
               </step_584_0>
                <step_585_0 jcr:primaryType="nt:unstructured" sling:resourceType="help/components/step">
                  <step_par jcr:primaryType="nt:unstructured"
                            sling:resourceType="help/components/procedure/step_parsys">
                    <text_1254 jcr:primaryType="nt:unstructured"
                                sling:resourceType="help/components/article-3/text"
                                text="&lt;p&gt;Click the &#xA;&#x9;&lt;img height=&#34;21px&#34; src=&#34;/content/dam/help/en/campaign/standard/add_darkgrey-24px.png&#34; /&gt;&#xA;&#x9;&#xA; or &lt;strong&gt;Add an element&lt;/strong&gt; button to add an output column.&lt;/p&gt;&#xA;"
                                textIsRich="true"/>
                    <image_197 jcr:primaryType="nt:unstructured"
                                sling:resourceType="help/components/article-3/image"
                                jcr:title=""
                                alt=""
                                captionBottom=""
                                fileName="wkf_data_export2.png"
                                originalFileName="images/en/wkf_data_export2.png"
                                fileReference="/content/dam/help/en/campaign/standard/wkf_data_export2.png"
                                imageRotate="0"
                                originalHeight=""
                                originalWidth=""
                                scaleOption="toTemplate"
                                status="legacy"/>
                    <text_1255 jcr:primaryType="nt:unstructured"
                                sling:resourceType="help/components/article-3/text"
                                text="&lt;p&gt;A new window will open.&lt;/p&gt;&#xA;"
                                textIsRich="true"/>
                    <image_198 jcr:primaryType="nt:unstructured"
                                sling:resourceType="help/components/article-3/image"
                                jcr:title=""
                                alt=""
                                captionBottom=""
                                fileName="wkf_data_export3.png"
                                originalFileName="images/en/wkf_data_export3.png"
                                fileReference="/content/dam/help/en/campaign/standard/wkf_data_export3.png"
                                imageRotate="0"
                                originalHeight=""
                                originalWidth=""
                                scaleOption="toTemplate"
                                status="legacy"/>
                  </step_par>
               </step_585_0>
                <step_586_0 jcr:primaryType="nt:unstructured" sling:resourceType="help/components/step">
                  <step_par jcr:primaryType="nt:unstructured"
                            sling:resourceType="help/components/procedure/step_parsys">
                    <text_1256 jcr:primaryType="nt:unstructured"
                                sling:resourceType="help/components/article-3/text"
                                text="&lt;p&gt;Enter an expression. To do this, you can select an existing expression or create a new one using the &lt;strong&gt;expression editor&lt;/strong&gt;.&lt;/p&gt;&#xA;"
                                textIsRich="true"/>
                  </step_par>
               </step_586_0>
                <step_587_0 jcr:primaryType="nt:unstructured" sling:resourceType="help/components/step">
                  <step_par jcr:primaryType="nt:unstructured"
                            sling:resourceType="help/components/procedure/step_parsys">
                    <text_1257 jcr:primaryType="nt:unstructured"
                                sling:resourceType="help/components/article-3/text"
                                text="&lt;p&gt;Confirm your expression.&lt;/p&gt;&#xA;"
                                textIsRich="true"/>
                    <text_1258 jcr:primaryType="nt:unstructured"
                                sling:resourceType="help/components/article-3/text"
                                text="&lt;p&gt;The expression is added to the output columns.&lt;/p&gt;&#xA;"
                                textIsRich="true"/>
                  </step_par>
               </step_587_0>
                <step_588_0 jcr:primaryType="nt:unstructured" sling:resourceType="help/components/step">
                  <step_par jcr:primaryType="nt:unstructured"
                            sling:resourceType="help/components/procedure/step_parsys">
                    <text_1259 jcr:primaryType="nt:unstructured"
                                sling:resourceType="help/components/article-3/text"
                                text="&lt;p&gt;Create as many columns as you need. You can edit columns by clicking their expressions and labels.&lt;/p&gt;&#xA;"
                                textIsRich="true"/>
                    <text_1260 jcr:primaryType="nt:unstructured"
                                sling:resourceType="help/components/article-3/text"
                                text="&lt;p&gt;If you are exporting profiles and want to use them in an external tool, make sure you export a unique identifier. By default, not all profiles have a unique identifier, depending on the way they are added to the database. For more information, refer to the &#xA;&#x9;&#x9;&#x9;&#x9;&#x9;&#x9;&#x9;&#x9;&#x9;&#x9;&#x9;&#xA;&#x9;&#x9;&#x9;&#x9;&#x9;&#x9;&#x9;&lt;a href=&#34;/content/help/en/campaign/standard/developing/using/generating-a-unique-id-for-profiles-and-custom-resources.html&#34;&gt;Generating a unique ID for profiles&lt;/a&gt; section.&lt;/p&gt;&#xA;"
                                textIsRich="true"/>
                  </step_par>
               </step_588_0>
                <step_589_0 jcr:primaryType="nt:unstructured" sling:resourceType="help/components/step">
                  <step_par jcr:primaryType="nt:unstructured"
                            sling:resourceType="help/components/procedure/step_parsys">
                    <text_1261 jcr:primaryType="nt:unstructured"
                                sling:resourceType="help/components/article-3/text"
                                text="&lt;p&gt;Click the &lt;strong&gt;File structure&lt;/strong&gt; tab to configure the output, date, and number formats for the file that will be exported.&lt;/p&gt;&#xA;"
                                textIsRich="true"/>
                    <text_1262 jcr:primaryType="nt:unstructured"
                                sling:resourceType="help/components/article-3/text"
                                text="&lt;p&gt;Check the &lt;strong&gt;Export labels instead of internal values of enumerations&lt;/strong&gt; option in case you export enumeration values. This option allows to retrieve shorter labels that are easy to understand instead of IDs.&lt;/p&gt;&#xA;"
                                textIsRich="true"/>
                  </step_par>
               </step_589_0>
                <step_590_0 jcr:primaryType="nt:unstructured" sling:resourceType="help/components/step">
                  <step_par jcr:primaryType="nt:unstructured"
                            sling:resourceType="help/components/procedure/step_parsys">
                    <text_1263 jcr:primaryType="nt:unstructured"
                                sling:resourceType="help/components/article-3/text"
                                text="&lt;p&gt;Confirm the configuration of your activity and save your workflow.&lt;/p&gt;&#xA;"
                                textIsRich="true"/>
                  </step_par>
               </step_590_0>
            </proc_par>
         </procedure_41_10>
        
        
            <header_208 jcr:primaryType="nt:unstructured" sling:resourceType="help/components/header"
                     id="example"
                     level="2"
                     text="&lt;p&gt;Example&lt;/p&gt;&#xA;"
                     textIsRich="'true'"/>
            <text_1264 jcr:primaryType="nt:unstructured"
                    sling:resourceType="help/components/article-3/text"
                    text="&lt;p&gt;The following example illustrates how to configure an &lt;strong&gt;Extract file&lt;/strong&gt; activity after a &lt;strong&gt;Query&lt;/strong&gt; activity.&lt;/p&gt;&#xA;"
                    textIsRich="true"/>
            <text_1265 jcr:primaryType="nt:unstructured"
                    sling:resourceType="help/components/article-3/text"
                    text="&lt;p&gt;The aim of this workflow is to export a list of profiles in the form of an external file so that the data can be used outside of Adobe Campaign.&lt;/p&gt;&#xA;"
                    textIsRich="true"/>
            <procedure_42_10 jcr:primaryType="nt:unstructured"
                          sling:resourceType="help/components/procedure">
            <proc_par jcr:primaryType="nt:unstructured"
                      sling:resourceType="help/components/procedure/proc_parsys">
                <step_591_0 jcr:primaryType="nt:unstructured" sling:resourceType="help/components/step">
                  <step_par jcr:primaryType="nt:unstructured"
                            sling:resourceType="help/components/procedure/step_parsys">
                    <text_1266 jcr:primaryType="nt:unstructured"
                                sling:resourceType="help/components/article-3/text"
                                text="&lt;p&gt;Drag and drop an &lt;strong&gt;Extract file&lt;/strong&gt; activity into your workflow and place it after the &lt;strong&gt;Query&lt;/strong&gt; activity.&lt;/p&gt;&#xA;"
                                textIsRich="true"/>
                    <text_1267 jcr:primaryType="nt:unstructured"
                                sling:resourceType="help/components/article-3/text"
                                text="&lt;p&gt;In this example, the query is carried out on all profiles aged 18 to 30.&lt;/p&gt;&#xA;"
                                textIsRich="true"/>
                  </step_par>
               </step_591_0>
                <step_592_0 jcr:primaryType="nt:unstructured" sling:resourceType="help/components/step">
                  <step_par jcr:primaryType="nt:unstructured"
                            sling:resourceType="help/components/procedure/step_parsys">
                    <text_1268 jcr:primaryType="nt:unstructured"
                                sling:resourceType="help/components/article-3/text"
                                text="&lt;p&gt;Open the Extract file activity to edit it.&lt;/p&gt;&#xA;"
                                textIsRich="true"/>
                  </step_par>
               </step_592_0>
                <step_593_0 jcr:primaryType="nt:unstructured" sling:resourceType="help/components/step">
                  <step_par jcr:primaryType="nt:unstructured"
                            sling:resourceType="help/components/procedure/step_parsys">
                    <text_1269 jcr:primaryType="nt:unstructured"
                                sling:resourceType="help/components/article-3/text"
                                text="&lt;p&gt;Name the output file.&lt;/p&gt;&#xA;"
                                textIsRich="true"/>
                  </step_par>
               </step_593_0>
                <step_594_0 jcr:primaryType="nt:unstructured" sling:resourceType="help/components/step">
                  <step_par jcr:primaryType="nt:unstructured"
                            sling:resourceType="help/components/procedure/step_parsys">
                    <text_1270 jcr:primaryType="nt:unstructured"
                                sling:resourceType="help/components/article-3/text"
                                text="&lt;p&gt;Add output columns.&lt;/p&gt;&#xA;"
                                textIsRich="true"/>
                    <text_1271 jcr:primaryType="nt:unstructured"
                                sling:resourceType="help/components/article-3/text"
                                text="&lt;p&gt;In this example, the email, age, date of birth, first name and last name of the profiles are added as output columns.&lt;/p&gt;&#xA;"
                                textIsRich="true"/>
                    <image_199 jcr:primaryType="nt:unstructured"
                                sling:resourceType="help/components/article-3/image"
                                jcr:title=""
                                alt=""
                                captionBottom=""
                                fileName="wkf_data_export6.png"
                                originalFileName="images/en/wkf_data_export6.png"
                                fileReference="/content/dam/help/en/campaign/standard/wkf_data_export6.png"
                                imageRotate="0"
                                originalHeight=""
                                originalWidth=""
                                scaleOption="toTemplate"
                                status="legacy"/>
                  </step_par>
               </step_594_0>
                <step_595_0 jcr:primaryType="nt:unstructured" sling:resourceType="help/components/step">
                  <step_par jcr:primaryType="nt:unstructured"
                            sling:resourceType="help/components/procedure/step_parsys">
                    <text_1272 jcr:primaryType="nt:unstructured"
                                sling:resourceType="help/components/article-3/text"
                                text="&lt;p&gt;Click the &lt;strong&gt;File structure&lt;/strong&gt; tab to define:&lt;/p&gt;&#xA;"
                                textIsRich="true"/>
                    <procedure_112 jcr:primaryType="nt:unstructured"
                                    sling:resourceType="help/components/procedure"
                                    isBulleted="true">
                        <proc_par jcr:primaryType="nt:unstructured"
                                  sling:resourceType="help/components/procedure/proc_parsys">
                           <step_595_112 jcr:primaryType="nt:unstructured" sling:resourceType="help/components/step">
                              <step_par jcr:primaryType="nt:unstructured"
                                        sling:resourceType="help/components/procedure/step_parsys">
                                 <text_1273 jcr:primaryType="nt:unstructured"
                                            sling:resourceType="help/components/article-3/text"
                                            text="&lt;p&gt;CSV output format&lt;/p&gt;&#xA;"
                                            textIsRich="true"/>
                                 <image_200 jcr:primaryType="nt:unstructured"
                                            sling:resourceType="help/components/article-3/image"
                                            jcr:title=""
                                            alt=""
                                            captionBottom=""
                                            fileName="wkf_data_export7.png"
                                            originalFileName="images/en/wkf_data_export7.png"
                                            fileReference="/content/dam/help/en/campaign/standard/wkf_data_export7.png"
                                            imageRotate="0"
                                            originalHeight=""
                                            originalWidth=""
                                            scaleOption="toTemplate"
                                            status="legacy"/>
                              </step_par>
                           </step_595_112>
                           <step_596_112 jcr:primaryType="nt:unstructured" sling:resourceType="help/components/step">
                              <step_par jcr:primaryType="nt:unstructured"
                                        sling:resourceType="help/components/procedure/step_parsys">
                                 <text_1274 jcr:primaryType="nt:unstructured"
                                            sling:resourceType="help/components/article-3/text"
                                            text="&lt;p&gt;Date format&lt;/p&gt;&#xA;"
                                            textIsRich="true"/>
                                 <image_201 jcr:primaryType="nt:unstructured"
                                            sling:resourceType="help/components/article-3/image"
                                            jcr:title=""
                                            alt=""
                                            captionBottom=""
                                            fileName="wkf_data_export9.png"
                                            originalFileName="images/en/wkf_data_export9.png"
                                            fileReference="/content/dam/help/en/campaign/standard/wkf_data_export9.png"
                                            imageRotate="0"
                                            originalHeight=""
                                            originalWidth=""
                                            scaleOption="toTemplate"
                                            status="legacy"/>
                              </step_par>
                           </step_596_112>
                        </proc_par>
                     </procedure_112>
                  </step_par>
               </step_595_0>
                <step_598_0 jcr:primaryType="nt:unstructured" sling:resourceType="help/components/step">
                  <step_par jcr:primaryType="nt:unstructured"
                            sling:resourceType="help/components/procedure/step_parsys">
                    <text_1275 jcr:primaryType="nt:unstructured"
                                sling:resourceType="help/components/article-3/text"
                                text="&lt;p&gt;Confirm your activity.&lt;/p&gt;&#xA;"
                                textIsRich="true"/>
                  </step_par>
               </step_598_0>
                <step_599_0 jcr:primaryType="nt:unstructured" sling:resourceType="help/components/step">
                  <step_par jcr:primaryType="nt:unstructured"
                            sling:resourceType="help/components/procedure/step_parsys">
                    <text_1276 jcr:primaryType="nt:unstructured"
                                sling:resourceType="help/components/article-3/text"
                                text="&lt;p&gt;Drag and drop a &lt;strong&gt;Transfer file&lt;/strong&gt; activity after the &lt;strong&gt;Extract file&lt;/strong&gt; activity to recover the extract file on an external account.&lt;/p&gt;&#xA;"
                                textIsRich="true"/>
                  </step_par>
               </step_599_0>
                <step_600_0 jcr:primaryType="nt:unstructured" sling:resourceType="help/components/step">
                  <step_par jcr:primaryType="nt:unstructured"
                            sling:resourceType="help/components/procedure/step_parsys">
                    <text_1277 jcr:primaryType="nt:unstructured"
                                sling:resourceType="help/components/article-3/text"
                                text="&lt;p&gt;Open the activity and choose the &lt;strong&gt;File upload&lt;/strong&gt; action.&lt;/p&gt;&#xA;"
                                textIsRich="true"/>
                    <image_202 jcr:primaryType="nt:unstructured"
                                sling:resourceType="help/components/article-3/image"
                                jcr:title=""
                                alt=""
                                captionBottom=""
                                fileName="wkf_data_export11.png"
                                originalFileName="images/en/wkf_data_export11.png"
                                fileReference="/content/dam/help/en/campaign/standard/wkf_data_export11.png"
                                imageRotate="0"
                                originalHeight=""
                                originalWidth=""
                                scaleOption="toTemplate"
                                status="legacy"/>
                  </step_par>
               </step_600_0>
                <step_601_0 jcr:primaryType="nt:unstructured" sling:resourceType="help/components/step">
                  <step_par jcr:primaryType="nt:unstructured"
                            sling:resourceType="help/components/procedure/step_parsys">
                    <text_1278 jcr:primaryType="nt:unstructured"
                                sling:resourceType="help/components/article-3/text"
                                text="&lt;p&gt;Select the external account and enter the path of the folder on the server.&lt;/p&gt;&#xA;"
                                textIsRich="true"/>
                    <image_203 jcr:primaryType="nt:unstructured"
                                sling:resourceType="help/components/article-3/image"
                                jcr:title=""
                                alt=""
                                captionBottom=""
                                fileName="wkf_data_export12.png"
                                originalFileName="images/en/wkf_data_export12.png"
                                fileReference="/content/dam/help/en/campaign/standard/wkf_data_export12.png"
                                imageRotate="0"
                                originalHeight=""
                                originalWidth=""
                                scaleOption="toTemplate"
                                status="legacy"/>
                  </step_par>
               </step_601_0>
                <step_602_0 jcr:primaryType="nt:unstructured" sling:resourceType="help/components/step">
                  <step_par jcr:primaryType="nt:unstructured"
                            sling:resourceType="help/components/procedure/step_parsys">
                    <text_1279 jcr:primaryType="nt:unstructured"
                                sling:resourceType="help/components/article-3/text"
                                text="&lt;p&gt;Confirm your activity and save your workflow.&lt;/p&gt;&#xA;"
                                textIsRich="true"/>
                  </step_par>
               </step_602_0>
                <step_603_0 jcr:primaryType="nt:unstructured" sling:resourceType="help/components/step">
                  <step_par jcr:primaryType="nt:unstructured"
                            sling:resourceType="help/components/procedure/step_parsys">
                    <text_1280 jcr:primaryType="nt:unstructured"
                                sling:resourceType="help/components/article-3/text"
                                text="&lt;p&gt;Start the workflow.&lt;/p&gt;&#xA;"
                                textIsRich="true"/>
                    <text_1281 jcr:primaryType="nt:unstructured"
                                sling:resourceType="help/components/article-3/text"
                                text="&lt;p&gt;When the workflow has been executed correctly, the extracted file is available on the external account.&lt;/p&gt;&#xA;"
                                textIsRich="true"/>
                  </step_par>
               </step_603_0>
            </proc_par>
         </procedure_42_10>
        
      </main-pars>
      <hero jcr:primaryType="nt:unstructured"
            sling:resourceType="foundation/components/image"/>
      <thumbnail jcr:primaryType="nt:unstructured"
                 sling:resourceType="foundation/components/image"/>
      <publisherLogo jcr:primaryType="nt:unstructured"
                     sling:resourceType="foundation/components/image"/>
   </jcr:content>
</jcr:root>