<?xml version="1.0" encoding="UTF-8"?>
<jcr:root xmlns:nt="http://www.jcp.org/jcr/nt/1.0" xmlns:json="http://json.org/"
          xmlns:sling="http://sling.apache.org/jcr/sling/1.0"
          xmlns:cq="http://www.day.com/jcr/cq/1.0"
          xmlns:jcr="http://www.jcp.org/jcr/1.0"
          xmlns:mix="http://www.jcp.org/jcr/mix/1.0"
          jcr:primaryType="cq:Page">
   <jcr:content navTitle="Importing data with import templates"
                jcr:primaryType="cq:PageContent"
                sling:resourceType="help/components/pages/article-3"
                heroGradient="light"
                jcr:language="en_us"
                cq:designPath="/etc/designs/help"
                cq:template="/apps/help/templates/article-3"
                jcr:mixinTypes="[mix:versionable]"
                jcr:title="Importing data with import templates"
                jcr:description="Importing data with import templates"
                seoDescription=""
                primaryProductTag="[products:SG_CAMPAIGN/STANDARD]"
                cq:tags="[products:SG_CAMPAIGN/STANDARD,audience:automating,content_type:reference,topic_tags:importing-and-exporting-data]"
                primaryAudienceTag="[audience:automating]"
                contentOwner="sauviat"
                isReadyForLocalization="true"
                publishExternalDate="2018-09-04">
      <main-pars jcr:primaryType="nt:unstructured"
                 sling:resourceType="foundation/components/parsys">
        
        <text_1885 jcr:primaryType="nt:unstructured"
                    sling:resourceType="help/components/article-3/text"
                    text="&lt;p&gt;Importing data allows you to collect data to feed your Campaign's database.&lt;/p&gt;&#xA;"
                    textIsRich="true"/>
        <text_1886 jcr:primaryType="nt:unstructured"
                    sling:resourceType="help/components/article-3/text"
                    text="&lt;p&gt;Alternatively to &#xA;&#x9;&#x9;&#x9;&#x9;&#x9;&#x9;&#x9;&#x9;&#x9;&#x9;&#x9;&#xA;&#x9;&#x9;&#x9;&#x9;&#x9;&#x9;&#x9;&lt;a href=&#34;/content/help/en/campaign/standard/automating/using/discovering-workflows.html&#34;&gt;Workflows&lt;/a&gt;, Adobe Campaign offers a simplified import function that allows the user to manage certain types of import that were defined by an administrator.&lt;/p&gt;&#xA;"
                    textIsRich="true"/>
        <text_1887 jcr:primaryType="nt:unstructured"
                    sling:resourceType="help/components/article-3/text"
                    text="&lt;p&gt;The operating principle is as follows: an &lt;strong&gt;administrator&lt;/strong&gt; defines and manages import templates (see &#xA;&#x9;&#x9;&#x9;&#x9;&#x9;&#xA;&lt;a href=&#34;/content/help/en/campaign/standard/automating/using/defining-import-templates.html&#34; target=&#34;_blank&#34;&gt;Defining import templates&lt;/a&gt;). These import templates are then made available to users with simplified views under the &lt;strong&gt;Profiles &amp; audiences&lt;/strong&gt; &amp;gt; &lt;strong&gt;Imports&lt;/strong&gt; menu.&lt;/p&gt;&#xA;"
                    textIsRich="true"/>
        <text_1888 jcr:primaryType="nt:unstructured"
                    sling:resourceType="help/components/article-3/text"
                    text="&lt;p&gt;These users therefore just have to select the type of import they want to carry out and upload the file with the data to import. The workflow defined by the administrator is executed transparently for the user, who can access the details of the result of the import once it has finished.&lt;/p&gt;&#xA;"
                    textIsRich="true"/>
        <note_48 jcr:primaryType="nt:unstructured"
                  sling:resourceType="help/components/article-3/note"
                  text="&lt;p&gt;&#xA;            Import data function can be managed by users with &lt;strong&gt;GENERIC IMPORT (import)&lt;/strong&gt; and &lt;strong&gt;WORKFLOW (workflow)&lt;/strong&gt; roles. For more on roles, refer to &#xA;&#x9;&#x9;&#x9;&#x9;&#x9;&#x9;&#x9;&#x9;&#x9;&#x9;&#x9;&#xA;&#x9;&#x9;&#x9;&#x9;&#x9;&#x9;&#x9;&lt;a href=&#34;/content/help/en/campaign/standard/administration/using/list-of-roles.html&#34;&gt;this section&lt;/a&gt;.&#xA;        &lt;/p&gt;&#xA;"
                  textIsRich="true"
                  type="note"/>
        <text_1890 jcr:primaryType="nt:unstructured"
                    sling:resourceType="help/components/article-3/text"
                    text="&lt;p&gt;Imports can be filtered according to the template from which they were executed, their execution date, and their execution status.&lt;/p&gt;&#xA;"
                    textIsRich="true"/>
        <procedure_46_10 jcr:primaryType="nt:unstructured"
                          sling:resourceType="help/components/procedure">
            <proc_par jcr:primaryType="nt:unstructured"
                      sling:resourceType="help/components/procedure/proc_parsys">
               <step_689_0 jcr:primaryType="nt:unstructured" sling:resourceType="help/components/step">
                  <step_par jcr:primaryType="nt:unstructured"
                            sling:resourceType="help/components/procedure/step_parsys">
                     <text_1891 jcr:primaryType="nt:unstructured"
                                sling:resourceType="help/components/article-3/text"
                                text="&lt;p&gt;From the imports overview, click the &lt;strong&gt;Create&lt;/strong&gt; button. The wizard opens.&lt;/p&gt;&#xA;"
                                textIsRich="true"/>
                  </step_par>
               </step_689_0>
               <step_690_0 jcr:primaryType="nt:unstructured" sling:resourceType="help/components/step">
                  <step_par jcr:primaryType="nt:unstructured"
                            sling:resourceType="help/components/procedure/step_parsys">
                     <text_1892 jcr:primaryType="nt:unstructured"
                                sling:resourceType="help/components/article-3/text"
                                text="&lt;p&gt;Select the type of import that you would like to carry out. The import types correspond to the available import templates.&lt;/p&gt;&#xA;"
                                textIsRich="true"/>
                  </step_par>
               </step_690_0>
               <step_691_0 jcr:primaryType="nt:unstructured" sling:resourceType="help/components/step">
                  <step_par jcr:primaryType="nt:unstructured"
                            sling:resourceType="help/components/procedure/step_parsys">
                     <text_1893 jcr:primaryType="nt:unstructured"
                                sling:resourceType="help/components/article-3/text"
                                text="&lt;p&gt;If necessary, download the sample file linked to the template to your computer to view the data types expected in the file to be imported.&lt;/p&gt;&#xA;"
                                textIsRich="true"/>
                  </step_par>
               </step_691_0>
               <step_692_0 jcr:primaryType="nt:unstructured" sling:resourceType="help/components/step">
                  <step_par jcr:primaryType="nt:unstructured"
                            sling:resourceType="help/components/procedure/step_parsys">
                     <text_1894 jcr:primaryType="nt:unstructured"
                                sling:resourceType="help/components/article-3/text"
                                text="&lt;p&gt;Download the file containing the data to import in the wizard.&lt;/p&gt;&#xA;"
                                textIsRich="true"/>
                  </step_par>
               </step_692_0>
               <step_693_0 jcr:primaryType="nt:unstructured" sling:resourceType="help/components/step">
                  <step_par jcr:primaryType="nt:unstructured"
                            sling:resourceType="help/components/procedure/step_parsys">
                     <text_1895 jcr:primaryType="nt:unstructured"
                                sling:resourceType="help/components/article-3/text"
                                text="&lt;p&gt;Start the import. The wizard closes and takes you back to the list of imports carried out with the template used.&lt;/p&gt;&#xA;"
                                textIsRich="true"/>
                  </step_par>
               </step_693_0>
               <step_694_0 jcr:primaryType="nt:unstructured" sling:resourceType="help/components/step">
                  <step_par jcr:primaryType="nt:unstructured"
                            sling:resourceType="help/components/procedure/step_parsys">
                     <text_1896 jcr:primaryType="nt:unstructured"
                                sling:resourceType="help/components/article-3/text"
                                text="&lt;p&gt;Refresh your page and select the import that you have just carried out to view the execution detail.&lt;/p&gt;&#xA;"
                                textIsRich="true"/>
                     <image_227 jcr:primaryType="nt:unstructured"
                                sling:resourceType="help/components/article-3/image"
                                jcr:title=""
                                alt=""
                                captionBottom=""
                                fileName="simplified_import1.png"
                                originalFileName="images/en/simplified_import1.png"
                                fileReference="/content/dam/help/en/campaign/standard/simplified_import1.png"
                                imageRotate="0"
                                originalHeight=""
                                originalWidth=""
                                scaleOption="toTemplate"
                                status="legacy"/>
                  </step_par>
               </step_694_0>
            </proc_par>
         </procedure_46_10>
        <text_1897 jcr:primaryType="nt:unstructured"
                    sling:resourceType="help/components/article-3/text"
                    text="&lt;p&gt;The details of the import execution are now available. Both the file that was imported, as well as the file containing the rejected data (data that was not imported), can be downloaded to your computer.&lt;/p&gt;&#xA;"
                    textIsRich="true"/>
      </main-pars>
      <hero jcr:primaryType="nt:unstructured"
            sling:resourceType="foundation/components/image"/>
      <thumbnail jcr:primaryType="nt:unstructured"
                 sling:resourceType="foundation/components/image"/>
      <publisherLogo jcr:primaryType="nt:unstructured"
                     sling:resourceType="foundation/components/image"/>
   </jcr:content>
</jcr:root>