<?xml version="1.0" encoding="UTF-8"?>
<jcr:root xmlns:nt="http://www.jcp.org/jcr/nt/1.0" xmlns:json="http://json.org/"
          xmlns:sling="http://sling.apache.org/jcr/sling/1.0"
          xmlns:cq="http://www.day.com/jcr/cq/1.0"
          xmlns:jcr="http://www.jcp.org/jcr/1.0"
          xmlns:mix="http://www.jcp.org/jcr/mix/1.0"
          jcr:primaryType="cq:Page">
   <jcr:content navTitle="Load file" jcr:primaryType="cq:PageContent"
                sling:resourceType="help/components/pages/article-3"
                heroGradient="light"
                jcr:language="en_us"
                cq:designPath="/etc/designs/help"
                cq:template="/apps/help/templates/article-3"
                jcr:mixinTypes="[mix:versionable]"
                jcr:title="Load file"
                jcr:description="Load file"
                seoDescription="The Load file activity allows you to import data in one structured form to use this data in Adobe Campaign."
                primaryProductTag="[products:SG_CAMPAIGN/STANDARD]"
                cq:tags="[products:SG_CAMPAIGN/STANDARD,audience:automating,content_type:reference,topic_tags:data-management-activities]"
                primaryAudienceTag="[audience:automating]"
                contentOwner="sauviat"
                isReadyForLocalization="true"
                publishExternalDate="2018-09-04">
      <main-pars jcr:primaryType="nt:unstructured"
                 sling:resourceType="foundation/components/parsys">
        
        
        
            
        
        
            <header_187 jcr:primaryType="nt:unstructured" sling:resourceType="help/components/header"
                     id="description"
                     level="2"
                     text="&lt;p&gt;Description&lt;/p&gt;&#xA;"
                     textIsRich="'true'"/>
            <image_173 jcr:primaryType="nt:unstructured"
                    sling:resourceType="help/components/article-3/image"
                    jcr:title=""
                    alt=""
                    captionBottom=""
                    fileName="data_loading.png"
                    originalFileName="images/en/data_loading.png"
                    fileReference="/content/dam/help/en/campaign/standard/data_loading.png"
                    imageRotate="0"
                    originalHeight=""
                    originalWidth=""
                    scaleOption="toTemplate"
                    status="legacy"/>
            <text_1089 jcr:primaryType="nt:unstructured"
                    sling:resourceType="help/components/article-3/text"
                    text="&lt;p&gt;The &lt;strong&gt;Load file&lt;/strong&gt; activity allows you to import data in one structured form to use this data in Adobe Campaign. The data is temporarily imported and another activity is necessary to definitively integrate it in the Adobe Campaign database.&lt;/p&gt;&#xA;"
                    textIsRich="true"/>
        
        
            <header_188 jcr:primaryType="nt:unstructured" sling:resourceType="help/components/header"
                     id="context-of-use"
                     level="2"
                     text="&lt;p&gt;Context of use&lt;/p&gt;&#xA;"
                     textIsRich="'true'"/>
            <text_1090 jcr:primaryType="nt:unstructured"
                    sling:resourceType="help/components/article-3/text"
                    text="&lt;p&gt;The way in which the data will be extracted is defined when the activity is configured. The file to load may be a list of contacts, for example.&lt;/p&gt;&#xA;"
                    textIsRich="true"/>
            <caution_2 jcr:primaryType="nt:unstructured"
                    sling:resourceType="help/components/article-3/note"
                    text="&lt;p&gt;&#xA;                Only the &#34;flat&#34; structure files are taken into account, such as the .txt, .csv, etc., files for example.&#xA;            &lt;/p&gt;&#xA;"
                    textIsRich="true"
                    type="caution"/>
            <text_1092 jcr:primaryType="nt:unstructured"
                    sling:resourceType="help/components/article-3/text"
                    text="&lt;p&gt;You can:&lt;/p&gt;&#xA;"
                    textIsRich="true"/>
            <procedure_92 jcr:primaryType="nt:unstructured"
                       sling:resourceType="help/components/procedure"
                       isBulleted="true">
            <proc_par jcr:primaryType="nt:unstructured"
                      sling:resourceType="help/components/procedure/proc_parsys">
                <step_487_92 jcr:primaryType="nt:unstructured" sling:resourceType="help/components/step">
                  <step_par jcr:primaryType="nt:unstructured"
                            sling:resourceType="help/components/procedure/step_parsys">
                    <text_1093 jcr:primaryType="nt:unstructured"
                                sling:resourceType="help/components/article-3/text"
                                text="&lt;p&gt;Use the file structure to apply it to another file's data (recovered using the &lt;strong&gt;Transfer file&lt;/strong&gt; activity) or,&lt;/p&gt;&#xA;"
                                textIsRich="true"/>
                  </step_par>
               </step_487_92>
                <step_488_92 jcr:primaryType="nt:unstructured" sling:resourceType="help/components/step">
                  <step_par jcr:primaryType="nt:unstructured"
                            sling:resourceType="help/components/procedure/step_parsys">
                    <text_1094 jcr:primaryType="nt:unstructured"
                                sling:resourceType="help/components/article-3/text"
                                text="&lt;p&gt;Use the structure and data from the file to import it into Adobe Campaign.&lt;/p&gt;&#xA;"
                                textIsRich="true"/>
                  </step_par>
               </step_488_92>
            </proc_par>
         </procedure_92>
        
        
            <header_189 jcr:primaryType="nt:unstructured" sling:resourceType="help/components/header"
                     id="configuration"
                     level="2"
                     text="&lt;p&gt;Configuration&lt;/p&gt;&#xA;"
                     textIsRich="'true'"/>
            <text_1095 jcr:primaryType="nt:unstructured"
                    sling:resourceType="help/components/article-3/text"
                    text="&lt;p&gt;The activity configuration involves two steps. First, you need to define the expected file structure by uploading a sample file. Once this is done, you can specify the origin of the file whose data will be imported.&lt;/p&gt;&#xA;"
                    textIsRich="true"/>
            <note_39 jcr:primaryType="nt:unstructured"
                  sling:resourceType="help/components/article-3/note"
                  text="&lt;p&gt;&#xA;                The data of the sample file is used for configuring the activity but is not imported. We recommend using a sample file containing little data.&#xA;            &lt;/p&gt;&#xA;"
                  textIsRich="true"
                  type="note"/>
            <procedure_36_10 jcr:primaryType="nt:unstructured"
                          sling:resourceType="help/components/procedure">
            <proc_par jcr:primaryType="nt:unstructured"
                      sling:resourceType="help/components/procedure/proc_parsys">
                <step_489_0 jcr:primaryType="nt:unstructured" sling:resourceType="help/components/step">
                  <step_par jcr:primaryType="nt:unstructured"
                            sling:resourceType="help/components/procedure/step_parsys">
                    <text_1097 jcr:primaryType="nt:unstructured"
                                sling:resourceType="help/components/article-3/text"
                                text="&lt;p&gt;Drag and drop a &lt;strong&gt;Load file&lt;/strong&gt; activity into your workflow.&lt;/p&gt;&#xA;"
                                textIsRich="true"/>
                  </step_par>
               </step_489_0>
                <step_490_0 jcr:primaryType="nt:unstructured" sling:resourceType="help/components/step">
                  <step_par jcr:primaryType="nt:unstructured"
                            sling:resourceType="help/components/procedure/step_parsys">
                    <text_1098 jcr:primaryType="nt:unstructured"
                                sling:resourceType="help/components/article-3/text"
                                text="&lt;p&gt;Select the activity, then open it using the &#xA;&#x9;&lt;img height=&#34;21px&#34; src=&#34;/content/dam/help/en/campaign/standard/edit_darkgrey-24px.png&#34; /&gt;&#xA;&#x9;&#xA; button from the quick actions that appear.&lt;/p&gt;&#xA;"
                                textIsRich="true"/>
                  </step_par>
               </step_490_0>
                <step_491_0 jcr:primaryType="nt:unstructured" sling:resourceType="help/components/step">
                  <step_par jcr:primaryType="nt:unstructured"
                            sling:resourceType="help/components/procedure/step_parsys">
                    <text_1099 jcr:primaryType="nt:unstructured"
                                sling:resourceType="help/components/article-3/text"
                                text="&lt;p&gt;Upload the sample file that will let you define the expected structure when importing the final file.&lt;/p&gt;&#xA;"
                                textIsRich="true"/>
                    <image_174 jcr:primaryType="nt:unstructured"
                                sling:resourceType="help/components/article-3/image"
                                jcr:title=""
                                alt=""
                                captionBottom=""
                                fileName="wkf_file_loading.png"
                                originalFileName="images/en/wkf_file_loading.png"
                                fileReference="/content/dam/help/en/campaign/standard/wkf_file_loading.png"
                                imageRotate="0"
                                originalHeight=""
                                originalWidth=""
                                scaleOption="toTemplate"
                                status="legacy"/>
                    <text_1100 jcr:primaryType="nt:unstructured"
                                sling:resourceType="help/components/article-3/text"
                                text="&lt;p&gt;Once the data file is uploaded, two new tabs appear in the activity: &lt;strong&gt;File structure&lt;/strong&gt; and &lt;strong&gt;Column definition&lt;/strong&gt;.&lt;/p&gt;&#xA;"
                                textIsRich="true"/>
                  </step_par>
               </step_491_0>
                <step_492_0 jcr:primaryType="nt:unstructured" sling:resourceType="help/components/step">
                  <step_par jcr:primaryType="nt:unstructured"
                            sling:resourceType="help/components/procedure/step_parsys">
                    <text_1101 jcr:primaryType="nt:unstructured"
                                sling:resourceType="help/components/article-3/text"
                                text="&lt;p&gt;Go to the &lt;strong&gt;File structure&lt;/strong&gt; tab to view the structure that is automatically detected from the sample file.&lt;/p&gt;&#xA;"
                                textIsRich="true"/>
                    <text_1102 jcr:primaryType="nt:unstructured"
                                sling:resourceType="help/components/article-3/text"
                                text="&lt;p&gt;If the file structure was incorrectly detected, you have several options to correct any possible errors:&lt;/p&gt;&#xA;"
                                textIsRich="true"/>
                    <procedure_93 jcr:primaryType="nt:unstructured"
                                   sling:resourceType="help/components/procedure"
                                   isBulleted="true">
                        <proc_par jcr:primaryType="nt:unstructured"
                                  sling:resourceType="help/components/procedure/proc_parsys">
                           <step_492_93 jcr:primaryType="nt:unstructured" sling:resourceType="help/components/step">
                              <step_par jcr:primaryType="nt:unstructured"
                                        sling:resourceType="help/components/procedure/step_parsys">
                                 <text_1103 jcr:primaryType="nt:unstructured"
                                            sling:resourceType="help/components/article-3/text"
                                            text="&lt;p&gt;You can choose to use the structure of another file by selecting the &lt;strong&gt;Detect structure from a new file&lt;/strong&gt; option.&lt;/p&gt;&#xA;"
                                            textIsRich="true"/>
                              </step_par>
                           </step_492_93>
                           <step_493_93 jcr:primaryType="nt:unstructured" sling:resourceType="help/components/step">
                              <step_par jcr:primaryType="nt:unstructured"
                                        sling:resourceType="help/components/procedure/step_parsys">
                                 <text_1104 jcr:primaryType="nt:unstructured"
                                            sling:resourceType="help/components/article-3/text"
                                            text="&lt;p&gt;You can modify the default detection parameters to adapt them to your file.&lt;/p&gt;&#xA;"
                                            textIsRich="true"/>
                                 <text_1105 jcr:primaryType="nt:unstructured"
                                            sling:resourceType="help/components/article-3/text"
                                            text="&lt;p&gt;All of the detection options necessary to correctly recover the data from the file are regrouped in &lt;strong&gt;File format&lt;/strong&gt;. You can modify them then re-detect the structure of the last file loaded in the activity by taking into account these new settings. To do this, use the &lt;strong&gt;Apply configuration&lt;/strong&gt; button. For example, you can specify a different column separator.&lt;/p&gt;&#xA;"
                                            textIsRich="true"/>
                                 <note_40 jcr:primaryType="nt:unstructured"
                                          sling:resourceType="help/components/article-3/note"
                                          text="&lt;p&gt;&#xA;                                This operation takes into account the last file that was loaded in the activity. If the file detected is large, the data preview will only show the first 30 lines.&#xA;                            &lt;/p&gt;&#xA;"
                                          textIsRich="true"
                                          type="note"/>
                                 <image_175 jcr:primaryType="nt:unstructured"
                                            sling:resourceType="help/components/article-3/image"
                                            jcr:title=""
                                            alt=""
                                            captionBottom=""
                                            fileName="wkf_file_loading3.png"
                                            originalFileName="images/en/wkf_file_loading3.png"
                                            fileReference="/content/dam/help/en/campaign/standard/wkf_file_loading3.png"
                                            imageRotate="0"
                                            originalHeight=""
                                            originalWidth=""
                                            scaleOption="toTemplate"
                                            status="legacy"/>
                              </step_par>
                           </step_493_93>
                        </proc_par>
                     </procedure_93>
                  </step_par>
               </step_492_0>
                <step_495_0 jcr:primaryType="nt:unstructured" sling:resourceType="help/components/step">
                  <step_par jcr:primaryType="nt:unstructured"
                            sling:resourceType="help/components/procedure/step_parsys">
                    <text_1107 jcr:primaryType="nt:unstructured"
                                sling:resourceType="help/components/article-3/text"
                                text="&lt;p&gt;Go to the &lt;strong&gt;Column definition&lt;/strong&gt; tab to check the data format for each column and adjust the parameters if necessary.&lt;/p&gt;&#xA;"
                                textIsRich="true"/>
                    <text_1108 jcr:primaryType="nt:unstructured"
                                sling:resourceType="help/components/article-3/text"
                                text="&lt;p&gt;The &lt;strong&gt;Column definition&lt;/strong&gt; tab allows you to precisely specify the data structure of each column in order to import data that does not contain any errors (for example, using null management) and make it match the types that are already present in the Adobe Campaign database for future operations.&lt;/p&gt;&#xA;"
                                textIsRich="true"/>
                    <text_1109 jcr:primaryType="nt:unstructured"
                                sling:resourceType="help/components/article-3/text"
                                text="&lt;p&gt;For example, you can change the label of a column, select its type (string, integer, date, etc.) or even specify error processing.&lt;/p&gt;&#xA;"
                                textIsRich="true"/>
                    <text_1110 jcr:primaryType="nt:unstructured"
                                sling:resourceType="help/components/article-3/text"
                                text="&lt;p&gt;For more information, refer to the &#xA;&#x9;&#x9;&#x9;&#x9;&#x9;&#xA;&lt;a href=&#34;/content/help/en/campaign/standard/automating/using/load-file.html#column-format&#34; target=&#34;_blank&#34;&gt;Column format&lt;/a&gt; section.&lt;/p&gt;&#xA;"
                                textIsRich="true"/>
                    <image_176 jcr:primaryType="nt:unstructured"
                                sling:resourceType="help/components/article-3/image"
                                jcr:title=""
                                alt=""
                                captionBottom=""
                                fileName="wkf_file_loading4.png"
                                originalFileName="images/en/wkf_file_loading4.png"
                                fileReference="/content/dam/help/en/campaign/standard/wkf_file_loading4.png"
                                imageRotate="0"
                                originalHeight=""
                                originalWidth=""
                                scaleOption="toTemplate"
                                status="legacy"/>
                  </step_par>
               </step_495_0>
                <step_496_0 jcr:primaryType="nt:unstructured" sling:resourceType="help/components/step">
                  <step_par jcr:primaryType="nt:unstructured"
                            sling:resourceType="help/components/procedure/step_parsys">
                    <text_1111 jcr:primaryType="nt:unstructured"
                                sling:resourceType="help/components/article-3/text"
                                text="&lt;p&gt;In the &lt;strong&gt;Execution&lt;/strong&gt; tab, specify whether the file is to be processed for loading data: &lt;/p&gt;&#xA;"
                                textIsRich="true"/>
                    <procedure_94 jcr:primaryType="nt:unstructured"
                                   sling:resourceType="help/components/procedure"
                                   isBulleted="true">
                        <proc_par jcr:primaryType="nt:unstructured"
                                  sling:resourceType="help/components/procedure/proc_parsys">
                           <step_496_94 jcr:primaryType="nt:unstructured" sling:resourceType="help/components/step">
                              <step_par jcr:primaryType="nt:unstructured"
                                        sling:resourceType="help/components/procedure/step_parsys">
                                 <text_1112 jcr:primaryType="nt:unstructured"
                                            sling:resourceType="help/components/article-3/text"
                                            text="&lt;p&gt;Comes from an inbound transition in the workflow.&lt;/p&gt;&#xA;"
                                            textIsRich="true"/>
                              </step_par>
                           </step_496_94>
                           <step_497_94 jcr:primaryType="nt:unstructured" sling:resourceType="help/components/step">
                              <step_par jcr:primaryType="nt:unstructured"
                                        sling:resourceType="help/components/procedure/step_parsys">
                                 <text_1113 jcr:primaryType="nt:unstructured"
                                            sling:resourceType="help/components/article-3/text"
                                            text="&lt;p&gt;Is the one that you uploaded during the previous step.&lt;/p&gt;&#xA;"
                                            textIsRich="true"/>
                              </step_par>
                           </step_497_94>
                           <step_498_94 jcr:primaryType="nt:unstructured" sling:resourceType="help/components/step">
                              <step_par jcr:primaryType="nt:unstructured"
                                        sling:resourceType="help/components/procedure/step_parsys">
                                 <text_1114 jcr:primaryType="nt:unstructured"
                                            sling:resourceType="help/components/article-3/text"
                                            text="&lt;p&gt;Is a new file to upload from the local machine. The &lt;strong&gt;Upload a new file from local machine&lt;/strong&gt; option appears if uploading a first file was already defined in the workflow. This allows you to upload another file to be processed if the current file does not suit your needs.&lt;/p&gt;&#xA;"
                                            textIsRich="true"/>
                                 <image_177 jcr:primaryType="nt:unstructured"
                                            sling:resourceType="help/components/article-3/image"
                                            jcr:title=""
                                            alt=""
                                            captionBottom=""
                                            fileName="wkf_file_loading1.png"
                                            originalFileName="images/en/wkf_file_loading1.png"
                                            fileReference="/content/dam/help/en/campaign/standard/wkf_file_loading1.png"
                                            imageRotate="0"
                                            originalHeight=""
                                            originalWidth=""
                                            scaleOption="toTemplate"
                                            status="legacy"/>
                              </step_par>
                           </step_498_94>
                        </proc_par>
                     </procedure_94>
                  </step_par>
               </step_496_0>
                <step_500_0 jcr:primaryType="nt:unstructured" sling:resourceType="help/components/step">
                  <step_par jcr:primaryType="nt:unstructured"
                            sling:resourceType="help/components/procedure/step_parsys">
                    <text_1115 jcr:primaryType="nt:unstructured"
                                sling:resourceType="help/components/article-3/text"
                                text="&lt;p&gt;If the file that you want to load the data from is compressed into a GZIP file (.gz), select the &lt;strong&gt;Decompression&lt;/strong&gt; option in the &lt;strong&gt;Add a pre-processing step&lt;/strong&gt; field. This allows you to unzip the file before loading the data. This option is only available if the file comes from the activity's inbound transition.&lt;/p&gt;&#xA;"
                                textIsRich="true"/>
                    
                  </step_par>
               </step_500_0>
                <step_501_0 jcr:primaryType="nt:unstructured" sling:resourceType="help/components/step">
                  <step_par jcr:primaryType="nt:unstructured"
                            sling:resourceType="help/components/procedure/step_parsys">
                    <text_1116 jcr:primaryType="nt:unstructured"
                                sling:resourceType="help/components/article-3/text"
                                text="&lt;p&gt;Confirm the configuration of your activity and save your workflow.&lt;/p&gt;&#xA;"
                                textIsRich="true"/>
                  </step_par>
               </step_501_0>
            </proc_par>
         </procedure_36_10>
        
        
            <header_190 jcr:primaryType="nt:unstructured" sling:resourceType="help/components/header"
                     id="column-format"
                     level="2"
                     text="&lt;p&gt;Column format&lt;/p&gt;&#xA;"
                     textIsRich="'true'"/>
            <text_1117 jcr:primaryType="nt:unstructured"
                    sling:resourceType="help/components/article-3/text"
                    text="&lt;p&gt;When you load a sample file, the column format is automatically detected with the default parameters for each data type. You can modify these default parameters in order to specify the particular processes to apply to your data, particularly when there is an error or an empty value.&lt;/p&gt;&#xA;"
                    textIsRich="true"/>
            <text_1118 jcr:primaryType="nt:unstructured"
                    sling:resourceType="help/components/article-3/text"
                    text="&lt;p&gt;To do this, select &lt;strong&gt;Edit properties&lt;/strong&gt; from the quick actions of the column whose format you would like to define. The column format detail window will open.&lt;/p&gt;&#xA;"
                    textIsRich="true"/>
            <image_178 jcr:primaryType="nt:unstructured"
                    sling:resourceType="help/components/article-3/image"
                    jcr:title=""
                    alt=""
                    captionBottom=""
                    fileName="wkf_file_loading4.png"
                    originalFileName="images/en/wkf_file_loading4.png"
                    fileReference="/content/dam/help/en/campaign/standard/wkf_file_loading4.png"
                    imageRotate="0"
                    originalHeight=""
                    originalWidth=""
                    scaleOption="toTemplate"
                    status="legacy"/>
            <text_1119 jcr:primaryType="nt:unstructured"
                    sling:resourceType="help/components/article-3/text"
                    text="&lt;p&gt;You may then modify the formatting for each column.&lt;/p&gt;&#xA;"
                    textIsRich="true"/>
            <text_1120 jcr:primaryType="nt:unstructured"
                    sling:resourceType="help/components/article-3/text"
                    text="&lt;p&gt;The column formatting allows you to define the value processing of each column:&lt;/p&gt;&#xA;"
                    textIsRich="true"/>
            <procedure_95 jcr:primaryType="nt:unstructured"
                       sling:resourceType="help/components/procedure"
                       isBulleted="true">
            <proc_par jcr:primaryType="nt:unstructured"
                      sling:resourceType="help/components/procedure/proc_parsys">
                <step_502_95 jcr:primaryType="nt:unstructured" sling:resourceType="help/components/step">
                  <step_par jcr:primaryType="nt:unstructured"
                            sling:resourceType="help/components/procedure/step_parsys">
                    <text_1121 jcr:primaryType="nt:unstructured"
                                sling:resourceType="help/components/article-3/text"
                                text="&lt;p&gt;&lt;strong&gt;Ignore column&lt;/strong&gt;: does not process this column during data loading.&lt;/p&gt;&#xA;"
                                textIsRich="true"/>
                  </step_par>
               </step_502_95>
                <step_503_95 jcr:primaryType="nt:unstructured" sling:resourceType="help/components/step">
                  <step_par jcr:primaryType="nt:unstructured"
                            sling:resourceType="help/components/procedure/step_parsys">
                    <text_1122 jcr:primaryType="nt:unstructured"
                                sling:resourceType="help/components/article-3/text"
                                text="&lt;p&gt;&lt;strong&gt;Data type&lt;/strong&gt;: specifies the type of data expected for each column.&lt;/p&gt;&#xA;"
                                textIsRich="true"/>
                  </step_par>
               </step_503_95>
                <step_504_95 jcr:primaryType="nt:unstructured" sling:resourceType="help/components/step">
                  <step_par jcr:primaryType="nt:unstructured"
                            sling:resourceType="help/components/procedure/step_parsys">
                    <text_1123 jcr:primaryType="nt:unstructured"
                                sling:resourceType="help/components/article-3/text"
                                text="&lt;p&gt;&lt;strong&gt;Format and separators&lt;/strong&gt;, &lt;strong&gt;Properties&lt;/strong&gt;: specify the properties of a text, the time, date, and numerical value format, as well as the separator specified by the column context.&lt;/p&gt;&#xA;"
                                textIsRich="true"/>
                    <procedure_95 jcr:primaryType="nt:unstructured"
                                   sling:resourceType="help/components/procedure"
                                   isBulleted="true">
                        <proc_par jcr:primaryType="nt:unstructured"
                                  sling:resourceType="help/components/procedure/proc_parsys">
                           <step_504_95 jcr:primaryType="nt:unstructured" sling:resourceType="help/components/step">
                              <step_par jcr:primaryType="nt:unstructured"
                                        sling:resourceType="help/components/procedure/step_parsys">
                                 <text_1124 jcr:primaryType="nt:unstructured"
                                            sling:resourceType="help/components/article-3/text"
                                            text="&lt;p&gt;&lt;strong&gt;Maximum number of characters&lt;/strong&gt;: specifies the maximum number of characters for &lt;strong&gt;Text&lt;/strong&gt; data.&lt;/p&gt;&#xA;"
                                            textIsRich="true"/>
                              </step_par>
                           </step_504_95>
                           <step_505_95 jcr:primaryType="nt:unstructured" sling:resourceType="help/components/step">
                              <step_par jcr:primaryType="nt:unstructured"
                                        sling:resourceType="help/components/procedure/step_parsys">
                                 <text_1125 jcr:primaryType="nt:unstructured"
                                            sling:resourceType="help/components/article-3/text"
                                            text="&lt;p&gt;&lt;strong&gt;Letter case management&lt;/strong&gt;: defines whether a character case process needs to be applied for &lt;strong&gt;Text&lt;/strong&gt; data.&lt;/p&gt;&#xA;"
                                            textIsRich="true"/>
                              </step_par>
                           </step_505_95>
                           <step_506_95 jcr:primaryType="nt:unstructured" sling:resourceType="help/components/step">
                              <step_par jcr:primaryType="nt:unstructured"
                                        sling:resourceType="help/components/procedure/step_parsys">
                                 <text_1126 jcr:primaryType="nt:unstructured"
                                            sling:resourceType="help/components/article-3/text"
                                            text="&lt;p&gt;&lt;strong&gt;White space management&lt;/strong&gt;: specifies whether certain spaces need to be ignored in a string for &lt;strong&gt;Text&lt;/strong&gt; data.&lt;/p&gt;&#xA;"
                                            textIsRich="true"/>
                              </step_par>
                           </step_506_95>
                           <step_507_95 jcr:primaryType="nt:unstructured" sling:resourceType="help/components/step">
                              <step_par jcr:primaryType="nt:unstructured"
                                        sling:resourceType="help/components/procedure/step_parsys">
                                 <text_1127 jcr:primaryType="nt:unstructured"
                                            sling:resourceType="help/components/article-3/text"
                                            text="&lt;p&gt;&lt;strong&gt;Time format&lt;/strong&gt;, &lt;strong&gt;Date format&lt;/strong&gt;: specify the format for &lt;strong&gt;Date&lt;/strong&gt;, &lt;strong&gt;Time&lt;/strong&gt; and &lt;strong&gt;Date and time&lt;/strong&gt; data.&lt;/p&gt;&#xA;"
                                            textIsRich="true"/>
                              </step_par>
                           </step_507_95>
                           <step_508_95 jcr:primaryType="nt:unstructured" sling:resourceType="help/components/step">
                              <step_par jcr:primaryType="nt:unstructured"
                                        sling:resourceType="help/components/procedure/step_parsys">
                                 <text_1128 jcr:primaryType="nt:unstructured"
                                            sling:resourceType="help/components/article-3/text"
                                            text="&lt;p&gt;&lt;strong&gt;Format&lt;/strong&gt;: allows you to define the format of numerical values for &lt;strong&gt;Integer&lt;/strong&gt; and &lt;strong&gt;Floating number&lt;/strong&gt; data.&lt;/p&gt;&#xA;"
                                            textIsRich="true"/>
                              </step_par>
                           </step_508_95>
                           <step_509_95 jcr:primaryType="nt:unstructured" sling:resourceType="help/components/step">
                              <step_par jcr:primaryType="nt:unstructured"
                                        sling:resourceType="help/components/procedure/step_parsys">
                                 <text_1129 jcr:primaryType="nt:unstructured"
                                            sling:resourceType="help/components/article-3/text"
                                            text="&lt;p&gt;&lt;strong&gt;Separator&lt;/strong&gt;: defines the separator specified by the column context (thousands separator or decimal separator for numerical values, separator for dates and time) for &lt;strong&gt;Date&lt;/strong&gt;, &lt;strong&gt;Time&lt;/strong&gt;, &lt;strong&gt;Date and time&lt;/strong&gt;, &lt;strong&gt;Integer&lt;/strong&gt;, and &lt;strong&gt;Floating number&lt;/strong&gt; data.&lt;/p&gt;&#xA;"
                                            textIsRich="true"/>
                              </step_par>
                           </step_509_95>
                        </proc_par>
                     </procedure_95>
                  </step_par>
               </step_504_95>
                <step_511_96 jcr:primaryType="nt:unstructured" sling:resourceType="help/components/step">
                  <step_par jcr:primaryType="nt:unstructured"
                            sling:resourceType="help/components/procedure/step_parsys">
                    <text_1130 jcr:primaryType="nt:unstructured"
                                sling:resourceType="help/components/article-3/text"
                                text="&lt;p&gt;&lt;strong&gt;Remapping of values&lt;/strong&gt;: this field is only available in the column detail configuration. It lets you transform certain values when they are imported. For example, you can transform &#34;three&#34; into &#34;3&#34;.&lt;/p&gt;&#xA;"
                                textIsRich="true"/>
                  </step_par>
               </step_511_96>
                <step_512_96 jcr:primaryType="nt:unstructured" sling:resourceType="help/components/step">
                  <step_par jcr:primaryType="nt:unstructured"
                            sling:resourceType="help/components/procedure/step_parsys">
                    <text_1131 jcr:primaryType="nt:unstructured"
                                sling:resourceType="help/components/article-3/text"
                                text="&lt;p&gt;&lt;strong&gt;Error processing&lt;/strong&gt;: defines the behavior if an error is encountered.&lt;/p&gt;&#xA;"
                                textIsRich="true"/>
                    <procedure_96 jcr:primaryType="nt:unstructured"
                                   sling:resourceType="help/components/procedure"
                                   isBulleted="true">
                        <proc_par jcr:primaryType="nt:unstructured"
                                  sling:resourceType="help/components/procedure/proc_parsys">
                           <step_512_96 jcr:primaryType="nt:unstructured" sling:resourceType="help/components/step">
                              <step_par jcr:primaryType="nt:unstructured"
                                        sling:resourceType="help/components/procedure/step_parsys">
                                 <text_1132 jcr:primaryType="nt:unstructured"
                                            sling:resourceType="help/components/article-3/text"
                                            text="&lt;p&gt;&lt;strong&gt;Ignore the value&lt;/strong&gt;: the value is ignored. A warning is generated in the workflow execution log.&lt;/p&gt;&#xA;"
                                            textIsRich="true"/>
                              </step_par>
                           </step_512_96>
                           <step_513_96 jcr:primaryType="nt:unstructured" sling:resourceType="help/components/step">
                              <step_par jcr:primaryType="nt:unstructured"
                                        sling:resourceType="help/components/procedure/step_parsys">
                                 <text_1133 jcr:primaryType="nt:unstructured"
                                            sling:resourceType="help/components/article-3/text"
                                            text="&lt;p&gt;&lt;strong&gt;Reject the line&lt;/strong&gt;: the entire line is not processed.&lt;/p&gt;&#xA;"
                                            textIsRich="true"/>
                              </step_par>
                           </step_513_96>
                           <step_514_96 jcr:primaryType="nt:unstructured" sling:resourceType="help/components/step">
                              <step_par jcr:primaryType="nt:unstructured"
                                        sling:resourceType="help/components/procedure/step_parsys">
                                 <text_1134 jcr:primaryType="nt:unstructured"
                                            sling:resourceType="help/components/article-3/text"
                                            text="&lt;p&gt;&lt;strong&gt;Use a default value&lt;/strong&gt;: replaces the value causing the error with a default value, defined in the &lt;strong&gt;Default value&lt;/strong&gt; field.&lt;/p&gt;&#xA;"
                                            textIsRich="true"/>
                              </step_par>
                           </step_514_96>
                           <step_515_96 jcr:primaryType="nt:unstructured" sling:resourceType="help/components/step">
                              <step_par jcr:primaryType="nt:unstructured"
                                        sling:resourceType="help/components/procedure/step_parsys">
                                 <text_1135 jcr:primaryType="nt:unstructured"
                                            sling:resourceType="help/components/article-3/text"
                                            text="&lt;p&gt;&lt;strong&gt;Use a default value in case the value is not remapped&lt;/strong&gt;: replaces the value causing the error with a default value, defined in the &lt;strong&gt;Default value&lt;/strong&gt; field, unless a mapping was defined for the erroneous value (see the &lt;strong&gt;Remapping of values&lt;/strong&gt; option above).&lt;/p&gt;&#xA;"
                                            textIsRich="true"/>
                              </step_par>
                           </step_515_96>
                           <step_516_96 jcr:primaryType="nt:unstructured" sling:resourceType="help/components/step">
                              <step_par jcr:primaryType="nt:unstructured"
                                        sling:resourceType="help/components/procedure/step_parsys">
                                 <text_1136 jcr:primaryType="nt:unstructured"
                                            sling:resourceType="help/components/article-3/text"
                                            text="&lt;p&gt;&lt;strong&gt;Reject the line when there is no remapping value&lt;/strong&gt;: the entire line is not processed unless a mapping was defined for the erroneous value (see the &lt;strong&gt;Remapping of values&lt;/strong&gt; option above).&lt;/p&gt;&#xA;"
                                            textIsRich="true"/>
                              </step_par>
                           </step_516_96>
                        </proc_par>
                     </procedure_96>
                    <note_41 jcr:primaryType="nt:unstructured"
                              sling:resourceType="help/components/article-3/note"
                              text="&lt;p&gt;&#xA;                        &lt;strong&gt;Error processing&lt;/strong&gt; concerns errors regarding values in the imported file. For example, a faulty data type encountered (&#34;four&#34; all in letters for an &#34;Integer&#34; column), a string containing more characters than the maximum number authorized, a date with faulty separators, etc.&#xA;                        However, this option does not concern errors generated by empty value management.&#xA;                    &lt;/p&gt;&#xA;"
                              textIsRich="true"
                              type="note"/>
                  </step_par>
               </step_512_96>
                <step_518_97 jcr:primaryType="nt:unstructured" sling:resourceType="help/components/step">
                  <step_par jcr:primaryType="nt:unstructured"
                            sling:resourceType="help/components/procedure/step_parsys">
                    <text_1139 jcr:primaryType="nt:unstructured"
                                sling:resourceType="help/components/article-3/text"
                                text="&lt;p&gt;&lt;strong&gt;Default value&lt;/strong&gt;: specifies the default value according to the error processing chosen.&lt;/p&gt;&#xA;"
                                textIsRich="true"/>
                  </step_par>
               </step_518_97>
                <step_519_97 jcr:primaryType="nt:unstructured" sling:resourceType="help/components/step">
                  <step_par jcr:primaryType="nt:unstructured"
                            sling:resourceType="help/components/procedure/step_parsys">
                    <text_1140 jcr:primaryType="nt:unstructured"
                                sling:resourceType="help/components/article-3/text"
                                text="&lt;p&gt;&lt;strong&gt;Empty value management&lt;/strong&gt;: specifies how to manage empty values during data loading.&lt;/p&gt;&#xA;"
                                textIsRich="true"/>
                    <procedure_97 jcr:primaryType="nt:unstructured"
                                   sling:resourceType="help/components/procedure"
                                   isBulleted="true">
                        <proc_par jcr:primaryType="nt:unstructured"
                                  sling:resourceType="help/components/procedure/proc_parsys">
                           <step_519_97 jcr:primaryType="nt:unstructured" sling:resourceType="help/components/step">
                              <step_par jcr:primaryType="nt:unstructured"
                                        sling:resourceType="help/components/procedure/step_parsys">
                                 <text_1141 jcr:primaryType="nt:unstructured"
                                            sling:resourceType="help/components/article-3/text"
                                            text="&lt;p&gt;&lt;strong&gt;Generate an error for numerical fields&lt;/strong&gt;: generates an error for the numerical fields only, otherwise inserts a NULL value.&lt;/p&gt;&#xA;"
                                            textIsRich="true"/>
                              </step_par>
                           </step_519_97>
                           <step_520_97 jcr:primaryType="nt:unstructured" sling:resourceType="help/components/step">
                              <step_par jcr:primaryType="nt:unstructured"
                                        sling:resourceType="help/components/procedure/step_parsys">
                                 <text_1142 jcr:primaryType="nt:unstructured"
                                            sling:resourceType="help/components/article-3/text"
                                            text="&lt;p&gt;&lt;strong&gt;Insert NULL in the corresponding field&lt;/strong&gt;: authorizes empty values. The value NULL is therefore inserted.&lt;/p&gt;&#xA;"
                                            textIsRich="true"/>
                              </step_par>
                           </step_520_97>
                           <step_521_97 jcr:primaryType="nt:unstructured" sling:resourceType="help/components/step">
                              <step_par jcr:primaryType="nt:unstructured"
                                        sling:resourceType="help/components/procedure/step_parsys">
                                 <text_1143 jcr:primaryType="nt:unstructured"
                                            sling:resourceType="help/components/article-3/text"
                                            text="&lt;p&gt;&lt;strong&gt;Generate an error&lt;/strong&gt;: generates an error if a value is empty.&lt;/p&gt;&#xA;"
                                            textIsRich="true"/>
                              </step_par>
                           </step_521_97>
                        </proc_par>
                     </procedure_97>
                  </step_par>
               </step_519_97>
            </proc_par>
         </procedure_95>
        
        
            <header_191 jcr:primaryType="nt:unstructured" sling:resourceType="help/components/header"
                     id="example"
                     level="2"
                     text="&lt;p&gt;Example&lt;/p&gt;&#xA;"
                     textIsRich="'true'"/>
            <text_1144 jcr:primaryType="nt:unstructured"
                    sling:resourceType="help/components/article-3/text"
                    text="&lt;p&gt;The load file activity mainly structures the data from a transfer file activity in order to integrate it into the existing data.&lt;/p&gt;&#xA;"
                    textIsRich="true"/>
            <text_1145 jcr:primaryType="nt:unstructured"
                    sling:resourceType="help/components/article-3/text"
                    text="&lt;p&gt;The following example shows the result of an automatically downloaded load file activity via a transfer file activity, followed by an update data activity. This workflow aims to enrich the Adobe Campaign database with new profiles or to update existing profiles using the data recovered from the imported file.&lt;/p&gt;&#xA;"
                    textIsRich="true"/>
            <procedure_37_10 jcr:primaryType="nt:unstructured"
                          sling:resourceType="help/components/procedure">
            <proc_par jcr:primaryType="nt:unstructured"
                      sling:resourceType="help/components/procedure/proc_parsys">
                <step_523_0 jcr:primaryType="nt:unstructured" sling:resourceType="help/components/step">
                  <step_par jcr:primaryType="nt:unstructured"
                            sling:resourceType="help/components/procedure/step_parsys">
                    <text_1146 jcr:primaryType="nt:unstructured"
                                sling:resourceType="help/components/article-3/text"
                                text="&lt;p&gt;Drag and drop a &lt;strong&gt;Transfer file&lt;/strong&gt; activity into your workflow and configure it in a way so that it recovers the file you would like.&lt;/p&gt;&#xA;"
                                textIsRich="true"/>
                  </step_par>
               </step_523_0>
                <step_524_0 jcr:primaryType="nt:unstructured" sling:resourceType="help/components/step">
                  <step_par jcr:primaryType="nt:unstructured"
                            sling:resourceType="help/components/procedure/step_parsys">
                    <text_1147 jcr:primaryType="nt:unstructured"
                                sling:resourceType="help/components/article-3/text"
                                text="&lt;p&gt;Drag and drop a &lt;strong&gt;Load file&lt;/strong&gt; activity into your workflow and place it after the &lt;strong&gt;Transfer file&lt;/strong&gt; activity.&lt;/p&gt;&#xA;"
                                textIsRich="true"/>
                  </step_par>
               </step_524_0>
                <step_525_0 jcr:primaryType="nt:unstructured" sling:resourceType="help/components/step">
                  <step_par jcr:primaryType="nt:unstructured"
                            sling:resourceType="help/components/procedure/step_parsys">
                    <text_1148 jcr:primaryType="nt:unstructured"
                                sling:resourceType="help/components/article-3/text"
                                text="&lt;p&gt;Select the activity, then open it using the &#xA;&#x9;&lt;img height=&#34;21px&#34; src=&#34;/content/dam/help/en/campaign/standard/edit_darkgrey-24px.png&#34; /&gt;&#xA;&#x9;&#xA; button from the quick actions that appear.&lt;/p&gt;&#xA;"
                                textIsRich="true"/>
                  </step_par>
               </step_525_0>
                <step_526_0 jcr:primaryType="nt:unstructured" sling:resourceType="help/components/step">
                  <step_par jcr:primaryType="nt:unstructured"
                            sling:resourceType="help/components/procedure/step_parsys">
                    <text_1149 jcr:primaryType="nt:unstructured"
                                sling:resourceType="help/components/article-3/text"
                                text="&lt;p&gt;In the &lt;strong&gt;File to load&lt;/strong&gt; section of the &lt;strong&gt;Execution&lt;/strong&gt; tab, check the &lt;strong&gt;Use the file specified in the inbound transition&lt;/strong&gt; option.&lt;/p&gt;&#xA;"
                                textIsRich="true"/>
                    <image_179 jcr:primaryType="nt:unstructured"
                                sling:resourceType="help/components/article-3/image"
                                jcr:title=""
                                alt=""
                                captionBottom=""
                                fileName="wkf_file_loading8.png"
                                originalFileName="images/en/wkf_file_loading8.png"
                                fileReference="/content/dam/help/en/campaign/standard/wkf_file_loading8.png"
                                imageRotate="0"
                                originalHeight=""
                                originalWidth=""
                                scaleOption="toTemplate"
                                status="legacy"/>
                  </step_par>
               </step_526_0>
                <step_527_0 jcr:primaryType="nt:unstructured" sling:resourceType="help/components/step">
                  <step_par jcr:primaryType="nt:unstructured"
                            sling:resourceType="help/components/procedure/step_parsys">
                    <text_1150 jcr:primaryType="nt:unstructured"
                                sling:resourceType="help/components/article-3/text"
                                text="&lt;p&gt;Configure your activity as specified earlier.&lt;/p&gt;&#xA;"
                                textIsRich="true"/>
                  </step_par>
               </step_527_0>
                <step_528_0 jcr:primaryType="nt:unstructured" sling:resourceType="help/components/step">
                  <step_par jcr:primaryType="nt:unstructured"
                            sling:resourceType="help/components/procedure/step_parsys">
                    <text_1151 jcr:primaryType="nt:unstructured"
                                sling:resourceType="help/components/article-3/text"
                                text="&lt;p&gt;Drag and drop an &lt;strong&gt;Update data&lt;/strong&gt; activity into your workflow and place it after the &lt;strong&gt;Load file&lt;/strong&gt; activity, then configure it. Refer to &#xA;&#x9;&#x9;&#x9;&#x9;&#x9;&#xA;&lt;a href=&#34;/content/help/en/campaign/standard/automating/using/update-data.html&#34; target=&#34;_blank&#34;&gt;Update data&lt;/a&gt;.&lt;/p&gt;&#xA;"
                                textIsRich="true"/>
                  </step_par>
               </step_528_0>
            </proc_par>
         </procedure_37_10>
            <text_1152 jcr:primaryType="nt:unstructured"
                    sling:resourceType="help/components/article-3/text"
                    text="&lt;p&gt;Once the workflow has started, the data from the uploaded file is extracted and then used to enrich the Adobe Campaign database.&lt;/p&gt;&#xA;"
                    textIsRich="true"/>
        
      </main-pars>
      <hero jcr:primaryType="nt:unstructured"
            sling:resourceType="foundation/components/image"/>
      <thumbnail jcr:primaryType="nt:unstructured"
                 sling:resourceType="foundation/components/image"/>
      <publisherLogo jcr:primaryType="nt:unstructured"
                     sling:resourceType="foundation/components/image"/>
   </jcr:content>
</jcr:root>