<?xml version="1.0" encoding="UTF-8"?>
<jcr:root xmlns:nt="http://www.jcp.org/jcr/nt/1.0" xmlns:json="http://json.org/"
          xmlns:sling="http://sling.apache.org/jcr/sling/1.0"
          xmlns:cq="http://www.day.com/jcr/cq/1.0"
          xmlns:jcr="http://www.jcp.org/jcr/1.0"
          xmlns:mix="http://www.jcp.org/jcr/mix/1.0"
          jcr:primaryType="cq:Page">
   <jcr:content navTitle="Push notification delivery" jcr:primaryType="cq:PageContent"
                sling:resourceType="help/components/pages/article-3"
                heroGradient="light"
                jcr:language="en_us"
                cq:designPath="/etc/designs/help"
                cq:template="/apps/help/templates/article-3"
                jcr:mixinTypes="[mix:versionable]"
                jcr:title="Push notification delivery"
                jcr:description="Push notification delivery"
                seoDescription="The Push notification delivery activity allows you to configure sending a single send push notification or a recurring push notification in a workflow."
                primaryProductTag="[products:SG_CAMPAIGN/STANDARD]"
                cq:tags="[products:SG_CAMPAIGN/STANDARD,audience:automating,content_type:reference,topic_tags:channel-activities]"
                primaryAudienceTag="[audience:automating]"
                contentOwner="sauviat"
                isReadyForLocalization="true"
                publishExternalDate="2018-09-04">
      <main-pars jcr:primaryType="nt:unstructured"
                 sling:resourceType="foundation/components/parsys">
        
        
            
        
        
            <header_163 jcr:primaryType="nt:unstructured" sling:resourceType="help/components/header"
                     id="description"
                     level="2"
                     text="&lt;p&gt;Description&lt;/p&gt;&#xA;"
                     textIsRich="'true'"/>
            <image_153 jcr:primaryType="nt:unstructured"
                    sling:resourceType="help/components/article-3/image"
                    jcr:title=""
                    alt=""
                    captionBottom=""
                    fileName="push.png"
                    originalFileName="images/en/push.png"
                    fileReference="/content/dam/help/en/campaign/standard/push.png"
                    imageRotate="0"
                    originalHeight=""
                    originalWidth=""
                    scaleOption="toTemplate"
                    status="legacy"/>
            <image_154 jcr:primaryType="nt:unstructured"
                    sling:resourceType="help/components/article-3/image"
                    jcr:title=""
                    alt=""
                    captionBottom=""
                    fileName="recurrentPush.png"
                    originalFileName="images/en/recurrentPush.png"
                    fileReference="/content/dam/help/en/campaign/standard/recurrentPush.png"
                    imageRotate="0"
                    originalHeight=""
                    originalWidth=""
                    scaleOption="toTemplate"
                    status="legacy"/>
            <text_955 jcr:primaryType="nt:unstructured"
                   sling:resourceType="help/components/article-3/text"
                   text="&lt;p&gt;The &lt;strong&gt;Push notification&lt;/strong&gt; activity allows you to configure sending a push notification in a workflow. This can be a &lt;strong&gt;single send&lt;/strong&gt; notification and sent just once, or it can be a &lt;strong&gt;recurring&lt;/strong&gt; notification.&lt;/p&gt;&#xA;"
                   textIsRich="true"/>
            <text_956 jcr:primaryType="nt:unstructured"
                   sling:resourceType="help/components/article-3/text"
                   text="&lt;p&gt;Single send notifications are standard mobile app push notification deliveries, sent once.&lt;/p&gt;&#xA;"
                   textIsRich="true"/>
            <text_957 jcr:primaryType="nt:unstructured"
                   sling:resourceType="help/components/article-3/text"
                   text="&lt;p&gt;Recurring notifications allow you to send the same mobile app push notification delivery multiple times to different targets over a defined period. You can aggregate the deliveries per period in order to get reports that correspond to your needs.&lt;/p&gt;&#xA;"
                   textIsRich="true"/>
        
        
            <header_164 jcr:primaryType="nt:unstructured" sling:resourceType="help/components/header"
                     id="context-of-use"
                     level="2"
                     text="&lt;p&gt;Context of use&lt;/p&gt;&#xA;"
                     textIsRich="'true'"/>
            <text_958 jcr:primaryType="nt:unstructured"
                   sling:resourceType="help/components/article-3/text"
                   text="&lt;p&gt;The &lt;strong&gt;Push notification&lt;/strong&gt; activity is generally used to automate sending a notification to a target calculated in the same workflow.&lt;/p&gt;&#xA;"
                   textIsRich="true"/>
            <text_959 jcr:primaryType="nt:unstructured"
                   sling:resourceType="help/components/article-3/text"
                   text="&lt;p&gt;When linked to a scheduler, you can define recurring push notifications.&lt;/p&gt;&#xA;"
                   textIsRich="true"/>
            <text_960 jcr:primaryType="nt:unstructured"
                   sling:resourceType="help/components/article-3/text"
                   text="&lt;p&gt;The recipients are defined upstream of the activity in the same workflow, via targeting activities such as queries, intersections, etc.&lt;/p&gt;&#xA;"
                   textIsRich="true"/>
            <text_961 jcr:primaryType="nt:unstructured"
                   sling:resourceType="help/components/article-3/text"
                   text="&lt;p&gt;The message preparation is triggered according to the workflow execution parameters. From the message dashboard, you can select whether to request or not a manual confirmation to send the message (required by default). You can start the workflow manually or place a scheduler activity in the workflow to automate execution.&lt;/p&gt;&#xA;"
                   textIsRich="true"/>
        
        
            <header_165 jcr:primaryType="nt:unstructured" sling:resourceType="help/components/header"
                     id="configuration"
                     level="2"
                     text="&lt;p&gt;Configuration&lt;/p&gt;&#xA;"
                     textIsRich="'true'"/>
            <procedure_31_10 jcr:primaryType="nt:unstructured"
                          sling:resourceType="help/components/procedure">
            <proc_par jcr:primaryType="nt:unstructured"
                      sling:resourceType="help/components/procedure/proc_parsys">
                <step_414_0 jcr:primaryType="nt:unstructured" sling:resourceType="help/components/step">
                  <step_par jcr:primaryType="nt:unstructured"
                            sling:resourceType="help/components/procedure/step_parsys">
                    <text_962 jcr:primaryType="nt:unstructured"
                               sling:resourceType="help/components/article-3/text"
                               text="&lt;p&gt;Drag and drop a &lt;strong&gt;Push notification&lt;/strong&gt; activity into your workflow.&lt;/p&gt;&#xA;"
                               textIsRich="true"/>
                  </step_par>
               </step_414_0>
                <step_415_0 jcr:primaryType="nt:unstructured" sling:resourceType="help/components/step">
                  <step_par jcr:primaryType="nt:unstructured"
                            sling:resourceType="help/components/procedure/step_parsys">
                    <text_963 jcr:primaryType="nt:unstructured"
                               sling:resourceType="help/components/article-3/text"
                               text="&lt;p&gt;Select the activity, then open it using the &#xA;&#x9;&lt;img height=&#34;21px&#34; src=&#34;/content/dam/help/en/campaign/standard/edit_darkgrey-24px.png&#34; /&gt;&#xA;&#x9;&#xA; button from the quick actions that appear.&lt;/p&gt;&#xA;"
                               textIsRich="true"/>
                    <note_33 jcr:primaryType="nt:unstructured"
                              sling:resourceType="help/components/article-3/note"
                              text="&lt;p&gt;&#xA;                        You can access the general properties and advanced options of the activity (and not of the delivery itself) via the &#xA;&#x9;&lt;img height=&#34;21px&#34; src=&#34;/content/dam/help/en/campaign/standard/dlv_activity_params-24px.png&#34; /&gt;&#xA;&#x9;&#xA; button from the activity's quick actions. This button is specific to the &lt;strong&gt;Push notification&lt;/strong&gt; activity.&#xA;                        The push notification's properties can be accessed via the action bar in the push dashboard.&#xA;                    &lt;/p&gt;&#xA;"
                              textIsRich="true"
                              type="note"/>
                  </step_par>
               </step_415_0>
                <step_416_0 jcr:primaryType="nt:unstructured" sling:resourceType="help/components/step">
                  <step_par jcr:primaryType="nt:unstructured"
                            sling:resourceType="help/components/procedure/step_parsys">
                    <text_966 jcr:primaryType="nt:unstructured"
                               sling:resourceType="help/components/article-3/text"
                               text="&lt;p&gt;Select the push notification send mode:&lt;/p&gt;&#xA;"
                               textIsRich="true"/>
                    <procedure_79 jcr:primaryType="nt:unstructured"
                                   sling:resourceType="help/components/procedure"
                                   isBulleted="true">
                        <proc_par jcr:primaryType="nt:unstructured"
                                  sling:resourceType="help/components/procedure/proc_parsys">
                           <step_416_79 jcr:primaryType="nt:unstructured" sling:resourceType="help/components/step">
                              <step_par jcr:primaryType="nt:unstructured"
                                        sling:resourceType="help/components/procedure/step_parsys">
                                 <text_967 jcr:primaryType="nt:unstructured"
                                           sling:resourceType="help/components/article-3/text"
                                           text="&lt;p&gt;&lt;strong&gt;Single notification&lt;/strong&gt;: the push notification is sent a single time. You can specify here whether or not you would like to add an outbound transition to the activity. The different transition types are detailed in step 7 of this procedure.&lt;/p&gt;&#xA;"
                                           textIsRich="true"/>
                              </step_par>
                           </step_416_79>
                           <step_417_79 jcr:primaryType="nt:unstructured" sling:resourceType="help/components/step">
                              <step_par jcr:primaryType="nt:unstructured"
                                        sling:resourceType="help/components/procedure/step_parsys">
                                 <text_968 jcr:primaryType="nt:unstructured"
                                           sling:resourceType="help/components/article-3/text"
                                           text="&lt;p&gt;&lt;strong&gt;Recurring notification&lt;/strong&gt;: the push notification is sent several times, according to the frequency defined in a &lt;strong&gt;Scheduler&lt;/strong&gt; activity. Select the aggregation period of the sends. This allows you to regroup all the sends that occur during the defined period in one single push notification that is also called &lt;strong&gt;recurring execution&lt;/strong&gt; and can be accessed from the application's marketing activity list.&lt;/p&gt;&#xA;"
                                           textIsRich="true"/>
                                 <text_969 jcr:primaryType="nt:unstructured"
                                           sling:resourceType="help/components/article-3/text"
                                           text="&lt;p&gt;For example, for a recurring birthday notification, that is sent daily, you can choose to aggregate the sends per month. This allows you to receive reports on your delivery on a monthly basis although the notification is sent every day.&lt;/p&gt;&#xA;"
                                           textIsRich="true"/>
                              </step_par>
                           </step_417_79>
                        </proc_par>
                     </procedure_79>
                  </step_par>
               </step_416_0>
                <step_419_0 jcr:primaryType="nt:unstructured" sling:resourceType="help/components/step">
                  <step_par jcr:primaryType="nt:unstructured"
                            sling:resourceType="help/components/procedure/step_parsys">
                    <text_970 jcr:primaryType="nt:unstructured"
                               sling:resourceType="help/components/article-3/text"
                               text="&lt;p&gt;Select a notification type. These types come from push notifications templates defined in the &lt;strong&gt;Resources&lt;/strong&gt; &amp;gt; &lt;strong&gt;Templates&lt;/strong&gt; &amp;gt; &lt;strong&gt;Delivery templates&lt;/strong&gt; menu.&lt;/p&gt;&#xA;"
                               textIsRich="true"/>
                    
                  </step_par>
               </step_419_0>
                <step_420_0 jcr:primaryType="nt:unstructured" sling:resourceType="help/components/step">
                  <step_par jcr:primaryType="nt:unstructured"
                            sling:resourceType="help/components/procedure/step_parsys">
                    <text_971 jcr:primaryType="nt:unstructured"
                               sling:resourceType="help/components/article-3/text"
                               text="&lt;p&gt;Enter the general properties for the push notification. You can also attach it to an existing campaign. The label of the workflow's delivery activity is updated with the push notification label.&lt;/p&gt;&#xA;"
                               textIsRich="true"/>
                  </step_par>
               </step_420_0>
                <step_421_0 jcr:primaryType="nt:unstructured" sling:resourceType="help/components/step">
                  <step_par jcr:primaryType="nt:unstructured"
                            sling:resourceType="help/components/procedure/step_parsys">
                    <text_972 jcr:primaryType="nt:unstructured"
                               sling:resourceType="help/components/article-3/text"
                               text="&lt;p&gt;Define the push notification content. See &#xA;&#x9;&#x9;&#x9;&#x9;&#x9;&#x9;&#x9;&#x9;&#x9;&#x9;&#x9;&#xA;&#x9;&#x9;&#x9;&#x9;&#x9;&#x9;&#x9;&lt;a href=&#34;/content/help/en/campaign/standard/channels/using/creating-and-sending-a-push-notification.html&#34;&gt;Creating a push notification&lt;/a&gt;&lt;/p&gt;&#xA;"
                               textIsRich="true"/>
                  </step_par>
               </step_421_0>
                <step_422_0 jcr:primaryType="nt:unstructured" sling:resourceType="help/components/step">
                  <step_par jcr:primaryType="nt:unstructured"
                            sling:resourceType="help/components/procedure/step_parsys">
                    <text_973 jcr:primaryType="nt:unstructured"
                               sling:resourceType="help/components/article-3/text"
                               text="&lt;p&gt;By default, the &lt;strong&gt;Push notification&lt;/strong&gt; activity does not include any outbound transitions. If you would like to add an outbound transition to your &lt;strong&gt;Push Notification&lt;/strong&gt; activity, go to the &lt;strong&gt;General&lt;/strong&gt; tab of the advanced activity options (&#xA;&#x9;&lt;img height=&#34;21px&#34; src=&#34;/content/dam/help/en/campaign/standard/dlv_activity_params-24px.png&#34; /&gt;&#xA;&#x9;&#xA; button in the activity's quick actions) then check one of the following options:&lt;/p&gt;&#xA;"
                               textIsRich="true"/>
                    <procedure_80 jcr:primaryType="nt:unstructured"
                                   sling:resourceType="help/components/procedure"
                                   isBulleted="true">
                        <proc_par jcr:primaryType="nt:unstructured"
                                  sling:resourceType="help/components/procedure/proc_parsys">
                           <step_422_80 jcr:primaryType="nt:unstructured" sling:resourceType="help/components/step">
                              <step_par jcr:primaryType="nt:unstructured"
                                        sling:resourceType="help/components/procedure/step_parsys">
                                 <text_974 jcr:primaryType="nt:unstructured"
                                           sling:resourceType="help/components/article-3/text"
                                           text="&lt;p&gt;&lt;strong&gt;Add outbound transition without the population&lt;/strong&gt;: this lets you generate an outbound transition that contains the exact same population as the inbound transition.&lt;/p&gt;&#xA;"
                                           textIsRich="true"/>
                              </step_par>
                           </step_422_80>
                           <step_423_80 jcr:primaryType="nt:unstructured" sling:resourceType="help/components/step">
                              <step_par jcr:primaryType="nt:unstructured"
                                        sling:resourceType="help/components/procedure/step_parsys">
                                 <text_975 jcr:primaryType="nt:unstructured"
                                           sling:resourceType="help/components/article-3/text"
                                           text="&lt;p&gt;&lt;strong&gt;Add outbound transition with the population&lt;/strong&gt;: this lets you generate an outbound transition containing the population to whom the notification was sent. The members of the target excluded during the delivery preparation are excluded from this transition.&lt;/p&gt;&#xA;"
                                           textIsRich="true"/>
                              </step_par>
                           </step_423_80>
                        </proc_par>
                     </procedure_80>
                  </step_par>
               </step_422_0>
                <step_425_0 jcr:primaryType="nt:unstructured" sling:resourceType="help/components/step">
                  <step_par jcr:primaryType="nt:unstructured"
                            sling:resourceType="help/components/procedure/step_parsys">
                    <text_976 jcr:primaryType="nt:unstructured"
                               sling:resourceType="help/components/article-3/text"
                               text="&lt;p&gt;Confirm the configuration of your activity and save your workflow.&lt;/p&gt;&#xA;"
                               textIsRich="true"/>
                  </step_par>
               </step_425_0>
            </proc_par>
         </procedure_31_10>
            <text_977 jcr:primaryType="nt:unstructured"
                   sling:resourceType="help/components/article-3/text"
                   text="&lt;p&gt;When you reopen the activity, you are taken directly to the push notification dashboard. Only its content can be edited.&lt;/p&gt;&#xA;"
                   textIsRich="true"/>
            <text_978 jcr:primaryType="nt:unstructured"
                   sling:resourceType="help/components/article-3/text"
                   text="&lt;p&gt;By default, starting a delivery workflow only triggers the message preparation. The sending of messages created from a workflow still needs to be confirmed after the workflow has been started. But from the message dashboard, and only if the message was created from a workflow, you can disable the &lt;strong&gt;Request confirmation before sending messages&lt;/strong&gt; option. By unchecking this option, messages are sent without further notice once the preparation is done.&lt;/p&gt;&#xA;"
                   textIsRich="true"/>
        
        
            <header_166 jcr:primaryType="nt:unstructured" sling:resourceType="help/components/header"
                     id="remarks"
                     level="2"
                     text="&lt;p&gt;Remarks&lt;/p&gt;&#xA;"
                     textIsRich="'true'"/>
            <text_979 jcr:primaryType="nt:unstructured"
                   sling:resourceType="help/components/article-3/text"
                   text="&lt;p&gt;The deliveries created within a workflow can be accessed in the application's marketing activity list. You can view the workflow's execution status using the dashboard. Links in the push notification summary pane allow you to directly access linked elements (workflow, campaign, etc.).&lt;/p&gt;&#xA;"
                   textIsRich="true"/>
            <text_980 jcr:primaryType="nt:unstructured"
                   sling:resourceType="help/components/article-3/text"
                   text="&lt;p&gt;In the parent deliveries, which can be accessed from the marketing activity list, you can view the total number of sends that have been processed (according to the aggregation period specified when the &lt;strong&gt;Push notification&lt;/strong&gt; activity was configured). To do this, open the detail view of the parent delivery's &lt;strong&gt;Deployment&lt;/strong&gt; block by selecting &#xA;&#x9;&lt;img height=&#34;21px&#34; src=&#34;/content/dam/help/en/campaign/standard/wkf_dlv_detail_button.png&#34; /&gt;&#xA;&#x9;&#xA;.&lt;/p&gt;&#xA;"
                   textIsRich="true"/>
        
        
            <header_167 jcr:primaryType="nt:unstructured" sling:resourceType="help/components/header"
                     id="sending-a-recurring-push-notification-with-a-workflow"
                     level="2"
                     text="&lt;p&gt;Sending a recurring push notification with a workflow&lt;/p&gt;&#xA;"
                     textIsRich="'true'"/>
            <image_155 jcr:primaryType="nt:unstructured"
                    sling:resourceType="help/components/article-3/image"
                    jcr:title=""
                    alt=""
                    captionBottom=""
                    fileName="wkf_push_example_1.png"
                    originalFileName="images/en/wkf_push_example_1.png"
                    fileReference="/content/dam/help/en/campaign/standard/wkf_push_example_1.png"
                    imageRotate="0"
                    originalHeight=""
                    originalWidth=""
                    scaleOption="toTemplate"
                    status="legacy"/>
            <text_981 jcr:primaryType="nt:unstructured"
                   sling:resourceType="help/components/article-3/text"
                   text="&lt;p&gt;In this example, a personalized push notification is sent every first day of the month at 8 pm to the subscribers of your mobile application depending on their time zones. To do this:&lt;/p&gt;&#xA;"
                   textIsRich="true"/>
            <procedure_32_10 jcr:primaryType="nt:unstructured"
                          sling:resourceType="help/components/procedure">
            <proc_par jcr:primaryType="nt:unstructured"
                      sling:resourceType="help/components/procedure/proc_parsys">
                <step_426_0 jcr:primaryType="nt:unstructured" sling:resourceType="help/components/step">
                  <step_par jcr:primaryType="nt:unstructured"
                            sling:resourceType="help/components/procedure/step_parsys">
                    <text_982 jcr:primaryType="nt:unstructured"
                               sling:resourceType="help/components/article-3/text"
                               text="&lt;p&gt;The &lt;strong&gt;Scheduler&lt;/strong&gt; activity allows you to start the workflow days before the start of the delivery to be able to send the notification to every subscriber at 8 pm in any given time zone:&lt;/p&gt;&#xA;"
                               textIsRich="true"/>
                    <procedure_81 jcr:primaryType="nt:unstructured"
                                   sling:resourceType="help/components/procedure"
                                   isBulleted="true">
                        <proc_par jcr:primaryType="nt:unstructured"
                                  sling:resourceType="help/components/procedure/proc_parsys">
                           <step_426_81 jcr:primaryType="nt:unstructured" sling:resourceType="help/components/step">
                              <step_par jcr:primaryType="nt:unstructured"
                                        sling:resourceType="help/components/procedure/step_parsys">
                                 <text_983 jcr:primaryType="nt:unstructured"
                                           sling:resourceType="help/components/article-3/text"
                                           text="&lt;p&gt;In the &lt;strong&gt;Execution frequency&lt;/strong&gt; field, select Monthly.&lt;/p&gt;&#xA;"
                                           textIsRich="true"/>
                              </step_par>
                           </step_426_81>
                           <step_427_81 jcr:primaryType="nt:unstructured" sling:resourceType="help/components/step">
                              <step_par jcr:primaryType="nt:unstructured"
                                        sling:resourceType="help/components/procedure/step_parsys">
                                 <text_984 jcr:primaryType="nt:unstructured"
                                           sling:resourceType="help/components/article-3/text"
                                           text="&lt;p&gt;Select 8 pm in the &lt;strong&gt;Time&lt;/strong&gt; field.&lt;/p&gt;&#xA;"
                                           textIsRich="true"/>
                              </step_par>
                           </step_427_81>
                           <step_428_81 jcr:primaryType="nt:unstructured" sling:resourceType="help/components/step">
                              <step_par jcr:primaryType="nt:unstructured"
                                        sling:resourceType="help/components/procedure/step_parsys">
                                 <text_985 jcr:primaryType="nt:unstructured"
                                           sling:resourceType="help/components/article-3/text"
                                           text="&lt;p&gt;Choose at which day the delivery will be sent every month.&lt;/p&gt;&#xA;"
                                           textIsRich="true"/>
                              </step_par>
                           </step_428_81>
                           <step_429_81 jcr:primaryType="nt:unstructured" sling:resourceType="help/components/step">
                              <step_par jcr:primaryType="nt:unstructured"
                                        sling:resourceType="help/components/procedure/step_parsys">
                                 <text_986 jcr:primaryType="nt:unstructured"
                                           sling:resourceType="help/components/article-3/text"
                                           text="&lt;p&gt;Select a start date for your workflow, at least one day prior to the start of your delivery. Otherwise, some recipients might receive the message a day later if the selected time has already passed in their time zones.&lt;/p&gt;&#xA;"
                                           textIsRich="true"/>
                              </step_par>
                           </step_429_81>
                           <step_430_81 jcr:primaryType="nt:unstructured" sling:resourceType="help/components/step">
                              <step_par jcr:primaryType="nt:unstructured"
                                        sling:resourceType="help/components/procedure/step_parsys">
                                 <text_987 jcr:primaryType="nt:unstructured"
                                           sling:resourceType="help/components/article-3/text"
                                           text="&lt;p&gt;In the &lt;strong&gt;Execution options&lt;/strong&gt; tab, select at which time zone your workflow will start in the &lt;strong&gt;Time zone&lt;/strong&gt; field. Here, for example, the workflow will start at 8 pm Pacific time, one week before the first day of the month to allow some time for the deliveries to be created for all applicable time zones.&lt;/p&gt;&#xA;"
                                           textIsRich="true"/>
                              </step_par>
                           </step_430_81>
                        </proc_par>
                     </procedure_81>
                    <image_156 jcr:primaryType="nt:unstructured"
                                sling:resourceType="help/components/article-3/image"
                                jcr:title=""
                                alt=""
                                captionBottom=""
                                fileName="wkf_push_example_5.png"
                                originalFileName="images/en/wkf_push_example_5.png"
                                fileReference="/content/dam/help/en/campaign/standard/wkf_push_example_5.png"
                                imageRotate="0"
                                originalHeight=""
                                originalWidth=""
                                scaleOption="toTemplate"
                                status="legacy"/>
                  </step_par>
               </step_426_0>
                <step_432_0 jcr:primaryType="nt:unstructured" sling:resourceType="help/components/step">
                  <step_par jcr:primaryType="nt:unstructured"
                            sling:resourceType="help/components/procedure/step_parsys">
                    <text_988 jcr:primaryType="nt:unstructured"
                               sling:resourceType="help/components/article-3/text"
                               text="&lt;p&gt;The &lt;strong&gt;Query&lt;/strong&gt; activity allows you to target your VIP customers aged between 20-30, who have subscribed to your mobile application and who did not open the email you sent:&lt;/p&gt;&#xA;"
                               textIsRich="true"/>
                    <procedure_82 jcr:primaryType="nt:unstructured"
                                   sling:resourceType="help/components/procedure"
                                   isBulleted="true">
                        <proc_par jcr:primaryType="nt:unstructured"
                                  sling:resourceType="help/components/procedure/proc_parsys">
                           <step_432_82 jcr:primaryType="nt:unstructured" sling:resourceType="help/components/step">
                              <step_par jcr:primaryType="nt:unstructured"
                                        sling:resourceType="help/components/procedure/step_parsys">
                                 <text_989 jcr:primaryType="nt:unstructured"
                                           sling:resourceType="help/components/article-3/text"
                                           text="&lt;p&gt;Select an audience (your VIP customers) and filter on their age.&lt;/p&gt;&#xA;"
                                           textIsRich="true"/>
                              </step_par>
                           </step_432_82>
                           <step_433_82 jcr:primaryType="nt:unstructured" sling:resourceType="help/components/step">
                              <step_par jcr:primaryType="nt:unstructured"
                                        sling:resourceType="help/components/procedure/step_parsys">
                                 <text_990 jcr:primaryType="nt:unstructured"
                                           sling:resourceType="help/components/article-3/text"
                                           text="&lt;p&gt;Drag and drop the &lt;strong&gt;Subscriptions to an application&lt;/strong&gt; element into the workspace. Select &lt;strong&gt;Exists&lt;/strong&gt; and select the mobile application that you want to use.&lt;/p&gt;&#xA;"
                                           textIsRich="true"/>
                              </step_par>
                           </step_433_82>
                           <step_434_82 jcr:primaryType="nt:unstructured" sling:resourceType="help/components/step">
                              <step_par jcr:primaryType="nt:unstructured"
                                        sling:resourceType="help/components/procedure/step_parsys">
                                 <text_991 jcr:primaryType="nt:unstructured"
                                           sling:resourceType="help/components/article-3/text"
                                           text="&lt;p&gt;Select the email that you sent to your customers.&lt;/p&gt;&#xA;"
                                           textIsRich="true"/>
                              </step_par>
                           </step_434_82>
                           <step_435_82 jcr:primaryType="nt:unstructured" sling:resourceType="help/components/step">
                              <step_par jcr:primaryType="nt:unstructured"
                                        sling:resourceType="help/components/procedure/step_parsys">
                                 <text_992 jcr:primaryType="nt:unstructured"
                                           sling:resourceType="help/components/article-3/text"
                                           text="&lt;p&gt;Drag and drop the &lt;strong&gt;Delivery logs (logs)&lt;/strong&gt; element into the workspace and select &lt;strong&gt;Exists&lt;/strong&gt; to target all of the customers who received the email.&lt;/p&gt;&#xA;"
                                           textIsRich="true"/>
                              </step_par>
                           </step_435_82>
                           <step_436_82 jcr:primaryType="nt:unstructured" sling:resourceType="help/components/step">
                              <step_par jcr:primaryType="nt:unstructured"
                                        sling:resourceType="help/components/procedure/step_parsys">
                                 <text_993 jcr:primaryType="nt:unstructured"
                                           sling:resourceType="help/components/article-3/text"
                                           text="&lt;p&gt;Drag and drop the &lt;strong&gt;Tracking logs (tracking)&lt;/strong&gt; element into the workspace and select &lt;strong&gt;Does not exist&lt;/strong&gt; to target all of the customers who did not open the email.&lt;/p&gt;&#xA;"
                                           textIsRich="true"/>
                                 <image_157 jcr:primaryType="nt:unstructured"
                                            sling:resourceType="help/components/article-3/image"
                                            jcr:title=""
                                            alt=""
                                            captionBottom=""
                                            fileName="wkf_push_example_2.png"
                                            originalFileName="images/en/wkf_push_example_2.png"
                                            fileReference="/content/dam/help/en/campaign/standard/wkf_push_example_2.png"
                                            imageRotate="0"
                                            originalHeight=""
                                            originalWidth=""
                                            scaleOption="toTemplate"
                                            status="legacy"/>
                              </step_par>
                           </step_436_82>
                        </proc_par>
                     </procedure_82>
                  </step_par>
               </step_432_0>
                <step_438_0 jcr:primaryType="nt:unstructured" sling:resourceType="help/components/step">
                  <step_par jcr:primaryType="nt:unstructured"
                            sling:resourceType="help/components/procedure/step_parsys">
                    <text_994 jcr:primaryType="nt:unstructured"
                               sling:resourceType="help/components/article-3/text"
                               text="&lt;p&gt;The &lt;strong&gt;Push notification&lt;/strong&gt; activity allows you to enter the content of your message and to select the personalization fields that you want to use:&lt;/p&gt;&#xA;"
                               textIsRich="true"/>
                    <procedure_83 jcr:primaryType="nt:unstructured"
                                   sling:resourceType="help/components/procedure"
                                   isBulleted="true">
                        <proc_par jcr:primaryType="nt:unstructured"
                                  sling:resourceType="help/components/procedure/proc_parsys">
                           <step_438_83 jcr:primaryType="nt:unstructured" sling:resourceType="help/components/step">
                              <step_par jcr:primaryType="nt:unstructured"
                                        sling:resourceType="help/components/procedure/step_parsys">
                                 <text_995 jcr:primaryType="nt:unstructured"
                                           sling:resourceType="help/components/article-3/text"
                                           text="&lt;p&gt;Select the &lt;strong&gt;Recurring notification&lt;/strong&gt; option.&lt;/p&gt;&#xA;"
                                           textIsRich="true"/>
                              </step_par>
                           </step_438_83>
                           <step_439_83 jcr:primaryType="nt:unstructured" sling:resourceType="help/components/step">
                              <step_par jcr:primaryType="nt:unstructured"
                                        sling:resourceType="help/components/procedure/step_parsys">
                                 <text_996 jcr:primaryType="nt:unstructured"
                                           sling:resourceType="help/components/article-3/text"
                                           text="&lt;p&gt;Define the push notification content. For more information on push notification content, refer to this &#xA;&#x9;&#x9;&#x9;&#x9;&#x9;&#x9;&#x9;&#x9;&#x9;&#x9;&#x9;&#xA;&#x9;&#x9;&#x9;&#x9;&#x9;&#x9;&#x9;&lt;a href=&#34;/content/help/en/campaign/standard/channels/using/creating-and-sending-a-push-notification.html&#34;&gt;section&lt;/a&gt;.&lt;/p&gt;&#xA;"
                                           textIsRich="true"/>
                              </step_par>
                           </step_439_83>
                           <step_440_83 jcr:primaryType="nt:unstructured" sling:resourceType="help/components/step">
                              <step_par jcr:primaryType="nt:unstructured"
                                        sling:resourceType="help/components/procedure/step_parsys">
                                 <text_997 jcr:primaryType="nt:unstructured"
                                           sling:resourceType="help/components/article-3/text"
                                           text="&lt;p&gt;In the &lt;strong&gt;Schedule&lt;/strong&gt; block, select &lt;strong&gt;Messages to be sent automatically on the time zone specified below&lt;/strong&gt;. Here, we chose the &lt;strong&gt;Time zone of the contact date&lt;/strong&gt; Pacific as in the workflow &lt;strong&gt;Scheduler&lt;/strong&gt;.&lt;/p&gt;&#xA;"
                                           textIsRich="true"/>
                              </step_par>
                           </step_440_83>
                           <step_441_83 jcr:primaryType="nt:unstructured" sling:resourceType="help/components/step">
                              <step_par jcr:primaryType="nt:unstructured"
                                        sling:resourceType="help/components/procedure/step_parsys">
                                 <text_998 jcr:primaryType="nt:unstructured"
                                           sling:resourceType="help/components/article-3/text"
                                           text="&lt;p&gt;In the &lt;strong&gt;Optimize the sending time per recipient&lt;/strong&gt; field, select &lt;strong&gt;Send at the recipient's time zone&lt;/strong&gt;.&lt;/p&gt;&#xA;"
                                           textIsRich="true"/>
                                 <image_158 jcr:primaryType="nt:unstructured"
                                            sling:resourceType="help/components/article-3/image"
                                            jcr:title=""
                                            alt=""
                                            captionBottom=""
                                            fileName="wkf_push_example_4.png"
                                            originalFileName="images/en/wkf_push_example_4.png"
                                            fileReference="/content/dam/help/en/campaign/standard/wkf_push_example_4.png"
                                            imageRotate="0"
                                            originalHeight=""
                                            originalWidth=""
                                            scaleOption="toTemplate"
                                            status="legacy"/>
                              </step_par>
                           </step_441_83>
                        </proc_par>
                     </procedure_83>
                  </step_par>
               </step_438_0>
                <step_443_0 jcr:primaryType="nt:unstructured" sling:resourceType="help/components/step">
                  <step_par jcr:primaryType="nt:unstructured"
                            sling:resourceType="help/components/procedure/step_parsys">
                    <text_999 jcr:primaryType="nt:unstructured"
                               sling:resourceType="help/components/article-3/text"
                               text="&lt;p&gt;Click the &lt;strong&gt;Start&lt;/strong&gt; button to start your recurring workflow.&lt;/p&gt;&#xA;"
                               textIsRich="true"/>
                    <image_159 jcr:primaryType="nt:unstructured"
                                sling:resourceType="help/components/article-3/image"
                                jcr:title=""
                                alt=""
                                captionBottom=""
                                fileName="wkf_push_example_3.png"
                                originalFileName="images/en/wkf_push_example_3.png"
                                fileReference="/content/dam/help/en/campaign/standard/wkf_push_example_3.png"
                                imageRotate="0"
                                originalHeight=""
                                originalWidth=""
                                scaleOption="toTemplate"
                                status="legacy"/>
                  </step_par>
               </step_443_0>
            </proc_par>
         </procedure_32_10>
            <text_1000 jcr:primaryType="nt:unstructured"
                    sling:resourceType="help/components/article-3/text"
                    text="&lt;p&gt;Your workflow is now running. It will start at the chosen start date of the &lt;strong&gt;Scheduler&lt;/strong&gt; at 8 pm Pacific time, the recurring push will then be sent every first day of the month at 8 pm depending on the customers time zone.&lt;/p&gt;&#xA;"
                    textIsRich="true"/>
        
      </main-pars>
      <hero jcr:primaryType="nt:unstructured"
            sling:resourceType="foundation/components/image"/>
      <thumbnail jcr:primaryType="nt:unstructured"
                 sling:resourceType="foundation/components/image"/>
      <publisherLogo jcr:primaryType="nt:unstructured"
                     sling:resourceType="foundation/components/image"/>
   </jcr:content>
</jcr:root>