<?xml version="1.0" encoding="UTF-8"?>
<jcr:root xmlns:nt="http://www.jcp.org/jcr/nt/1.0" xmlns:json="http://json.org/"
          xmlns:sling="http://sling.apache.org/jcr/sling/1.0"
          xmlns:cq="http://www.day.com/jcr/cq/1.0"
          xmlns:jcr="http://www.jcp.org/jcr/1.0"
          xmlns:mix="http://www.jcp.org/jcr/mix/1.0"
          jcr:primaryType="cq:Page">
   <jcr:content navTitle="Save audience" jcr:primaryType="cq:PageContent"
                sling:resourceType="help/components/pages/article-3"
                heroGradient="light"
                jcr:language="en_us"
                cq:designPath="/etc/designs/help"
                cq:template="/apps/help/templates/article-3"
                jcr:mixinTypes="[mix:versionable]"
                jcr:title="Save audience"
                jcr:description="Save audience"
                seoDescription="The Save audience activity allows you to update an existing audience or create a new audience from the population computed upstream in a workflow."
                primaryProductTag="[products:SG_CAMPAIGN/STANDARD]"
                cq:tags="[products:SG_CAMPAIGN/STANDARD,audience:automating,content_type:reference,topic_tags:targeting-activities]"
                primaryAudienceTag="[audience:automating]"
                contentOwner="sauviat"
                isReadyForLocalization="true"
                publishExternalDate="2018-09-04">
      <main-pars jcr:primaryType="nt:unstructured"
                 sling:resourceType="foundation/components/parsys">
        
        
        
            
        
        
            <header_100 jcr:primaryType="nt:unstructured" sling:resourceType="help/components/header"
                     id="description"
                     level="2"
                     text="&lt;p&gt;Description&lt;/p&gt;&#xA;"
                     textIsRich="'true'"/>
            <image_89 jcr:primaryType="nt:unstructured"
                   sling:resourceType="help/components/article-3/image"
                   jcr:title=""
                   alt=""
                   captionBottom=""
                   fileName="save_audience.png"
                   originalFileName="images/en/save_audience.png"
                   fileReference="/content/dam/help/en/campaign/standard/save_audience.png"
                   imageRotate="0"
                   originalHeight=""
                   originalWidth=""
                   scaleOption="toTemplate"
                   status="legacy"/>
            <text_669 jcr:primaryType="nt:unstructured"
                   sling:resourceType="help/components/article-3/text"
                   text="&lt;p&gt;The &lt;strong&gt;Save audience&lt;/strong&gt; activity allows you to update an existing audience or create a new audience from the population computed upstream in a workflow. The audiences created or updated from this activity are &lt;strong&gt;List&lt;/strong&gt; or &lt;strong&gt;File&lt;/strong&gt; audiences. They are added to the list of application audiences, and are made available via the &lt;strong&gt;Audiences&lt;/strong&gt; menu.&lt;/p&gt;&#xA;"
                   textIsRich="true"/>
            <text_670 jcr:primaryType="nt:unstructured"
                   sling:resourceType="help/components/article-3/text"
                   text="&lt;p&gt;This activity also allows you to export profiles as Adobe Experience Cloud audiences/segments. This then allows you to exploit these audiences in other Adobe Experience Cloud solutions. For more information about shared audiences, refer to &#xA;&#x9;&#x9;&#x9;&#x9;&#x9;&#x9;&#x9;&#x9;&#x9;&#x9;&#x9;&#xA;&#x9;&#x9;&#x9;&#x9;&#x9;&#x9;&#x9;&lt;a href=&#34;/content/help/en/campaign/standard/integrating/using/about-campaign-audience-manager-or-people-core-service-integration.html&#34;&gt;Working with Campaign and People Core Service&lt;/a&gt;.&lt;/p&gt;&#xA;"
                   textIsRich="true"/>
        
        
            <header_101 jcr:primaryType="nt:unstructured" sling:resourceType="help/components/header"
                     id="context-of-use"
                     level="2"
                     text="&lt;p&gt;Context of use&lt;/p&gt;&#xA;"
                     textIsRich="'true'"/>
            <text_671 jcr:primaryType="nt:unstructured"
                   sling:resourceType="help/components/article-3/text"
                   text="&lt;p&gt;The &lt;strong&gt;Save audience&lt;/strong&gt; activity is essentially used to keep population groups computed in the same workflow, by converting them into reusable audiences.&lt;/p&gt;&#xA;"
                   textIsRich="true"/>
        
        
            <header_102 jcr:primaryType="nt:unstructured" sling:resourceType="help/components/header"
                     id="configuration"
                     level="2"
                     text="&lt;p&gt;Configuration&lt;/p&gt;&#xA;"
                     textIsRich="'true'"/>
            <procedure_20_10 jcr:primaryType="nt:unstructured"
                          sling:resourceType="help/components/procedure">
            <proc_par jcr:primaryType="nt:unstructured"
                      sling:resourceType="help/components/procedure/proc_parsys">
                <step_273_0 jcr:primaryType="nt:unstructured" sling:resourceType="help/components/step">
                  <step_par jcr:primaryType="nt:unstructured"
                            sling:resourceType="help/components/procedure/step_parsys">
                    <text_672 jcr:primaryType="nt:unstructured"
                               sling:resourceType="help/components/article-3/text"
                               text="&lt;p&gt;Drop a &lt;strong&gt;Save audience&lt;/strong&gt; activity into your workflow.&lt;/p&gt;&#xA;"
                               textIsRich="true"/>
                  </step_par>
               </step_273_0>
                <step_274_0 jcr:primaryType="nt:unstructured" sling:resourceType="help/components/step">
                  <step_par jcr:primaryType="nt:unstructured"
                            sling:resourceType="help/components/procedure/step_parsys">
                    <text_673 jcr:primaryType="nt:unstructured"
                               sling:resourceType="help/components/article-3/text"
                               text="&lt;p&gt;Connect it after the other targeting activities such as a query, an intersection, a union, or an exclusion.&lt;/p&gt;&#xA;"
                               textIsRich="true"/>
                  </step_par>
               </step_274_0>
                <step_275_0 jcr:primaryType="nt:unstructured" sling:resourceType="help/components/step">
                  <step_par jcr:primaryType="nt:unstructured"
                            sling:resourceType="help/components/procedure/step_parsys">
                    <text_674 jcr:primaryType="nt:unstructured"
                               sling:resourceType="help/components/article-3/text"
                               text="&lt;p&gt;Select the activity, then open it using the &#xA;&#x9;&lt;img height=&#34;21px&#34; src=&#34;/content/dam/help/en/campaign/standard/edit_darkgrey-24px.png&#34; /&gt;&#xA;&#x9;&#xA; button from the quick actions that appear.&lt;/p&gt;&#xA;"
                               textIsRich="true"/>
                  </step_par>
               </step_275_0>
                <step_276_0 jcr:primaryType="nt:unstructured" sling:resourceType="help/components/step">
                  <step_par jcr:primaryType="nt:unstructured"
                            sling:resourceType="help/components/procedure/step_parsys">
                    <text_675 jcr:primaryType="nt:unstructured"
                               sling:resourceType="help/components/article-3/text"
                               text="&lt;p&gt;Select the action that you would like to carry out:&lt;/p&gt;&#xA;"
                               textIsRich="true"/>
                    <procedure_56 jcr:primaryType="nt:unstructured"
                                   sling:resourceType="help/components/procedure"
                                   isBulleted="true">
                        <proc_par jcr:primaryType="nt:unstructured"
                                  sling:resourceType="help/components/procedure/proc_parsys">
                           <step_276_56 jcr:primaryType="nt:unstructured" sling:resourceType="help/components/step">
                              <step_par jcr:primaryType="nt:unstructured"
                                        sling:resourceType="help/components/procedure/step_parsys">
                                 <text_676 jcr:primaryType="nt:unstructured"
                                           sling:resourceType="help/components/article-3/text"
                                           text="&lt;p&gt;&lt;strong&gt;Update an existing audience&lt;/strong&gt;: Select an existing audience and choose the type of update:&lt;/p&gt;&#xA;"
                                           textIsRich="true"/>
                                 <procedure_56 jcr:primaryType="nt:unstructured"
                                               sling:resourceType="help/components/procedure"
                                               isBulleted="true">
                                    <proc_par jcr:primaryType="nt:unstructured"
                                              sling:resourceType="help/components/procedure/proc_parsys">
                                       <step_276_56 jcr:primaryType="nt:unstructured" sling:resourceType="help/components/step">
                                          <step_par jcr:primaryType="nt:unstructured"
                                                    sling:resourceType="help/components/procedure/step_parsys">
                                             <text_677 jcr:primaryType="nt:unstructured"
                                                       sling:resourceType="help/components/article-3/text"
                                                       text="&lt;p&gt;&lt;strong&gt;Replace audience content with new data&lt;/strong&gt;: The whole of the audience content is replaced. The old data is lost. Only the data from the inbound transition of the save audience activity is kept.&lt;/p&gt;&#xA;"
                                                       textIsRich="true"/>
                                          </step_par>
                                       </step_276_56>
                                       <step_277_56 jcr:primaryType="nt:unstructured" sling:resourceType="help/components/step">
                                          <step_par jcr:primaryType="nt:unstructured"
                                                    sling:resourceType="help/components/procedure/step_parsys">
                                             <text_678 jcr:primaryType="nt:unstructured"
                                                       sling:resourceType="help/components/article-3/text"
                                                       text="&lt;p&gt;&lt;strong&gt;Complete audience with new data&lt;/strong&gt;: The old audience data is kept and the data from the save audience activity's inbound transition is added to it.&lt;/p&gt;&#xA;"
                                                       textIsRich="true"/>
                                          </step_par>
                                       </step_277_56>
                                    </proc_par>
                                 </procedure_56>
                              </step_par>
                           </step_276_56>
                           <step_279_57 jcr:primaryType="nt:unstructured" sling:resourceType="help/components/step">
                              <step_par jcr:primaryType="nt:unstructured"
                                        sling:resourceType="help/components/procedure/step_parsys">
                                 <text_679 jcr:primaryType="nt:unstructured"
                                           sling:resourceType="help/components/article-3/text"
                                           text="&lt;p&gt;&lt;strong&gt;Create then update an audience&lt;/strong&gt;: Enter the name of the audience and select the update type. If the audience does not already exist, then it is created. If it already exists, it is updated according the mode selected:&lt;/p&gt;&#xA;"
                                           textIsRich="true"/>
                                 <procedure_57 jcr:primaryType="nt:unstructured"
                                               sling:resourceType="help/components/procedure"
                                               isBulleted="true">
                                    <proc_par jcr:primaryType="nt:unstructured"
                                              sling:resourceType="help/components/procedure/proc_parsys">
                                       <step_279_57 jcr:primaryType="nt:unstructured" sling:resourceType="help/components/step">
                                          <step_par jcr:primaryType="nt:unstructured"
                                                    sling:resourceType="help/components/procedure/step_parsys">
                                             <text_680 jcr:primaryType="nt:unstructured"
                                                       sling:resourceType="help/components/article-3/text"
                                                       text="&lt;p&gt;&lt;strong&gt;Replace audience content with new data&lt;/strong&gt;: The whole of the audience content is replaced. The old data is lost. Only the data from the inbound transition of the save audience activity is kept.&lt;/p&gt;&#xA;"
                                                       textIsRich="true"/>
                                             <text_681 jcr:primaryType="nt:unstructured"
                                                       sling:resourceType="help/components/article-3/text"
                                                       text="&lt;p&gt;Warning, this option erases the audience type and the targeting dimension of the updated audience.&lt;/p&gt;&#xA;"
                                                       textIsRich="true"/>
                                          </step_par>
                                       </step_279_57>
                                       <step_280_57 jcr:primaryType="nt:unstructured" sling:resourceType="help/components/step">
                                          <step_par jcr:primaryType="nt:unstructured"
                                                    sling:resourceType="help/components/procedure/step_parsys">
                                             <text_682 jcr:primaryType="nt:unstructured"
                                                       sling:resourceType="help/components/article-3/text"
                                                       text="&lt;p&gt;&lt;strong&gt;Complete audience with new data&lt;/strong&gt;: The old audience data is kept and the data from the save audience activity's inbound transition is added to it.&lt;/p&gt;&#xA;"
                                                       textIsRich="true"/>
                                             <text_683 jcr:primaryType="nt:unstructured"
                                                       sling:resourceType="help/components/article-3/text"
                                                       text="&lt;p&gt;Warning, this option causes an error if the audience type or the targeting dimension of the audience updated are not compatible with the current configuration of the workflow. For example, you cannot complete a file type audience with profiles that come from a query.&lt;/p&gt;&#xA;"
                                                       textIsRich="true"/>
                                          </step_par>
                                       </step_280_57>
                                    </proc_par>
                                 </procedure_57>
                              </step_par>
                           </step_279_57>
                           <step_282_58 jcr:primaryType="nt:unstructured" sling:resourceType="help/components/step">
                              <step_par jcr:primaryType="nt:unstructured"
                                        sling:resourceType="help/components/procedure/step_parsys">
                                 <text_684 jcr:primaryType="nt:unstructured"
                                           sling:resourceType="help/components/article-3/text"
                                           text="&lt;p&gt;&lt;strong&gt;Create a new audience&lt;/strong&gt;: Enter the name of the audience to create. The time and date the audience is created will automatically be added to the audience name. This makes the audience unique every time the workflow is executed.&lt;/p&gt;&#xA;"
                                           textIsRich="true"/>
                              </step_par>
                           </step_282_58>
                           <step_283_58 jcr:primaryType="nt:unstructured" sling:resourceType="help/components/step">
                              <step_par jcr:primaryType="nt:unstructured"
                                        sling:resourceType="help/components/procedure/step_parsys">
                                 <text_685 jcr:primaryType="nt:unstructured"
                                           sling:resourceType="help/components/article-3/text"
                                           text="&lt;p&gt;&lt;strong&gt;Share in Adobe Experience Cloud&lt;/strong&gt;: If you have targeted profiles and you would like to export your audience to Adobe Experience Cloud, select this option, then select an existing shared audience or create a new audience.&lt;/p&gt;&#xA;"
                                           textIsRich="true"/>
                                 <text_686 jcr:primaryType="nt:unstructured"
                                           sling:resourceType="help/components/article-3/text"
                                           text="&lt;p&gt;Also select a &lt;strong&gt;Shared Data source&lt;/strong&gt; that corresponds to the resource of the data contained in the audience so that the data is correctly reconciled in Adobe Experience Cloud.&lt;/p&gt;&#xA;"
                                           textIsRich="true"/>
                                 <text_687 jcr:primaryType="nt:unstructured"
                                           sling:resourceType="help/components/article-3/text"
                                           text="&lt;p&gt;Using this option, the shared audience is not added to the list of Adobe Campaign audiences available via the &lt;strong&gt;Audiences&lt;/strong&gt; menu.&lt;/p&gt;&#xA;"
                                           textIsRich="true"/>
                                 <note_25 jcr:primaryType="nt:unstructured"
                                          sling:resourceType="help/components/article-3/note"
                                          text="&lt;p&gt;&#xA;                                This option is only available if the shared audiences functionality with Adobe Experience Cloud has been configured by your administrator. For more information, refer to &#xA;&#x9;&#x9;&#x9;&#x9;&#x9;&#x9;&#x9;&#x9;&#x9;&#x9;&#x9;&#xA;&#x9;&#x9;&#x9;&#x9;&#x9;&#x9;&#x9;&lt;a href=&#34;/content/help/en/campaign/standard/integrating/using/about-campaign-audience-manager-or-people-core-service-integration.html&#34;&gt;Working with Campaign and People Core Service&lt;/a&gt;.&#xA;                            &lt;/p&gt;&#xA;"
                                          textIsRich="true"
                                          type="note"/>
                              </step_par>
                           </step_283_58>
                        </proc_par>
                     </procedure_56>
                    <text_689 jcr:primaryType="nt:unstructured"
                               sling:resourceType="help/components/article-3/text"
                               text="&lt;p&gt;The type of audiences saved or available during an update depends on the activities placed upstream in the workflow. &lt;/p&gt;&#xA;"
                               textIsRich="true"/>
                    <text_690 jcr:primaryType="nt:unstructured"
                               sling:resourceType="help/components/article-3/text"
                               text="&lt;p&gt;If the targeting dimension of the audience is unknown when it is saved (for example if it is from an imported file), the audience is created or updated as a &lt;strong&gt;File&lt;/strong&gt; type audience.&lt;/p&gt;&#xA;"
                               textIsRich="true"/>
                    <text_691 jcr:primaryType="nt:unstructured"
                               sling:resourceType="help/components/article-3/text"
                               text="&lt;p&gt;If the targeting dimension of the saved audience is already defined when it is saved (for example, if it comes from a targeting, after a query, etc.), then the audience is saved or updated as a &lt;strong&gt;List&lt;/strong&gt; type audience.&lt;/p&gt;&#xA;"
                               textIsRich="true"/>
                    <text_692 jcr:primaryType="nt:unstructured"
                               sling:resourceType="help/components/article-3/text"
                               text="&lt;p&gt;The content of the saved audience is then available in the detail view of the audience, which can be accessed from the &lt;strong&gt;Audiences&lt;/strong&gt; menu. The columns available from this view correspond to the columns of the inbound transition of the workflow's save audience activity. For example: the columns of the imported file, the additional data added from a query.&lt;/p&gt;&#xA;"
                               textIsRich="true"/>
                  </step_par>
               </step_276_0>
                <step_285_0 jcr:primaryType="nt:unstructured" sling:resourceType="help/components/step">
                  <step_par jcr:primaryType="nt:unstructured"
                            sling:resourceType="help/components/procedure/step_parsys">
                    <text_693 jcr:primaryType="nt:unstructured"
                               sling:resourceType="help/components/article-3/text"
                               text="&lt;p&gt;Confirm the configuration of your activity and save your workflow.&lt;/p&gt;&#xA;"
                               textIsRich="true"/>
                  </step_par>
               </step_285_0>
            </proc_par>
         </procedure_20_10>
        
        
            <header_103 jcr:primaryType="nt:unstructured" sling:resourceType="help/components/header"
                     id="example"
                     level="2"
                     text="&lt;p&gt;Example&lt;/p&gt;&#xA;"
                     textIsRich="'true'"/>
            <text_694 jcr:primaryType="nt:unstructured"
                   sling:resourceType="help/components/article-3/text"
                   text="&lt;p&gt;The workflow defined in this example shows a regular audience update from targeting:&lt;/p&gt;&#xA;"
                   textIsRich="true"/>
            <procedure_59 jcr:primaryType="nt:unstructured"
                       sling:resourceType="help/components/procedure"
                       isBulleted="true">
            <proc_par jcr:primaryType="nt:unstructured"
                      sling:resourceType="help/components/procedure/proc_parsys">
                <step_286_59 jcr:primaryType="nt:unstructured" sling:resourceType="help/components/step">
                  <step_par jcr:primaryType="nt:unstructured"
                            sling:resourceType="help/components/procedure/step_parsys">
                    <text_695 jcr:primaryType="nt:unstructured"
                               sling:resourceType="help/components/article-3/text"
                               text="&lt;p&gt;It is automatically executed once a month using a &lt;strong&gt;Scheduler&lt;/strong&gt;.&lt;/p&gt;&#xA;"
                               textIsRich="true"/>
                  </step_par>
               </step_286_59>
                <step_287_59 jcr:primaryType="nt:unstructured" sling:resourceType="help/components/step">
                  <step_par jcr:primaryType="nt:unstructured"
                            sling:resourceType="help/components/procedure/step_parsys">
                    <text_696 jcr:primaryType="nt:unstructured"
                               sling:resourceType="help/components/article-3/text"
                               text="&lt;p&gt;You can use a &lt;strong&gt;Query&lt;/strong&gt; to recover all the profiles subscribed to the different application services available.&lt;/p&gt;&#xA;"
                               textIsRich="true"/>
                  </step_par>
               </step_287_59>
                <step_288_59 jcr:primaryType="nt:unstructured" sling:resourceType="help/components/step">
                  <step_par jcr:primaryType="nt:unstructured"
                            sling:resourceType="help/components/procedure/step_parsys">
                    <text_697 jcr:primaryType="nt:unstructured"
                               sling:resourceType="help/components/article-3/text"
                               text="&lt;p&gt;The &lt;strong&gt;Save audience&lt;/strong&gt; activity updates the audience by deleting profiles that have unsubscribed from the service since the last workflow execution and by adding the newly subscribed profiles.&lt;/p&gt;&#xA;"
                               textIsRich="true"/>
                  </step_par>
               </step_288_59>
            </proc_par>
         </procedure_59>
            <image_90 jcr:primaryType="nt:unstructured"
                   sling:resourceType="help/components/article-3/image"
                   jcr:title=""
                   alt=""
                   captionBottom=""
                   fileName="save_audience_example_1.png"
                   originalFileName="images/en/save_audience_example_1.png"
                   fileReference="/content/dam/help/en/campaign/standard/save_audience_example_1.png"
                   imageRotate="0"
                   originalHeight=""
                   originalWidth=""
                   scaleOption="toTemplate"
                   status="legacy"/>
            <text_698 jcr:primaryType="nt:unstructured"
                   sling:resourceType="help/components/article-3/text"
                   text="&lt;p&gt;The &lt;strong&gt;Save audience&lt;/strong&gt; activity is configured as follows:&lt;/p&gt;&#xA;"
                   textIsRich="true"/>
            <image_91 jcr:primaryType="nt:unstructured"
                   sling:resourceType="help/components/article-3/image"
                   jcr:title=""
                   alt=""
                   captionBottom=""
                   fileName="save_audience_example_2.png"
                   originalFileName="images/en/save_audience_example_2.png"
                   fileReference="/content/dam/help/en/campaign/standard/save_audience_example_2.png"
                   imageRotate="0"
                   originalHeight=""
                   originalWidth=""
                   scaleOption="toTemplate"
                   status="legacy"/>
        
      </main-pars>
      <hero jcr:primaryType="nt:unstructured"
            sling:resourceType="foundation/components/image"/>
      <thumbnail jcr:primaryType="nt:unstructured"
                 sling:resourceType="foundation/components/image"/>
      <publisherLogo jcr:primaryType="nt:unstructured"
                     sling:resourceType="foundation/components/image"/>
   </jcr:content>
</jcr:root>