<?xml version="1.0" encoding="UTF-8"?>
<jcr:root xmlns:nt="http://www.jcp.org/jcr/nt/1.0" xmlns:json="http://json.org/"
          xmlns:sling="http://sling.apache.org/jcr/sling/1.0"
          xmlns:cq="http://www.day.com/jcr/cq/1.0"
          xmlns:jcr="http://www.jcp.org/jcr/1.0"
          xmlns:mix="http://www.jcp.org/jcr/mix/1.0"
          jcr:primaryType="cq:Page">
   <jcr:content navTitle="SMS delivery" jcr:primaryType="cq:PageContent"
                sling:resourceType="help/components/pages/article-3"
                heroGradient="light"
                jcr:language="en_us"
                cq:designPath="/etc/designs/help"
                cq:template="/apps/help/templates/article-3"
                jcr:mixinTypes="[mix:versionable]"
                jcr:title="SMS delivery"
                jcr:description="SMS delivery"
                seoDescription="The SMS delivery activity allows you to configure sending a single send SMS or a recurring SMS in a workflow."
                primaryProductTag="[products:SG_CAMPAIGN/STANDARD]"
                cq:tags="[products:SG_CAMPAIGN/STANDARD,audience:automating,content_type:reference,topic_tags:channel-activities]"
                primaryAudienceTag="[audience:automating]"
                contentOwner="sauviat"
                isReadyForLocalization="true"
                publishExternalDate="2018-09-04">
      <main-pars jcr:primaryType="nt:unstructured"
                 sling:resourceType="foundation/components/parsys">
        
        
        
            
        
        
            <header_157 jcr:primaryType="nt:unstructured" sling:resourceType="help/components/header"
                     id="description"
                     level="2"
                     text="&lt;p&gt;Description&lt;/p&gt;&#xA;"
                     textIsRich="'true'"/>
            <image_147 jcr:primaryType="nt:unstructured"
                    sling:resourceType="help/components/article-3/image"
                    jcr:title=""
                    alt=""
                    captionBottom=""
                    fileName="sms.png"
                    originalFileName="images/en/sms.png"
                    fileReference="/content/dam/help/en/campaign/standard/sms.png"
                    imageRotate="0"
                    originalHeight=""
                    originalWidth=""
                    scaleOption="toTemplate"
                    status="legacy"/>
            <image_148 jcr:primaryType="nt:unstructured"
                    sling:resourceType="help/components/article-3/image"
                    jcr:title=""
                    alt=""
                    captionBottom=""
                    fileName="recurrentSMS.png"
                    originalFileName="images/en/recurrentSMS.png"
                    fileReference="/content/dam/help/en/campaign/standard/recurrentSMS.png"
                    imageRotate="0"
                    originalHeight=""
                    originalWidth=""
                    scaleOption="toTemplate"
                    status="legacy"/>
            <text_923 jcr:primaryType="nt:unstructured"
                   sling:resourceType="help/components/article-3/text"
                   text="&lt;p&gt;The &lt;strong&gt;SMS delivery&lt;/strong&gt; activity allows you to configure sending an SMS in a workflow. This can be a &lt;strong&gt;single send&lt;/strong&gt; SMS and sent just once, or it can be a &lt;strong&gt;recurring&lt;/strong&gt; SMS.&lt;/p&gt;&#xA;"
                   textIsRich="true"/>
            <text_924 jcr:primaryType="nt:unstructured"
                   sling:resourceType="help/components/article-3/text"
                   text="&lt;p&gt;Single send SMS messages are standard SMS, sent once.&lt;/p&gt;&#xA;"
                   textIsRich="true"/>
            <text_925 jcr:primaryType="nt:unstructured"
                   sling:resourceType="help/components/article-3/text"
                   text="&lt;p&gt;Recurring SMS messages allow you to send the same SMS multiple times to different targets over a defined period. You can aggregate the deliveries per period in order to get reports that correspond to your needs.&lt;/p&gt;&#xA;"
                   textIsRich="true"/>
        
        
            <header_158 jcr:primaryType="nt:unstructured" sling:resourceType="help/components/header"
                     id="context-of-use"
                     level="2"
                     text="&lt;p&gt;Context of use&lt;/p&gt;&#xA;"
                     textIsRich="'true'"/>
            <text_926 jcr:primaryType="nt:unstructured"
                   sling:resourceType="help/components/article-3/text"
                   text="&lt;p&gt;The &lt;strong&gt;SMS delivery&lt;/strong&gt; activity is generally used to automate sending an SMS to a target calculated in the same workflow.&lt;/p&gt;&#xA;"
                   textIsRich="true"/>
            <text_927 jcr:primaryType="nt:unstructured"
                   sling:resourceType="help/components/article-3/text"
                   text="&lt;p&gt;When linked to a scheduler, you can define recurring SMS messages.&lt;/p&gt;&#xA;"
                   textIsRich="true"/>
            <text_928 jcr:primaryType="nt:unstructured"
                   sling:resourceType="help/components/article-3/text"
                   text="&lt;p&gt;SMS recipients are defined upstream of the activity in the same workflow, via targeting activities such as queries, intersections, etc.&lt;/p&gt;&#xA;"
                   textIsRich="true"/>
            <text_929 jcr:primaryType="nt:unstructured"
                   sling:resourceType="help/components/article-3/text"
                   text="&lt;p&gt;The message preparation is triggered according to the workflow execution parameters. From the message dashboard, you can select whether to request or not a manual confirmation to send the message (required by default). You can start the workflow manually or place a scheduler activity in the workflow to automate execution.&lt;/p&gt;&#xA;"
                   textIsRich="true"/>
        
        
            <header_159 jcr:primaryType="nt:unstructured" sling:resourceType="help/components/header"
                     id="configuration"
                     level="2"
                     text="&lt;p&gt;Configuration&lt;/p&gt;&#xA;"
                     textIsRich="'true'"/>
            <procedure_30_10 jcr:primaryType="nt:unstructured"
                          sling:resourceType="help/components/procedure">
            <proc_par jcr:primaryType="nt:unstructured"
                      sling:resourceType="help/components/procedure/proc_parsys">
                <step_399_0 jcr:primaryType="nt:unstructured" sling:resourceType="help/components/step">
                  <step_par jcr:primaryType="nt:unstructured"
                            sling:resourceType="help/components/procedure/step_parsys">
                    <text_930 jcr:primaryType="nt:unstructured"
                               sling:resourceType="help/components/article-3/text"
                               text="&lt;p&gt;Drag and drop an &lt;strong&gt;SMS delivery&lt;/strong&gt; activity into your workflow.&lt;/p&gt;&#xA;"
                               textIsRich="true"/>
                  </step_par>
               </step_399_0>
                <step_400_0 jcr:primaryType="nt:unstructured" sling:resourceType="help/components/step">
                  <step_par jcr:primaryType="nt:unstructured"
                            sling:resourceType="help/components/procedure/step_parsys">
                    <text_931 jcr:primaryType="nt:unstructured"
                               sling:resourceType="help/components/article-3/text"
                               text="&lt;p&gt;Select the activity, then open it using the &#xA;&#x9;&lt;img height=&#34;21px&#34; src=&#34;/content/dam/help/en/campaign/standard/edit_darkgrey-24px.png&#34; /&gt;&#xA;&#x9;&#xA; button from the quick actions that appear.&lt;/p&gt;&#xA;"
                               textIsRich="true"/>
                    <note_32 jcr:primaryType="nt:unstructured"
                              sling:resourceType="help/components/article-3/note"
                              text="&lt;p&gt;&#xA;                        You can access the general properties and advanced options of the activity (and not of the delivery itself) via the &#xA;&#x9;&lt;img height=&#34;21px&#34; src=&#34;/content/dam/help/en/campaign/standard/dlv_activity_params-24px.png&#34; /&gt;&#xA;&#x9;&#xA; button in the workflow's action bar. This button is specific to the &lt;strong&gt;SMS delivery&lt;/strong&gt; activity.&#xA;                        The SMS properties can be accessed via the action bar in the SMS dashboard.&#xA;                    &lt;/p&gt;&#xA;"
                              textIsRich="true"
                              type="note"/>
                  </step_par>
               </step_400_0>
                <step_401_0 jcr:primaryType="nt:unstructured" sling:resourceType="help/components/step">
                  <step_par jcr:primaryType="nt:unstructured"
                            sling:resourceType="help/components/procedure/step_parsys">
                    <text_934 jcr:primaryType="nt:unstructured"
                               sling:resourceType="help/components/article-3/text"
                               text="&lt;p&gt;Select the SMS send mode:&lt;/p&gt;&#xA;"
                               textIsRich="true"/>
                    <procedure_76 jcr:primaryType="nt:unstructured"
                                   sling:resourceType="help/components/procedure"
                                   isBulleted="true">
                        <proc_par jcr:primaryType="nt:unstructured"
                                  sling:resourceType="help/components/procedure/proc_parsys">
                           <step_401_76 jcr:primaryType="nt:unstructured" sling:resourceType="help/components/step">
                              <step_par jcr:primaryType="nt:unstructured"
                                        sling:resourceType="help/components/procedure/step_parsys">
                                 <text_935 jcr:primaryType="nt:unstructured"
                                           sling:resourceType="help/components/article-3/text"
                                           text="&lt;p&gt;&lt;strong&gt;SMS&lt;/strong&gt;: the SMS is sent a single time. You can specify here whether or not you would like to add an outbound transition to the activity. The different transition types are detailed in step 7 of this procedure.&lt;/p&gt;&#xA;"
                                           textIsRich="true"/>
                              </step_par>
                           </step_401_76>
                           <step_402_76 jcr:primaryType="nt:unstructured" sling:resourceType="help/components/step">
                              <step_par jcr:primaryType="nt:unstructured"
                                        sling:resourceType="help/components/procedure/step_parsys">
                                 <text_936 jcr:primaryType="nt:unstructured"
                                           sling:resourceType="help/components/article-3/text"
                                           text="&lt;p&gt;&lt;strong&gt;Recurring SMS&lt;/strong&gt;: the SMS is sent several times, according to the frequency defined in a &lt;strong&gt;Scheduler&lt;/strong&gt; activity. Select the aggregation period of the sends. This allows you to regroup all the sends that occur during the defined period into one single view that is also called &lt;strong&gt;Recurring execution&lt;/strong&gt; and can be accessed from the application's marketing activity list.&lt;/p&gt;&#xA;"
                                           textIsRich="true"/>
                                 <text_937 jcr:primaryType="nt:unstructured"
                                           sling:resourceType="help/components/article-3/text"
                                           text="&lt;p&gt;For example, for a recurring birthday SMS, that is sent daily, you can choose to aggregate the sends per month. This allows you to receive reports on your delivery on a monthly basis although the SMS is sent every day.&lt;/p&gt;&#xA;"
                                           textIsRich="true"/>
                              </step_par>
                           </step_402_76>
                        </proc_par>
                     </procedure_76>
                  </step_par>
               </step_401_0>
                <step_404_0 jcr:primaryType="nt:unstructured" sling:resourceType="help/components/step">
                  <step_par jcr:primaryType="nt:unstructured"
                            sling:resourceType="help/components/procedure/step_parsys">
                    <text_938 jcr:primaryType="nt:unstructured"
                               sling:resourceType="help/components/article-3/text"
                               text="&lt;p&gt;Select an SMS type. The SMS types come from SMS templates defined in the &lt;strong&gt;Resources&lt;/strong&gt; &amp;gt; &lt;strong&gt;Templates&lt;/strong&gt; &amp;gt; &lt;strong&gt;Delivery templates&lt;/strong&gt; menu.&lt;/p&gt;&#xA;"
                               textIsRich="true"/>
                  </step_par>
               </step_404_0>
                <step_405_0 jcr:primaryType="nt:unstructured" sling:resourceType="help/components/step">
                  <step_par jcr:primaryType="nt:unstructured"
                            sling:resourceType="help/components/procedure/step_parsys">
                    <text_939 jcr:primaryType="nt:unstructured"
                               sling:resourceType="help/components/article-3/text"
                               text="&lt;p&gt;Enter the general properties of the SMS. You can also attach it to an existing campaign. The label of the workflow's delivery activity is updated with the SMS label.&lt;/p&gt;&#xA;"
                               textIsRich="true"/>
                  </step_par>
               </step_405_0>
                <step_406_0 jcr:primaryType="nt:unstructured" sling:resourceType="help/components/step">
                  <step_par jcr:primaryType="nt:unstructured"
                            sling:resourceType="help/components/procedure/step_parsys">
                    <text_940 jcr:primaryType="nt:unstructured"
                               sling:resourceType="help/components/article-3/text"
                               text="&lt;p&gt;Define the SMS content. Refer to the section concerning &#xA;&#x9;&#x9;&#x9;&#x9;&#x9;&#x9;&#x9;&#x9;&#x9;&#x9;&#x9;&#xA;&#x9;&#x9;&#x9;&#x9;&#x9;&#x9;&#x9;&lt;a href=&#34;/content/help/en/campaign/standard/channels/using/creating-an-sms-message.html&#34;&gt;Creating an SMS message&lt;/a&gt;.&lt;/p&gt;&#xA;"
                               textIsRich="true"/>
                  </step_par>
               </step_406_0>
                <step_407_0 jcr:primaryType="nt:unstructured" sling:resourceType="help/components/step">
                  <step_par jcr:primaryType="nt:unstructured"
                            sling:resourceType="help/components/procedure/step_parsys">
                    <text_941 jcr:primaryType="nt:unstructured"
                               sling:resourceType="help/components/article-3/text"
                               text="&lt;p&gt;By default, the &lt;strong&gt;SMS delivery&lt;/strong&gt; activity does not include any outbound transitions. If you would like to add an outbound transition to your &lt;strong&gt;SMS delivery&lt;/strong&gt; activity, go to the &lt;strong&gt;General&lt;/strong&gt; tab of the advanced activity options (&#xA;&#x9;&lt;img height=&#34;21px&#34; src=&#34;/content/dam/help/en/campaign/standard/dlv_activity_params-24px.png&#34; /&gt;&#xA;&#x9;&#xA; button in the activity's quick actions) then check one of the following options:&lt;/p&gt;&#xA;"
                               textIsRich="true"/>
                    <procedure_77 jcr:primaryType="nt:unstructured"
                                   sling:resourceType="help/components/procedure"
                                   isBulleted="true">
                        <proc_par jcr:primaryType="nt:unstructured"
                                  sling:resourceType="help/components/procedure/proc_parsys">
                           <step_407_77 jcr:primaryType="nt:unstructured" sling:resourceType="help/components/step">
                              <step_par jcr:primaryType="nt:unstructured"
                                        sling:resourceType="help/components/procedure/step_parsys">
                                 <text_942 jcr:primaryType="nt:unstructured"
                                           sling:resourceType="help/components/article-3/text"
                                           text="&lt;p&gt;&lt;strong&gt;Add outbound transition without the population&lt;/strong&gt;: this lets you generate an outbound transition that contains the exact same population as the inbound transition.&lt;/p&gt;&#xA;"
                                           textIsRich="true"/>
                              </step_par>
                           </step_407_77>
                           <step_408_77 jcr:primaryType="nt:unstructured" sling:resourceType="help/components/step">
                              <step_par jcr:primaryType="nt:unstructured"
                                        sling:resourceType="help/components/procedure/step_parsys">
                                 <text_943 jcr:primaryType="nt:unstructured"
                                           sling:resourceType="help/components/article-3/text"
                                           text="&lt;p&gt;&lt;strong&gt;Add outbound transition with the population&lt;/strong&gt;: this lets you generate an outbound transition containing the population to whom the SMS was sent. The members of the target excluded during the delivery preparation (quarantine, invalid number, etc.) are excluded from this transition.&lt;/p&gt;&#xA;"
                                           textIsRich="true"/>
                              </step_par>
                           </step_408_77>
                        </proc_par>
                     </procedure_77>
                  </step_par>
               </step_407_0>
                <step_410_0 jcr:primaryType="nt:unstructured" sling:resourceType="help/components/step">
                  <step_par jcr:primaryType="nt:unstructured"
                            sling:resourceType="help/components/procedure/step_parsys">
                    <text_944 jcr:primaryType="nt:unstructured"
                               sling:resourceType="help/components/article-3/text"
                               text="&lt;p&gt;Confirm the configuration of your activity and save your workflow.&lt;/p&gt;&#xA;"
                               textIsRich="true"/>
                  </step_par>
               </step_410_0>
            </proc_par>
         </procedure_30_10>
            <text_945 jcr:primaryType="nt:unstructured"
                   sling:resourceType="help/components/article-3/text"
                   text="&lt;p&gt;When you reopen the activity, you are taken directly to the SMS dashboard. Only its content can be edited.&lt;/p&gt;&#xA;"
                   textIsRich="true"/>
            <text_946 jcr:primaryType="nt:unstructured"
                   sling:resourceType="help/components/article-3/text"
                   text="&lt;p&gt;By default, starting a delivery workflow only triggers the message preparation. The sending of messages created from a workflow still needs to be confirmed after the workflow has been started. But from the message dashboard, and only if the message was created from a workflow, you can disable the &lt;strong&gt;Request confirmation before sending messages&lt;/strong&gt; option. By unchecking this option, messages are sent without further notice once the preparation is done.&lt;/p&gt;&#xA;"
                   textIsRich="true"/>
        
        
            <header_160 jcr:primaryType="nt:unstructured" sling:resourceType="help/components/header"
                     id="remarks"
                     level="2"
                     text="&lt;p&gt;Remarks&lt;/p&gt;&#xA;"
                     textIsRich="'true'"/>
            <text_947 jcr:primaryType="nt:unstructured"
                   sling:resourceType="help/components/article-3/text"
                   text="&lt;p&gt;The deliveries created within a workflow can be accessed in the application's marketing activity list. You can view the workflow's execution status using the dashboard. Links in the SMS summary pane allow you to directly access linked elements (workflow, campaign, parent delivery in case of a recurring SMS).&lt;/p&gt;&#xA;"
                   textIsRich="true"/>
            <text_948 jcr:primaryType="nt:unstructured"
                   sling:resourceType="help/components/article-3/text"
                   text="&lt;p&gt;The executions of recurring deliveries are masked by default, though. To view them, check the &lt;strong&gt;Show recurring executions&lt;/strong&gt; option in the marketing activities' search panel.&lt;/p&gt;&#xA;"
                   textIsRich="true"/>
            <text_949 jcr:primaryType="nt:unstructured"
                   sling:resourceType="help/components/article-3/text"
                   text="&lt;p&gt;In the parent deliveries, which can be accessed from the marketing activity list or directly via the associated recurring executions, you can view the total number of sends that have been processed (according to the aggregation period specified when the &lt;strong&gt;SMS delivery&lt;/strong&gt; activity was configured). To do this, open the detail view of the parent delivery's &lt;strong&gt;Deployment&lt;/strong&gt; block by selecting &#xA;&#x9;&lt;img height=&#34;21px&#34; src=&#34;/content/dam/help/en/campaign/standard/wkf_dlv_detail_button.png&#34; /&gt;&#xA;&#x9;&#xA;.&lt;/p&gt;&#xA;"
                   textIsRich="true"/>
        
        
            <header_161 jcr:primaryType="nt:unstructured" sling:resourceType="help/components/header"
                     id="example"
                     level="2"
                     text="&lt;p&gt;Example&lt;/p&gt;&#xA;"
                     textIsRich="'true'"/>
            <image_149 jcr:primaryType="nt:unstructured"
                    sling:resourceType="help/components/article-3/image"
                    jcr:title=""
                    alt=""
                    captionBottom=""
                    fileName="wkf_SMS_example_1.png"
                    originalFileName="images/en/wkf_SMS_example_1.png"
                    fileReference="/content/dam/help/en/campaign/standard/wkf_SMS_example_1.png"
                    imageRotate="0"
                    originalHeight=""
                    originalWidth=""
                    scaleOption="toTemplate"
                    status="legacy"/>
            <text_950 jcr:primaryType="nt:unstructured"
                   sling:resourceType="help/components/article-3/text"
                   text="&lt;p&gt;This example is a birthday workflow. Every day an SMS is sent to profiles whose birthday is on that day. To do this:&lt;/p&gt;&#xA;"
                   textIsRich="true"/>
            <procedure_78 jcr:primaryType="nt:unstructured"
                       sling:resourceType="help/components/procedure"
                       isBulleted="true">
            <proc_par jcr:primaryType="nt:unstructured"
                      sling:resourceType="help/components/procedure/proc_parsys">
                <step_411_78 jcr:primaryType="nt:unstructured" sling:resourceType="help/components/step">
                  <step_par jcr:primaryType="nt:unstructured"
                            sling:resourceType="help/components/procedure/step_parsys">
                    <text_951 jcr:primaryType="nt:unstructured"
                               sling:resourceType="help/components/article-3/text"
                               text="&lt;p&gt;The &lt;strong&gt;Scheduler&lt;/strong&gt; allows you to start the workflow every day at 8am.&lt;/p&gt;&#xA;"
                               textIsRich="true"/>
                    <image_150 jcr:primaryType="nt:unstructured"
                                sling:resourceType="help/components/article-3/image"
                                jcr:title=""
                                alt=""
                                captionBottom=""
                                fileName="wkf_delivery_example_2.png"
                                originalFileName="images/en/wkf_delivery_example_2.png"
                                fileReference="/content/dam/help/en/campaign/standard/wkf_delivery_example_2.png"
                                imageRotate="0"
                                originalHeight=""
                                originalWidth=""
                                scaleOption="toTemplate"
                                status="legacy"/>
                  </step_par>
               </step_411_78>
                <step_412_78 jcr:primaryType="nt:unstructured" sling:resourceType="help/components/step">
                  <step_par jcr:primaryType="nt:unstructured"
                            sling:resourceType="help/components/procedure/step_parsys">
                    <text_952 jcr:primaryType="nt:unstructured"
                               sling:resourceType="help/components/article-3/text"
                               text="&lt;p&gt;The &lt;strong&gt;Query&lt;/strong&gt; activity allows you to calculate the profiles who have provided a mobile phone number and whose birthday is on the current day, every time the workflow is executed. The birthday calculation is carried out using a predefined filter available in the palette in the query editing tool.&lt;/p&gt;&#xA;"
                               textIsRich="true"/>
                    <image_151 jcr:primaryType="nt:unstructured"
                                sling:resourceType="help/components/article-3/image"
                                jcr:title=""
                                alt=""
                                captionBottom=""
                                fileName="wkf_delivery_example_3.png"
                                originalFileName="images/en/wkf_delivery_example_3.png"
                                fileReference="/content/dam/help/en/campaign/standard/wkf_delivery_example_3.png"
                                imageRotate="0"
                                originalHeight=""
                                originalWidth=""
                                scaleOption="toTemplate"
                                status="legacy"/>
                  </step_par>
               </step_412_78>
                <step_413_78 jcr:primaryType="nt:unstructured" sling:resourceType="help/components/step">
                  <step_par jcr:primaryType="nt:unstructured"
                            sling:resourceType="help/components/procedure/step_parsys">
                    <text_953 jcr:primaryType="nt:unstructured"
                               sling:resourceType="help/components/article-3/text"
                               text="&lt;p&gt;The &lt;strong&gt;SMS&lt;/strong&gt; is recurring. The sends are aggregated by month. So, all SMS messages sent in a month are aggregated into a single view. In one year, 365 deliveries are therefore executed but they are regrouped into 12 views (also called &lt;strong&gt;recurring executions&lt;/strong&gt;) in the Adobe Campaign interface. History and report details are displayed every month and not for every send.&lt;/p&gt;&#xA;"
                               textIsRich="true"/>
                    <image_152 jcr:primaryType="nt:unstructured"
                                sling:resourceType="help/components/article-3/image"
                                jcr:title=""
                                alt=""
                                captionBottom=""
                                fileName="wkf_sms_example_4.png"
                                originalFileName="images/en/wkf_sms_example_4.png"
                                fileReference="/content/dam/help/en/campaign/standard/wkf_sms_example_4.png"
                                imageRotate="0"
                                originalHeight=""
                                originalWidth=""
                                scaleOption="toTemplate"
                                status="legacy"/>
                  </step_par>
               </step_413_78>
            </proc_par>
         </procedure_78>
        
      </main-pars>
      <hero jcr:primaryType="nt:unstructured"
            sling:resourceType="foundation/components/image"/>
      <thumbnail jcr:primaryType="nt:unstructured"
                 sling:resourceType="foundation/components/image"/>
      <publisherLogo jcr:primaryType="nt:unstructured"
                     sling:resourceType="foundation/components/image"/>
   </jcr:content>
</jcr:root>