<?xml version="1.0" encoding="UTF-8"?>
<jcr:root xmlns:nt="http://www.jcp.org/jcr/nt/1.0" xmlns:json="http://json.org/"
          xmlns:sling="http://sling.apache.org/jcr/sling/1.0"
          xmlns:cq="http://www.day.com/jcr/cq/1.0"
          xmlns:jcr="http://www.jcp.org/jcr/1.0"
          xmlns:mix="http://www.jcp.org/jcr/mix/1.0"
          jcr:primaryType="cq:Page">
   <jcr:content navTitle="Transfer file" jcr:primaryType="cq:PageContent"
                sling:resourceType="help/components/pages/article-3"
                heroGradient="light"
                jcr:language="en_us"
                cq:designPath="/etc/designs/help"
                cq:template="/apps/help/templates/article-3"
                jcr:mixinTypes="[mix:versionable]"
                jcr:title="Transfer file"
                jcr:description="Transfer file"
                seoDescription="The Transfer file activity allows you to receive or send files, test whether there are files present, or list files in Adobe Campaign."
                primaryProductTag="[products:SG_CAMPAIGN/STANDARD]"
                cq:tags="[products:SG_CAMPAIGN/STANDARD,audience:automating,content_type:reference,topic_tags:data-management-activities]"
                primaryAudienceTag="[audience:automating]"
                contentOwner="sauviat"
                isReadyForLocalization="true"
                publishExternalDate="2018-09-04">
      <main-pars jcr:primaryType="nt:unstructured"
                 sling:resourceType="foundation/components/parsys">
        
        
        
            
        
        
            <header_193 jcr:primaryType="nt:unstructured" sling:resourceType="help/components/header"
                     id="description"
                     level="2"
                     text="&lt;p&gt;Description&lt;/p&gt;&#xA;"
                     textIsRich="'true'"/>
            <image_180 jcr:primaryType="nt:unstructured"
                    sling:resourceType="help/components/article-3/image"
                    jcr:title=""
                    alt=""
                    captionBottom=""
                    fileName="file_transfer.png"
                    originalFileName="images/en/file_transfer.png"
                    fileReference="/content/dam/help/en/campaign/standard/file_transfer.png"
                    imageRotate="0"
                    originalHeight=""
                    originalWidth=""
                    scaleOption="toTemplate"
                    status="legacy"/>
            <text_1154 jcr:primaryType="nt:unstructured"
                    sling:resourceType="help/components/article-3/text"
                    text="&lt;p&gt;The &lt;strong&gt;Transfer file&lt;/strong&gt; activity allows you to receive or send files, test whether there are files present, or list files in Adobe Campaign.&lt;/p&gt;&#xA;"
                    textIsRich="true"/>
        
        
            <header_194 jcr:primaryType="nt:unstructured" sling:resourceType="help/components/header"
                     id="context-of-use"
                     level="2"
                     text="&lt;p&gt;Context of use&lt;/p&gt;&#xA;"
                     textIsRich="'true'"/>
            <text_1155 jcr:primaryType="nt:unstructured"
                    sling:resourceType="help/components/article-3/text"
                    text="&lt;p&gt;The way in which the data will be extracted is defined when the activity is configured. The file to load may be a list of contacts, for example.&lt;/p&gt;&#xA;"
                    textIsRich="true"/>
            <text_1156 jcr:primaryType="nt:unstructured"
                    sling:resourceType="help/components/article-3/text"
                    text="&lt;p&gt;You can use this activity to recover data that will then be structured with the &lt;strong&gt;Load file&lt;/strong&gt; activity.&lt;/p&gt;&#xA;"
                    textIsRich="true"/>
        
        
            <header_195 jcr:primaryType="nt:unstructured" sling:resourceType="help/components/header"
                     id="configuration"
                     level="2"
                     text="&lt;p&gt;Configuration&lt;/p&gt;&#xA;"
                     textIsRich="'true'"/>
            <procedure_38_10 jcr:primaryType="nt:unstructured"
                          sling:resourceType="help/components/procedure">
            <proc_par jcr:primaryType="nt:unstructured"
                      sling:resourceType="help/components/procedure/proc_parsys">
                <step_529_0 jcr:primaryType="nt:unstructured" sling:resourceType="help/components/step">
                  <step_par jcr:primaryType="nt:unstructured"
                            sling:resourceType="help/components/procedure/step_parsys">
                    <text_1157 jcr:primaryType="nt:unstructured"
                                sling:resourceType="help/components/article-3/text"
                                text="&lt;p&gt;Drop a &lt;strong&gt;Transfer file&lt;/strong&gt; activity into your workflow.&lt;/p&gt;&#xA;"
                                textIsRich="true"/>
                  </step_par>
               </step_529_0>
                <step_530_0 jcr:primaryType="nt:unstructured" sling:resourceType="help/components/step">
                  <step_par jcr:primaryType="nt:unstructured"
                            sling:resourceType="help/components/procedure/step_parsys">
                    <text_1158 jcr:primaryType="nt:unstructured"
                                sling:resourceType="help/components/article-3/text"
                                text="&lt;p&gt;Select the activity, then open it using the &#xA;&#x9;&lt;img height=&#34;21px&#34; src=&#34;/content/dam/help/en/campaign/standard/edit_darkgrey-24px.png&#34; /&gt;&#xA;&#x9;&#xA; button from the quick actions that appear.&lt;/p&gt;&#xA;"
                                textIsRich="true"/>
                  </step_par>
               </step_530_0>
                <step_531_0 jcr:primaryType="nt:unstructured" sling:resourceType="help/components/step">
                  <step_par jcr:primaryType="nt:unstructured"
                            sling:resourceType="help/components/procedure/step_parsys">
                    <text_1159 jcr:primaryType="nt:unstructured"
                                sling:resourceType="help/components/article-3/text"
                                text="&lt;p&gt;Use the drop-down list in the &lt;strong&gt;Action&lt;/strong&gt; field to select one of the following activity actions:&lt;/p&gt;&#xA;"
                                textIsRich="true"/>
                    <image_181 jcr:primaryType="nt:unstructured"
                                sling:resourceType="help/components/article-3/image"
                                jcr:title=""
                                alt=""
                                captionBottom=""
                                fileName="wkf_file_transfer_01.png"
                                originalFileName="images/en/wkf_file_transfer_01.png"
                                fileReference="/content/dam/help/en/campaign/standard/wkf_file_transfer_01.png"
                                imageRotate="0"
                                originalHeight=""
                                originalWidth=""
                                scaleOption="toTemplate"
                                status="legacy"/>
                    <procedure_99 jcr:primaryType="nt:unstructured"
                                   sling:resourceType="help/components/procedure"
                                   isBulleted="true">
                        <proc_par jcr:primaryType="nt:unstructured"
                                  sling:resourceType="help/components/procedure/proc_parsys">
                           <step_531_99 jcr:primaryType="nt:unstructured" sling:resourceType="help/components/step">
                              <step_par jcr:primaryType="nt:unstructured"
                                        sling:resourceType="help/components/procedure/step_parsys">
                                 <text_1160 jcr:primaryType="nt:unstructured"
                                            sling:resourceType="help/components/article-3/text"
                                            text="&lt;p&gt;&lt;strong&gt;File download&lt;/strong&gt;: allows you to download a file.&lt;/p&gt;&#xA;"
                                            textIsRich="true"/>
                              </step_par>
                           </step_531_99>
                           <step_532_99 jcr:primaryType="nt:unstructured" sling:resourceType="help/components/step">
                              <step_par jcr:primaryType="nt:unstructured"
                                        sling:resourceType="help/components/procedure/step_parsys">
                                 <text_1161 jcr:primaryType="nt:unstructured"
                                            sling:resourceType="help/components/article-3/text"
                                            text="&lt;p&gt;&lt;strong&gt;File upload&lt;/strong&gt;: allows you to upload a file. Uploading a file from Adobe Campaign file generates a log entry in the &lt;strong&gt;Export audits&lt;/strong&gt; menu. For more information on export audits, refer to the &#xA;&#x9;&#x9;&#x9;&#x9;&#x9;&#x9;&#x9;&#x9;&#x9;&#x9;&#x9;&#xA;&#x9;&#x9;&#x9;&#x9;&#x9;&#x9;&#x9;&lt;a href=&#34;/content/help/en/campaign/standard/administration/using/auditing-export-logs.html&#34;&gt;Auditing exports&lt;/a&gt; section.&lt;/p&gt;&#xA;"
                                            textIsRich="true"/>
                              </step_par>
                           </step_532_99>
                           <step_533_99 jcr:primaryType="nt:unstructured" sling:resourceType="help/components/step">
                              <step_par jcr:primaryType="nt:unstructured"
                                        sling:resourceType="help/components/procedure/step_parsys">
                                 <text_1162 jcr:primaryType="nt:unstructured"
                                            sling:resourceType="help/components/article-3/text"
                                            text="&lt;p&gt;&lt;strong&gt;Test to see if file exists&lt;/strong&gt;: allows you to check whether there is a file.&lt;/p&gt;&#xA;"
                                            textIsRich="true"/>
                              </step_par>
                           </step_533_99>
                           <step_534_99 jcr:primaryType="nt:unstructured" sling:resourceType="help/components/step">
                              <step_par jcr:primaryType="nt:unstructured"
                                        sling:resourceType="help/components/procedure/step_parsys">
                                 <text_1163 jcr:primaryType="nt:unstructured"
                                            sling:resourceType="help/components/article-3/text"
                                            text="&lt;p&gt;&lt;strong&gt;File listing&lt;/strong&gt;: allows you to list the files present in Adobe Campaign.&lt;/p&gt;&#xA;"
                                            textIsRich="true"/>
                              </step_par>
                           </step_534_99>
                        </proc_par>
                     </procedure_99>
                    <text_1164 jcr:primaryType="nt:unstructured"
                                sling:resourceType="help/components/article-3/text"
                                text="&lt;p&gt;Depending on the action selected, one or several protocols are available:&lt;/p&gt;&#xA;"
                                textIsRich="true"/>
                    <procedure_100 jcr:primaryType="nt:unstructured"
                                    sling:resourceType="help/components/procedure"
                                    isBulleted="true">
                        <proc_par jcr:primaryType="nt:unstructured"
                                  sling:resourceType="help/components/procedure/proc_parsys">
                           <step_535_100 jcr:primaryType="nt:unstructured" sling:resourceType="help/components/step">
                              <step_par jcr:primaryType="nt:unstructured"
                                        sling:resourceType="help/components/procedure/step_parsys">
                                 <text_1165 jcr:primaryType="nt:unstructured"
                                            sling:resourceType="help/components/article-3/text"
                                            text="&lt;p&gt;&lt;strong&gt;HTTP&lt;/strong&gt;: this protocol allows you to start downloading a file from an external account or from a URL.&lt;/p&gt;&#xA;"
                                            textIsRich="true"/>
                                 <procedure_100 jcr:primaryType="nt:unstructured"
                                                sling:resourceType="help/components/procedure"
                                                isBulleted="true">
                                    <proc_par jcr:primaryType="nt:unstructured"
                                              sling:resourceType="help/components/procedure/proc_parsys">
                                       <step_535_100 jcr:primaryType="nt:unstructured" sling:resourceType="help/components/step">
                                          <step_par jcr:primaryType="nt:unstructured"
                                                    sling:resourceType="help/components/procedure/step_parsys">
                                             <text_1166 jcr:primaryType="nt:unstructured"
                                                        sling:resourceType="help/components/article-3/text"
                                                        text="&lt;p&gt;Click the &lt;strong&gt;Use connection parameters defined in an external account&lt;/strong&gt; option, then select the account you would like and specify the path of the file to download.&lt;/p&gt;&#xA;"
                                                        textIsRich="true"/>
                                             <image_182 jcr:primaryType="nt:unstructured"
                                                        sling:resourceType="help/components/article-3/image"
                                                        jcr:title=""
                                                        alt=""
                                                        captionBottom=""
                                                        fileName="wkf_file_transfer_03.png"
                                                        originalFileName="images/en/wkf_file_transfer_03.png"
                                                        fileReference="/content/dam/help/en/campaign/standard/wkf_file_transfer_03.png"
                                                        imageRotate="0"
                                                        originalHeight=""
                                                        originalWidth=""
                                                        scaleOption="toTemplate"
                                                        status="legacy"/>
                                             <caution_3 jcr:primaryType="nt:unstructured"
                                                        sling:resourceType="help/components/article-3/note"
                                                        text="&lt;p&gt;&#xA;                                        Wildcards are not supported.&#xA;                                    &lt;/p&gt;&#xA;"
                                                        textIsRich="true"
                                                        type="caution"/>
                                          </step_par>
                                       </step_535_100>
                                       <step_536_100 jcr:primaryType="nt:unstructured" sling:resourceType="help/components/step">
                                          <step_par jcr:primaryType="nt:unstructured"
                                                    sling:resourceType="help/components/procedure/step_parsys">
                                             <text_1168 jcr:primaryType="nt:unstructured"
                                                        sling:resourceType="help/components/article-3/text"
                                                        text="&lt;p&gt;Click the &lt;strong&gt;Quick configuration&lt;/strong&gt; option, then enter the URL in the field that appears.&lt;/p&gt;&#xA;"
                                                        textIsRich="true"/>
                                             <image_183 jcr:primaryType="nt:unstructured"
                                                        sling:resourceType="help/components/article-3/image"
                                                        jcr:title=""
                                                        alt=""
                                                        captionBottom=""
                                                        fileName="wkf_file_transfer_04.png"
                                                        originalFileName="images/en/wkf_file_transfer_04.png"
                                                        fileReference="/content/dam/help/en/campaign/standard/wkf_file_transfer_04.png"
                                                        imageRotate="0"
                                                        originalHeight=""
                                                        originalWidth=""
                                                        scaleOption="toTemplate"
                                                        status="legacy"/>
                                          </step_par>
                                       </step_536_100>
                                    </proc_par>
                                 </procedure_100>
                              </step_par>
                           </step_535_100>
                           <step_538_101 jcr:primaryType="nt:unstructured" sling:resourceType="help/components/step">
                              <step_par jcr:primaryType="nt:unstructured"
                                        sling:resourceType="help/components/procedure/step_parsys">
                                 <text_1169 jcr:primaryType="nt:unstructured"
                                            sling:resourceType="help/components/article-3/text"
                                            text="&lt;p&gt;&lt;strong&gt;S3&lt;/strong&gt;: this protocol allows you to start downloading a file from a URL or an external account via Amazon Simple Storage Service (S3).&lt;/p&gt;&#xA;"
                                            textIsRich="true"/>
                                 <procedure_101 jcr:primaryType="nt:unstructured"
                                                sling:resourceType="help/components/procedure"
                                                isBulleted="true">
                                    <proc_par jcr:primaryType="nt:unstructured"
                                              sling:resourceType="help/components/procedure/proc_parsys">
                                       <step_538_101 jcr:primaryType="nt:unstructured" sling:resourceType="help/components/step">
                                          <step_par jcr:primaryType="nt:unstructured"
                                                    sling:resourceType="help/components/procedure/step_parsys">
                                             <text_1170 jcr:primaryType="nt:unstructured"
                                                        sling:resourceType="help/components/article-3/text"
                                                        text="&lt;p&gt;Select the external account and specify the path of the file to download.&lt;/p&gt;&#xA;"
                                                        textIsRich="true"/>
                                             <image_184 jcr:primaryType="nt:unstructured"
                                                        sling:resourceType="help/components/article-3/image"
                                                        jcr:title=""
                                                        alt=""
                                                        captionBottom=""
                                                        fileName="wkf_file_transfer_08.png"
                                                        originalFileName="images/en/wkf_file_transfer_08.png"
                                                        fileReference="/content/dam/help/en/campaign/standard/wkf_file_transfer_08.png"
                                                        imageRotate="0"
                                                        originalHeight=""
                                                        originalWidth=""
                                                        scaleOption="toTemplate"
                                                        status="legacy"/>
                                          </step_par>
                                       </step_538_101>
                                    </proc_par>
                                 </procedure_101>
                              </step_par>
                           </step_538_101>
                           <step_540_102 jcr:primaryType="nt:unstructured" sling:resourceType="help/components/step">
                              <step_par jcr:primaryType="nt:unstructured"
                                        sling:resourceType="help/components/procedure/step_parsys">
                                 <text_1171 jcr:primaryType="nt:unstructured"
                                            sling:resourceType="help/components/article-3/text"
                                            text="&lt;p&gt;&lt;strong&gt;SFTP&lt;/strong&gt;: this protocol allows you to start downloading a file from a URL or an external account.&lt;/p&gt;&#xA;"
                                            textIsRich="true"/>
                                 <procedure_102 jcr:primaryType="nt:unstructured"
                                                sling:resourceType="help/components/procedure"
                                                isBulleted="true">
                                    <proc_par jcr:primaryType="nt:unstructured"
                                              sling:resourceType="help/components/procedure/proc_parsys">
                                       <step_540_102 jcr:primaryType="nt:unstructured" sling:resourceType="help/components/step">
                                          <step_par jcr:primaryType="nt:unstructured"
                                                    sling:resourceType="help/components/procedure/step_parsys">
                                             <text_1172 jcr:primaryType="nt:unstructured"
                                                        sling:resourceType="help/components/article-3/text"
                                                        text="&lt;p&gt;Click the &lt;strong&gt;Use connection parameters defined in an external account&lt;/strong&gt; option, then select the account you would like and specify the path of the file to download.&lt;/p&gt;&#xA;"
                                                        textIsRich="true"/>
                                             <image_185 jcr:primaryType="nt:unstructured"
                                                        sling:resourceType="help/components/article-3/image"
                                                        jcr:title=""
                                                        alt=""
                                                        captionBottom=""
                                                        fileName="wkf_file_transfer_07.png"
                                                        originalFileName="images/en/wkf_file_transfer_07.png"
                                                        fileReference="/content/dam/help/en/campaign/standard/wkf_file_transfer_07.png"
                                                        imageRotate="0"
                                                        originalHeight=""
                                                        originalWidth=""
                                                        scaleOption="toTemplate"
                                                        status="legacy"/>
                                             <caution_4 jcr:primaryType="nt:unstructured"
                                                        sling:resourceType="help/components/article-3/note"
                                                        text="&lt;p&gt;&#xA;                                        Wildcards are supported.&#xA;                                    &lt;/p&gt;&#xA;"
                                                        textIsRich="true"
                                                        type="caution"/>
                                          </step_par>
                                       </step_540_102>
                                       <step_541_102 jcr:primaryType="nt:unstructured" sling:resourceType="help/components/step">
                                          <step_par jcr:primaryType="nt:unstructured"
                                                    sling:resourceType="help/components/procedure/step_parsys">
                                             <text_1174 jcr:primaryType="nt:unstructured"
                                                        sling:resourceType="help/components/article-3/text"
                                                        text="&lt;p&gt;Click the &lt;strong&gt;Quick configuration&lt;/strong&gt; option, then enter the URL in the field that appears.&lt;/p&gt;&#xA;"
                                                        textIsRich="true"/>
                                          </step_par>
                                       </step_541_102>
                                    </proc_par>
                                 </procedure_102>
                              </step_par>
                           </step_540_102>
                           <step_543_103 jcr:primaryType="nt:unstructured" sling:resourceType="help/components/step">
                              <step_par jcr:primaryType="nt:unstructured"
                                        sling:resourceType="help/components/procedure/step_parsys">
                                 <text_1175 jcr:primaryType="nt:unstructured"
                                            sling:resourceType="help/components/article-3/text"
                                            text="&lt;p&gt;&lt;strong&gt;File(s) present on the Adobe Campaign server&lt;/strong&gt;: this protocol corresponds to the repository containing the file(s) to recover.&lt;/p&gt;&#xA;"
                                            textIsRich="true"/>
                            
                                 <text_1176 jcr:primaryType="nt:unstructured"
                                            sling:resourceType="help/components/article-3/text"
                                            text="&lt;p&gt;Metacharacters, or wildcards (for example * or ?) can be used to filter files.&lt;/p&gt;&#xA;"
                                            textIsRich="true"/>
                                 <text_1177 jcr:primaryType="nt:unstructured"
                                            sling:resourceType="help/components/article-3/text"
                                            text="&lt;p&gt;Fill in this field and confirm your activity to use this protocol.&lt;/p&gt;&#xA;"
                                            textIsRich="true"/>
                                 <note_42 jcr:primaryType="nt:unstructured"
                                          sling:resourceType="help/components/article-3/note"
                                          text="&lt;p&gt;&#xA;                                The path must be relative to the storage space directory of the Adobe Campaign server. Files are located in the &lt;strong&gt;sftp&amp;lt;yourinstancename&amp;gt;/ &lt;/strong&gt;directory. You also cannot browse the directories above the storage space. For example:&#xA;                                &lt;strong&gt;user&amp;lt;yourinstancename&gt;/my_recipients.csv&lt;/strong&gt; is correct.&#xA;                                &lt;strong&gt;../hello/my_recipients.csv&lt;/strong&gt; is incorrect.&#xA;                                &lt;strong&gt;//myserver/hello/myrecipients.csv&lt;/strong&gt; is incorrect.&#xA;                            &lt;/p&gt;&#xA;"
                                          textIsRich="true"
                                          type="note"/>
                              </step_par>
                           </step_543_103>
                        </proc_par>
                     </procedure_100>
                    <text_1182 jcr:primaryType="nt:unstructured"
                                sling:resourceType="help/components/article-3/text"
                                text="&lt;p&gt;Select your protocol and complete the associated fields.&lt;/p&gt;&#xA;"
                                textIsRich="true"/>
                  </step_par>
               </step_531_0>
                <step_545_0 jcr:primaryType="nt:unstructured" sling:resourceType="help/components/step">
                  <step_par jcr:primaryType="nt:unstructured"
                            sling:resourceType="help/components/procedure/step_parsys">
                    <text_1183 jcr:primaryType="nt:unstructured"
                                sling:resourceType="help/components/article-3/text"
                                text="&lt;p&gt;The &lt;strong&gt;Additional options&lt;/strong&gt; section, available depending on the protocol selected, allows you to add parameters to your protocol. You can:&lt;/p&gt;&#xA;"
                                textIsRich="true"/>
                    <procedure_104 jcr:primaryType="nt:unstructured"
                                    sling:resourceType="help/components/procedure"
                                    isBulleted="true">
                        <proc_par jcr:primaryType="nt:unstructured"
                                  sling:resourceType="help/components/procedure/proc_parsys">
                           <step_545_104 jcr:primaryType="nt:unstructured" sling:resourceType="help/components/step">
                              <step_par jcr:primaryType="nt:unstructured"
                                        sling:resourceType="help/components/procedure/step_parsys">
                                 <text_1184 jcr:primaryType="nt:unstructured"
                                            sling:resourceType="help/components/article-3/text"
                                            text="&lt;p&gt;&lt;strong&gt;Delete the source files after transfer&lt;/strong&gt;&lt;/p&gt;&#xA;"
                                            textIsRich="true"/>
                              </step_par>
                           </step_545_104>
                           <step_546_104 jcr:primaryType="nt:unstructured" sling:resourceType="help/components/step">
                              <step_par jcr:primaryType="nt:unstructured"
                                        sling:resourceType="help/components/procedure/step_parsys">
                                 <text_1185 jcr:primaryType="nt:unstructured"
                                            sling:resourceType="help/components/article-3/text"
                                            text="&lt;p&gt;&lt;strong&gt;Disable passive mode&lt;/strong&gt;&lt;/p&gt;&#xA;"
                                            textIsRich="true"/>
                              </step_par>
                           </step_546_104>
                           <step_547_104 jcr:primaryType="nt:unstructured" sling:resourceType="help/components/step">
                              <step_par jcr:primaryType="nt:unstructured"
                                        sling:resourceType="help/components/procedure/step_parsys">
                                 <text_1186 jcr:primaryType="nt:unstructured"
                                            sling:resourceType="help/components/article-3/text"
                                            text="&lt;p&gt;&lt;strong&gt;List all files&lt;/strong&gt;: this option is available when selecting the &lt;strong&gt;File listing&lt;/strong&gt; action. It allows you to index all the files present on the server in the &lt;strong&gt;vars.filenames&lt;/strong&gt; event variable in which the file names are separated by the &lt;strong&gt;'\n'&lt;/strong&gt; characters.&lt;/p&gt;&#xA;"
                                            textIsRich="true"/>
                              </step_par>
                           </step_547_104>
                        </proc_par>
                     </procedure_104>
                  </step_par>
               </step_545_0>
                <step_549_0 jcr:primaryType="nt:unstructured" sling:resourceType="help/components/step">
                  <step_par jcr:primaryType="nt:unstructured"
                            sling:resourceType="help/components/procedure/step_parsys">
                    <text_1187 jcr:primaryType="nt:unstructured"
                                sling:resourceType="help/components/article-3/text"
                                text="&lt;p&gt;The &lt;strong&gt;If no files are found&lt;/strong&gt; section of the &lt;strong&gt;Advanced options&lt;/strong&gt; tab allows you to configure specific actions if any errors or inexistent files are detected when the activity is started.&lt;/p&gt;&#xA;"
                                textIsRich="true"/>
                    <text_1188 jcr:primaryType="nt:unstructured"
                                sling:resourceType="help/components/article-3/text"
                                text="&lt;p&gt;You can also define retries. The different retries appear in the workflow execution log.&lt;/p&gt;&#xA;"
                                textIsRich="true"/>
                  </step_par>
               </step_549_0>
                <step_550_0 jcr:primaryType="nt:unstructured" sling:resourceType="help/components/step">
                  <step_par jcr:primaryType="nt:unstructured"
                            sling:resourceType="help/components/procedure/step_parsys">
                    <text_1189 jcr:primaryType="nt:unstructured"
                                sling:resourceType="help/components/article-3/text"
                                text="&lt;p&gt;Confirm the configuration of your activity and save your workflow.&lt;/p&gt;&#xA;"
                                textIsRich="true"/>
                  </step_par>
               </step_550_0>
            </proc_par>
         </procedure_38_10>
        
        
            <header_196 jcr:primaryType="nt:unstructured" sling:resourceType="help/components/header"
                     id="historization-settings"
                     level="2"
                     text="&lt;p&gt;Historization settings&lt;/p&gt;&#xA;"
                     textIsRich="'true'"/>
            <text_1190 jcr:primaryType="nt:unstructured"
                    sling:resourceType="help/components/article-3/text"
                    text="&lt;p&gt;Every time a &lt;strong&gt;Transfer file&lt;/strong&gt; activity is executed, it stores the uploaded or downloaded files in a dedicated folder. One folder is created for each &lt;strong&gt;Transfer file&lt;/strong&gt; activity of a workflow. Therefore, it is important to be able to limit the size of this folder in order to preserve physical space on the server. &lt;/p&gt;&#xA;"
                    textIsRich="true"/>
            <text_1191 jcr:primaryType="nt:unstructured"
                    sling:resourceType="help/components/article-3/text"
                    text="&lt;p&gt;To do that, you can define &lt;strong&gt;Historization settings&lt;/strong&gt; in the &lt;strong&gt;Advanced options&lt;/strong&gt; of the &lt;strong&gt;Transfer File&lt;/strong&gt; activity.&lt;/p&gt;&#xA;"
                    textIsRich="true"/>
            <text_1192 jcr:primaryType="nt:unstructured"
                    sling:resourceType="help/components/article-3/text"
                    text="&lt;p&gt;&lt;strong&gt;Historization settings&lt;/strong&gt; allow to define a maximum number of files or total size for the activity's folder. By default, 100 files and 50 MB are authorized.&lt;/p&gt;&#xA;"
                    textIsRich="true"/>
            <text_1193 jcr:primaryType="nt:unstructured"
                    sling:resourceType="help/components/article-3/text"
                    text="&lt;p&gt;Every time the activity is executed, the folder is checked as follows:&lt;/p&gt;&#xA;"
                    textIsRich="true"/>
            <procedure_105 jcr:primaryType="nt:unstructured"
                        sling:resourceType="help/components/procedure"
                        isBulleted="true">
            <proc_par jcr:primaryType="nt:unstructured"
                      sling:resourceType="help/components/procedure/proc_parsys">
                <step_551_105 jcr:primaryType="nt:unstructured" sling:resourceType="help/components/step">
                  <step_par jcr:primaryType="nt:unstructured"
                            sling:resourceType="help/components/procedure/step_parsys">
                    <text_1194 jcr:primaryType="nt:unstructured"
                                sling:resourceType="help/components/article-3/text"
                                text="&lt;p&gt;Only files created more than 24 hours before the execution of the activity are taken into account.&lt;/p&gt;&#xA;"
                                textIsRich="true"/>
                  </step_par>
               </step_551_105>
                <step_552_105 jcr:primaryType="nt:unstructured" sling:resourceType="help/components/step">
                  <step_par jcr:primaryType="nt:unstructured"
                            sling:resourceType="help/components/procedure/step_parsys">
                    <text_1195 jcr:primaryType="nt:unstructured"
                                sling:resourceType="help/components/article-3/text"
                                text="&lt;p&gt;If the number of files taken into account is greater than the value of the &lt;strong&gt;Maximum number of files&lt;/strong&gt; parameter, the oldest files are deleted until the &lt;strong&gt;Maximum number of files&lt;/strong&gt; allowed is reached.&lt;/p&gt;&#xA;"
                                textIsRich="true"/>
                  </step_par>
               </step_552_105>
                <step_553_105 jcr:primaryType="nt:unstructured" sling:resourceType="help/components/step">
                  <step_par jcr:primaryType="nt:unstructured"
                            sling:resourceType="help/components/procedure/step_parsys">
                    <text_1196 jcr:primaryType="nt:unstructured"
                                sling:resourceType="help/components/article-3/text"
                                text="&lt;p&gt;If the total size of files taken into account is greater than the value of the &lt;strong&gt;Maximum size (in MB)&lt;/strong&gt; parameter, the oldest files are deleted until the &lt;strong&gt;Maximum size (in MB)&lt;/strong&gt; allowed is reached.&lt;/p&gt;&#xA;"
                                textIsRich="true"/>
                  </step_par>
               </step_553_105>
            </proc_par>
         </procedure_105>
            <note_43 jcr:primaryType="nt:unstructured"
                  sling:resourceType="help/components/article-3/note"
                  text="&lt;p&gt;&#xA;                If the activity is not executed again, its folder will not be checked nor purged. With this in mind, be cautious when transferring large files.&#xA;            &lt;/p&gt;&#xA;"
                  textIsRich="true"
                  type="note"/>
        
        
            <header_197 jcr:primaryType="nt:unstructured" sling:resourceType="help/components/header"
                     id="example"
                     level="2"
                     text="&lt;p&gt;Example&lt;/p&gt;&#xA;"
                     textIsRich="'true'"/>
            <text_1198 jcr:primaryType="nt:unstructured"
                    sling:resourceType="help/components/article-3/text"
                    text="&lt;p&gt;The following example shows the configuration of a &lt;strong&gt;File transfer&lt;/strong&gt; activity which will then be followed by a &lt;strong&gt;Load file&lt;/strong&gt; activity then an &lt;strong&gt;Update data&lt;/strong&gt; activity. The goal of this workflow is to add or update the Adobe Campaign database profiles with the data recovered by the workflow.&lt;/p&gt;&#xA;"
                    textIsRich="true"/>
            <procedure_39_10 jcr:primaryType="nt:unstructured"
                          sling:resourceType="help/components/procedure">
            <proc_par jcr:primaryType="nt:unstructured"
                      sling:resourceType="help/components/procedure/proc_parsys">
                <step_554_0 jcr:primaryType="nt:unstructured" sling:resourceType="help/components/step">
                  <step_par jcr:primaryType="nt:unstructured"
                            sling:resourceType="help/components/procedure/step_parsys">
                    <text_1199 jcr:primaryType="nt:unstructured"
                                sling:resourceType="help/components/article-3/text"
                                text="&lt;p&gt;Drag and drop a &lt;strong&gt;Transfer file&lt;/strong&gt; activity into your workflow.&lt;/p&gt;&#xA;"
                                textIsRich="true"/>
                  </step_par>
               </step_554_0>
                <step_555_0 jcr:primaryType="nt:unstructured" sling:resourceType="help/components/step">
                  <step_par jcr:primaryType="nt:unstructured"
                            sling:resourceType="help/components/procedure/step_parsys">
                    <text_1200 jcr:primaryType="nt:unstructured"
                                sling:resourceType="help/components/article-3/text"
                                text="&lt;p&gt;Select the activity, then open it using the &#xA;&#x9;&lt;img height=&#34;21px&#34; src=&#34;/content/dam/help/en/campaign/standard/edit_darkgrey-24px.png&#34; /&gt;&#xA;&#x9;&#xA; button from the quick actions that appear.&lt;/p&gt;&#xA;"
                                textIsRich="true"/>
                  </step_par>
               </step_555_0>
                <step_556_0 jcr:primaryType="nt:unstructured" sling:resourceType="help/components/step">
                  <step_par jcr:primaryType="nt:unstructured"
                            sling:resourceType="help/components/procedure/step_parsys">
                    <text_1201 jcr:primaryType="nt:unstructured"
                                sling:resourceType="help/components/article-3/text"
                                text="&lt;p&gt;In the &lt;strong&gt;Protocol&lt;/strong&gt; tab, select &lt;strong&gt;SFTP&lt;/strong&gt;.&lt;/p&gt;&#xA;"
                                textIsRich="true"/>
                  </step_par>
               </step_556_0>
                <step_557_0 jcr:primaryType="nt:unstructured" sling:resourceType="help/components/step">
                  <step_par jcr:primaryType="nt:unstructured"
                            sling:resourceType="help/components/procedure/step_parsys">
                    <text_1202 jcr:primaryType="nt:unstructured"
                                sling:resourceType="help/components/article-3/text"
                                text="&lt;p&gt;Select the &lt;strong&gt;Use connection parameters defined in an external account&lt;/strong&gt; option.&lt;/p&gt;&#xA;"
                                textIsRich="true"/>
                  </step_par>
               </step_557_0>
                <step_558_0 jcr:primaryType="nt:unstructured" sling:resourceType="help/components/step">
                  <step_par jcr:primaryType="nt:unstructured"
                            sling:resourceType="help/components/procedure/step_parsys">
                    <text_1203 jcr:primaryType="nt:unstructured"
                                sling:resourceType="help/components/article-3/text"
                                text="&lt;p&gt;Enter the name of the external account.&lt;/p&gt;&#xA;"
                                textIsRich="true"/>
                  </step_par>
               </step_558_0>
                <step_559_0 jcr:primaryType="nt:unstructured" sling:resourceType="help/components/step">
                  <step_par jcr:primaryType="nt:unstructured"
                            sling:resourceType="help/components/procedure/step_parsys">
                    <text_1204 jcr:primaryType="nt:unstructured"
                                sling:resourceType="help/components/article-3/text"
                                text="&lt;p&gt;Enter the &lt;strong&gt;File path on the remote server&lt;/strong&gt;.&lt;/p&gt;&#xA;"
                                textIsRich="true"/>
                    <image_186 jcr:primaryType="nt:unstructured"
                                sling:resourceType="help/components/article-3/image"
                                jcr:title=""
                                alt=""
                                captionBottom=""
                                fileName="wkf_file_transfer_07.png"
                                originalFileName="images/en/wkf_file_transfer_07.png"
                                fileReference="/content/dam/help/en/campaign/standard/wkf_file_transfer_07.png"
                                imageRotate="0"
                                originalHeight=""
                                originalWidth=""
                                scaleOption="toTemplate"
                                status="legacy"/>
                  </step_par>
               </step_559_0>
                <step_560_0 jcr:primaryType="nt:unstructured" sling:resourceType="help/components/step">
                  <step_par jcr:primaryType="nt:unstructured"
                            sling:resourceType="help/components/procedure/step_parsys">
                    <text_1205 jcr:primaryType="nt:unstructured"
                                sling:resourceType="help/components/article-3/text"
                                text="&lt;p&gt;Confirm your activity and save your workflow.&lt;/p&gt;&#xA;"
                                textIsRich="true"/>
                  </step_par>
               </step_560_0>
            </proc_par>
         </procedure_39_10>
        
      </main-pars>
      <hero jcr:primaryType="nt:unstructured"
            sling:resourceType="foundation/components/image"/>
      <thumbnail jcr:primaryType="nt:unstructured"
                 sling:resourceType="foundation/components/image"/>
      <publisherLogo jcr:primaryType="nt:unstructured"
                     sling:resourceType="foundation/components/image"/>
   </jcr:content>
</jcr:root>