<?xml version="1.0" encoding="UTF-8"?>
<jcr:root xmlns:nt="http://www.jcp.org/jcr/nt/1.0" xmlns:json="http://json.org/"
          xmlns:sling="http://sling.apache.org/jcr/sling/1.0"
          xmlns:cq="http://www.day.com/jcr/cq/1.0"
          xmlns:jcr="http://www.jcp.org/jcr/1.0"
          xmlns:mix="http://www.jcp.org/jcr/mix/1.0"
          jcr:primaryType="cq:Page">
   <jcr:content navTitle="Update data" jcr:primaryType="cq:PageContent"
                sling:resourceType="help/components/pages/article-3"
                heroGradient="light"
                jcr:language="en_us"
                cq:designPath="/etc/designs/help"
                cq:template="/apps/help/templates/article-3"
                jcr:mixinTypes="[mix:versionable]"
                jcr:title="Update data"
                jcr:description="Update data"
                seoDescription="The Update data activity allows you to perform a mass update on fields in the database."
                primaryProductTag="[products:SG_CAMPAIGN/STANDARD]"
                cq:tags="[products:SG_CAMPAIGN/STANDARD,audience:automating,content_type:reference,topic_tags:data-management-activities]"
                primaryAudienceTag="[audience:automating]"
                contentOwner="sauviat"
                isReadyForLocalization="true"
                publishExternalDate="2018-09-04">
      <main-pars jcr:primaryType="nt:unstructured"
                 sling:resourceType="foundation/components/parsys">
        
        
        
            
        
        
            <header_182 jcr:primaryType="nt:unstructured" sling:resourceType="help/components/header"
                     id="description"
                     level="2"
                     text="&lt;p&gt;Description&lt;/p&gt;&#xA;"
                     textIsRich="'true'"/>
            <image_170 jcr:primaryType="nt:unstructured"
                    sling:resourceType="help/components/article-3/image"
                    jcr:title=""
                    alt=""
                    captionBottom=""
                    fileName="data_update.png"
                    originalFileName="images/en/data_update.png"
                    fileReference="/content/dam/help/en/campaign/standard/data_update.png"
                    imageRotate="0"
                    originalHeight=""
                    originalWidth=""
                    scaleOption="toTemplate"
                    status="legacy"/>
            <text_1062 jcr:primaryType="nt:unstructured"
                    sling:resourceType="help/components/article-3/text"
                    text="&lt;p&gt;The &lt;strong&gt;Update data&lt;/strong&gt; activity allows you to perform a mass update on fields in the database.&lt;/p&gt;&#xA;"
                    textIsRich="true"/>
        
        
            <header_183 jcr:primaryType="nt:unstructured" sling:resourceType="help/components/header"
                     id="context-of-use"
                     level="2"
                     text="&lt;p&gt;Context of use&lt;/p&gt;&#xA;"
                     textIsRich="'true'"/>
            <text_1063 jcr:primaryType="nt:unstructured"
                    sling:resourceType="help/components/article-3/text"
                    text="&lt;p&gt;The &lt;strong&gt;Update data&lt;/strong&gt; activity can be used after importing a file in order to insert the data recovered into the Adobe Campaign database. Several options allow you to personalize updating the data.&lt;/p&gt;&#xA;"
                    textIsRich="true"/>
        
        
            <header_184 jcr:primaryType="nt:unstructured" sling:resourceType="help/components/header"
                     id="configuration"
                     level="2"
                     text="&lt;p&gt;Configuration&lt;/p&gt;&#xA;"
                     textIsRich="'true'"/>
            <procedure_35_10 jcr:primaryType="nt:unstructured"
                          sling:resourceType="help/components/procedure">
            <proc_par jcr:primaryType="nt:unstructured"
                      sling:resourceType="help/components/procedure/proc_parsys">
                <step_472_0 jcr:primaryType="nt:unstructured" sling:resourceType="help/components/step">
                  <step_par jcr:primaryType="nt:unstructured"
                            sling:resourceType="help/components/procedure/step_parsys">
                    <text_1064 jcr:primaryType="nt:unstructured"
                                sling:resourceType="help/components/article-3/text"
                                text="&lt;p&gt;Drag and drop an &lt;strong&gt;Update data&lt;/strong&gt; activity into your workflow.&lt;/p&gt;&#xA;"
                                textIsRich="true"/>
                  </step_par>
               </step_472_0>
                <step_473_0 jcr:primaryType="nt:unstructured" sling:resourceType="help/components/step">
                  <step_par jcr:primaryType="nt:unstructured"
                            sling:resourceType="help/components/procedure/step_parsys">
                    <text_1065 jcr:primaryType="nt:unstructured"
                                sling:resourceType="help/components/article-3/text"
                                text="&lt;p&gt;Select the activity, then open it using the &#xA;&#x9;&lt;img height=&#34;21px&#34; src=&#34;/content/dam/help/en/campaign/standard/edit_darkgrey-24px.png&#34; /&gt;&#xA;&#x9;&#xA; button from the quick actions that appear.&lt;/p&gt;&#xA;"
                                textIsRich="true"/>
                  </step_par>
               </step_473_0>
                <step_474_0 jcr:primaryType="nt:unstructured" sling:resourceType="help/components/step">
                  <step_par jcr:primaryType="nt:unstructured"
                            sling:resourceType="help/components/procedure/step_parsys">
                    <text_1066 jcr:primaryType="nt:unstructured"
                                sling:resourceType="help/components/article-3/text"
                                text="&lt;p&gt;Specify the &lt;strong&gt;Operation type&lt;/strong&gt; to be carried out:&lt;/p&gt;&#xA;"
                                textIsRich="true"/>
                    <procedure_89 jcr:primaryType="nt:unstructured"
                                   sling:resourceType="help/components/procedure"
                                   isBulleted="true">
                        <proc_par jcr:primaryType="nt:unstructured"
                                  sling:resourceType="help/components/procedure/proc_parsys">
                           <step_474_89 jcr:primaryType="nt:unstructured" sling:resourceType="help/components/step">
                              <step_par jcr:primaryType="nt:unstructured"
                                        sling:resourceType="help/components/procedure/step_parsys">
                                 <text_1067 jcr:primaryType="nt:unstructured"
                                            sling:resourceType="help/components/article-3/text"
                                            text="&lt;p&gt;&lt;strong&gt;Insert or update&lt;/strong&gt;: insert data or update it if it the records already exist in the database.&lt;/p&gt;&#xA;"
                                            textIsRich="true"/>
                              </step_par>
                           </step_474_89>
                           <step_475_89 jcr:primaryType="nt:unstructured" sling:resourceType="help/components/step">
                              <step_par jcr:primaryType="nt:unstructured"
                                        sling:resourceType="help/components/procedure/step_parsys">
                                 <text_1068 jcr:primaryType="nt:unstructured"
                                            sling:resourceType="help/components/article-3/text"
                                            text="&lt;p&gt;&lt;strong&gt;Insert only&lt;/strong&gt;: insert data only. The records that already exist are not updated. If reconciliation criteria are defined, only the non-reconciled records will be added.&lt;/p&gt;&#xA;"
                                            textIsRich="true"/>
                                 <text_1069 jcr:primaryType="nt:unstructured"
                                            sling:resourceType="help/components/article-3/text"
                                            text="&lt;p&gt;Check the &lt;strong&gt;Generate an outbound transition for rejects&lt;/strong&gt; box if the data imported contains certain records that already exist in the database to avoid any possible errors.&lt;/p&gt;&#xA;"
                                            textIsRich="true"/>
                              </step_par>
                           </step_475_89>
                           <step_476_89 jcr:primaryType="nt:unstructured" sling:resourceType="help/components/step">
                              <step_par jcr:primaryType="nt:unstructured"
                                        sling:resourceType="help/components/procedure/step_parsys">
                                 <text_1070 jcr:primaryType="nt:unstructured"
                                            sling:resourceType="help/components/article-3/text"
                                            text="&lt;p&gt;&lt;strong&gt;Update&lt;/strong&gt;: update data of the records that already exist in the database only.&lt;/p&gt;&#xA;"
                                            textIsRich="true"/>
                              </step_par>
                           </step_476_89>
                        
                           <step_477_89 jcr:primaryType="nt:unstructured" sling:resourceType="help/components/step">
                              <step_par jcr:primaryType="nt:unstructured"
                                        sling:resourceType="help/components/procedure/step_parsys">
                                 <text_1071 jcr:primaryType="nt:unstructured"
                                            sling:resourceType="help/components/article-3/text"
                                            text="&lt;p&gt;&lt;strong&gt;Delete&lt;/strong&gt;: delete data.&lt;/p&gt;&#xA;"
                                            textIsRich="true"/>
                              </step_par>
                           </step_477_89>
                        </proc_par>
                     </procedure_89>
                  </step_par>
               </step_474_0>
                <step_479_0 jcr:primaryType="nt:unstructured" sling:resourceType="help/components/step">
                  <step_par jcr:primaryType="nt:unstructured"
                            sling:resourceType="help/components/procedure/step_parsys">
                    <text_1072 jcr:primaryType="nt:unstructured"
                                sling:resourceType="help/components/article-3/text"
                                text="&lt;p&gt;In the &lt;strong&gt;Identification&lt;/strong&gt; field, specify how to identify the records in the database:&lt;/p&gt;&#xA;"
                                textIsRich="true"/>
                    <procedure_90 jcr:primaryType="nt:unstructured"
                                   sling:resourceType="help/components/procedure"
                                   isBulleted="true">
                        <proc_par jcr:primaryType="nt:unstructured"
                                  sling:resourceType="help/components/procedure/proc_parsys">
                           <step_479_90 jcr:primaryType="nt:unstructured" sling:resourceType="help/components/step">
                              <step_par jcr:primaryType="nt:unstructured"
                                        sling:resourceType="help/components/procedure/step_parsys">
                                 <text_1073 jcr:primaryType="nt:unstructured"
                                            sling:resourceType="help/components/article-3/text"
                                            text="&lt;p&gt;&lt;strong&gt;Using the targeting dimension&lt;/strong&gt;: select the &lt;strong&gt;Dimension to update&lt;/strong&gt; then specify the &lt;strong&gt;Keys for finding records&lt;/strong&gt;. For more this, refer to &#xA;&#x9;&#x9;&#x9;&#x9;&#x9;&#xA;&lt;a href=&#34;/content/help/en/campaign/standard/automating/using/query.html#targeting-dimensions-and-resources&#34; target=&#34;_blank&#34;&gt;Targeting dimensions and resources&lt;/a&gt;.&lt;/p&gt;&#xA;"
                                            textIsRich="true"/>
                              </step_par>
                           </step_479_90>
                           <step_480_90 jcr:primaryType="nt:unstructured" sling:resourceType="help/components/step">
                              <step_par jcr:primaryType="nt:unstructured"
                                        sling:resourceType="help/components/procedure/step_parsys">
                                 <text_1074 jcr:primaryType="nt:unstructured"
                                            sling:resourceType="help/components/article-3/text"
                                            text="&lt;p&gt;If the data entered matches an existing targeting dimension, select the &lt;strong&gt;Using one or more links&lt;/strong&gt; option. Then select the &lt;strong&gt;Dimension to update&lt;/strong&gt;.&lt;/p&gt;&#xA;"
                                            textIsRich="true"/>
                              </step_par>
                           </step_480_90>
                        
                        </proc_par>
                     </procedure_90>
                    <text_1075 jcr:primaryType="nt:unstructured"
                                sling:resourceType="help/components/article-3/text"
                                text="&lt;p&gt;If the operation type selected requires an update, you must use reconciliation keys.&lt;/p&gt;&#xA;"
                                textIsRich="true"/>
                  </step_par>
               </step_479_0>
                <step_482_0 jcr:primaryType="nt:unstructured" sling:resourceType="help/components/step">
                  <step_par jcr:primaryType="nt:unstructured"
                            sling:resourceType="help/components/procedure/step_parsys">
                    <text_1076 jcr:primaryType="nt:unstructured"
                                sling:resourceType="help/components/article-3/text"
                                text="&lt;p&gt;In the &lt;strong&gt;Fields to update&lt;/strong&gt; tab, specify the fields on which the update will be applied and, if necessary, add conditions so that this update is carried out. To do this, use the &lt;strong&gt;Taken into account if&lt;/strong&gt; column. The conditions are applied one after the other in list order. Use the arrows on the right to change the order of the updates. You can use the same destination field multiple times.&lt;/p&gt;&#xA;"
                                textIsRich="true"/>
                    <text_1077 jcr:primaryType="nt:unstructured"
                                sling:resourceType="help/components/article-3/text"
                                text="&lt;p&gt;You can automatically link fields using the &#xA;&#x9;&lt;img height=&#34;21px&#34; src=&#34;/content/dam/help/en/campaign/standard/wkf_magic_wand-24px.png&#34; /&gt;&#xA;&#x9;&#xA; button. Automatic linking detects fields with the same name.&lt;/p&gt;&#xA;"
                                textIsRich="true"/>
                    <text_1078 jcr:primaryType="nt:unstructured"
                                sling:resourceType="help/components/article-3/text"
                                text="&lt;p&gt;During an &lt;strong&gt;Insert or update&lt;/strong&gt; type operation, you can individually select the operation to apply for each field. To do this, select the value you would like in the &lt;strong&gt;Operation&lt;/strong&gt; column.&lt;/p&gt;&#xA;"
                                textIsRich="true"/>
                    <note_38 jcr:primaryType="nt:unstructured"
                              sling:resourceType="help/components/article-3/note"
                              text="&lt;p&gt;&#xA;                        &lt;strong&gt;Managing updates&lt;/strong&gt;&#xA;                        &#xA;                            &#xA;                                The &lt;strong&gt;lastModified&lt;/strong&gt;, &lt;strong&gt;modifiedBy&lt;/strong&gt;, &lt;strong&gt;created&lt;/strong&gt; and &lt;strong&gt;createdBy&lt;/strong&gt; fields are automatically updated when an update data activity is run, unless their configuration is explicitly carried out on the field update table.&#xA;                            &#xA;                            &#xA;                                The update is only carried out on the records where at least one difference has been detected. If the values are the same, no update is carried out.&#xA;                            &#xA;                        &#xA;                    &lt;/p&gt;&#xA;"
                              textIsRich="true"
                              type="note"/>
                  </step_par>
               </step_482_0>
                <step_485_0 jcr:primaryType="nt:unstructured" sling:resourceType="help/components/step">
                  <step_par jcr:primaryType="nt:unstructured"
                            sling:resourceType="help/components/procedure/step_parsys">
                    <text_1082 jcr:primaryType="nt:unstructured"
                                sling:resourceType="help/components/article-3/text"
                                text="&lt;p&gt;If needed, manage the activity's &#xA;&#x9;&#x9;&#x9;&#x9;&#x9;&#x9;&#x9;&#x9;&#x9;&#x9;&#x9;&#xA;&#x9;&#x9;&#x9;&#x9;&#x9;&#x9;&#x9;&lt;a href=&#34;/content/help/en/campaign/standard/automating/using/executing-a-workflow.html#managing-an-activity-s-outbound-transitions&#34;&gt;Transitions&lt;/a&gt; to access the advanced options for the outbound population.&lt;/p&gt;&#xA;"
                                textIsRich="true"/>
                    <text_1083 jcr:primaryType="nt:unstructured"
                                sling:resourceType="help/components/article-3/text"
                                text="&lt;p&gt;If you have selected &lt;strong&gt;Insert only&lt;/strong&gt; and the data imported may contain records that are already present in the database, check the &lt;strong&gt;Generate an outbound transition for the rejects&lt;/strong&gt; box to avoid any possible errors.&lt;/p&gt;&#xA;"
                                textIsRich="true"/>
                  </step_par>
               </step_485_0>
                <step_486_0 jcr:primaryType="nt:unstructured" sling:resourceType="help/components/step">
                  <step_par jcr:primaryType="nt:unstructured"
                            sling:resourceType="help/components/procedure/step_parsys">
                    <text_1084 jcr:primaryType="nt:unstructured"
                                sling:resourceType="help/components/article-3/text"
                                text="&lt;p&gt;Confirm the configuration of your activity and save your workflow.&lt;/p&gt;&#xA;"
                                textIsRich="true"/>
                  </step_par>
               </step_486_0>
            </proc_par>
         </procedure_35_10>
        
        
            <header_185 jcr:primaryType="nt:unstructured" sling:resourceType="help/components/header"
                     id="example"
                     level="2"
                     text="&lt;p&gt;Example&lt;/p&gt;&#xA;"
                     textIsRich="'true'"/>
            <text_1085 jcr:primaryType="nt:unstructured"
                    sling:resourceType="help/components/article-3/text"
                    text="&lt;p&gt;The following activity shows the configuration of an &lt;strong&gt;Update data&lt;/strong&gt; activity following a &lt;strong&gt;Load file&lt;/strong&gt; activity. The aim of this workflow is to add or update profiles to the Adobe Campaign database with the data recovered from the file. The reconciliation key used is the email address.&lt;/p&gt;&#xA;"
                    textIsRich="true"/>
            <text_1086 jcr:primaryType="nt:unstructured"
                    sling:resourceType="help/components/article-3/text"
                    text="&lt;p&gt;The file loaded is a &lt;strong&gt;.txt&lt;/strong&gt; format file containing the following example data:&lt;/p&gt;&#xA;"
                    textIsRich="true"/>
            <codelisting_sh6 jcr:primaryType="nt:unstructured"
                          sling:resourceType="help/components/codeblock"
                          codeLanguage="html"
                          gutter="true"
                          text="\lastname;firstname;email;birthdate&#xA;jackman;megan;megan.jackman@testmail.com;07/08/1975&#xA;phillips;edward;phillips@testmail.com;09/03/1986&#xA;weaver;justin;justin_w@testmail.com;11/15/1990&#xA;martin;babeth;babeth_martin@testmail.net;11/25/1964&#xA;reese;richard;rreese@testmail.com;02/08/1987&#xA;cage;nathalie;cage.nathalie227@testmail.com;07/03/1989&#xA;xiuxiu;andrea;andrea.xiuxiu@testmail.com;09/12/1992&#xA;grimes;daryl;daryl_890@testmail.com;12/06/1979&#xA;tycoon;tyreese;tyreese_t@testmail.net;10/08/1971"/>
            <text_1087 jcr:primaryType="nt:unstructured"
                    sling:resourceType="help/components/article-3/text"
                    text="&lt;p&gt;The &lt;strong&gt;Update data&lt;/strong&gt; activity is configured as follows:&lt;/p&gt;&#xA;"
                    textIsRich="true"/>
            <image_171 jcr:primaryType="nt:unstructured"
                    sling:resourceType="help/components/article-3/image"
                    jcr:title=""
                    alt=""
                    captionBottom=""
                    fileName="deduplication_example2_writer1.png"
                    originalFileName="images/en/deduplication_example2_writer1.png"
                    fileReference="/content/dam/help/en/campaign/standard/deduplication_example2_writer1.png"
                    imageRotate="0"
                    originalHeight=""
                    originalWidth=""
                    scaleOption="toTemplate"
                    status="legacy"/>
            <image_172 jcr:primaryType="nt:unstructured"
                    sling:resourceType="help/components/article-3/image"
                    jcr:title=""
                    alt=""
                    captionBottom=""
                    fileName="deduplication_example2_writer2.png"
                    originalFileName="images/en/deduplication_example2_writer2.png"
                    fileReference="/content/dam/help/en/campaign/standard/deduplication_example2_writer2.png"
                    imageRotate="0"
                    originalHeight=""
                    originalWidth=""
                    scaleOption="toTemplate"
                    status="legacy"/>
        
      </main-pars>
      <hero jcr:primaryType="nt:unstructured"
            sling:resourceType="foundation/components/image"/>
      <thumbnail jcr:primaryType="nt:unstructured"
                 sling:resourceType="foundation/components/image"/>
      <publisherLogo jcr:primaryType="nt:unstructured"
                     sling:resourceType="foundation/components/image"/>
   </jcr:content>
</jcr:root>