<?xml version="1.0" encoding="UTF-8"?>
<jcr:root xmlns:nt="http://www.jcp.org/jcr/nt/1.0" xmlns:json="http://json.org/"
          xmlns:sling="http://sling.apache.org/jcr/sling/1.0"
          xmlns:cq="http://www.day.com/jcr/cq/1.0"
          xmlns:jcr="http://www.jcp.org/jcr/1.0"
          xmlns:mix="http://www.jcp.org/jcr/mix/1.0"
          jcr:primaryType="cq:Page">
   <jcr:content navTitle="Workflow interface" jcr:primaryType="cq:PageContent"
                sling:resourceType="help/components/pages/article-3"
                heroGradient="light"
                jcr:language="en_us"
                cq:designPath="/etc/designs/help"
                cq:template="/apps/help/templates/article-3"
                jcr:mixinTypes="[mix:versionable]"
                jcr:title="Workflow interface"
                jcr:description="Workflow interface"
                seoDescription="Learn the interface and options to create, edit and execute a workflow."
                primaryProductTag="[products:SG_CAMPAIGN/STANDARD]"
                cq:tags="[products:SG_CAMPAIGN/STANDARD,audience:automating,content_type:reference,topic_tags:about-workflows-and-data-management]"
                primaryAudienceTag="[audience:automating]"
                contentOwner="sauviat"
                isReadyForLocalization="true"
                publishExternalDate="2018-09-04">
      <main-pars jcr:primaryType="nt:unstructured"
                 sling:resourceType="foundation/components/parsys">
  

    
      
    

         <text_30 jcr:primaryType="nt:unstructured"
                  sling:resourceType="help/components/article-3/text"
                  text="&lt;p&gt;You can create workflows to manage entire processes in your campaigns and programs.&lt;/p&gt;&#xA;"
                  textIsRich="true"/>
         <text_31 jcr:primaryType="nt:unstructured"
                  sling:resourceType="help/components/article-3/text"
                  text="&lt;p&gt;The workflow editing screen is made up of the following elements:&lt;/p&gt;&#xA;"
                  textIsRich="true"/>
         <procedure_3 jcr:primaryType="nt:unstructured"
                      sling:resourceType="help/components/procedure"
                      isBulleted="true">
            <proc_par jcr:primaryType="nt:unstructured"
                      sling:resourceType="help/components/procedure/proc_parsys">
               <step_9_3 jcr:primaryType="nt:unstructured" sling:resourceType="help/components/step">
                  <step_par jcr:primaryType="nt:unstructured"
                            sling:resourceType="help/components/procedure/step_parsys">
                     <text_32 jcr:primaryType="nt:unstructured"
                              sling:resourceType="help/components/article-3/text"
                              text="&lt;p&gt;The &#xA;&#x9;&#x9;&#x9;&#x9;&#x9;&#xA;&lt;a href=&#34;/content/help/en/campaign/standard/automating/using/workflow-interface.html#palette&#34; target=&#34;_blank&#34;&gt;Palette&lt;/a&gt;, which references the available activities&lt;/p&gt;&#xA;"
                              textIsRich="true"/>
                  </step_par>
               </step_9_3>
               <step_10_3 jcr:primaryType="nt:unstructured" sling:resourceType="help/components/step">
                  <step_par jcr:primaryType="nt:unstructured"
                            sling:resourceType="help/components/procedure/step_parsys">
                     <text_33 jcr:primaryType="nt:unstructured"
                              sling:resourceType="help/components/article-3/text"
                              text="&lt;p&gt;The &#xA;&#x9;&#x9;&#x9;&#x9;&#x9;&#xA;&lt;a href=&#34;/content/help/en/campaign/standard/automating/using/workflow-interface.html#workspace&#34; target=&#34;_blank&#34;&gt;Workspace&lt;/a&gt;, in which the activities are configured and organized&lt;/p&gt;&#xA;"
                              textIsRich="true"/>
                  </step_par>
               </step_10_3>
               <step_11_3 jcr:primaryType="nt:unstructured" sling:resourceType="help/components/step">
                  <step_par jcr:primaryType="nt:unstructured"
                            sling:resourceType="help/components/procedure/step_parsys">
                     <text_34 jcr:primaryType="nt:unstructured"
                              sling:resourceType="help/components/article-3/text"
                              text="&lt;p&gt;The &#xA;&#x9;&#x9;&#x9;&#x9;&#x9;&#xA;&lt;a href=&#34;/content/help/en/campaign/standard/automating/using/workflow-interface.html#action-bar&#34; target=&#34;_blank&#34;&gt;Action bar&lt;/a&gt;, which is made up of buttons that allow you to interact with the workflow and/or its components.&lt;/p&gt;&#xA;"
                              textIsRich="true"/>
                  </step_par>
               </step_11_3>
               <step_12_3 jcr:primaryType="nt:unstructured" sling:resourceType="help/components/step">
                  <step_par jcr:primaryType="nt:unstructured"
                            sling:resourceType="help/components/procedure/step_parsys">
                     <text_35 jcr:primaryType="nt:unstructured"
                              sling:resourceType="help/components/article-3/text"
                              text="&lt;p&gt;The &#xA;&#x9;&#x9;&#x9;&#x9;&#x9;&#xA;&lt;a href=&#34;/content/help/en/campaign/standard/automating/using/workflow-interface.html#quick-actions&#34; target=&#34;_blank&#34;&gt;Quick actions&lt;/a&gt;, which appear around a selected activity, allow you to interact with it.&lt;/p&gt;&#xA;"
                              textIsRich="true"/>
                  </step_par>
               </step_12_3>
            </proc_par>
         </procedure_3>
         <image_1 jcr:primaryType="nt:unstructured"
                  sling:resourceType="help/components/article-3/image"
                  jcr:title=""
                  alt=""
                  captionBottom=""
                  fileName="wkf_overview.png"
                  originalFileName="images/en/wkf_overview.png"
                  fileReference="/content/dam/help/en/campaign/standard/wkf_overview.png"
                  imageRotate="0"
                  originalHeight=""
                  originalWidth=""
                  scaleOption="toTemplate"
                  status="legacy"/>

  
         <header_6 jcr:primaryType="nt:unstructured" sling:resourceType="help/components/header"
                   id="palette"
                   level="2"
                   text="&lt;p&gt;Palette&lt;/p&gt;&#xA;"
                   textIsRich="'true'"/>
         <text_36 jcr:primaryType="nt:unstructured"
                  sling:resourceType="help/components/article-3/text"
                  text="&lt;p&gt;The palette is on the left-hand side of the screen. All available activities are sorted into several categories:&lt;/p&gt;&#xA;"
                  textIsRich="true"/>
         <procedure_4 jcr:primaryType="nt:unstructured"
                      sling:resourceType="help/components/procedure"
                      isBulleted="true">
            <proc_par jcr:primaryType="nt:unstructured"
                      sling:resourceType="help/components/procedure/proc_parsys">
               <step_13_4 jcr:primaryType="nt:unstructured" sling:resourceType="help/components/step">
                  <step_par jcr:primaryType="nt:unstructured"
                            sling:resourceType="help/components/procedure/step_parsys">
                     <text_37 jcr:primaryType="nt:unstructured"
                              sling:resourceType="help/components/article-3/text"
                              text="&lt;p&gt;&#xA;&#x9;&#x9;&#x9;&#x9;&#x9;&#x9;&#x9;&#x9;&#x9;&#x9;&#x9;&#xA;&#x9;&#x9;&#x9;&#x9;&#x9;&#x9;&#x9;&lt;a href=&#34;/content/help/en/campaign/standard/automating/using/about-targeting-activities.html&#34;&gt;Targeting&lt;/a&gt;: activities specific to targeting, manipulating population data, and filtering activities&lt;/p&gt;&#xA;"
                              textIsRich="true"/>
                  </step_par>
               </step_13_4>
               <step_14_4 jcr:primaryType="nt:unstructured" sling:resourceType="help/components/step">
                  <step_par jcr:primaryType="nt:unstructured"
                            sling:resourceType="help/components/procedure/step_parsys">
                     <text_38 jcr:primaryType="nt:unstructured"
                              sling:resourceType="help/components/article-3/text"
                              text="&lt;p&gt;&#xA;&#x9;&#x9;&#x9;&#x9;&#x9;&#x9;&#x9;&#x9;&#x9;&#x9;&#x9;&#xA;&#x9;&#x9;&#x9;&#x9;&#x9;&#x9;&#x9;&lt;a href=&#34;/content/help/en/campaign/standard/automating/using/about-execution-activities.html&#34;&gt;Execution&lt;/a&gt;: activities specific to organizing and executing workflows&lt;/p&gt;&#xA;"
                              textIsRich="true"/>
                  </step_par>
               </step_14_4>
               <step_15_4 jcr:primaryType="nt:unstructured" sling:resourceType="help/components/step">
                  <step_par jcr:primaryType="nt:unstructured"
                            sling:resourceType="help/components/procedure/step_parsys">
                     <text_39 jcr:primaryType="nt:unstructured"
                              sling:resourceType="help/components/article-3/text"
                              text="&lt;p&gt;&#xA;&#x9;&#x9;&#x9;&#x9;&#x9;&#x9;&#x9;&#x9;&#x9;&#x9;&#x9;&#xA;&#x9;&#x9;&#x9;&#x9;&#x9;&#x9;&#x9;&lt;a href=&#34;/content/help/en/campaign/standard/automating/using/about-channel-activities.html&#34;&gt;Channels&lt;/a&gt;: activities representing the different available communication channels&lt;/p&gt;&#xA;"
                              textIsRich="true"/>
                  </step_par>
               </step_15_4>
               <step_16_4 jcr:primaryType="nt:unstructured" sling:resourceType="help/components/step">
                  <step_par jcr:primaryType="nt:unstructured"
                            sling:resourceType="help/components/procedure/step_parsys">
                     <text_40 jcr:primaryType="nt:unstructured"
                              sling:resourceType="help/components/article-3/text"
                              text="&lt;p&gt;&#xA;&#x9;&#x9;&#x9;&#x9;&#x9;&#x9;&#x9;&#x9;&#x9;&#x9;&#x9;&#xA;&#x9;&#x9;&#x9;&#x9;&#x9;&#x9;&#x9;&lt;a href=&#34;/content/help/en/campaign/standard/automating/using/about-data-management-activities.html&#34;&gt;Data Management (ETL)&lt;/a&gt;: activities specific to manipulating data&lt;/p&gt;&#xA;"
                              textIsRich="true"/>
                  </step_par>
               </step_16_4>
            </proc_par>
         </procedure_4>
         <text_41 jcr:primaryType="nt:unstructured"
                  sling:resourceType="help/components/article-3/text"
                  text="&lt;p&gt;To use an activity from the palette in your workflow, drag and drop it into your workspace.&lt;/p&gt;&#xA;"
                  textIsRich="true"/>
         <text_42 jcr:primaryType="nt:unstructured"
                  sling:resourceType="help/components/article-3/text"
                  text="&lt;p&gt;You have to configure each activity added from the palette before starting the workflow.&lt;/p&gt;&#xA;"
                  textIsRich="true"/>
         <image_2 jcr:primaryType="nt:unstructured"
                  sling:resourceType="help/components/article-3/image"
                  jcr:title=""
                  alt=""
                  captionBottom=""
                  fileName="workflow_palette.png"
                  originalFileName="images/en/workflow_palette.png"
                  fileReference="/content/dam/help/en/campaign/standard/workflow_palette.png"
                  imageRotate="0"
                  originalHeight=""
                  originalWidth=""
                  scaleOption="toTemplate"
                  status="legacy"/>
  
  
         <header_7 jcr:primaryType="nt:unstructured" sling:resourceType="help/components/header"
                   id="workspace"
                   level="2"
                   text="&lt;p&gt;Workspace&lt;/p&gt;&#xA;"
                   textIsRich="'true'"/>
         <text_43 jcr:primaryType="nt:unstructured"
                  sling:resourceType="help/components/article-3/text"
                  text="&lt;p&gt;The workspace is the central zone in the workflow editor. It is in this zone that you can drop your activities, link them together using transitions, and configure them.&lt;/p&gt;&#xA;"
                  textIsRich="true"/>
         <text_44 jcr:primaryType="nt:unstructured"
                  sling:resourceType="help/components/article-3/text"
                  text="&lt;p&gt;To link two activities, move the end of the arrow from the first activity up to the following activity until they connect. You can also move the activity towards the point of the arrow behind it in order to link it to the preceding activity. If you move any of the activities, they will stay linked. &lt;/p&gt;&#xA;"
                  textIsRich="true"/>
         <text_45 jcr:primaryType="nt:unstructured"
                  sling:resourceType="help/components/article-3/text"
                  text="&lt;p&gt;Transitions following activities that process data contain the intermediary populations. You can access them if you check the &lt;strong&gt;Keep interim results&lt;/strong&gt; option in the &lt;strong&gt;Execution&lt;/strong&gt; section of the workflow properties.&lt;/p&gt;&#xA;"
                  textIsRich="true"/>
         <text_46 jcr:primaryType="nt:unstructured"
                  sling:resourceType="help/components/article-3/text"
                  text="&lt;p&gt;When an activity is selected, quick actions appear around the activity, allowing you to interact with it. For example, to configure an activity, select it then open it using the &#xA;&#x9;&lt;img height=&#34;21px&#34; src=&#34;/content/dam/help/en/campaign/standard/edit_darkgrey-24px_table.png&#34; /&gt;&#xA;&#x9;&#xA; button in the quick actions.&lt;/p&gt;&#xA;"
                  textIsRich="true"/>
            <text_47 jcr:primaryType="nt:unstructured"
                  sling:resourceType="help/components/article-3/text"
                  text="&lt;p&gt;Certain functions are only enabled in the workspace:&lt;/p&gt;&#xA;"
                  textIsRich="true"/>
            <procedure_5 jcr:primaryType="nt:unstructured"
                      sling:resourceType="help/components/procedure"
                      isBulleted="true">
            <proc_par jcr:primaryType="nt:unstructured"
                      sling:resourceType="help/components/procedure/proc_parsys">
                <step_17_5 jcr:primaryType="nt:unstructured" sling:resourceType="help/components/step">
                  <step_par jcr:primaryType="nt:unstructured"
                            sling:resourceType="help/components/procedure/step_parsys">
                    <text_48 jcr:primaryType="nt:unstructured"
                              sling:resourceType="help/components/article-3/text"
                              text="&lt;p&gt;Select several activities and transitions by drawing a zone around them.&lt;/p&gt;&#xA;"
                              textIsRich="true"/>
                  </step_par>
               </step_17_5>
                <step_18_5 jcr:primaryType="nt:unstructured" sling:resourceType="help/components/step">
                  <step_par jcr:primaryType="nt:unstructured"
                            sling:resourceType="help/components/procedure/step_parsys">
                    <text_49 jcr:primaryType="nt:unstructured"
                              sling:resourceType="help/components/article-3/text"
                              text="&lt;p&gt;Press &lt;strong&gt;Ctrl&lt;/strong&gt; + left click to select several activities and/or transitions.&lt;/p&gt;&#xA;"
                              textIsRich="true"/>
                  </step_par>
               </step_18_5>
                <step_19_5 jcr:primaryType="nt:unstructured" sling:resourceType="help/components/step">
                  <step_par jcr:primaryType="nt:unstructured"
                            sling:resourceType="help/components/procedure/step_parsys">
                    <text_50 jcr:primaryType="nt:unstructured"
                              sling:resourceType="help/components/article-3/text"
                              text="&lt;p&gt;Press &lt;strong&gt;Enter&lt;/strong&gt; to view the detail of the currently selected activity or transition.&lt;/p&gt;&#xA;"
                              textIsRich="true"/>
                  </step_par>
               </step_19_5>
                <step_20_5 jcr:primaryType="nt:unstructured" sling:resourceType="help/components/step">
                  <step_par jcr:primaryType="nt:unstructured"
                            sling:resourceType="help/components/procedure/step_parsys">
                    <text_51 jcr:primaryType="nt:unstructured"
                              sling:resourceType="help/components/article-3/text"
                              text="&lt;p&gt;Press &lt;strong&gt;Delete&lt;/strong&gt; to delete the currently selected activity.&lt;/p&gt;&#xA;"
                              textIsRich="true"/>
                  </step_par>
               </step_20_5>
            </proc_par>
         </procedure_5>
         <image_3 jcr:primaryType="nt:unstructured"
                  sling:resourceType="help/components/article-3/image"
                  jcr:title=""
                  alt=""
                  captionBottom=""
                  fileName="workflow_workspace.png"
                  originalFileName="images/en/workflow_workspace.png"
                  fileReference="/content/dam/help/en/campaign/standard/workflow_workspace.png"
                  imageRotate="0"
                  originalHeight=""
                  originalWidth=""
                  scaleOption="toTemplate"
                  status="legacy"/>
  
  
         <header_8 jcr:primaryType="nt:unstructured" sling:resourceType="help/components/header"
                   id="action-bar"
                   level="2"
                   text="&lt;p&gt;Action bar&lt;/p&gt;&#xA;"
                   textIsRich="'true'"/>
         <text_52 jcr:primaryType="nt:unstructured"
                  sling:resourceType="help/components/article-3/text"
                  text="&lt;p&gt;Depending on the elements selected in the workspace or on the workflow's execution status, the buttons available in the action bar may vary.&lt;/p&gt;&#xA;"
                  textIsRich="true"/>
         <table_0 jcr:primaryType="nt:unstructured"
                  sling:resourceType="help/components/article-3/table"
                  hasHeader="true"
                  text="&lt;table&gt;&#xA;      &#xA;        &#xA;&lt;thead&gt;&#xA;          &#xA;&lt;tr&gt;&#xA;            &#xA;&#x9;&#x9;&#x9;&#x9;&#x9;&#x9;&lt;th&gt;&#xA;&#x9;&#x9;&#x9;&#x9;&#x9;&#x9;&#x9;&#xA;              Button&lt;br/&gt;&#xA;&#x9;&#xA;            &#xA;&#x9;&#x9;&#x9;&#x9;&#x9;&#x9;&lt;/th&gt;&#xA;&#x9;&#x9;&#x9;&#x9;&#x9;&#xA;            &#xA;&#x9;&#x9;&#x9;&#x9;&#x9;&#x9;&lt;th&gt;&#xA;&#x9;&#x9;&#x9;&#x9;&#x9;&#x9;&#x9;&#xA;              No selection&lt;br/&gt;&#xA;&#x9;&#xA;            &#xA;&#x9;&#x9;&#x9;&#x9;&#x9;&#x9;&lt;/th&gt;&#xA;&#x9;&#x9;&#x9;&#x9;&#x9;&#xA;            &#xA;&#x9;&#x9;&#x9;&#x9;&#x9;&#x9;&lt;th&gt;&#xA;&#x9;&#x9;&#x9;&#x9;&#x9;&#x9;&#x9;&#xA;              Single-selection&lt;br/&gt;&#xA;&#x9;&#xA;            &#xA;&#x9;&#x9;&#x9;&#x9;&#x9;&#x9;&lt;/th&gt;&#xA;&#x9;&#x9;&#x9;&#x9;&#x9;&#xA;            &#xA;&#x9;&#x9;&#x9;&#x9;&#x9;&#x9;&lt;th&gt;&#xA;&#x9;&#x9;&#x9;&#x9;&#x9;&#x9;&#x9;&#xA;              Multi-selection&lt;br/&gt;&#xA;&#x9;&#xA;            &#xA;&#x9;&#x9;&#x9;&#x9;&#x9;&#x9;&lt;/th&gt;&#xA;&#x9;&#x9;&#x9;&#x9;&#x9;&#xA;            &#xA;&#x9;&#x9;&#x9;&#x9;&#x9;&#x9;&lt;th&gt;&#xA;&#x9;&#x9;&#x9;&#x9;&#x9;&#x9;&#x9;&#xA;              Running&lt;br/&gt;&#xA;&#x9;&#xA;            &#xA;&#x9;&#x9;&#x9;&#x9;&#x9;&#x9;&lt;/th&gt;&#xA;&#x9;&#x9;&#x9;&#x9;&#x9;&#xA;            &#xA;&#x9;&#x9;&#x9;&#x9;&#x9;&#x9;&lt;th&gt;&#xA;&#x9;&#x9;&#x9;&#x9;&#x9;&#x9;&#x9;&#xA;              Description&lt;br/&gt;&#xA;&#x9;&#xA;            &#xA;&#x9;&#x9;&#x9;&#x9;&#x9;&#x9;&lt;/th&gt;&#xA;&#x9;&#x9;&#x9;&#x9;&#x9;&#xA;          &lt;/tr&gt;&#xA;&#x9;&#xA;        &lt;/thead&gt;&#xA;&#x9;&#xA;        &#xA;&lt;tbody&gt;&#xA;          &#xA;&lt;tr&gt;&#xA;            &#xA;&#x9;&#x9;&#x9;&#x9;&#x9;&#x9;&lt;td&gt;&#xA;&#x9;&#x9;&#x9;&#x9;&#x9;&#x9;&#x9;&#xA;                &#xA;&#x9;&lt;img height=&#34;21px&#34; src=&#34;/content/dam/help/en/campaign/standard/edit_darkgrey-24px.png&#34; /&gt;&#xA;&#x9;&#xA;&lt;br/&gt;&#xA;&#x9;&#xA;            &#xA;&#x9;&#x9;&#x9;&#x9;&#x9;&#x9;&lt;/td&gt;&#xA;&#x9;&#x9;&#x9;&#x9;&#x9;&#xA;            &#xA;&#x9;&#x9;&#x9;&#x9;&#x9;&#x9;&lt;td&gt;&#xA;&#x9;&#x9;&#x9;&#x9;&#x9;&#x9;&#x9;&#xA;                &#xA;&#x9;&lt;img height=&#34;21px&#34; src=&#34;/content/dam/help/en/campaign/standard/check_blue-12px_table.png&#34; /&gt;&#xA;&#x9;&#xA;&lt;br/&gt;&#xA;&#x9;&#xA;            &#xA;&#x9;&#x9;&#x9;&#x9;&#x9;&#x9;&lt;/td&gt;&#xA;&#x9;&#x9;&#x9;&#x9;&#x9;&#xA;              &#xA;&#x9;&#x9;&#x9;&#x9;&#x9;&#x9;&lt;td&gt;&#xA;&#x9;&#x9;&#x9;&#x9;&#x9;&#x9;&#x9;&#xA;                &#xA;&#x9;&lt;img height=&#34;21px&#34; src=&#34;/content/dam/help/en/campaign/standard/check_blue-12px_table.png&#34; /&gt;&#xA;&#x9;&#xA;&lt;br/&gt;&#xA;&#x9;&#xA;              &#xA;&#x9;&#x9;&#x9;&#x9;&#x9;&#x9;&lt;/td&gt;&#xA;&#x9;&#x9;&#x9;&#x9;&#x9;&#xA;              &#xA;&#x9;&#x9;&#x9;&#x9;&#x9;&#x9;&lt;td&gt;&#xA;&#x9;&#x9;&#x9;&#x9;&#x9;&#x9;&#x9;&#xA;                &#xA;&#x9;&lt;img height=&#34;21px&#34; src=&#34;/content/dam/help/en/campaign/standard/check_blue-12px_table.png&#34; /&gt;&#xA;&#x9;&#xA;&lt;br/&gt;&#xA;&#x9;&#xA;              &#xA;&#x9;&#x9;&#x9;&#x9;&#x9;&#x9;&lt;/td&gt;&#xA;&#x9;&#x9;&#x9;&#x9;&#x9;&#xA;              &#xA;&#x9;&#x9;&#x9;&#x9;&#x9;&#x9;&lt;td&gt;&#xA;&#x9;&#x9;&#x9;&#x9;&#x9;&#x9;&#x9;&#xA;                &#xA;&#x9;&lt;img height=&#34;21px&#34; src=&#34;/content/dam/help/en/campaign/standard/check_blue-12px_table.png&#34; /&gt;&#xA;&#x9;&#xA;&lt;br/&gt;&#xA;&#x9;&#xA;              &#xA;&#x9;&#x9;&#x9;&#x9;&#x9;&#x9;&lt;/td&gt;&#xA;&#x9;&#x9;&#x9;&#x9;&#x9;&#xA;            &#xA;&#x9;&#x9;&#x9;&#x9;&#x9;&#x9;&lt;td&gt;&#xA;&#x9;&#x9;&#x9;&#x9;&#x9;&#x9;&#x9;&#xA;              Allows you to edit the workflow's properties.&lt;br/&gt;&#xA;&#x9;&#xA;            &#xA;&#x9;&#x9;&#x9;&#x9;&#x9;&#x9;&lt;/td&gt;&#xA;&#x9;&#x9;&#x9;&#x9;&#x9;&#xA;          &lt;/tr&gt;&#xA;&#x9;&#xA;          &#xA;&lt;tr&gt;&#xA;              &#xA;&#x9;&#x9;&#x9;&#x9;&#x9;&#x9;&lt;td&gt;&#xA;&#x9;&#x9;&#x9;&#x9;&#x9;&#x9;&#x9;&#xA;                &#xA;&#x9;&lt;img height=&#34;21px&#34; src=&#34;/content/dam/help/en/campaign/standard/play_darkgrey-24px_table.png&#34; /&gt;&#xA;&#x9;&#xA;&lt;br/&gt;&#xA;&#x9;&#xA;              &#xA;&#x9;&#x9;&#x9;&#x9;&#x9;&#x9;&lt;/td&gt;&#xA;&#x9;&#x9;&#x9;&#x9;&#x9;&#xA;              &#xA;&#x9;&#x9;&#x9;&#x9;&#x9;&#x9;&lt;td&gt;&#xA;&#x9;&#x9;&#x9;&#x9;&#x9;&#x9;&#x9;&#xA;                &#xA;&#x9;&lt;img height=&#34;21px&#34; src=&#34;/content/dam/help/en/campaign/standard/check_blue-12px_table.png&#34; /&gt;&#xA;&#x9;&#xA;&lt;br/&gt;&#xA;&#x9;&#xA;              &#xA;&#x9;&#x9;&#x9;&#x9;&#x9;&#x9;&lt;/td&gt;&#xA;&#x9;&#x9;&#x9;&#x9;&#x9;&#xA;              &#xA;&#x9;&#x9;&#x9;&#x9;&#x9;&#x9;&lt;td&gt;&#xA;&#x9;&#x9;&#x9;&#x9;&#x9;&#x9;&#x9;&#xA;                &#xA;&#x9;&lt;img height=&#34;21px&#34; src=&#34;/content/dam/help/en/campaign/standard/check_blue-12px_table.png&#34; /&gt;&#xA;&#x9;&#xA;&lt;br/&gt;&#xA;&#x9;&#xA;              &#xA;&#x9;&#x9;&#x9;&#x9;&#x9;&#x9;&lt;/td&gt;&#xA;&#x9;&#x9;&#x9;&#x9;&#x9;&#xA;              &#xA;&#x9;&#x9;&#x9;&#x9;&#x9;&#x9;&lt;td&gt;&#xA;&#x9;&#x9;&#x9;&#x9;&#x9;&#x9;&#x9;&#xA;                &#xA;&#x9;&lt;img height=&#34;21px&#34; src=&#34;/content/dam/help/en/campaign/standard/check_blue-12px_table.png&#34; /&gt;&#xA;&#x9;&#xA;&lt;br/&gt;&#xA;&#x9;&#xA;              &#xA;&#x9;&#x9;&#x9;&#x9;&#x9;&#x9;&lt;/td&gt;&#xA;&#x9;&#x9;&#x9;&#x9;&#x9;&#xA;            &#xA;&#x9;&#x9;&#x9;&#x9;&#x9;&#x9;&lt;td&gt;&#xA;&#x9;&#x9;&#x9;&#x9;&#x9;&#x9;&#x9;&#xA;&#x9;&#x9;&#x9;&#x9;&#x9;&#x9;&lt;/td&gt;&#xA;&#x9;&#x9;&#x9;&#x9;&#x9;&#xA;            &#xA;&#x9;&#x9;&#x9;&#x9;&#x9;&#x9;&lt;td&gt;&#xA;&#x9;&#x9;&#x9;&#x9;&#x9;&#x9;&#x9;&#xA;              Starts the workflow.&lt;br/&gt;&#xA;&#x9;&#xA;            &#xA;&#x9;&#x9;&#x9;&#x9;&#x9;&#x9;&lt;/td&gt;&#xA;&#x9;&#x9;&#x9;&#x9;&#x9;&#xA;          &lt;/tr&gt;&#xA;&#x9;&#xA;          &#xA;&lt;tr&gt;&#xA;            &#xA;&#x9;&#x9;&#x9;&#x9;&#x9;&#x9;&lt;td&gt;&#xA;&#x9;&#x9;&#x9;&#x9;&#x9;&#x9;&#x9;&#xA;                &#xA;&#x9;&lt;img height=&#34;21px&#34; src=&#34;/content/dam/help/en/campaign/standard/pause_darkgrey-24px_table.png&#34; /&gt;&#xA;&#x9;&#xA;&lt;br/&gt;&#xA;&#x9;&#xA;            &#xA;&#x9;&#x9;&#x9;&#x9;&#x9;&#x9;&lt;/td&gt;&#xA;&#x9;&#x9;&#x9;&#x9;&#x9;&#xA;            &#xA;&#x9;&#x9;&#x9;&#x9;&#x9;&#x9;&lt;td&gt;&#xA;&#x9;&#x9;&#x9;&#x9;&#x9;&#x9;&#x9;&#xA;&#x9;&#x9;&#x9;&#x9;&#x9;&#x9;&lt;/td&gt;&#xA;&#x9;&#x9;&#x9;&#x9;&#x9;&#xA;            &#xA;&#x9;&#x9;&#x9;&#x9;&#x9;&#x9;&lt;td&gt;&#xA;&#x9;&#x9;&#x9;&#x9;&#x9;&#x9;&#x9;&#xA;&#x9;&#x9;&#x9;&#x9;&#x9;&#x9;&lt;/td&gt;&#xA;&#x9;&#x9;&#x9;&#x9;&#x9;&#xA;            &#xA;&#x9;&#x9;&#x9;&#x9;&#x9;&#x9;&lt;td&gt;&#xA;&#x9;&#x9;&#x9;&#x9;&#x9;&#x9;&#x9;&#xA;&#x9;&#x9;&#x9;&#x9;&#x9;&#x9;&lt;/td&gt;&#xA;&#x9;&#x9;&#x9;&#x9;&#x9;&#xA;              &#xA;&#x9;&#x9;&#x9;&#x9;&#x9;&#x9;&lt;td&gt;&#xA;&#x9;&#x9;&#x9;&#x9;&#x9;&#x9;&#x9;&#xA;                &#xA;&#x9;&lt;img height=&#34;21px&#34; src=&#34;/content/dam/help/en/campaign/standard/check_blue-12px_table.png&#34; /&gt;&#xA;&#x9;&#xA;&lt;br/&gt;&#xA;&#x9;&#xA;              &#xA;&#x9;&#x9;&#x9;&#x9;&#x9;&#x9;&lt;/td&gt;&#xA;&#x9;&#x9;&#x9;&#x9;&#x9;&#xA;            &#xA;&#x9;&#x9;&#x9;&#x9;&#x9;&#x9;&lt;td&gt;&#xA;&#x9;&#x9;&#x9;&#x9;&#x9;&#x9;&#x9;&#xA;              Pauses the workflow.&lt;br/&gt;&#xA;&#x9;&#xA;            &#xA;&#x9;&#x9;&#x9;&#x9;&#x9;&#x9;&lt;/td&gt;&#xA;&#x9;&#x9;&#x9;&#x9;&#x9;&#xA;          &lt;/tr&gt;&#xA;&#x9;&#xA;          &#xA;&lt;tr&gt;&#xA;            &#xA;&#x9;&#x9;&#x9;&#x9;&#x9;&#x9;&lt;td&gt;&#xA;&#x9;&#x9;&#x9;&#x9;&#x9;&#x9;&#x9;&#xA;                &#xA;&#x9;&lt;img height=&#34;21px&#34; src=&#34;/content/dam/help/en/campaign/standard/stop_darkgrey-24px_table.png&#34; /&gt;&#xA;&#x9;&#xA;&lt;br/&gt;&#xA;&#x9;&#xA;            &#xA;&#x9;&#x9;&#x9;&#x9;&#x9;&#x9;&lt;/td&gt;&#xA;&#x9;&#x9;&#x9;&#x9;&#x9;&#xA;            &#xA;&#x9;&#x9;&#x9;&#x9;&#x9;&#x9;&lt;td&gt;&#xA;&#x9;&#x9;&#x9;&#x9;&#x9;&#x9;&#x9;&#xA;&#x9;&#x9;&#x9;&#x9;&#x9;&#x9;&lt;/td&gt;&#xA;&#x9;&#x9;&#x9;&#x9;&#x9;&#xA;            &#xA;&#x9;&#x9;&#x9;&#x9;&#x9;&#x9;&lt;td&gt;&#xA;&#x9;&#x9;&#x9;&#x9;&#x9;&#x9;&#x9;&#xA;&#x9;&#x9;&#x9;&#x9;&#x9;&#x9;&lt;/td&gt;&#xA;&#x9;&#x9;&#x9;&#x9;&#x9;&#xA;            &#xA;&#x9;&#x9;&#x9;&#x9;&#x9;&#x9;&lt;td&gt;&#xA;&#x9;&#x9;&#x9;&#x9;&#x9;&#x9;&#x9;&#xA;&#x9;&#x9;&#x9;&#x9;&#x9;&#x9;&lt;/td&gt;&#xA;&#x9;&#x9;&#x9;&#x9;&#x9;&#xA;              &#xA;&#x9;&#x9;&#x9;&#x9;&#x9;&#x9;&lt;td&gt;&#xA;&#x9;&#x9;&#x9;&#x9;&#x9;&#x9;&#x9;&#xA;                &#xA;&#x9;&lt;img height=&#34;21px&#34; src=&#34;/content/dam/help/en/campaign/standard/check_blue-12px_table.png&#34; /&gt;&#xA;&#x9;&#xA;&lt;br/&gt;&#xA;&#x9;&#xA;              &#xA;&#x9;&#x9;&#x9;&#x9;&#x9;&#x9;&lt;/td&gt;&#xA;&#x9;&#x9;&#x9;&#x9;&#x9;&#xA;            &#xA;&#x9;&#x9;&#x9;&#x9;&#x9;&#x9;&lt;td&gt;&#xA;&#x9;&#x9;&#x9;&#x9;&#x9;&#x9;&#x9;&#xA;              Interrupts workflow execution. Cannot be resumed from where it was stopped.&lt;br/&gt;&#xA;&#x9;&#xA;            &#xA;&#x9;&#x9;&#x9;&#x9;&#x9;&#x9;&lt;/td&gt;&#xA;&#x9;&#x9;&#x9;&#x9;&#x9;&#xA;          &lt;/tr&gt;&#xA;&#x9;&#xA;          &#xA;&lt;tr&gt;&#xA;            &#xA;&#x9;&#x9;&#x9;&#x9;&#x9;&#x9;&lt;td&gt;&#xA;&#x9;&#x9;&#x9;&#x9;&#x9;&#x9;&#x9;&#xA;                &#xA;&#x9;&lt;img height=&#34;21px&#34; src=&#34;/content/dam/help/en/campaign/standard/pauseplay_darkgrey-24px_table.png&#34; /&gt;&#xA;&#x9;&#xA;&lt;br/&gt;&#xA;&#x9;&#xA;            &#xA;&#x9;&#x9;&#x9;&#x9;&#x9;&#x9;&lt;/td&gt;&#xA;&#x9;&#x9;&#x9;&#x9;&#x9;&#xA;            &#xA;&#x9;&#x9;&#x9;&#x9;&#x9;&#x9;&lt;td&gt;&#xA;&#x9;&#x9;&#x9;&#x9;&#x9;&#x9;&#x9;&#xA;&#x9;&#x9;&#x9;&#x9;&#x9;&#x9;&lt;/td&gt;&#xA;&#x9;&#x9;&#x9;&#x9;&#x9;&#xA;            &#xA;&#x9;&#x9;&#x9;&#x9;&#x9;&#x9;&lt;td&gt;&#xA;&#x9;&#x9;&#x9;&#x9;&#x9;&#x9;&#x9;&#xA;&#x9;&#x9;&#x9;&#x9;&#x9;&#x9;&lt;/td&gt;&#xA;&#x9;&#x9;&#x9;&#x9;&#x9;&#xA;            &#xA;&#x9;&#x9;&#x9;&#x9;&#x9;&#x9;&lt;td&gt;&#xA;&#x9;&#x9;&#x9;&#x9;&#x9;&#x9;&#x9;&#xA;&#x9;&#x9;&#x9;&#x9;&#x9;&#x9;&lt;/td&gt;&#xA;&#x9;&#x9;&#x9;&#x9;&#x9;&#xA;              &#xA;&#x9;&#x9;&#x9;&#x9;&#x9;&#x9;&lt;td&gt;&#xA;&#x9;&#x9;&#x9;&#x9;&#x9;&#x9;&#x9;&#xA;                &#xA;&#x9;&lt;img height=&#34;21px&#34; src=&#34;/content/dam/help/en/campaign/standard/check_blue-12px_table.png&#34; /&gt;&#xA;&#x9;&#xA;&lt;br/&gt;&#xA;&#x9;&#xA;              &#xA;&#x9;&#x9;&#x9;&#x9;&#x9;&#x9;&lt;/td&gt;&#xA;&#x9;&#x9;&#x9;&#x9;&#x9;&#xA;            &#xA;&#x9;&#x9;&#x9;&#x9;&#x9;&#x9;&lt;td&gt;&#xA;&#x9;&#x9;&#x9;&#x9;&#x9;&#x9;&#x9;&#xA;              Restarts the workflow.&lt;br/&gt;&#xA;&#x9;&#xA;            &#xA;&#x9;&#x9;&#x9;&#x9;&#x9;&#x9;&lt;/td&gt;&#xA;&#x9;&#x9;&#x9;&#x9;&#x9;&#xA;          &lt;/tr&gt;&#xA;&#x9;&#xA;          &#xA;&lt;tr&gt;&#xA;            &#xA;&#x9;&#x9;&#x9;&#x9;&#x9;&#x9;&lt;td&gt;&#xA;&#x9;&#x9;&#x9;&#x9;&#x9;&#x9;&#x9;&#xA;                &#xA;&#x9;&lt;img height=&#34;21px&#34; src=&#34;/content/dam/help/en/campaign/standard/PrintPreview_darkgrey-24px_table.png&#34; /&gt;&#xA;&#x9;&#xA;&lt;br/&gt;&#xA;&#x9;&#xA;            &#xA;&#x9;&#x9;&#x9;&#x9;&#x9;&#x9;&lt;/td&gt;&#xA;&#x9;&#x9;&#x9;&#x9;&#x9;&#xA;              &#xA;&#x9;&#x9;&#x9;&#x9;&#x9;&#x9;&lt;td&gt;&#xA;&#x9;&#x9;&#x9;&#x9;&#x9;&#x9;&#x9;&#xA;                &#xA;&#x9;&lt;img height=&#34;21px&#34; src=&#34;/content/dam/help/en/campaign/standard/check_blue-12px_table.png&#34; /&gt;&#xA;&#x9;&#xA;&lt;br/&gt;&#xA;&#x9;&#xA;              &#xA;&#x9;&#x9;&#x9;&#x9;&#x9;&#x9;&lt;/td&gt;&#xA;&#x9;&#x9;&#x9;&#x9;&#x9;&#xA;              &#xA;&#x9;&#x9;&#x9;&#x9;&#x9;&#x9;&lt;td&gt;&#xA;&#x9;&#x9;&#x9;&#x9;&#x9;&#x9;&#x9;&#xA;                &#xA;&#x9;&lt;img height=&#34;21px&#34; src=&#34;/content/dam/help/en/campaign/standard/check_blue-12px_table.png&#34; /&gt;&#xA;&#x9;&#xA;&lt;br/&gt;&#xA;&#x9;&#xA;              &#xA;&#x9;&#x9;&#x9;&#x9;&#x9;&#x9;&lt;/td&gt;&#xA;&#x9;&#x9;&#x9;&#x9;&#x9;&#xA;              &#xA;&#x9;&#x9;&#x9;&#x9;&#x9;&#x9;&lt;td&gt;&#xA;&#x9;&#x9;&#x9;&#x9;&#x9;&#x9;&#x9;&#xA;                &#xA;&#x9;&lt;img height=&#34;21px&#34; src=&#34;/content/dam/help/en/campaign/standard/check_blue-12px_table.png&#34; /&gt;&#xA;&#x9;&#xA;&lt;br/&gt;&#xA;&#x9;&#xA;              &#xA;&#x9;&#x9;&#x9;&#x9;&#x9;&#x9;&lt;/td&gt;&#xA;&#x9;&#x9;&#x9;&#x9;&#x9;&#xA;              &#xA;&#x9;&#x9;&#x9;&#x9;&#x9;&#x9;&lt;td&gt;&#xA;&#x9;&#x9;&#x9;&#x9;&#x9;&#x9;&#x9;&#xA;                &#xA;&#x9;&lt;img height=&#34;21px&#34; src=&#34;/content/dam/help/en/campaign/standard/check_blue-12px_table.png&#34; /&gt;&#xA;&#x9;&#xA;&lt;br/&gt;&#xA;&#x9;&#xA;              &#xA;&#x9;&#x9;&#x9;&#x9;&#x9;&#x9;&lt;/td&gt;&#xA;&#x9;&#x9;&#x9;&#x9;&#x9;&#xA;            &#xA;&#x9;&#x9;&#x9;&#x9;&#x9;&#x9;&lt;td&gt;&#xA;&#x9;&#x9;&#x9;&#x9;&#x9;&#x9;&#x9;&#xA;              Opens the workflow's execution log.&lt;br/&gt;&#xA;&#x9;&#xA;            &#xA;&#x9;&#x9;&#x9;&#x9;&#x9;&#x9;&lt;/td&gt;&#xA;&#x9;&#x9;&#x9;&#x9;&#x9;&#xA;          &lt;/tr&gt;&#xA;&#x9;&#xA;          &#xA;&lt;tr&gt;&#xA;            &#xA;&#x9;&#x9;&#x9;&#x9;&#x9;&#x9;&lt;td&gt;&#xA;&#x9;&#x9;&#x9;&#x9;&#x9;&#x9;&#x9;&#xA;                &#xA;&#x9;&lt;img height=&#34;21px&#34; src=&#34;/content/dam/help/en/campaign/standard/checkcircle_darkgrey-24px_table.png&#34; /&gt;&#xA;&#x9;&#xA;&lt;br/&gt;&#xA;&#x9;&#xA;            &#xA;&#x9;&#x9;&#x9;&#x9;&#x9;&#x9;&lt;/td&gt;&#xA;&#x9;&#x9;&#x9;&#x9;&#x9;&#xA;              &#xA;&#x9;&#x9;&#x9;&#x9;&#x9;&#x9;&lt;td&gt;&#xA;&#x9;&#x9;&#x9;&#x9;&#x9;&#x9;&#x9;&#xA;                &#xA;&#x9;&lt;img height=&#34;21px&#34; src=&#34;/content/dam/help/en/campaign/standard/check_blue-12px_table.png&#34; /&gt;&#xA;&#x9;&#xA;&lt;br/&gt;&#xA;&#x9;&#xA;              &#xA;&#x9;&#x9;&#x9;&#x9;&#x9;&#x9;&lt;/td&gt;&#xA;&#x9;&#x9;&#x9;&#x9;&#x9;&#xA;              &#xA;&#x9;&#x9;&#x9;&#x9;&#x9;&#x9;&lt;td&gt;&#xA;&#x9;&#x9;&#x9;&#x9;&#x9;&#x9;&#x9;&#xA;                &#xA;&#x9;&lt;img height=&#34;21px&#34; src=&#34;/content/dam/help/en/campaign/standard/check_blue-12px_table.png&#34; /&gt;&#xA;&#x9;&#xA;&lt;br/&gt;&#xA;&#x9;&#xA;              &#xA;&#x9;&#x9;&#x9;&#x9;&#x9;&#x9;&lt;/td&gt;&#xA;&#x9;&#x9;&#x9;&#x9;&#x9;&#xA;            &#xA;&#x9;&#x9;&#x9;&#x9;&#x9;&#x9;&lt;td&gt;&#xA;&#x9;&#x9;&#x9;&#x9;&#x9;&#x9;&#x9;&#xA;&#x9;&#x9;&#x9;&#x9;&#x9;&#x9;&lt;/td&gt;&#xA;&#x9;&#x9;&#x9;&#x9;&#x9;&#xA;              &#xA;&#x9;&#x9;&#x9;&#x9;&#x9;&#x9;&lt;td&gt;&#xA;&#x9;&#x9;&#x9;&#x9;&#x9;&#x9;&#x9;&#xA;                &#xA;&#x9;&lt;img height=&#34;21px&#34; src=&#34;/content/dam/help/en/campaign/standard/check_blue-12px_table.png&#34; /&gt;&#xA;&#x9;&#xA;&lt;br/&gt;&#xA;&#x9;&#xA;              &#xA;&#x9;&#x9;&#x9;&#x9;&#x9;&#x9;&lt;/td&gt;&#xA;&#x9;&#x9;&#x9;&#x9;&#x9;&#xA;            &#xA;&#x9;&#x9;&#x9;&#x9;&#x9;&#x9;&lt;td&gt;&#xA;&#x9;&#x9;&#x9;&#x9;&#x9;&#x9;&#x9;&#xA;              Enables multi-selection mode. The workflow must be made up of at least two activities.&lt;br/&gt;&#xA;&#x9;&#xA;            &#xA;&#x9;&#x9;&#x9;&#x9;&#x9;&#x9;&lt;/td&gt;&#xA;&#x9;&#x9;&#x9;&#x9;&#x9;&#xA;          &lt;/tr&gt;&#xA;&#x9;&#xA;          &#xA;&lt;tr&gt;&#xA;            &#xA;&#x9;&#x9;&#x9;&#x9;&#x9;&#x9;&lt;td&gt;&#xA;&#x9;&#x9;&#x9;&#x9;&#x9;&#x9;&#x9;&#xA;                &#xA;&#x9;&lt;img height=&#34;21px&#34; src=&#34;/content/dam/help/en/campaign/standard/closecircle_darkgrey-24px_table.png&#34; /&gt;&#xA;&#x9;&#xA;&lt;br/&gt;&#xA;&#x9;&#xA;            &#xA;&#x9;&#x9;&#x9;&#x9;&#x9;&#x9;&lt;/td&gt;&#xA;&#x9;&#x9;&#x9;&#x9;&#x9;&#xA;            &#xA;&#x9;&#x9;&#x9;&#x9;&#x9;&#x9;&lt;td&gt;&#xA;&#x9;&#x9;&#x9;&#x9;&#x9;&#x9;&#x9;&#xA;&#x9;&#x9;&#x9;&#x9;&#x9;&#x9;&lt;/td&gt;&#xA;&#x9;&#x9;&#x9;&#x9;&#x9;&#xA;            &#xA;&#x9;&#x9;&#x9;&#x9;&#x9;&#x9;&lt;td&gt;&#xA;&#x9;&#x9;&#x9;&#x9;&#x9;&#x9;&#x9;&#xA;&#x9;&#x9;&#x9;&#x9;&#x9;&#x9;&lt;/td&gt;&#xA;&#x9;&#x9;&#x9;&#x9;&#x9;&#xA;              &#xA;&#x9;&#x9;&#x9;&#x9;&#x9;&#x9;&lt;td&gt;&#xA;&#x9;&#x9;&#x9;&#x9;&#x9;&#x9;&#x9;&#xA;                &#xA;&#x9;&lt;img height=&#34;21px&#34; src=&#34;/content/dam/help/en/campaign/standard/check_blue-12px_table.png&#34; /&gt;&#xA;&#x9;&#xA;&lt;br/&gt;&#xA;&#x9;&#xA;              &#xA;&#x9;&#x9;&#x9;&#x9;&#x9;&#x9;&lt;/td&gt;&#xA;&#x9;&#x9;&#x9;&#x9;&#x9;&#xA;            &#xA;&#x9;&#x9;&#x9;&#x9;&#x9;&#x9;&lt;td&gt;&#xA;&#x9;&#x9;&#x9;&#x9;&#x9;&#x9;&#x9;&#xA;&#x9;&#x9;&#x9;&#x9;&#x9;&#x9;&lt;/td&gt;&#xA;&#x9;&#x9;&#x9;&#x9;&#x9;&#xA;            &#xA;&#x9;&#x9;&#x9;&#x9;&#x9;&#x9;&lt;td&gt;&#xA;&#x9;&#x9;&#x9;&#x9;&#x9;&#x9;&#x9;&#xA;              Disables multi-selection mode.&lt;br/&gt;&#xA;&#x9;&#xA;            &#xA;&#x9;&#x9;&#x9;&#x9;&#x9;&#x9;&lt;/td&gt;&#xA;&#x9;&#x9;&#x9;&#x9;&#x9;&#xA;          &lt;/tr&gt;&#xA;&#x9;&#xA;          &#xA;&lt;tr&gt;&#xA;            &#xA;&#x9;&#x9;&#x9;&#x9;&#x9;&#x9;&lt;td&gt;&#xA;&#x9;&#x9;&#x9;&#x9;&#x9;&#x9;&#x9;&#xA;                &#xA;&#x9;&lt;img height=&#34;21px&#34; src=&#34;/content/dam/help/en/campaign/standard/targeted.png&#34; /&gt;&#xA;&#x9;&#xA;&lt;br/&gt;&#xA;&#x9;&#xA;            &#xA;&#x9;&#x9;&#x9;&#x9;&#x9;&#x9;&lt;/td&gt;&#xA;&#x9;&#x9;&#x9;&#x9;&#x9;&#xA;            &#xA;&#x9;&#x9;&#x9;&#x9;&#x9;&#x9;&lt;td&gt;&#xA;&#x9;&#x9;&#x9;&#x9;&#x9;&#x9;&#x9;&#xA;&#x9;&#x9;&#x9;&#x9;&#x9;&#x9;&lt;/td&gt;&#xA;&#x9;&#x9;&#x9;&#x9;&#x9;&#xA;              &#xA;&#x9;&#x9;&#x9;&#x9;&#x9;&#x9;&lt;td&gt;&#xA;&#x9;&#x9;&#x9;&#x9;&#x9;&#x9;&#x9;&#xA;                &#xA;&#x9;&lt;img height=&#34;21px&#34; src=&#34;/content/dam/help/en/campaign/standard/check_blue-12px_table.png&#34; /&gt;&#xA;&#x9;&#xA;&lt;br/&gt;&#xA;&#x9;&#xA;              &#xA;&#x9;&#x9;&#x9;&#x9;&#x9;&#x9;&lt;/td&gt;&#xA;&#x9;&#x9;&#x9;&#x9;&#x9;&#xA;            &#xA;&#x9;&#x9;&#x9;&#x9;&#x9;&#x9;&lt;td&gt;&#xA;&#x9;&#x9;&#x9;&#x9;&#x9;&#x9;&#x9;&#xA;&#x9;&#x9;&#x9;&#x9;&#x9;&#x9;&lt;/td&gt;&#xA;&#x9;&#x9;&#x9;&#x9;&#x9;&#xA;            &#xA;&#x9;&#x9;&#x9;&#x9;&#x9;&#x9;&lt;td&gt;&#xA;&#x9;&#x9;&#x9;&#x9;&#x9;&#x9;&#x9;&#xA;&#x9;&#x9;&#x9;&#x9;&#x9;&#x9;&lt;/td&gt;&#xA;&#x9;&#x9;&#x9;&#x9;&#x9;&#xA;            &#xA;&#x9;&#x9;&#x9;&#x9;&#x9;&#x9;&lt;td&gt;&#xA;&#x9;&#x9;&#x9;&#x9;&#x9;&#x9;&#x9;&#xA;              Opens the selected transition.&lt;br/&gt;&#xA;&#x9;&#xA;            &#xA;&#x9;&#x9;&#x9;&#x9;&#x9;&#x9;&lt;/td&gt;&#xA;&#x9;&#x9;&#x9;&#x9;&#x9;&#xA;          &lt;/tr&gt;&#xA;&#x9;&#xA;          &#xA;&lt;tr&gt;&#xA;            &#xA;&#x9;&#x9;&#x9;&#x9;&#x9;&#x9;&lt;td&gt;&#xA;&#x9;&#x9;&#x9;&#x9;&#x9;&#x9;&#x9;&#xA;                &#xA;&#x9;&lt;img height=&#34;21px&#34; src=&#34;/content/dam/help/en/campaign/standard/check_darkgrey-24px_table.png&#34; /&gt;&#xA;&#x9;&#xA;&lt;br/&gt;&#xA;&#x9;&#xA;            &#xA;&#x9;&#x9;&#x9;&#x9;&#x9;&#x9;&lt;/td&gt;&#xA;&#x9;&#x9;&#x9;&#x9;&#x9;&#xA;            &#xA;&#x9;&#x9;&#x9;&#x9;&#x9;&#x9;&lt;td&gt;&#xA;&#x9;&#x9;&#x9;&#x9;&#x9;&#x9;&#x9;&#xA;&#x9;&#x9;&#x9;&#x9;&#x9;&#x9;&lt;/td&gt;&#xA;&#x9;&#x9;&#x9;&#x9;&#x9;&#xA;            &#xA;&#x9;&#x9;&#x9;&#x9;&#x9;&#x9;&lt;td&gt;&#xA;&#x9;&#x9;&#x9;&#x9;&#x9;&#x9;&#x9;&#xA;&#x9;&#x9;&#x9;&#x9;&#x9;&#x9;&lt;/td&gt;&#xA;&#x9;&#x9;&#x9;&#x9;&#x9;&#xA;              &#xA;&#x9;&#x9;&#x9;&#x9;&#x9;&#x9;&lt;td&gt;&#xA;&#x9;&#x9;&#x9;&#x9;&#x9;&#x9;&#x9;&#xA;                &#xA;&#x9;&lt;img height=&#34;21px&#34; src=&#34;/content/dam/help/en/campaign/standard/check_blue-12px_table.png&#34; /&gt;&#xA;&#x9;&#xA;&lt;br/&gt;&#xA;&#x9;&#xA;              &#xA;&#x9;&#x9;&#x9;&#x9;&#x9;&#x9;&lt;/td&gt;&#xA;&#x9;&#x9;&#x9;&#x9;&#x9;&#xA;              &#xA;&#x9;&#x9;&#x9;&#x9;&#x9;&#x9;&lt;td&gt;&#xA;&#x9;&#x9;&#x9;&#x9;&#x9;&#x9;&#x9;&#xA;                &#xA;&#x9;&lt;img height=&#34;21px&#34; src=&#34;/content/dam/help/en/campaign/standard/check_blue-12px_table.png&#34; /&gt;&#xA;&#x9;&#xA;&lt;br/&gt;&#xA;&#x9;&#xA;              &#xA;&#x9;&#x9;&#x9;&#x9;&#x9;&#x9;&lt;/td&gt;&#xA;&#x9;&#x9;&#x9;&#x9;&#x9;&#xA;            &#xA;&#x9;&#x9;&#x9;&#x9;&#x9;&#x9;&lt;td&gt;&#xA;&#x9;&#x9;&#x9;&#x9;&#x9;&#x9;&#x9;&#xA;              Re-enables selection if it has previously been disabled or marked as paused.&lt;br/&gt;&#xA;&#x9;&#xA;            &#xA;&#x9;&#x9;&#x9;&#x9;&#x9;&#x9;&lt;/td&gt;&#xA;&#x9;&#x9;&#x9;&#x9;&#x9;&#xA;          &lt;/tr&gt;&#xA;&#x9;&#xA;          &#xA;&lt;tr&gt;&#xA;            &#xA;&#x9;&#x9;&#x9;&#x9;&#x9;&#x9;&lt;td&gt;&#xA;&#x9;&#x9;&#x9;&#x9;&#x9;&#x9;&#x9;&#xA;                &#xA;&#x9;&lt;img height=&#34;21px&#34; src=&#34;/content/dam/help/en/campaign/standard/check_pause_darkgrey-24px_table.png&#34; /&gt;&#xA;&#x9;&#xA;&lt;br/&gt;&#xA;&#x9;&#xA;            &#xA;&#x9;&#x9;&#x9;&#x9;&#x9;&#x9;&lt;/td&gt;&#xA;&#x9;&#x9;&#x9;&#x9;&#x9;&#xA;            &#xA;&#x9;&#x9;&#x9;&#x9;&#x9;&#x9;&lt;td&gt;&#xA;&#x9;&#x9;&#x9;&#x9;&#x9;&#x9;&#x9;&#xA;&#x9;&#x9;&#x9;&#x9;&#x9;&#x9;&lt;/td&gt;&#xA;&#x9;&#x9;&#x9;&#x9;&#x9;&#xA;            &#xA;&#x9;&#x9;&#x9;&#x9;&#x9;&#x9;&lt;td&gt;&#xA;&#x9;&#x9;&#x9;&#x9;&#x9;&#x9;&#x9;&#xA;&#x9;&#x9;&#x9;&#x9;&#x9;&#x9;&lt;/td&gt;&#xA;&#x9;&#x9;&#x9;&#x9;&#x9;&#xA;              &#xA;&#x9;&#x9;&#x9;&#x9;&#x9;&#x9;&lt;td&gt;&#xA;&#x9;&#x9;&#x9;&#x9;&#x9;&#x9;&#x9;&#xA;                &#xA;&#x9;&lt;img height=&#34;21px&#34; src=&#34;/content/dam/help/en/campaign/standard/check_blue-12px_table.png&#34; /&gt;&#xA;&#x9;&#xA;&lt;br/&gt;&#xA;&#x9;&#xA;              &#xA;&#x9;&#x9;&#x9;&#x9;&#x9;&#x9;&lt;/td&gt;&#xA;&#x9;&#x9;&#x9;&#x9;&#x9;&#xA;              &#xA;&#x9;&#x9;&#x9;&#x9;&#x9;&#x9;&lt;td&gt;&#xA;&#x9;&#x9;&#x9;&#x9;&#x9;&#x9;&#x9;&#xA;                &#xA;&#x9;&lt;img height=&#34;21px&#34; src=&#34;/content/dam/help/en/campaign/standard/check_blue-12px_table.png&#34; /&gt;&#xA;&#x9;&#xA;&lt;br/&gt;&#xA;&#x9;&#xA;              &#xA;&#x9;&#x9;&#x9;&#x9;&#x9;&#x9;&lt;/td&gt;&#xA;&#x9;&#x9;&#x9;&#x9;&#x9;&#xA;            &#xA;&#x9;&#x9;&#x9;&#x9;&#x9;&#x9;&lt;td&gt;&#xA;&#x9;&#x9;&#x9;&#x9;&#x9;&#x9;&#x9;&#xA;              Pauses the workflow at the selected activity.&lt;br/&gt;&#xA;&#x9;&#xA;            &#xA;&#x9;&#x9;&#x9;&#x9;&#x9;&#x9;&lt;/td&gt;&#xA;&#x9;&#x9;&#x9;&#x9;&#x9;&#xA;          &lt;/tr&gt;&#xA;&#x9;&#xA;          &#xA;&lt;tr&gt;&#xA;            &#xA;&#x9;&#x9;&#x9;&#x9;&#x9;&#x9;&lt;td&gt;&#xA;&#x9;&#x9;&#x9;&#x9;&#x9;&#x9;&#x9;&#xA;                &#xA;&#x9;&lt;img height=&#34;21px&#34; src=&#34;/content/dam/help/en/campaign/standard/checkDisable.png&#34; /&gt;&#xA;&#x9;&#xA;&lt;br/&gt;&#xA;&#x9;&#xA;            &#xA;&#x9;&#x9;&#x9;&#x9;&#x9;&#x9;&lt;/td&gt;&#xA;&#x9;&#x9;&#x9;&#x9;&#x9;&#xA;            &#xA;&#x9;&#x9;&#x9;&#x9;&#x9;&#x9;&lt;td&gt;&#xA;&#x9;&#x9;&#x9;&#x9;&#x9;&#x9;&#x9;&#xA;&#x9;&#x9;&#x9;&#x9;&#x9;&#x9;&lt;/td&gt;&#xA;&#x9;&#x9;&#x9;&#x9;&#x9;&#xA;            &#xA;&#x9;&#x9;&#x9;&#x9;&#x9;&#x9;&lt;td&gt;&#xA;&#x9;&#x9;&#x9;&#x9;&#x9;&#x9;&#x9;&#xA;&#x9;&#x9;&#x9;&#x9;&#x9;&#x9;&lt;/td&gt;&#xA;&#x9;&#x9;&#x9;&#x9;&#x9;&#xA;              &#xA;&#x9;&#x9;&#x9;&#x9;&#x9;&#x9;&lt;td&gt;&#xA;&#x9;&#x9;&#x9;&#x9;&#x9;&#x9;&#x9;&#xA;                &#xA;&#x9;&lt;img height=&#34;21px&#34; src=&#34;/content/dam/help/en/campaign/standard/check_blue-12px_table.png&#34; /&gt;&#xA;&#x9;&#xA;&lt;br/&gt;&#xA;&#x9;&#xA;              &#xA;&#x9;&#x9;&#x9;&#x9;&#x9;&#x9;&lt;/td&gt;&#xA;&#x9;&#x9;&#x9;&#x9;&#x9;&#xA;              &#xA;&#x9;&#x9;&#x9;&#x9;&#x9;&#x9;&lt;td&gt;&#xA;&#x9;&#x9;&#x9;&#x9;&#x9;&#x9;&#x9;&#xA;                &#xA;&#x9;&lt;img height=&#34;21px&#34; src=&#34;/content/dam/help/en/campaign/standard/check_blue-12px_table.png&#34; /&gt;&#xA;&#x9;&#xA;&lt;br/&gt;&#xA;&#x9;&#xA;              &#xA;&#x9;&#x9;&#x9;&#x9;&#x9;&#x9;&lt;/td&gt;&#xA;&#x9;&#x9;&#x9;&#x9;&#x9;&#xA;            &#xA;&#x9;&#x9;&#x9;&#x9;&#x9;&#x9;&lt;td&gt;&#xA;&#x9;&#x9;&#x9;&#x9;&#x9;&#x9;&#x9;&#xA;              Disables the activity.&lt;br/&gt;&#xA;&#x9;&#xA;            &#xA;&#x9;&#x9;&#x9;&#x9;&#x9;&#x9;&lt;/td&gt;&#xA;&#x9;&#x9;&#x9;&#x9;&#x9;&#xA;          &lt;/tr&gt;&#xA;&#x9;&#xA;          &#xA;&lt;tr&gt;&#xA;            &#xA;&#x9;&#x9;&#x9;&#x9;&#x9;&#x9;&lt;td&gt;&#xA;&#x9;&#x9;&#x9;&#x9;&#x9;&#x9;&#x9;&#xA;                &#xA;&#x9;&lt;img height=&#34;21px&#34; src=&#34;/content/dam/help/en/campaign/standard/delete_darkgrey-24px_table.png&#34; /&gt;&#xA;&#x9;&#xA;&lt;br/&gt;&#xA;&#x9;&#xA;            &#xA;&#x9;&#x9;&#x9;&#x9;&#x9;&#x9;&lt;/td&gt;&#xA;&#x9;&#x9;&#x9;&#x9;&#x9;&#xA;            &#xA;&#x9;&#x9;&#x9;&#x9;&#x9;&#x9;&lt;td&gt;&#xA;&#x9;&#x9;&#x9;&#x9;&#x9;&#x9;&#x9;&#xA;&#x9;&#x9;&#x9;&#x9;&#x9;&#x9;&lt;/td&gt;&#xA;&#x9;&#x9;&#x9;&#x9;&#x9;&#xA;            &#xA;&#x9;&#x9;&#x9;&#x9;&#x9;&#x9;&lt;td&gt;&#xA;&#x9;&#x9;&#x9;&#x9;&#x9;&#x9;&#x9;&#xA;&#x9;&#x9;&#x9;&#x9;&#x9;&#x9;&lt;/td&gt;&#xA;&#x9;&#x9;&#x9;&#x9;&#x9;&#xA;              &#xA;&#x9;&#x9;&#x9;&#x9;&#x9;&#x9;&lt;td&gt;&#xA;&#x9;&#x9;&#x9;&#x9;&#x9;&#x9;&#x9;&#xA;                &#xA;&#x9;&lt;img height=&#34;21px&#34; src=&#34;/content/dam/help/en/campaign/standard/check_blue-12px_table.png&#34; /&gt;&#xA;&#x9;&#xA;&lt;br/&gt;&#xA;&#x9;&#xA;              &#xA;&#x9;&#x9;&#x9;&#x9;&#x9;&#x9;&lt;/td&gt;&#xA;&#x9;&#x9;&#x9;&#x9;&#x9;&#xA;              &#xA;&#x9;&#x9;&#x9;&#x9;&#x9;&#x9;&lt;td&gt;&#xA;&#x9;&#x9;&#x9;&#x9;&#x9;&#x9;&#x9;&#xA;                &#xA;&#x9;&lt;img height=&#34;21px&#34; src=&#34;/content/dam/help/en/campaign/standard/check_blue-12px_table.png&#34; /&gt;&#xA;&#x9;&#xA;&lt;br/&gt;&#xA;&#x9;&#xA;              &#xA;&#x9;&#x9;&#x9;&#x9;&#x9;&#x9;&lt;/td&gt;&#xA;&#x9;&#x9;&#x9;&#x9;&#x9;&#xA;            &#xA;&#x9;&#x9;&#x9;&#x9;&#x9;&#x9;&lt;td&gt;&#xA;&#x9;&#x9;&#x9;&#x9;&#x9;&#x9;&#x9;&#xA;              Deletes the activities that are selected.&lt;br/&gt;&#xA;&#x9;&#xA;            &#xA;&#x9;&#x9;&#x9;&#x9;&#x9;&#x9;&lt;/td&gt;&#xA;&#x9;&#x9;&#x9;&#x9;&#x9;&#xA;          &lt;/tr&gt;&#xA;&#x9;&#xA;        &lt;/tbody&gt;&#xA;&#x9;&#xA;      &#xA;    &lt;/table&gt;"
                  textIsRich="true"/>
  
  
         <header_9 jcr:primaryType="nt:unstructured" sling:resourceType="help/components/header"
                   id="quick-actions"
                   level="2"
                   text="&lt;p&gt;Quick actions&lt;/p&gt;&#xA;"
                   textIsRich="'true'"/>
         <text_112 jcr:primaryType="nt:unstructured"
                   sling:resourceType="help/components/article-3/text"
                   text="&lt;p&gt;When an activity is selected, quick action buttons appear around the activity, allowing you to interact with it.&lt;/p&gt;&#xA;"
                   textIsRich="true"/>
         <table_1 jcr:primaryType="nt:unstructured"
                  sling:resourceType="help/components/article-3/table"
                  hasHeader="true"
                  text="&lt;table&gt;&#xA;      &#xA;        &#xA;        &#xA;        &#xA;        &#xA;        &#xA;        &#xA;        &#xA;&lt;thead&gt;&#xA;          &#xA;&lt;tr&gt;&#xA;            &#xA;&#x9;&#x9;&#x9;&#x9;&#x9;&#x9;&lt;th&gt;&#xA;&#x9;&#x9;&#x9;&#x9;&#x9;&#x9;&#x9;&#xA;              Button&lt;br/&gt;&#xA;&#x9;&#xA;            &#xA;&#x9;&#x9;&#x9;&#x9;&#x9;&#x9;&lt;/th&gt;&#xA;&#x9;&#x9;&#x9;&#x9;&#x9;&#xA;            &#xA;&#x9;&#x9;&#x9;&#x9;&#x9;&#x9;&lt;th&gt;&#xA;&#x9;&#x9;&#x9;&#x9;&#x9;&#x9;&#x9;&#xA;              No selection&lt;br/&gt;&#xA;&#x9;&#xA;            &#xA;&#x9;&#x9;&#x9;&#x9;&#x9;&#x9;&lt;/th&gt;&#xA;&#x9;&#x9;&#x9;&#x9;&#x9;&#xA;            &#xA;&#x9;&#x9;&#x9;&#x9;&#x9;&#x9;&lt;th&gt;&#xA;&#x9;&#x9;&#x9;&#x9;&#x9;&#x9;&#x9;&#xA;              Single-selection&lt;br/&gt;&#xA;&#x9;&#xA;            &#xA;&#x9;&#x9;&#x9;&#x9;&#x9;&#x9;&lt;/th&gt;&#xA;&#x9;&#x9;&#x9;&#x9;&#x9;&#xA;            &#xA;&#x9;&#x9;&#x9;&#x9;&#x9;&#x9;&lt;th&gt;&#xA;&#x9;&#x9;&#x9;&#x9;&#x9;&#x9;&#x9;&#xA;              Multi-selection&lt;br/&gt;&#xA;&#x9;&#xA;            &#xA;&#x9;&#x9;&#x9;&#x9;&#x9;&#x9;&lt;/th&gt;&#xA;&#x9;&#x9;&#x9;&#x9;&#x9;&#xA;            &#xA;&#x9;&#x9;&#x9;&#x9;&#x9;&#x9;&lt;th&gt;&#xA;&#x9;&#x9;&#x9;&#x9;&#x9;&#x9;&#x9;&#xA;              Running&lt;br/&gt;&#xA;&#x9;&#xA;            &#xA;&#x9;&#x9;&#x9;&#x9;&#x9;&#x9;&lt;/th&gt;&#xA;&#x9;&#x9;&#x9;&#x9;&#x9;&#xA;            &#xA;&#x9;&#x9;&#x9;&#x9;&#x9;&#x9;&lt;th&gt;&#xA;&#x9;&#x9;&#x9;&#x9;&#x9;&#x9;&#x9;&#xA;              Description&lt;br/&gt;&#xA;&#x9;&#xA;            &#xA;&#x9;&#x9;&#x9;&#x9;&#x9;&#x9;&lt;/th&gt;&#xA;&#x9;&#x9;&#x9;&#x9;&#x9;&#xA;          &lt;/tr&gt;&#xA;&#x9;&#xA;        &lt;/thead&gt;&#xA;&#x9;&#xA;        &#xA;&lt;tbody&gt;&#xA;          &#xA;&lt;tr&gt;&#xA;            &#xA;&#x9;&#x9;&#x9;&#x9;&#x9;&#x9;&lt;td&gt;&#xA;&#x9;&#x9;&#x9;&#x9;&#x9;&#x9;&#x9;&#xA;                &#xA;&#x9;&lt;img height=&#34;21px&#34; src=&#34;/content/dam/help/en/campaign/standard/close_darkgrey-24px_table.png&#34; /&gt;&#xA;&#x9;&#xA;&lt;br/&gt;&#xA;&#x9;&#xA;            &#xA;&#x9;&#x9;&#x9;&#x9;&#x9;&#x9;&lt;/td&gt;&#xA;&#x9;&#x9;&#x9;&#x9;&#x9;&#xA;            &#xA;&#x9;&#x9;&#x9;&#x9;&#x9;&#x9;&lt;td&gt;&#xA;&#x9;&#x9;&#x9;&#x9;&#x9;&#x9;&#x9;&#xA;&#x9;&#x9;&#x9;&#x9;&#x9;&#x9;&lt;/td&gt;&#xA;&#x9;&#x9;&#x9;&#x9;&#x9;&#xA;              &#xA;&#x9;&#x9;&#x9;&#x9;&#x9;&#x9;&lt;td&gt;&#xA;&#x9;&#x9;&#x9;&#x9;&#x9;&#x9;&#x9;&#xA;                &#xA;&#x9;&lt;img height=&#34;21px&#34; src=&#34;/content/dam/help/en/campaign/standard/check_blue-12px_table.png&#34; /&gt;&#xA;&#x9;&#xA;&lt;br/&gt;&#xA;&#x9;&#xA;              &#xA;&#x9;&#x9;&#x9;&#x9;&#x9;&#x9;&lt;/td&gt;&#xA;&#x9;&#x9;&#x9;&#x9;&#x9;&#xA;            &#xA;&#x9;&#x9;&#x9;&#x9;&#x9;&#x9;&lt;td&gt;&#xA;&#x9;&#x9;&#x9;&#x9;&#x9;&#x9;&#x9;&#xA;&#x9;&#x9;&#x9;&#x9;&#x9;&#x9;&lt;/td&gt;&#xA;&#x9;&#x9;&#x9;&#x9;&#x9;&#xA;              &#xA;&#x9;&#x9;&#x9;&#x9;&#x9;&#x9;&lt;td&gt;&#xA;&#x9;&#x9;&#x9;&#x9;&#x9;&#x9;&#x9;&#xA;                &#xA;&#x9;&lt;img height=&#34;21px&#34; src=&#34;/content/dam/help/en/campaign/standard/check_blue-12px_table.png&#34; /&gt;&#xA;&#x9;&#xA;&lt;br/&gt;&#xA;&#x9;&#xA;              &#xA;&#x9;&#x9;&#x9;&#x9;&#x9;&#x9;&lt;/td&gt;&#xA;&#x9;&#x9;&#x9;&#x9;&#x9;&#xA;            &#xA;&#x9;&#x9;&#x9;&#x9;&#x9;&#x9;&lt;td&gt;&#xA;&#x9;&#x9;&#x9;&#x9;&#x9;&#x9;&#x9;&#xA;              Disables selecting the activity.&lt;br/&gt;&#xA;&#x9;&#xA;            &#xA;&#x9;&#x9;&#x9;&#x9;&#x9;&#x9;&lt;/td&gt;&#xA;&#x9;&#x9;&#x9;&#x9;&#x9;&#xA;          &lt;/tr&gt;&#xA;&#x9;&#xA;          &#xA;&lt;tr&gt;&#xA;              &#xA;&#x9;&#x9;&#x9;&#x9;&#x9;&#x9;&lt;td&gt;&#xA;&#x9;&#x9;&#x9;&#x9;&#x9;&#x9;&#x9;&#xA;                &#xA;&#x9;&lt;img height=&#34;21px&#34; src=&#34;/content/dam/help/en/campaign/standard/edit_darkgrey-24px.png&#34; /&gt;&#xA;&#x9;&#xA;&lt;br/&gt;&#xA;&#x9;&#xA;              &#xA;&#x9;&#x9;&#x9;&#x9;&#x9;&#x9;&lt;/td&gt;&#xA;&#x9;&#x9;&#x9;&#x9;&#x9;&#xA;            &#xA;&#x9;&#x9;&#x9;&#x9;&#x9;&#x9;&lt;td&gt;&#xA;&#x9;&#x9;&#x9;&#x9;&#x9;&#x9;&#x9;&#xA;&#x9;&#x9;&#x9;&#x9;&#x9;&#x9;&lt;/td&gt;&#xA;&#x9;&#x9;&#x9;&#x9;&#x9;&#xA;              &#xA;&#x9;&#x9;&#x9;&#x9;&#x9;&#x9;&lt;td&gt;&#xA;&#x9;&#x9;&#x9;&#x9;&#x9;&#x9;&#x9;&#xA;                &#xA;&#x9;&lt;img height=&#34;21px&#34; src=&#34;/content/dam/help/en/campaign/standard/check_blue-12px_table.png&#34; /&gt;&#xA;&#x9;&#xA;&lt;br/&gt;&#xA;&#x9;&#xA;              &#xA;&#x9;&#x9;&#x9;&#x9;&#x9;&#x9;&lt;/td&gt;&#xA;&#x9;&#x9;&#x9;&#x9;&#x9;&#xA;            &#xA;&#x9;&#x9;&#x9;&#x9;&#x9;&#x9;&lt;td&gt;&#xA;&#x9;&#x9;&#x9;&#x9;&#x9;&#x9;&#x9;&#xA;&#x9;&#x9;&#x9;&#x9;&#x9;&#x9;&lt;/td&gt;&#xA;&#x9;&#x9;&#x9;&#x9;&#x9;&#xA;              &#xA;&#x9;&#x9;&#x9;&#x9;&#x9;&#x9;&lt;td&gt;&#xA;&#x9;&#x9;&#x9;&#x9;&#x9;&#x9;&#x9;&#xA;                &#xA;&#x9;&lt;img height=&#34;21px&#34; src=&#34;/content/dam/help/en/campaign/standard/check_blue-12px_table.png&#34; /&gt;&#xA;&#x9;&#xA;&lt;br/&gt;&#xA;&#x9;&#xA;              &#xA;&#x9;&#x9;&#x9;&#x9;&#x9;&#x9;&lt;/td&gt;&#xA;&#x9;&#x9;&#x9;&#x9;&#x9;&#xA;            &#xA;&#x9;&#x9;&#x9;&#x9;&#x9;&#x9;&lt;td&gt;&#xA;&#x9;&#x9;&#x9;&#x9;&#x9;&#x9;&#x9;&#xA;              Opens the selected activity.&lt;br/&gt;&#xA;&#x9;&#xA;            &#xA;&#x9;&#x9;&#x9;&#x9;&#x9;&#x9;&lt;/td&gt;&#xA;&#x9;&#x9;&#x9;&#x9;&#x9;&#xA;          &lt;/tr&gt;&#xA;&#x9;&#xA;          &#xA;&lt;tr&gt;&#xA;            &#xA;&#x9;&#x9;&#x9;&#x9;&#x9;&#x9;&lt;td&gt;&#xA;&#x9;&#x9;&#x9;&#x9;&#x9;&#x9;&#x9;&#xA;                &#xA;&#x9;&lt;img height=&#34;21px&#34; src=&#34;/content/dam/help/en/campaign/standard/wkf_dlv_act_params_icon.png&#34; /&gt;&#xA;&#x9;&#xA;&lt;br/&gt;&#xA;&#x9;&#xA;            &#xA;&#x9;&#x9;&#x9;&#x9;&#x9;&#x9;&lt;/td&gt;&#xA;&#x9;&#x9;&#x9;&#x9;&#x9;&#xA;            &#xA;&#x9;&#x9;&#x9;&#x9;&#x9;&#x9;&lt;td&gt;&#xA;&#x9;&#x9;&#x9;&#x9;&#x9;&#x9;&#x9;&#xA;&#x9;&#x9;&#x9;&#x9;&#x9;&#x9;&lt;/td&gt;&#xA;&#x9;&#x9;&#x9;&#x9;&#x9;&#xA;              &#xA;&#x9;&#x9;&#x9;&#x9;&#x9;&#x9;&lt;td&gt;&#xA;&#x9;&#x9;&#x9;&#x9;&#x9;&#x9;&#x9;&#xA;                &#xA;&#x9;&lt;img height=&#34;21px&#34; src=&#34;/content/dam/help/en/campaign/standard/check_blue-12px_table.png&#34; /&gt;&#xA;&#x9;&#xA;&lt;br/&gt;&#xA;&#x9;&#xA;              &#xA;&#x9;&#x9;&#x9;&#x9;&#x9;&#x9;&lt;/td&gt;&#xA;&#x9;&#x9;&#x9;&#x9;&#x9;&#xA;            &#xA;&#x9;&#x9;&#x9;&#x9;&#x9;&#x9;&lt;td&gt;&#xA;&#x9;&#x9;&#x9;&#x9;&#x9;&#x9;&#x9;&#xA;&#x9;&#x9;&#x9;&#x9;&#x9;&#x9;&lt;/td&gt;&#xA;&#x9;&#x9;&#x9;&#x9;&#x9;&#xA;              &#xA;&#x9;&#x9;&#x9;&#x9;&#x9;&#x9;&lt;td&gt;&#xA;&#x9;&#x9;&#x9;&#x9;&#x9;&#x9;&#x9;&#xA;                &#xA;&#x9;&lt;img height=&#34;21px&#34; src=&#34;/content/dam/help/en/campaign/standard/check_blue-12px_table.png&#34; /&gt;&#xA;&#x9;&#xA;&lt;br/&gt;&#xA;&#x9;&#xA;              &#xA;&#x9;&#x9;&#x9;&#x9;&#x9;&#x9;&lt;/td&gt;&#xA;&#x9;&#x9;&#x9;&#x9;&#x9;&#xA;            &#xA;&#x9;&#x9;&#x9;&#x9;&#x9;&#x9;&lt;td&gt;&#xA;&#x9;&#x9;&#x9;&#x9;&#x9;&#x9;&#x9;&#xA;              Opens the advanced options of the Email or SMS delivery activity selected.&lt;br/&gt;&#xA;&#x9;&#xA;            &#xA;&#x9;&#x9;&#x9;&#x9;&#x9;&#x9;&lt;/td&gt;&#xA;&#x9;&#x9;&#x9;&#x9;&#x9;&#xA;          &lt;/tr&gt;&#xA;&#x9;&#xA;          &#xA;&lt;tr&gt;&#xA;              &#xA;&#x9;&#x9;&#x9;&#x9;&#x9;&#x9;&lt;td&gt;&#xA;&#x9;&#x9;&#x9;&#x9;&#x9;&#x9;&#x9;&#xA;                &#xA;&#x9;&lt;img height=&#34;21px&#34; src=&#34;/content/dam/help/en/campaign/standard/check_darkgrey-24px_table.png&#34; /&gt;&#xA;&#x9;&#xA;&lt;br/&gt;&#xA;&#x9;&#xA;              &#xA;&#x9;&#x9;&#x9;&#x9;&#x9;&#x9;&lt;/td&gt;&#xA;&#x9;&#x9;&#x9;&#x9;&#x9;&#xA;            &#xA;&#x9;&#x9;&#x9;&#x9;&#x9;&#x9;&lt;td&gt;&#xA;&#x9;&#x9;&#x9;&#x9;&#x9;&#x9;&#x9;&#xA;&#x9;&#x9;&#x9;&#x9;&#x9;&#x9;&lt;/td&gt;&#xA;&#x9;&#x9;&#x9;&#x9;&#x9;&#xA;              &#xA;&#x9;&#x9;&#x9;&#x9;&#x9;&#x9;&lt;td&gt;&#xA;&#x9;&#x9;&#x9;&#x9;&#x9;&#x9;&#x9;&#xA;                &#xA;&#x9;&lt;img height=&#34;21px&#34; src=&#34;/content/dam/help/en/campaign/standard/check_blue-12px_table.png&#34; /&gt;&#xA;&#x9;&#xA;&lt;br/&gt;&#xA;&#x9;&#xA;              &#xA;&#x9;&#x9;&#x9;&#x9;&#x9;&#x9;&lt;/td&gt;&#xA;&#x9;&#x9;&#x9;&#x9;&#x9;&#xA;            &#xA;&#x9;&#x9;&#x9;&#x9;&#x9;&#x9;&lt;td&gt;&#xA;&#x9;&#x9;&#x9;&#x9;&#x9;&#x9;&#x9;&#xA;&#x9;&#x9;&#x9;&#x9;&#x9;&#x9;&lt;/td&gt;&#xA;&#x9;&#x9;&#x9;&#x9;&#x9;&#xA;              &#xA;&#x9;&#x9;&#x9;&#x9;&#x9;&#x9;&lt;td&gt;&#xA;&#x9;&#x9;&#x9;&#x9;&#x9;&#x9;&#x9;&#xA;                &#xA;&#x9;&lt;img height=&#34;21px&#34; src=&#34;/content/dam/help/en/campaign/standard/check_blue-12px_table.png&#34; /&gt;&#xA;&#x9;&#xA;&lt;br/&gt;&#xA;&#x9;&#xA;              &#xA;&#x9;&#x9;&#x9;&#x9;&#x9;&#x9;&lt;/td&gt;&#xA;&#x9;&#x9;&#x9;&#x9;&#x9;&#xA;            &#xA;&#x9;&#x9;&#x9;&#x9;&#x9;&#x9;&lt;td&gt;&#xA;&#x9;&#x9;&#x9;&#x9;&#x9;&#x9;&#x9;&#xA;              Re-enables selection if it has previously been disabled or marked as paused.&lt;br/&gt;&#xA;&#x9;&#xA;            &#xA;&#x9;&#x9;&#x9;&#x9;&#x9;&#x9;&lt;/td&gt;&#xA;&#x9;&#x9;&#x9;&#x9;&#x9;&#xA;          &lt;/tr&gt;&#xA;&#x9;&#xA;          &#xA;&lt;tr&gt;&#xA;              &#xA;&#x9;&#x9;&#x9;&#x9;&#x9;&#x9;&lt;td&gt;&#xA;&#x9;&#x9;&#x9;&#x9;&#x9;&#x9;&#x9;&#xA;                &#xA;&#x9;&lt;img height=&#34;21px&#34; src=&#34;/content/dam/help/en/campaign/standard/check_pause_darkgrey-24px_table.png&#34; /&gt;&#xA;&#x9;&#xA;&lt;br/&gt;&#xA;&#x9;&#xA;              &#xA;&#x9;&#x9;&#x9;&#x9;&#x9;&#x9;&lt;/td&gt;&#xA;&#x9;&#x9;&#x9;&#x9;&#x9;&#xA;            &#xA;&#x9;&#x9;&#x9;&#x9;&#x9;&#x9;&lt;td&gt;&#xA;&#x9;&#x9;&#x9;&#x9;&#x9;&#x9;&#x9;&#xA;&#x9;&#x9;&#x9;&#x9;&#x9;&#x9;&lt;/td&gt;&#xA;&#x9;&#x9;&#x9;&#x9;&#x9;&#xA;              &#xA;&#x9;&#x9;&#x9;&#x9;&#x9;&#x9;&lt;td&gt;&#xA;&#x9;&#x9;&#x9;&#x9;&#x9;&#x9;&#x9;&#xA;                &#xA;&#x9;&lt;img height=&#34;21px&#34; src=&#34;/content/dam/help/en/campaign/standard/check_blue-12px_table.png&#34; /&gt;&#xA;&#x9;&#xA;&lt;br/&gt;&#xA;&#x9;&#xA;              &#xA;&#x9;&#x9;&#x9;&#x9;&#x9;&#x9;&lt;/td&gt;&#xA;&#x9;&#x9;&#x9;&#x9;&#x9;&#xA;            &#xA;&#x9;&#x9;&#x9;&#x9;&#x9;&#x9;&lt;td&gt;&#xA;&#x9;&#x9;&#x9;&#x9;&#x9;&#x9;&#x9;&#xA;&#x9;&#x9;&#x9;&#x9;&#x9;&#x9;&lt;/td&gt;&#xA;&#x9;&#x9;&#x9;&#x9;&#x9;&#xA;              &#xA;&#x9;&#x9;&#x9;&#x9;&#x9;&#x9;&lt;td&gt;&#xA;&#x9;&#x9;&#x9;&#x9;&#x9;&#x9;&#x9;&#xA;                &#xA;&#x9;&lt;img height=&#34;21px&#34; src=&#34;/content/dam/help/en/campaign/standard/check_blue-12px_table.png&#34; /&gt;&#xA;&#x9;&#xA;&lt;br/&gt;&#xA;&#x9;&#xA;              &#xA;&#x9;&#x9;&#x9;&#x9;&#x9;&#x9;&lt;/td&gt;&#xA;&#x9;&#x9;&#x9;&#x9;&#x9;&#xA;            &#xA;&#x9;&#x9;&#x9;&#x9;&#x9;&#x9;&lt;td&gt;&#xA;&#x9;&#x9;&#x9;&#x9;&#x9;&#x9;&#x9;&#xA;              Pauses the workflow at the selected activity.&lt;br/&gt;&#xA;&#x9;&#xA;            &#xA;&#x9;&#x9;&#x9;&#x9;&#x9;&#x9;&lt;/td&gt;&#xA;&#x9;&#x9;&#x9;&#x9;&#x9;&#xA;          &lt;/tr&gt;&#xA;&#x9;&#xA;          &#xA;&lt;tr&gt;&#xA;              &#xA;&#x9;&#x9;&#x9;&#x9;&#x9;&#x9;&lt;td&gt;&#xA;&#x9;&#x9;&#x9;&#x9;&#x9;&#x9;&#x9;&#xA;                &#xA;&#x9;&lt;img height=&#34;21px&#34; src=&#34;/content/dam/help/en/campaign/standard/checkDisable.png&#34; /&gt;&#xA;&#x9;&#xA;&lt;br/&gt;&#xA;&#x9;&#xA;              &#xA;&#x9;&#x9;&#x9;&#x9;&#x9;&#x9;&lt;/td&gt;&#xA;&#x9;&#x9;&#x9;&#x9;&#x9;&#xA;            &#xA;&#x9;&#x9;&#x9;&#x9;&#x9;&#x9;&lt;td&gt;&#xA;&#x9;&#x9;&#x9;&#x9;&#x9;&#x9;&#x9;&#xA;&#x9;&#x9;&#x9;&#x9;&#x9;&#x9;&lt;/td&gt;&#xA;&#x9;&#x9;&#x9;&#x9;&#x9;&#xA;              &#xA;&#x9;&#x9;&#x9;&#x9;&#x9;&#x9;&lt;td&gt;&#xA;&#x9;&#x9;&#x9;&#x9;&#x9;&#x9;&#x9;&#xA;                &#xA;&#x9;&lt;img height=&#34;21px&#34; src=&#34;/content/dam/help/en/campaign/standard/check_blue-12px_table.png&#34; /&gt;&#xA;&#x9;&#xA;&lt;br/&gt;&#xA;&#x9;&#xA;              &#xA;&#x9;&#x9;&#x9;&#x9;&#x9;&#x9;&lt;/td&gt;&#xA;&#x9;&#x9;&#x9;&#x9;&#x9;&#xA;            &#xA;&#x9;&#x9;&#x9;&#x9;&#x9;&#x9;&lt;td&gt;&#xA;&#x9;&#x9;&#x9;&#x9;&#x9;&#x9;&#x9;&#xA;&#x9;&#x9;&#x9;&#x9;&#x9;&#x9;&lt;/td&gt;&#xA;&#x9;&#x9;&#x9;&#x9;&#x9;&#xA;              &#xA;&#x9;&#x9;&#x9;&#x9;&#x9;&#x9;&lt;td&gt;&#xA;&#x9;&#x9;&#x9;&#x9;&#x9;&#x9;&#x9;&#xA;                &#xA;&#x9;&lt;img height=&#34;21px&#34; src=&#34;/content/dam/help/en/campaign/standard/check_blue-12px_table.png&#34; /&gt;&#xA;&#x9;&#xA;&lt;br/&gt;&#xA;&#x9;&#xA;              &#xA;&#x9;&#x9;&#x9;&#x9;&#x9;&#x9;&lt;/td&gt;&#xA;&#x9;&#x9;&#x9;&#x9;&#x9;&#xA;            &#xA;&#x9;&#x9;&#x9;&#x9;&#x9;&#x9;&lt;td&gt;&#xA;&#x9;&#x9;&#x9;&#x9;&#x9;&#x9;&#x9;&#xA;              Disables the activity.&lt;br/&gt;&#xA;&#x9;&#xA;            &#xA;&#x9;&#x9;&#x9;&#x9;&#x9;&#x9;&lt;/td&gt;&#xA;&#x9;&#x9;&#x9;&#x9;&#x9;&#xA;          &lt;/tr&gt;&#xA;&#x9;&#xA;          &#xA;&lt;tr&gt;&#xA;            &#xA;&#x9;&#x9;&#x9;&#x9;&#x9;&#x9;&lt;td&gt;&#xA;&#x9;&#x9;&#x9;&#x9;&#x9;&#x9;&#x9;&#xA;                &#xA;&#x9;&lt;img height=&#34;21px&#34; src=&#34;/content/dam/help/en/campaign/standard/pending_darkgrey-24px_table.png&#34; /&gt;&#xA;&#x9;&#xA;&lt;br/&gt;&#xA;&#x9;&#xA;            &#xA;&#x9;&#x9;&#x9;&#x9;&#x9;&#x9;&lt;/td&gt;&#xA;&#x9;&#x9;&#x9;&#x9;&#x9;&#xA;            &#xA;&#x9;&#x9;&#x9;&#x9;&#x9;&#x9;&lt;td&gt;&#xA;&#x9;&#x9;&#x9;&#x9;&#x9;&#x9;&#x9;&#xA;&#x9;&#x9;&#x9;&#x9;&#x9;&#x9;&lt;/td&gt;&#xA;&#x9;&#x9;&#x9;&#x9;&#x9;&#xA;              &#xA;&#x9;&#x9;&#x9;&#x9;&#x9;&#x9;&lt;td&gt;&#xA;&#x9;&#x9;&#x9;&#x9;&#x9;&#x9;&#x9;&#xA;                &#xA;&#x9;&lt;img height=&#34;21px&#34; src=&#34;/content/dam/help/en/campaign/standard/check_blue-12px_table.png&#34; /&gt;&#xA;&#x9;&#xA;&lt;br/&gt;&#xA;&#x9;&#xA;              &#xA;&#x9;&#x9;&#x9;&#x9;&#x9;&#x9;&lt;/td&gt;&#xA;&#x9;&#x9;&#x9;&#x9;&#x9;&#xA;            &#xA;&#x9;&#x9;&#x9;&#x9;&#x9;&#x9;&lt;td&gt;&#xA;&#x9;&#x9;&#x9;&#x9;&#x9;&#x9;&#x9;&#xA;&#x9;&#x9;&#x9;&#x9;&#x9;&#x9;&lt;/td&gt;&#xA;&#x9;&#x9;&#x9;&#x9;&#x9;&#xA;            &#xA;&#x9;&#x9;&#x9;&#x9;&#x9;&#x9;&lt;td&gt;&#xA;&#x9;&#x9;&#x9;&#x9;&#x9;&#x9;&#x9;&#xA;&#x9;&#x9;&#x9;&#x9;&#x9;&#x9;&lt;/td&gt;&#xA;&#x9;&#x9;&#x9;&#x9;&#x9;&#xA;            &#xA;&#x9;&#x9;&#x9;&#x9;&#x9;&#x9;&lt;td&gt;&#xA;&#x9;&#x9;&#x9;&#x9;&#x9;&#x9;&#x9;&#xA;              Forces immediate processing of the selection. This button is only available for the &lt;strong&gt;Scheduler&lt;/strong&gt; and &lt;strong&gt;Wait&lt;/strong&gt; activities.&lt;br/&gt;&#xA;&#x9;&#xA;            &#xA;&#x9;&#x9;&#x9;&#x9;&#x9;&#x9;&lt;/td&gt;&#xA;&#x9;&#x9;&#x9;&#x9;&#x9;&#xA;          &lt;/tr&gt;&#xA;&#x9;&#xA;          &#xA;&lt;tr&gt;&#xA;              &#xA;&#x9;&#x9;&#x9;&#x9;&#x9;&#x9;&lt;td&gt;&#xA;&#x9;&#x9;&#x9;&#x9;&#x9;&#x9;&#x9;&#xA;                &#xA;&#x9;&lt;img height=&#34;21px&#34; src=&#34;/content/dam/help/en/campaign/standard/delete_darkgrey-24px_table.png&#34; /&gt;&#xA;&#x9;&#xA;&lt;br/&gt;&#xA;&#x9;&#xA;              &#xA;&#x9;&#x9;&#x9;&#x9;&#x9;&#x9;&lt;/td&gt;&#xA;&#x9;&#x9;&#x9;&#x9;&#x9;&#xA;            &#xA;&#x9;&#x9;&#x9;&#x9;&#x9;&#x9;&lt;td&gt;&#xA;&#x9;&#x9;&#x9;&#x9;&#x9;&#x9;&#x9;&#xA;&#x9;&#x9;&#x9;&#x9;&#x9;&#x9;&lt;/td&gt;&#xA;&#x9;&#x9;&#x9;&#x9;&#x9;&#xA;              &#xA;&#x9;&#x9;&#x9;&#x9;&#x9;&#x9;&lt;td&gt;&#xA;&#x9;&#x9;&#x9;&#x9;&#x9;&#x9;&#x9;&#xA;                &#xA;&#x9;&lt;img height=&#34;21px&#34; src=&#34;/content/dam/help/en/campaign/standard/check_blue-12px_table.png&#34; /&gt;&#xA;&#x9;&#xA;&lt;br/&gt;&#xA;&#x9;&#xA;              &#xA;&#x9;&#x9;&#x9;&#x9;&#x9;&#x9;&lt;/td&gt;&#xA;&#x9;&#x9;&#x9;&#x9;&#x9;&#xA;            &#xA;&#x9;&#x9;&#x9;&#x9;&#x9;&#x9;&lt;td&gt;&#xA;&#x9;&#x9;&#x9;&#x9;&#x9;&#x9;&#x9;&#xA;&#x9;&#x9;&#x9;&#x9;&#x9;&#x9;&lt;/td&gt;&#xA;&#x9;&#x9;&#x9;&#x9;&#x9;&#xA;              &#xA;&#x9;&#x9;&#x9;&#x9;&#x9;&#x9;&lt;td&gt;&#xA;&#x9;&#x9;&#x9;&#x9;&#x9;&#x9;&#x9;&#xA;                &#xA;&#x9;&lt;img height=&#34;21px&#34; src=&#34;/content/dam/help/en/campaign/standard/check_blue-12px_table.png&#34; /&gt;&#xA;&#x9;&#xA;&lt;br/&gt;&#xA;&#x9;&#xA;              &#xA;&#x9;&#x9;&#x9;&#x9;&#x9;&#x9;&lt;/td&gt;&#xA;&#x9;&#x9;&#x9;&#x9;&#x9;&#xA;            &#xA;&#x9;&#x9;&#x9;&#x9;&#x9;&#x9;&lt;td&gt;&#xA;&#x9;&#x9;&#x9;&#x9;&#x9;&#x9;&#x9;&#xA;              Deletes the activities that are selected.&lt;br/&gt;&#xA;&#x9;&#xA;            &#xA;&#x9;&#x9;&#x9;&#x9;&#x9;&#x9;&lt;/td&gt;&#xA;&#x9;&#x9;&#x9;&#x9;&#x9;&#xA;          &lt;/tr&gt;&#xA;&#x9;&#xA;        &lt;/tbody&gt;&#xA;&#x9;&#xA;      &#xA;    &lt;/table&gt;"
                  textIsRich="true"/>
  
      </main-pars>
      <hero jcr:primaryType="nt:unstructured"
            sling:resourceType="foundation/components/image"/>
      <thumbnail jcr:primaryType="nt:unstructured"
                 sling:resourceType="foundation/components/image"/>
      <publisherLogo jcr:primaryType="nt:unstructured"
                     sling:resourceType="foundation/components/image"/>
   </jcr:content>
</jcr:root>