<?xml version="1.0" encoding="UTF-8"?>
<jcr:root xmlns:nt="http://www.jcp.org/jcr/nt/1.0" xmlns:json="http://json.org/"
          xmlns:sling="http://sling.apache.org/jcr/sling/1.0"
          xmlns:cq="http://www.day.com/jcr/cq/1.0"
          xmlns:jcr="http://www.jcp.org/jcr/1.0"
          xmlns:mix="http://www.jcp.org/jcr/mix/1.0"
          jcr:primaryType="cq:Page">
   <jcr:content navTitle="Workflow operating principles" jcr:primaryType="cq:PageContent"
                sling:resourceType="help/components/pages/article-3"
                heroGradient="light"
                jcr:language="en_us"
                cq:designPath="/etc/designs/help"
                cq:template="/apps/help/templates/article-3"
                jcr:mixinTypes="[mix:versionable]"
                jcr:title="Workflow operating principles"
                jcr:description="Workflow operating principles"
                seoDescription="Learn the main aspects of workflows."
                primaryProductTag="[products:SG_CAMPAIGN/STANDARD]"
                cq:tags="[products:SG_CAMPAIGN/STANDARD,audience:automating,content_type:reference,topic_tags:about-workflows-and-data-management]"
                primaryAudienceTag="[audience:automating]"
                contentOwner="sauviat"
                isReadyForLocalization="true"
                publishExternalDate="2018-09-04">
      <main-pars jcr:primaryType="nt:unstructured"
                 sling:resourceType="foundation/components/parsys">
        
    
      
    
        <text_25 jcr:primaryType="nt:unstructured"
                  sling:resourceType="help/components/article-3/text"
                  text="&lt;p&gt;A workflow is a &lt;strong&gt;sequence of configurable activities&lt;/strong&gt;. Each activity has a specific role in the process. The result of each activity is forwarded to the following activity by a &lt;strong&gt;transition&lt;/strong&gt;, represented by an arrow.&lt;/p&gt;&#xA;"
                  textIsRich="true"/>
        <text_26 jcr:primaryType="nt:unstructured"
                  sling:resourceType="help/components/article-3/text"
                  text="&lt;p&gt;The type of data exchanged between one activity and another can affect the way the following activities are configured. For example, if a population is established before email delivery activity, it can serve as the target for the email in question.&lt;/p&gt;&#xA;"
                  textIsRich="true"/>
        <text_27 jcr:primaryType="nt:unstructured"
                  sling:resourceType="help/components/article-3/text"
                  text="&lt;p&gt;You can open activities to check or edit parameters before or after executing the workflow.&lt;/p&gt;&#xA;"
                  textIsRich="true"/>
        <text_28 jcr:primaryType="nt:unstructured"
                  sling:resourceType="help/components/article-3/text"
                  text="&lt;p&gt;You can open transitions to check that the data sent is correct during or after executing the workflow. To access the detail view of the transitions, you have to check the &lt;strong&gt;Keep interim results&lt;/strong&gt; option in the &lt;strong&gt;Execution&lt;/strong&gt; section of the workflow properties.&lt;/p&gt;&#xA;"
                  textIsRich="true"/>
        <image_0 jcr:primaryType="nt:unstructured"
                  sling:resourceType="help/components/article-3/image"
                  jcr:title=""
                  alt=""
                  captionBottom=""
                  fileName="workflow_overview.png"
                  originalFileName="images/en/workflow_overview.png"
                  fileReference="/content/dam/help/en/campaign/standard/workflow_overview.png"
                  imageRotate="0"
                  originalHeight=""
                  originalWidth=""
                  scaleOption="toTemplate"
                  status="legacy"/>
      </main-pars>
      <hero jcr:primaryType="nt:unstructured"
            sling:resourceType="foundation/components/image"/>
      <thumbnail jcr:primaryType="nt:unstructured"
                 sling:resourceType="foundation/components/image"/>
      <publisherLogo jcr:primaryType="nt:unstructured"
                     sling:resourceType="foundation/components/image"/>
   </jcr:content>
</jcr:root>