<?xml version="1.0" encoding="UTF-8"?>
<jcr:root xmlns:nt="http://www.jcp.org/jcr/nt/1.0" xmlns:json="http://json.org/"
          xmlns:sling="http://sling.apache.org/jcr/sling/1.0"
          xmlns:cq="http://www.day.com/jcr/cq/1.0"
          xmlns:jcr="http://www.jcp.org/jcr/1.0"
          xmlns:mix="http://www.jcp.org/jcr/mix/1.0"
          jcr:primaryType="cq:Page">
   <jcr:content navTitle="About direct mail" jcr:primaryType="cq:PageContent"
                sling:resourceType="help/components/pages/article-3"
                heroGradient="light"
                jcr:language="en_us"
                cq:designPath="/etc/designs/help"
                cq:template="/apps/help/templates/article-3"
                jcr:mixinTypes="[mix:versionable]"
                jcr:title="About direct mail"
                jcr:description="About direct mail"
                seoDescription="Discover the main specificities of the direct mail channel in Adobe Campaign."
                primaryProductTag="[products:SG_CAMPAIGN/STANDARD]"
                cq:tags="[products:SG_CAMPAIGN/STANDARD,audience:channels,content_type:reference,topic_tags:direct-mail]"
                primaryAudienceTag="[audience:channels]"
                contentOwner="sauviat"
                isReadyForLocalization="true"
                publishExternalDate="2018-09-04">
      <main-pars jcr:primaryType="nt:unstructured"
                 sling:resourceType="foundation/components/parsys">
        
        
        
            
        
        <text_518 jcr:primaryType="nt:unstructured"
                   sling:resourceType="help/components/article-3/text"
                   text="&lt;p&gt;Direct mail is an offline channel that allows you to personalize and generate the file required by direct mail providers. It gives you the possibility to mix online and offline channels in your customer journeys.&lt;/p&gt;&#xA;"
                   textIsRich="true"/>
        <note_19 jcr:primaryType="nt:unstructured"
                  sling:resourceType="help/components/article-3/note"
                  text="&lt;p&gt;&#xA;            This feature is optional. Please check your license agreement.&#xA;            The &lt;strong&gt;Export&lt;/strong&gt; role is required to use direct mail. Please contact your administrator.&#xA;        &lt;/p&gt;&#xA;"
                  textIsRich="true"
                  type="note"/>
        <text_521 jcr:primaryType="nt:unstructured"
                   sling:resourceType="help/components/article-3/text"
                   text="&lt;p&gt;Online channels allow you to create your messages (email, SMS, mobile app delivery, etc.) and send them to your audience directly from Adobe Campaign. With offline channels, it is different. When you prepare a direct mail delivery, Adobe Campaign generates a file including all the targeted profiles and the chosen contact information (postal address for example). You will then be able to send this file to your direct mail provider who will take care of the actual sending.&lt;/p&gt;&#xA;"
                   textIsRich="true"/>
        <text_522 jcr:primaryType="nt:unstructured"
                   sling:resourceType="help/components/article-3/text"
                   text="&lt;p&gt;The following section explains how to create and generate a one-shot direct mail delivery. You also have the possibility to include a direct mail activity in a workflow to orchestrate campaigns combining online and offline channels. For more on this, refer to the &#xA;&#x9;&#x9;&#x9;&#x9;&#x9;&#x9;&#x9;&#x9;&#x9;&#x9;&#x9;&#xA;&#x9;&#x9;&#x9;&#x9;&#x9;&#x9;&#x9;&lt;a href=&#34;/content/help/en/campaign/standard/automating/using/about-data-and-processes.html&#34;&gt;Workflows&lt;/a&gt; guide.&lt;/p&gt;&#xA;"
                   textIsRich="true"/>
        <text_523 jcr:primaryType="nt:unstructured"
                   sling:resourceType="help/components/article-3/text"
                   text="&lt;p&gt;The user process in Adobe Campaign is as follows: &lt;/p&gt;&#xA;"
                   textIsRich="true"/>
        <procedure_31_10 jcr:primaryType="nt:unstructured"
                          sling:resourceType="help/components/procedure">
            <proc_par jcr:primaryType="nt:unstructured"
                      sling:resourceType="help/components/procedure/proc_parsys">
               <step_266_0 jcr:primaryType="nt:unstructured" sling:resourceType="help/components/step">
                  <step_par jcr:primaryType="nt:unstructured"
                            sling:resourceType="help/components/procedure/step_parsys">
                     <text_524 jcr:primaryType="nt:unstructured"
                               sling:resourceType="help/components/article-3/text"
                               text="&lt;p&gt;Creating the delivery&lt;/p&gt;&#xA;"
                               textIsRich="true"/>
                  </step_par>
               </step_266_0>
               <step_267_0 jcr:primaryType="nt:unstructured" sling:resourceType="help/components/step">
                  <step_par jcr:primaryType="nt:unstructured"
                            sling:resourceType="help/components/procedure/step_parsys">
                     <text_525 jcr:primaryType="nt:unstructured"
                               sling:resourceType="help/components/article-3/text"
                               text="&lt;p&gt;Choosing the audience&lt;/p&gt;&#xA;"
                               textIsRich="true"/>
                  </step_par>
               </step_267_0>
               <step_268_0 jcr:primaryType="nt:unstructured" sling:resourceType="help/components/step">
                  <step_par jcr:primaryType="nt:unstructured"
                            sling:resourceType="help/components/procedure/step_parsys">
                     <text_526 jcr:primaryType="nt:unstructured"
                               sling:resourceType="help/components/article-3/text"
                               text="&lt;p&gt;Defining the content&lt;/p&gt;&#xA;"
                               textIsRich="true"/>
                  </step_par>
               </step_268_0>
               <step_269_0 jcr:primaryType="nt:unstructured" sling:resourceType="help/components/step">
                  <step_par jcr:primaryType="nt:unstructured"
                            sling:resourceType="help/components/procedure/step_parsys">
                     <text_527 jcr:primaryType="nt:unstructured"
                               sling:resourceType="help/components/article-3/text"
                               text="&lt;p&gt;Setting the contact date&lt;/p&gt;&#xA;"
                               textIsRich="true"/>
                  </step_par>
               </step_269_0>
               <step_270_0 jcr:primaryType="nt:unstructured" sling:resourceType="help/components/step">
                  <step_par jcr:primaryType="nt:unstructured"
                            sling:resourceType="help/components/procedure/step_parsys">
                     <text_528 jcr:primaryType="nt:unstructured"
                               sling:resourceType="help/components/article-3/text"
                               text="&lt;p&gt;Generating the file&lt;/p&gt;&#xA;"
                               textIsRich="true"/>
                  </step_par>
               </step_270_0>
            </proc_par>
         </procedure_31_10>
    
        <header_63 jcr:primaryType="nt:unstructured" sling:resourceType="help/components/header"
                    id="recommendations"
                    level="2"
                    text="&lt;p&gt;Recommendations&lt;/p&gt;&#xA;"
                    textIsRich="'true'"/>
        
            <header_64 jcr:primaryType="nt:unstructured" sling:resourceType="help/components/header"
                    id="direct-mail-providers"
                    level="3"
                    text="&lt;p&gt;Direct mail providers&lt;/p&gt;&#xA;"
                    textIsRich="'true'"/>
            <text_529 jcr:primaryType="nt:unstructured"
                   sling:resourceType="help/components/article-3/text"
                   text="&lt;p&gt;First of all, you need to reach out to your direct mail provider and collect their recommendations. Identify what profile information needs to be included in the extraction file so that they can personalize the communication and send it to the audience. For example, the first and last name, the postal address, a promotion code, etc. These fields are the ones that you will add in the &#xA;&#x9;&#x9;&#x9;&#x9;&#x9;&#xA;&lt;a href=&#34;/content/help/en/campaign/standard/channels/using/defining-the-direct-mail-content.html#defining-the-extraction&#34; target=&#34;_blank&#34;&gt;Defining the extraction&lt;/a&gt; tab of the direct mail's content.&lt;/p&gt;&#xA;"
                   textIsRich="true"/>
            <text_530 jcr:primaryType="nt:unstructured"
                   sling:resourceType="help/components/article-3/text"
                   text="&lt;p&gt;Make sure you have checked the &lt;strong&gt;Address specified&lt;/strong&gt; box in your profiles' information. If this option is activated, the profile will be added to the target. It is not, it will excluded by a typology rule during the preparation phase (see &#xA;&#x9;&#x9;&#x9;&#x9;&#x9;&#xA;&lt;a href=&#34;/content/help/en/campaign/standard/channels/using/creating-the-direct-mail.html&#34; target=&#34;_blank&#34;&gt;Creating the direct mail&lt;/a&gt;). During profile import, do not forget to update this field.&lt;/p&gt;&#xA;"
                   textIsRich="true"/>
            <image_106 jcr:primaryType="nt:unstructured"
                    sling:resourceType="help/components/article-3/image"
                    jcr:title=""
                    alt=""
                    captionBottom=""
                    fileName="direct_mail_22.png"
                    originalFileName="images/en/direct_mail_22.png"
                    fileReference="/content/dam/help/en/campaign/standard/direct_mail_22.png"
                    imageRotate="0"
                    originalHeight=""
                    originalWidth=""
                    scaleOption="toTemplate"
                    status="legacy"/>
        
        
            <header_65 jcr:primaryType="nt:unstructured" sling:resourceType="help/components/header"
                    id="postal-addresses"
                    level="3"
                    text="&lt;p&gt;Postal addresses&lt;/p&gt;&#xA;"
                    textIsRich="'true'"/>
            <text_531 jcr:primaryType="nt:unstructured"
                   sling:resourceType="help/components/article-3/text"
                   text="&lt;p&gt;When you add the fields to include in the extraction file, the postal address fields are available in the &lt;strong&gt;Location&lt;/strong&gt; node.&lt;/p&gt;&#xA;"
                   textIsRich="true"/>
            <text_532 jcr:primaryType="nt:unstructured"
                   sling:resourceType="help/components/article-3/text"
                   text="&lt;p&gt;Adobe Campaign offers you a set of predefined calculated fields that follow the most common postal address normalizations. The fields are available in the &lt;strong&gt;Postal address &lt;/strong&gt;node.&lt;/p&gt;&#xA;"
                   textIsRich="true"/>
            <text_533 jcr:primaryType="nt:unstructured"
                   sling:resourceType="help/components/article-3/text"
                   text="&lt;p&gt;An address can contain up to six lines by default: the first calculated field (&lt;strong&gt;Line 1&lt;/strong&gt; contains the first name and last name, the next lines contain the postal address (road etc.), and the last line contains the ZIP/Postal code and town or city.&lt;/p&gt;&#xA;"
                   textIsRich="true"/>
            <image_107 jcr:primaryType="nt:unstructured"
                    sling:resourceType="help/components/article-3/image"
                    jcr:title=""
                    alt=""
                    captionBottom=""
                    fileName="direct_mail_23.png"
                    originalFileName="images/en/direct_mail_23.png"
                    fileReference="/content/dam/help/en/campaign/standard/direct_mail_23.png"
                    imageRotate="0"
                    originalHeight=""
                    originalWidth=""
                    scaleOption="toTemplate"
                    status="legacy"/>
        
    
      </main-pars>
      <hero jcr:primaryType="nt:unstructured"
            sling:resourceType="foundation/components/image"/>
      <thumbnail jcr:primaryType="nt:unstructured"
                 sling:resourceType="foundation/components/image"/>
      <publisherLogo jcr:primaryType="nt:unstructured"
                     sling:resourceType="foundation/components/image"/>
   </jcr:content>
</jcr:root>