<?xml version="1.0" encoding="UTF-8"?>
<jcr:root xmlns:nt="http://www.jcp.org/jcr/nt/1.0" xmlns:json="http://json.org/"
          xmlns:sling="http://sling.apache.org/jcr/sling/1.0"
          xmlns:cq="http://www.day.com/jcr/cq/1.0"
          xmlns:jcr="http://www.jcp.org/jcr/1.0"
          xmlns:mix="http://www.jcp.org/jcr/mix/1.0"
          jcr:primaryType="cq:Page">
   <jcr:content navTitle="About push notifications" jcr:primaryType="cq:PageContent"
                sling:resourceType="help/components/pages/article-3"
                heroGradient="light"
                jcr:language="en_us"
                cq:designPath="/etc/designs/help"
                cq:template="/apps/help/templates/article-3"
                jcr:mixinTypes="[mix:versionable]"
                jcr:title="About push notifications"
                jcr:description="About push notifications"
                seoDescription="Discover the main specificities of the push notification channel in Adobe Campaign."
                primaryProductTag="[products:SG_CAMPAIGN/STANDARD]"
                cq:tags="[products:SG_CAMPAIGN/STANDARD,audience:channels,content_type:reference,topic_tags:push-notifications]"
                primaryAudienceTag="[audience:channels]"
                contentOwner="sauviat"
                isReadyForLocalization="true"
                publishExternalDate="2018-09-04">
      <main-pars jcr:primaryType="nt:unstructured"
                 sling:resourceType="foundation/components/parsys">
    
    
    
      
    
         <text_259 jcr:primaryType="nt:unstructured"
                   sling:resourceType="help/components/article-3/text"
                   text="&lt;p&gt;Adobe Campaign allows you to send personalized and segmented push notifications to iOS and Android mobile devices.&lt;/p&gt;&#xA;"
                   textIsRich="true"/>
         <text_260 jcr:primaryType="nt:unstructured"
                   sling:resourceType="help/components/article-3/text"
                   text="&lt;p&gt;These messages are received on mobile applications that you set up in Adobe Campaign by leveraging the Experience Cloud Mobile SDK. See &#xA;&#x9;&#x9;&#x9;&#x9;&#x9;&#x9;&#x9;&#x9;&#x9;&#x9;&#x9;&#xA;&#x9;&#x9;&#x9;&#x9;&#x9;&#x9;&#x9;&lt;a href=&#34;/content/help/en/campaign/standard/administration/using/configuring-a-mobile-application-using-sdk-v4.html&#34;&gt;Configuring mobile app channel&lt;/a&gt;.&lt;/p&gt;&#xA;"
                   textIsRich="true"/>
         <text_261 jcr:primaryType="nt:unstructured"
                   sling:resourceType="help/components/article-3/text"
                   text="&lt;p&gt;The user process in Adobe Campaign is as follows: &lt;/p&gt;&#xA;"
                   textIsRich="true"/>
         <procedure_10_10 jcr:primaryType="nt:unstructured"
                          sling:resourceType="help/components/procedure">
            <proc_par jcr:primaryType="nt:unstructured"
                      sling:resourceType="help/components/procedure/proc_parsys">
               <step_135_0 jcr:primaryType="nt:unstructured" sling:resourceType="help/components/step">
                  <step_par jcr:primaryType="nt:unstructured"
                            sling:resourceType="help/components/procedure/step_parsys">
                     <text_262 jcr:primaryType="nt:unstructured"
                               sling:resourceType="help/components/article-3/text"
                               text="&lt;p&gt;&#xA;&#x9;&#x9;&#x9;&#x9;&#x9;&#xA;&lt;a href=&#34;/content/help/en/campaign/standard/channels/using/creating-and-sending-a-push-notification.html&#34; target=&#34;_blank&#34;&gt;Creating and sending a push notification&lt;/a&gt;&lt;/p&gt;&#xA;"
                               textIsRich="true"/>
                  </step_par>
               </step_135_0>
               <step_136_0 jcr:primaryType="nt:unstructured" sling:resourceType="help/components/step">
                  <step_par jcr:primaryType="nt:unstructured"
                            sling:resourceType="help/components/procedure/step_parsys">
                     <text_263 jcr:primaryType="nt:unstructured"
                               sling:resourceType="help/components/article-3/text"
                               text="&lt;p&gt;&#xA;&#x9;&#x9;&#x9;&#x9;&#x9;&#xA;&lt;a href=&#34;/content/help/en/campaign/standard/channels/using/customizing-a-push-notification.html&#34; target=&#34;_blank&#34;&gt;Customizing a push notification&lt;/a&gt;&lt;/p&gt;&#xA;"
                               textIsRich="true"/>
                  </step_par>
               </step_136_0>
               <step_137_0 jcr:primaryType="nt:unstructured" sling:resourceType="help/components/step">
                  <step_par jcr:primaryType="nt:unstructured"
                            sling:resourceType="help/components/procedure/step_parsys">
                     <text_264 jcr:primaryType="nt:unstructured"
                               sling:resourceType="help/components/article-3/text"
                               text="&lt;p&gt;&#xA;&#x9;&#x9;&#x9;&#x9;&#x9;&#x9;&#x9;&#x9;&#x9;&#x9;&#x9;&#xA;&#x9;&#x9;&#x9;&#x9;&#x9;&#x9;&#x9;&lt;a href=&#34;/content/help/en/campaign/standard/sending/using/confirming-the-send.html&#34;&gt;Sending the push notification&lt;/a&gt;&lt;/p&gt;&#xA;"
                               textIsRich="true"/>
                  </step_par>
               </step_137_0>
            </proc_par>
         </procedure_10_10>
         <text_265 jcr:primaryType="nt:unstructured"
                   sling:resourceType="help/components/article-3/text"
                   text="&lt;p&gt;Two types of push notification are available in Adobe Campaign:&lt;/p&gt;&#xA;"
                   textIsRich="true"/>
         <procedure_21 jcr:primaryType="nt:unstructured"
                       sling:resourceType="help/components/procedure"
                       isBulleted="true">
            <proc_par jcr:primaryType="nt:unstructured"
                      sling:resourceType="help/components/procedure/proc_parsys">
               <step_138_21 jcr:primaryType="nt:unstructured" sling:resourceType="help/components/step">
                  <step_par jcr:primaryType="nt:unstructured"
                            sling:resourceType="help/components/procedure/step_parsys">
                     <text_266 jcr:primaryType="nt:unstructured"
                               sling:resourceType="help/components/article-3/text"
                               text="&lt;p&gt;&lt;strong&gt;Alert/Message/Badge&lt;/strong&gt; type notifications enable you to send standard text-based messages with additional content (sound, badge, deeplink, etc.) that you can define in the &lt;strong&gt;Advanced options&lt;/strong&gt; section.&lt;/p&gt;&#xA;"
                               textIsRich="true"/>
                     <text_267 jcr:primaryType="nt:unstructured"
                               sling:resourceType="help/components/article-3/text"
                               text="&lt;p&gt; This notification types allow you to add a title and a message in which you can use personalization fields. To be able to personalize your message, make sure you select the &lt;strong&gt;Send push on profiles&lt;/strong&gt; template.&lt;/p&gt;&#xA;"
                               textIsRich="true"/>
                  </step_par>
               </step_138_21>
               <step_139_21 jcr:primaryType="nt:unstructured" sling:resourceType="help/components/step">
                  <step_par jcr:primaryType="nt:unstructured"
                            sling:resourceType="help/components/procedure/step_parsys">
                     <text_268 jcr:primaryType="nt:unstructured"
                               sling:resourceType="help/components/article-3/text"
                               text="&lt;p&gt;&lt;strong&gt;Silent push&lt;/strong&gt; type notifications are used to download content from servers in the background. No message is actually sent to the application's users.&lt;/p&gt;&#xA;"
                               textIsRich="true"/>
                  </step_par>
               </step_139_21>
            </proc_par>
         </procedure_21>
        <text_269 jcr:primaryType="nt:unstructured"
                   sling:resourceType="help/components/article-3/text"
                   text="&lt;p&gt;Some specific configurations can be set up to define notifications behavior. For more on this, refer to &#xA;&#x9;&#x9;&#x9;&#x9;&#x9;&#x9;&#x9;&#x9;&#x9;&#x9;&#x9;&#xA;&#x9;&#x9;&#x9;&#x9;&#x9;&#x9;&#x9;&lt;a href=&#34;/content/help/en/campaign/standard/channels/using/customizing-a-push-notification.html&#34;&gt;this section&lt;/a&gt;.&lt;/p&gt;&#xA;"
                   textIsRich="true"/>
        <text_270 jcr:primaryType="nt:unstructured"
                   sling:resourceType="help/components/article-3/text"
                   text="&lt;p&gt;As an expert user, to define these specific configurations, refer to the mobile app &#xA;&lt;a href=&#34;https://helpx.adobe.com/campaign/kb/acs-article-list.html&#34;&gt;technotes&lt;/a&gt;.&lt;/p&gt;&#xA;"
                   textIsRich="true"/>
         <note_12 jcr:primaryType="nt:unstructured"
                  sling:resourceType="help/components/article-3/note"
                  text="&lt;p&gt;&#xA;      Laws concerning privacy differ by country. Some countries require that you inform users of the types of data collected by mobile applications. Please check the laws pertaining to mobile applications in your country.&#xA;      Make sure push notifications sent to mobile applications comply with the prerequisites and conditions specified by Apple (Apple Push Notification Service) and Google (Google Cloud Messaging).&#xA;    &lt;/p&gt;&#xA;"
                  textIsRich="true"
                  type="note"/>
      </main-pars>
      <hero jcr:primaryType="nt:unstructured"
            sling:resourceType="foundation/components/image"/>
      <thumbnail jcr:primaryType="nt:unstructured"
                 sling:resourceType="foundation/components/image"/>
      <publisherLogo jcr:primaryType="nt:unstructured"
                     sling:resourceType="foundation/components/image"/>
   </jcr:content>
</jcr:root>