<?xml version="1.0" encoding="UTF-8"?>
<jcr:root xmlns:nt="http://www.jcp.org/jcr/nt/1.0" xmlns:json="http://json.org/"
          xmlns:sling="http://sling.apache.org/jcr/sling/1.0"
          xmlns:cq="http://www.day.com/jcr/cq/1.0"
          xmlns:jcr="http://www.jcp.org/jcr/1.0"
          xmlns:mix="http://www.jcp.org/jcr/mix/1.0"
          jcr:primaryType="cq:Page">
   <jcr:content navTitle="Creating and sending a push notification"
                jcr:primaryType="cq:PageContent"
                sling:resourceType="help/components/pages/article-3"
                heroGradient="light"
                jcr:language="en_us"
                cq:designPath="/etc/designs/help"
                cq:template="/apps/help/templates/article-3"
                jcr:mixinTypes="[mix:versionable]"
                jcr:title="Creating and sending a push notification"
                jcr:description="Creating and sending a push notification"
                seoDescription="Follow these steps to create a single-send push notification in Adobe Campaign."
                primaryProductTag="[products:SG_CAMPAIGN/STANDARD]"
                cq:tags="[products:SG_CAMPAIGN/STANDARD,audience:channels,content_type:reference,topic_tags:push-notifications]"
                primaryAudienceTag="[audience:channels]"
                contentOwner="sauviat"
                isReadyForLocalization="true"
                publishExternalDate="2018-09-04">
      <main-pars jcr:primaryType="nt:unstructured"
                 sling:resourceType="foundation/components/parsys">
    
    
      
    
        
            <header_30 jcr:primaryType="nt:unstructured" sling:resourceType="help/components/header"
                    id="designing-the-notification"
                    level="2"
                    text="&lt;p&gt;Designing the notification&lt;/p&gt;&#xA;"
                    textIsRich="'true'"/>
            <text_274 jcr:primaryType="nt:unstructured"
                   sling:resourceType="help/components/article-3/text"
                   text="&lt;p&gt;The steps for creating a push notification with Adobe Campaign are:&lt;/p&gt;&#xA;"
                   textIsRich="true"/>
            <procedure_11_10 jcr:primaryType="nt:unstructured"
                          sling:resourceType="help/components/procedure">
            <proc_par jcr:primaryType="nt:unstructured"
                      sling:resourceType="help/components/procedure/proc_parsys">
                <step_140_0 jcr:primaryType="nt:unstructured" sling:resourceType="help/components/step">
                  <step_par jcr:primaryType="nt:unstructured"
                            sling:resourceType="help/components/procedure/step_parsys">
                    <text_275 jcr:primaryType="nt:unstructured"
                               sling:resourceType="help/components/article-3/text"
                               text="&lt;p&gt;From the &lt;strong&gt;Marketing activities&lt;/strong&gt; window, &#xA;&#x9;&#x9;&#x9;&#x9;&#x9;&#x9;&#x9;&#x9;&#x9;&#x9;&#x9;&#xA;&#x9;&#x9;&#x9;&#x9;&#x9;&#x9;&#x9;&lt;a href=&#34;/content/help/en/campaign/standard/start/using/marketing-activities.html#creating-a-marketing-activity&#34;&gt;create a new marketing activity&lt;/a&gt;. &lt;/p&gt;&#xA;"
                               textIsRich="true"/>
                    <text_276 jcr:primaryType="nt:unstructured"
                               sling:resourceType="help/components/article-3/text"
                               text="&lt;p&gt;Note that a single push notification can also be created from a &#xA;&#x9;&#x9;&#x9;&#x9;&#x9;&#x9;&#x9;&#x9;&#x9;&#x9;&#x9;&#xA;&#x9;&#x9;&#x9;&#x9;&#x9;&#x9;&#x9;&lt;a href=&#34;/content/help/en/campaign/standard/start/using/marketing-activities.html#creating-a-marketing-activity&#34;&gt;campaign&lt;/a&gt; or from the Adobe Campaign &#xA;&#x9;&#x9;&#x9;&#x9;&#x9;&#x9;&#x9;&#x9;&#x9;&#x9;&#x9;&#xA;&#x9;&#x9;&#x9;&#x9;&#x9;&#x9;&#x9;&lt;a href=&#34;/content/help/en/campaign/standard/start/using/interface-description.html#home-page&#34;&gt;home page&lt;/a&gt;.&lt;/p&gt;&#xA;"
                               textIsRich="true"/>
                    <text_277 jcr:primaryType="nt:unstructured"
                               sling:resourceType="help/components/article-3/text"
                               text="&lt;p&gt;You can also use a mobile app delivery activity in a workflow. This activity is presented in the &#xA;&#x9;&#x9;&#x9;&#x9;&#x9;&#x9;&#x9;&#x9;&#x9;&#x9;&#x9;&#xA;&#x9;&#x9;&#x9;&#x9;&#x9;&#x9;&#x9;&lt;a href=&#34;/content/help/en/campaign/standard/automating/using/push-notification-delivery.html&#34;&gt;Mobile app delivery&lt;/a&gt; section.&lt;/p&gt;&#xA;"
                               textIsRich="true"/>
                  </step_par>
               </step_140_0>
                <step_141_0 jcr:primaryType="nt:unstructured" sling:resourceType="help/components/step">
                  <step_par jcr:primaryType="nt:unstructured"
                            sling:resourceType="help/components/procedure/step_parsys">
                    <text_278 jcr:primaryType="nt:unstructured"
                               sling:resourceType="help/components/article-3/text"
                               text="&lt;p&gt;Select &lt;strong&gt;Push notification&lt;/strong&gt;.&lt;/p&gt;&#xA;"
                               textIsRich="true"/>
                  </step_par>
               </step_141_0>
                <step_142_0 jcr:primaryType="nt:unstructured" sling:resourceType="help/components/step">
                  <step_par jcr:primaryType="nt:unstructured"
                            sling:resourceType="help/components/procedure/step_parsys">
                    <text_279 jcr:primaryType="nt:unstructured"
                               sling:resourceType="help/components/article-3/text"
                               text="&lt;p&gt;Select a template. &lt;/p&gt;&#xA;"
                               textIsRich="true"/>
                    <image_39 jcr:primaryType="nt:unstructured"
                               sling:resourceType="help/components/article-3/image"
                               jcr:title=""
                               alt=""
                               captionBottom=""
                               fileName="push_notif_type.png"
                               originalFileName="images/en/push_notif_type.png"
                               fileReference="/content/dam/help/en/campaign/standard/push_notif_type.png"
                               imageRotate="0"
                               originalHeight=""
                               originalWidth=""
                               scaleOption="toTemplate"
                               status="legacy"/>
                    <text_280 jcr:primaryType="nt:unstructured"
                               sling:resourceType="help/components/article-3/text"
                               text="&lt;p&gt;By default, you can select one of the following two templates:&lt;/p&gt;&#xA;"
                               textIsRich="true"/>
                    <procedure_22 jcr:primaryType="nt:unstructured"
                                   sling:resourceType="help/components/procedure"
                                   isBulleted="true">
                        <proc_par jcr:primaryType="nt:unstructured"
                                  sling:resourceType="help/components/procedure/proc_parsys">
                           <step_142_22 jcr:primaryType="nt:unstructured" sling:resourceType="help/components/step">
                              <step_par jcr:primaryType="nt:unstructured"
                                        sling:resourceType="help/components/procedure/step_parsys">
                                 <text_281 jcr:primaryType="nt:unstructured"
                                           sling:resourceType="help/components/article-3/text"
                                           text="&lt;p&gt;&lt;strong&gt;Send push to Campaign profiles&lt;/strong&gt;: use this template to target the Adobe Campaign profiles who have subscribed to your mobile application. You can insert &#xA;&#x9;&#x9;&#x9;&#x9;&#x9;&#x9;&#x9;&#x9;&#x9;&#x9;&#x9;&#xA;&#x9;&#x9;&#x9;&#x9;&#x9;&#x9;&#x9;&lt;a href=&#34;/content/help/en/campaign/standard/designing/using/inserting-a-personalization-field.html&#34;&gt;personalization&lt;/a&gt; fields into your push notification, such as the recipient's first name.&lt;/p&gt;&#xA;"
                                           textIsRich="true"/>
                              </step_par>
                           </step_142_22>
                           <step_143_22 jcr:primaryType="nt:unstructured" sling:resourceType="help/components/step">
                              <step_par jcr:primaryType="nt:unstructured"
                                        sling:resourceType="help/components/procedure/step_parsys">
                                 <text_282 jcr:primaryType="nt:unstructured"
                                           sling:resourceType="help/components/article-3/text"
                                           text="&lt;p&gt;&lt;strong&gt;Send push to app subscribers&lt;/strong&gt;: use this template to send an anonymous push notification to all users who have opted in to receive notifications from your application. You cannot leverage data from Adobe Campaign, but only data collected from your mobile application.&lt;/p&gt;&#xA;"
                                           textIsRich="true"/>
                              </step_par>
                           </step_143_22>
                        </proc_par>
                     </procedure_22>
                    <text_283 jcr:primaryType="nt:unstructured"
                               sling:resourceType="help/components/article-3/text"
                               text="&lt;p&gt;For more on templates, refer to the &#xA;&#x9;&#x9;&#x9;&#x9;&#x9;&#x9;&#x9;&#x9;&#x9;&#x9;&#x9;&#xA;&#x9;&#x9;&#x9;&#x9;&#x9;&#x9;&#x9;&lt;a href=&#34;/content/help/en/campaign/standard/start/using/about-templates.html&#34;&gt;Managing templates&lt;/a&gt; section.&lt;/p&gt;&#xA;"
                               textIsRich="true"/>
                    <note_13 jcr:primaryType="nt:unstructured"
                              sling:resourceType="help/components/article-3/note"
                              text="&lt;p&gt;&#xA;                        If you choose to send notifications to profiles, they will be compatible with multi-channel fatigue rules. If you're sending messages to app subscribers, the fatigue rule will be limited to the mobile application channel only. For more on this, refer to &#xA;&#x9;&#x9;&#x9;&#x9;&#x9;&#x9;&#x9;&#x9;&#x9;&#x9;&#x9;&#xA;&#x9;&#x9;&#x9;&#x9;&#x9;&#x9;&#x9;&lt;a href=&#34;/content/help/en/campaign/standard/administration/using/fatigue-rules.html#choosing-the-channel&#34;&gt;Fatigue rules&lt;/a&gt;.&#xA;                    &lt;/p&gt;&#xA;"
                              textIsRich="true"
                              type="note"/>
                  </step_par>
               </step_142_0>
                <step_145_0 jcr:primaryType="nt:unstructured" sling:resourceType="help/components/step">
                  <step_par jcr:primaryType="nt:unstructured"
                            sling:resourceType="help/components/procedure/step_parsys">
                    <text_285 jcr:primaryType="nt:unstructured"
                               sling:resourceType="help/components/article-3/text"
                               text="&lt;p&gt;Enter your push notification properties and select your mobile app in the &lt;strong&gt;Associate a Mobile App to a delivery&lt;/strong&gt; field. Note that this is available for SDK V5 mobile application only.&lt;/p&gt;&#xA;"
                               textIsRich="true"/>
                    <image_40 jcr:primaryType="nt:unstructured"
                               sling:resourceType="help/components/article-3/image"
                               jcr:title=""
                               alt=""
                               captionBottom=""
                               fileName="push_notif_properties.png"
                               originalFileName="images/en/push_notif_properties.png"
                               fileReference="/content/dam/help/en/campaign/standard/push_notif_properties.png"
                               imageRotate="0"
                               originalHeight=""
                               originalWidth=""
                               scaleOption="toTemplate"
                               status="legacy"/>
                    <text_286 jcr:primaryType="nt:unstructured"
                               sling:resourceType="help/components/article-3/text"
                               text="&lt;p&gt;You can link the push notification to a campaign. To do this, select it from the campaigns that have already been created.&lt;/p&gt;&#xA;"
                               textIsRich="true"/>
                  </step_par>
               </step_145_0>
                <step_146_0 jcr:primaryType="nt:unstructured" sling:resourceType="help/components/step">
                  <step_par jcr:primaryType="nt:unstructured"
                            sling:resourceType="help/components/procedure/step_parsys">
                    <text_287 jcr:primaryType="nt:unstructured"
                               sling:resourceType="help/components/article-3/text"
                               text="&lt;p&gt;In the following screen, you can specify an audience, for example all of your VIP customers who subscribed to a specific mobile application. For more on this, see &#xA;&#x9;&#x9;&#x9;&#x9;&#x9;&#x9;&#x9;&#x9;&#x9;&#x9;&#x9;&#xA;&#x9;&#x9;&#x9;&#x9;&#x9;&#x9;&#x9;&lt;a href=&#34;/content/help/en/campaign/standard/audiences/using/creating-audiences.html&#34;&gt;Creating audiences&lt;/a&gt;.&lt;/p&gt;&#xA;"
                               textIsRich="true"/>
                    <text_288 jcr:primaryType="nt:unstructured"
                               sling:resourceType="help/components/article-3/text"
                               text="&lt;p&gt;Options for selecting an audience vary depending on the template used. In this example, you can target a mobile application because you selected the &lt;strong&gt;Send push to Campaign profiles&lt;/strong&gt; template.&lt;/p&gt;&#xA;"
                               textIsRich="true"/>
                    <text_289 jcr:primaryType="nt:unstructured"
                               sling:resourceType="help/components/article-3/text"
                               text="&lt;p&gt;If you selected one of your SDK V5 mobile application in the previous window, your audience will be automatically filtered according to the chosen application.&lt;/p&gt;&#xA;"
                               textIsRich="true"/>
                    <image_41 jcr:primaryType="nt:unstructured"
                               sling:resourceType="help/components/article-3/image"
                               jcr:title=""
                               alt=""
                               captionBottom=""
                               fileName="push_notif_audience.png"
                               originalFileName="images/en/push_notif_audience.png"
                               fileReference="/content/dam/help/en/campaign/standard/push_notif_audience.png"
                               imageRotate="0"
                               originalHeight=""
                               originalWidth=""
                               scaleOption="toTemplate"
                               status="legacy"/>
                  </step_par>
               </step_146_0>
                <step_147_0 jcr:primaryType="nt:unstructured" sling:resourceType="help/components/step">
                  <step_par jcr:primaryType="nt:unstructured"
                            sling:resourceType="help/components/procedure/step_parsys">
                    <text_290 jcr:primaryType="nt:unstructured"
                               sling:resourceType="help/components/article-3/text"
                               text="&lt;p&gt;Choose the message style: &lt;strong&gt;Alert/Message/Badge&lt;/strong&gt; or &lt;strong&gt;Silent push&lt;/strong&gt;. The push notification types are described in the &#xA;&#x9;&#x9;&#x9;&#x9;&#x9;&#xA;&lt;a href=&#34;/content/help/en/campaign/standard/channels/using/about-push-notifications.html&#34; target=&#34;_blank&#34;&gt;About push notifications&lt;/a&gt; section.&lt;/p&gt;&#xA;"
                               textIsRich="true"/>
                    <text_291 jcr:primaryType="nt:unstructured"
                               sling:resourceType="help/components/article-3/text"
                               text="&lt;p&gt;In this example, select &lt;strong&gt;Alert/Message/Badge&lt;/strong&gt;. You can directly preview your push notification in the right window depending on different devices.&lt;/p&gt;&#xA;"
                               textIsRich="true"/>
                    <image_42 jcr:primaryType="nt:unstructured"
                               sling:resourceType="help/components/article-3/image"
                               jcr:title=""
                               alt=""
                               captionBottom=""
                               fileName="push_notif_content.png"
                               originalFileName="images/en/push_notif_content.png"
                               fileReference="/content/dam/help/en/campaign/standard/push_notif_content.png"
                               imageRotate="0"
                               originalHeight=""
                               originalWidth=""
                               scaleOption="toTemplate"
                               status="legacy"/>
                  </step_par>
               </step_147_0>
                <step_148_0 jcr:primaryType="nt:unstructured" sling:resourceType="help/components/step">
                  <step_par jcr:primaryType="nt:unstructured"
                            sling:resourceType="help/components/procedure/step_parsys">
                    <text_292 jcr:primaryType="nt:unstructured"
                               sling:resourceType="help/components/article-3/text"
                               text="&lt;p&gt;Edit the content of your push notification and define the advanced options. See &#xA;&#x9;&#x9;&#x9;&#x9;&#x9;&#xA;&lt;a href=&#34;/content/help/en/campaign/standard/channels/using/customizing-a-push-notification.html&#34; target=&#34;_blank&#34;&gt;Customizing a push notification&lt;/a&gt;.&lt;/p&gt;&#xA;"
                               textIsRich="true"/>
                    <image_43 jcr:primaryType="nt:unstructured"
                               sling:resourceType="help/components/article-3/image"
                               jcr:title=""
                               alt=""
                               captionBottom=""
                               fileName="push_notif_content_personalization.png"
                               originalFileName="images/en/push_notif_content_personalization.png"
                               fileReference="/content/dam/help/en/campaign/standard/push_notif_content_personalization.png"
                               imageRotate="0"
                               originalHeight=""
                               originalWidth=""
                               scaleOption="toTemplate"
                               status="legacy"/>
                    <text_293 jcr:primaryType="nt:unstructured"
                               sling:resourceType="help/components/article-3/text"
                               text="&lt;p&gt;The push notification content and options configured here are passed to your mobile app in the form of a payload. The detailed structure of the payload is described in the &#xA;&lt;a href=&#34;https://helpx.adobe.com/campaign/kb/understanding-campaign-standard-push-notifications-payload-struc.html&#34;&gt;Understanding ACS push notifications payload structure&lt;/a&gt; technote. &lt;/p&gt;&#xA;"
                               textIsRich="true"/>
                  </step_par>
               </step_148_0>
                <step_149_0 jcr:primaryType="nt:unstructured" sling:resourceType="help/components/step">
                  <step_par jcr:primaryType="nt:unstructured"
                            sling:resourceType="help/components/procedure/step_parsys">
                    <text_294 jcr:primaryType="nt:unstructured"
                               sling:resourceType="help/components/article-3/text"
                               text="&lt;p&gt;Click &lt;strong&gt;Create&lt;/strong&gt;. &lt;/p&gt;&#xA;"
                               textIsRich="true"/>
                  </step_par>
               </step_149_0>
            </proc_par>
         </procedure_11_10>
            <text_295 jcr:primaryType="nt:unstructured"
                   sling:resourceType="help/components/article-3/text"
                   text="&lt;p&gt;&lt;strong&gt;Related topic:&lt;/strong&gt;&lt;/p&gt;&#xA;"
                   textIsRich="true"/>
            <text_296 jcr:primaryType="nt:unstructured"
                   sling:resourceType="help/components/article-3/text"
                   text="&lt;p&gt;&#xA;&lt;a href=&#34;JMA_sect1_ndh_dg4_h2b&#34;&gt;About SMS and push content edition&lt;/a&gt;&lt;/p&gt;&#xA;"
                   textIsRich="true"/>
        
        
            <header_31 jcr:primaryType="nt:unstructured" sling:resourceType="help/components/header"
                    id="sending-the-notification"
                    level="2"
                    text="&lt;p&gt;Sending the notification&lt;/p&gt;&#xA;"
                    textIsRich="'true'"/>
            <text_297 jcr:primaryType="nt:unstructured"
                   sling:resourceType="help/components/article-3/text"
                   text="&lt;p&gt;Once the push notification has been created and configured, you can perform tests and then send it to the selected audience. &lt;/p&gt;&#xA;"
                   textIsRich="true"/>
            
                <header_32 jcr:primaryType="nt:unstructured" sling:resourceType="help/components/header"
                    id="previewing-the-notification"
                    level="3"
                    text="&lt;p&gt;Previewing the notification&lt;/p&gt;&#xA;"
                    textIsRich="'true'"/>
                <text_298 jcr:primaryType="nt:unstructured"
                   sling:resourceType="help/components/article-3/text"
                   text="&lt;p&gt;Before sending the notification, you can test it with test profiles and then see exactly what your recipients will see before sending the delivery.&lt;/p&gt;&#xA;"
                   textIsRich="true"/>
                <procedure_12_10 jcr:primaryType="nt:unstructured"
                          sling:resourceType="help/components/procedure">
            <proc_par jcr:primaryType="nt:unstructured"
                      sling:resourceType="help/components/procedure/proc_parsys">
                    <step_150_0 jcr:primaryType="nt:unstructured" sling:resourceType="help/components/step">
                  <step_par jcr:primaryType="nt:unstructured"
                            sling:resourceType="help/components/procedure/step_parsys">
                        <text_299 jcr:primaryType="nt:unstructured"
                               sling:resourceType="help/components/article-3/text"
                               text="&lt;p&gt;Add test profiles to the audience and click &lt;strong&gt;Test&lt;/strong&gt; to send a proof.&lt;/p&gt;&#xA;"
                               textIsRich="true"/>
                        <text_300 jcr:primaryType="nt:unstructured"
                               sling:resourceType="help/components/article-3/text"
                               text="&lt;p&gt;For more on sending tests, refer to &#xA;&#x9;&#x9;&#x9;&#x9;&#x9;&#x9;&#x9;&#x9;&#x9;&#x9;&#x9;&#xA;&#x9;&#x9;&#x9;&#x9;&#x9;&#x9;&#x9;&lt;a href=&#34;/content/help/en/campaign/standard/sending/using/managing-test-profiles-and-sending-proofs.html&#34;&gt;Test profiles&lt;/a&gt;.&lt;/p&gt;&#xA;"
                               textIsRich="true"/>
                    </step_par>
               </step_150_0>
                    <step_151_0 jcr:primaryType="nt:unstructured" sling:resourceType="help/components/step">
                  <step_par jcr:primaryType="nt:unstructured"
                            sling:resourceType="help/components/procedure/step_parsys">
                        <text_301 jcr:primaryType="nt:unstructured"
                               sling:resourceType="help/components/article-3/text"
                               text="&lt;p&gt;Click &lt;strong&gt;Test profiles&lt;/strong&gt; and select &lt;strong&gt;Preview&lt;/strong&gt; to display the notification: content is personalized with the test profile data.&lt;/p&gt;&#xA;"
                               textIsRich="true"/>
                    </step_par>
               </step_151_0>
                    <step_152_0 jcr:primaryType="nt:unstructured" sling:resourceType="help/components/step">
                  <step_par jcr:primaryType="nt:unstructured"
                            sling:resourceType="help/components/procedure/step_parsys">
                        <text_302 jcr:primaryType="nt:unstructured"
                               sling:resourceType="help/components/article-3/text"
                               text="&lt;p&gt;Check the push notification layout on different devices: select iPhone, Android phone, iPad or Android tablet to preview rendering.&lt;/p&gt;&#xA;"
                               textIsRich="true"/>
                        <image_44 jcr:primaryType="nt:unstructured"
                               sling:resourceType="help/components/article-3/image"
                               jcr:title=""
                               alt=""
                               captionBottom=""
                               fileName="push_notif_preview.png"
                               originalFileName="images/en/push_notif_preview.png"
                               fileReference="/content/dam/help/en/campaign/standard/push_notif_preview.png"
                               imageRotate="0"
                               originalHeight=""
                               originalWidth=""
                               scaleOption="toTemplate"
                               status="legacy"/>
                    </step_par>
               </step_152_0>
                    <step_153_0 jcr:primaryType="nt:unstructured" sling:resourceType="help/components/step">
                  <step_par jcr:primaryType="nt:unstructured"
                            sling:resourceType="help/components/procedure/step_parsys">
                        <text_303 jcr:primaryType="nt:unstructured"
                               sling:resourceType="help/components/article-3/text"
                               text="&lt;p&gt;The &lt;strong&gt;Estimated Payload Size&lt;/strong&gt; is an estimate based on test profile data. Actual payload size may vary. The limit of the message is 4KB.&lt;/p&gt;&#xA;"
                               textIsRich="true"/>
                        <caution_0 jcr:primaryType="nt:unstructured"
                                sling:resourceType="help/components/article-3/note"
                                text="&lt;p&gt;&#xA;                            If the payload size exceeds 4KB limit, the message will not be delivered. Personalization data impacts the size of message.&#xA;                        &lt;/p&gt;&#xA;"
                                textIsRich="true"
                                type="caution"/>
                    </step_par>
               </step_153_0>
                </proc_par>
         </procedure_12_10>
            
            
                <header_33 jcr:primaryType="nt:unstructured" sling:resourceType="help/components/header"
                    id="sending-and-tracking-notifications"
                    level="3"
                    text="&lt;p&gt;Sending and tracking notifications&lt;/p&gt;&#xA;"
                    textIsRich="'true'"/>
                <text_305 jcr:primaryType="nt:unstructured"
                   sling:resourceType="help/components/article-3/text"
                   text="&lt;p&gt;Push notifications can be sent to a selected audience in Adobe Campaign by defining the audience criteria. For the example below, our selected audience consists of 4 targeted mobile app subscribers. &lt;/p&gt;&#xA;"
                   textIsRich="true"/>
                <procedure_13_10 jcr:primaryType="nt:unstructured"
                          sling:resourceType="help/components/procedure">
            <proc_par jcr:primaryType="nt:unstructured"
                      sling:resourceType="help/components/procedure/proc_parsys">
                    <step_154_0 jcr:primaryType="nt:unstructured" sling:resourceType="help/components/step">
                  <step_par jcr:primaryType="nt:unstructured"
                            sling:resourceType="help/components/procedure/step_parsys">
                        <text_306 jcr:primaryType="nt:unstructured"
                               sling:resourceType="help/components/article-3/text"
                               text="&lt;p&gt;Click &lt;strong&gt;Prepare&lt;/strong&gt; to compute the target and generate the notifications.&lt;/p&gt;&#xA;"
                               textIsRich="true"/>
                        <image_45 jcr:primaryType="nt:unstructured"
                               sling:resourceType="help/components/article-3/image"
                               jcr:title=""
                               alt=""
                               captionBottom=""
                               fileName="push_send_1.png"
                               originalFileName="images/en/push_send_1.png"
                               fileReference="/content/dam/help/en/campaign/standard/push_send_1.png"
                               imageRotate="0"
                               originalHeight=""
                               originalWidth=""
                               scaleOption="toTemplate"
                               status="legacy"/>
                    </step_par>
               </step_154_0>
                    <step_155_0 jcr:primaryType="nt:unstructured" sling:resourceType="help/components/step">
                  <step_par jcr:primaryType="nt:unstructured"
                            sling:resourceType="help/components/procedure/step_parsys">
                        <text_307 jcr:primaryType="nt:unstructured"
                               sling:resourceType="help/components/article-3/text"
                               text="&lt;p&gt;Once the preparation has finished successfully, the &lt;strong&gt;Deployment&lt;/strong&gt; window presents the following KPIs: &lt;strong&gt;Target&lt;/strong&gt; and &lt;strong&gt;To deliver&lt;/strong&gt;. Note that the &lt;strong&gt;To deliver&lt;/strong&gt; count is lower than the &lt;strong&gt;Targeted&lt;/strong&gt; one due to exclusions which can be viewed by clicking &#xA;&#x9;&lt;img height=&#34;21px&#34; src=&#34;/content/dam/help/en/campaign/standard/lp_link_properties.png&#34; /&gt;&#xA;&#x9;&#xA; button at the bottom of the &lt;strong&gt;Deployment&lt;/strong&gt; window. &lt;/p&gt;&#xA;"
                               textIsRich="true"/>
                        <image_46 jcr:primaryType="nt:unstructured"
                               sling:resourceType="help/components/article-3/image"
                               jcr:title=""
                               alt=""
                               captionBottom=""
                               fileName="push_send_2.png"
                               originalFileName="images/en/push_send_2.png"
                               fileReference="/content/dam/help/en/campaign/standard/push_send_2.png"
                               imageRotate="0"
                               originalHeight=""
                               originalWidth=""
                               scaleOption="toTemplate"
                               status="legacy"/>
                    </step_par>
               </step_155_0>
                    <step_156_0 jcr:primaryType="nt:unstructured" sling:resourceType="help/components/step">
                  <step_par jcr:primaryType="nt:unstructured"
                            sling:resourceType="help/components/procedure/step_parsys">
                        <text_308 jcr:primaryType="nt:unstructured"
                               sling:resourceType="help/components/article-3/text"
                               text="&lt;p&gt;In the &lt;strong&gt;Exclusion logs&lt;/strong&gt; tab, you can find the list of all the messages excluded from the target sent and the reason behind this exclusion.&lt;/p&gt;&#xA;"
                               textIsRich="true"/>
                        <text_309 jcr:primaryType="nt:unstructured"
                               sling:resourceType="help/components/article-3/text"
                               text="&lt;p&gt;Here, we can see that one of our mobile app subscribers was excluded because the address was blacklisted and the other subscribers because the profile was a duplicate.&lt;/p&gt;&#xA;"
                               textIsRich="true"/>
                        <image_47 jcr:primaryType="nt:unstructured"
                               sling:resourceType="help/components/article-3/image"
                               jcr:title=""
                               alt=""
                               captionBottom=""
                               fileName="push_send_5.png"
                               originalFileName="images/en/push_send_5.png"
                               fileReference="/content/dam/help/en/campaign/standard/push_send_5.png"
                               imageRotate="0"
                               originalHeight=""
                               originalWidth=""
                               scaleOption="toTemplate"
                               status="legacy"/>
                    </step_par>
               </step_156_0>
                    <step_157_0 jcr:primaryType="nt:unstructured" sling:resourceType="help/components/step">
                  <step_par jcr:primaryType="nt:unstructured"
                            sling:resourceType="help/components/procedure/step_parsys">
                        <text_310 jcr:primaryType="nt:unstructured"
                               sling:resourceType="help/components/article-3/text"
                               text="&lt;p&gt;Click the &lt;strong&gt;Exclusion causes&lt;/strong&gt; tab to display the volume of excluded messages.&lt;/p&gt;&#xA;"
                               textIsRich="true"/>
                        <image_48 jcr:primaryType="nt:unstructured"
                               sling:resourceType="help/components/article-3/image"
                               jcr:title=""
                               alt=""
                               captionBottom=""
                               fileName="push_send_7.png"
                               originalFileName="images/en/push_send_7.png"
                               fileReference="/content/dam/help/en/campaign/standard/push_send_7.png"
                               imageRotate="0"
                               originalHeight=""
                               originalWidth=""
                               scaleOption="toTemplate"
                               status="legacy"/>
                    </step_par>
               </step_157_0>
                    <step_158_0 jcr:primaryType="nt:unstructured" sling:resourceType="help/components/step">
                  <step_par jcr:primaryType="nt:unstructured"
                            sling:resourceType="help/components/procedure/step_parsys">
                        <text_311 jcr:primaryType="nt:unstructured"
                               sling:resourceType="help/components/article-3/text"
                               text="&lt;p&gt;You can now click &lt;strong&gt;Confirm&lt;/strong&gt; to start sending push notifications.&lt;/p&gt;&#xA;"
                               textIsRich="true"/>
                    </step_par>
               </step_158_0>
                    <step_159_0 jcr:primaryType="nt:unstructured" sling:resourceType="help/components/step">
                  <step_par jcr:primaryType="nt:unstructured"
                            sling:resourceType="help/components/procedure/step_parsys">
                        <text_312 jcr:primaryType="nt:unstructured"
                               sling:resourceType="help/components/article-3/text"
                               text="&lt;p&gt;Check the status of your delivery through the message dashboard and logs. For more on this, see &#xA;&#x9;&#x9;&#x9;&#x9;&#x9;&#x9;&#x9;&#x9;&#x9;&#x9;&#x9;&#xA;&#x9;&#x9;&#x9;&#x9;&#x9;&#x9;&#x9;&lt;a href=&#34;/content/help/en/campaign/standard/sending/using/confirming-the-send.html&#34;&gt;Sending messages&lt;/a&gt; and &#xA;&#x9;&#x9;&#x9;&#x9;&#x9;&#x9;&#x9;&#x9;&#x9;&#x9;&#x9;&#xA;&#x9;&#x9;&#x9;&#x9;&#x9;&#x9;&#x9;&lt;a href=&#34;/content/help/en/campaign/standard/sending/using/monitoring-a-delivery.html#delivery-logs&#34;&gt;Delivery logs&lt;/a&gt;.&lt;/p&gt;&#xA;"
                               textIsRich="true"/>
                        <text_313 jcr:primaryType="nt:unstructured"
                               sling:resourceType="help/components/article-3/text"
                               text="&lt;p&gt;In this example, the message dashboard displays that Adobe Campaign attempted to send two push notifications: one was delivered successfully to the device and another one failed. To know why the delivery has errors, click the &#xA;&#x9;&lt;img height=&#34;21px&#34; src=&#34;/content/dam/help/en/campaign/standard/lp_link_properties.png&#34; /&gt;&#xA;&#x9;&#xA; button at the bottom of the &lt;strong&gt;Deployment&lt;/strong&gt; window.&lt;/p&gt;&#xA;"
                               textIsRich="true"/>
                        <image_49 jcr:primaryType="nt:unstructured"
                               sling:resourceType="help/components/article-3/image"
                               jcr:title=""
                               alt=""
                               captionBottom=""
                               fileName="push_send_4.png"
                               originalFileName="images/en/push_send_4.png"
                               fileReference="/content/dam/help/en/campaign/standard/push_send_4.png"
                               imageRotate="0"
                               originalHeight=""
                               originalWidth=""
                               scaleOption="toTemplate"
                               status="legacy"/>
                    </step_par>
               </step_159_0>
                    <step_160_0 jcr:primaryType="nt:unstructured" sling:resourceType="help/components/step">
                  <step_par jcr:primaryType="nt:unstructured"
                            sling:resourceType="help/components/procedure/step_parsys">
                        <text_314 jcr:primaryType="nt:unstructured"
                               sling:resourceType="help/components/article-3/text"
                               text="&lt;p&gt;From the &lt;strong&gt;Deployment&lt;/strong&gt; window, click the &lt;strong&gt;Sending logs&lt;/strong&gt; tab to access the list of sent push notifications and their statuses. For this delivery, one push notification was successfully sent whereas the other failed due to a bad device token. This subscriber will then be blacklisted from further deliveries.&lt;/p&gt;&#xA;"
                               textIsRich="true"/>
                        <note_14 jcr:primaryType="nt:unstructured"
                              sling:resourceType="help/components/article-3/note"
                              text="&lt;p&gt;&#xA;                            Reasons can be any failure downstream to Adobe Campaign. In case of failures from providers like apns and fcm, the reason will reflect that as well.&#xA;                            For more information on provider failures, you can refer to the &#xA;&lt;a href=&#34;https://developer.apple.com/library/content/documentation/NetworkingInternet/Conceptual/RemoteNotificationsPG/CommunicatingwithAPNs.html&#34;&gt;Apple&lt;/a&gt; and &#xA;&lt;a href=&#34;https://firebase.google.com/docs/cloud-messaging/http-server-ref  &#34;&gt;Android&lt;/a&gt; documentation.&#xA;                        &lt;/p&gt;&#xA;"
                              textIsRich="true"
                              type="note"/>
                        <image_50 jcr:primaryType="nt:unstructured"
                               sling:resourceType="help/components/article-3/image"
                               jcr:title=""
                               alt=""
                               captionBottom=""
                               fileName="push_send_6.png"
                               originalFileName="images/en/push_send_6.png"
                               fileReference="/content/dam/help/en/campaign/standard/push_send_6.png"
                               imageRotate="0"
                               originalHeight=""
                               originalWidth=""
                               scaleOption="toTemplate"
                               status="legacy"/>
                    </step_par>
               </step_160_0>
                </proc_par>
         </procedure_13_10>
                <text_317 jcr:primaryType="nt:unstructured"
                   sling:resourceType="help/components/article-3/text"
                   text="&lt;p&gt;You can now measure the impact of your push notification delivery with dynamic reports. See &#xA;&#x9;&#x9;&#x9;&#x9;&#x9;&#x9;&#x9;&#x9;&#x9;&#x9;&#x9;&#xA;&#x9;&#x9;&#x9;&#x9;&#x9;&#x9;&#x9;&lt;a href=&#34;/content/help/en/campaign/standard/reporting/using/push-notification-report.html&#34;&gt;Push notification report&lt;/a&gt;.&lt;/p&gt;&#xA;"
                   textIsRich="true"/>
                <note_15 jcr:primaryType="nt:unstructured"
                  sling:resourceType="help/components/article-3/note"
                  text="&lt;p&gt;&#xA;                    You can set global cross-channel fatigue rules that will automatically exclude oversollicited profiles from campaigns. See &#xA;&#x9;&#x9;&#x9;&#x9;&#x9;&#x9;&#x9;&#x9;&#x9;&#x9;&#x9;&#xA;&#x9;&#x9;&#x9;&#x9;&#x9;&#x9;&#x9;&lt;a href=&#34;/content/help/en/campaign/standard/administration/using/fatigue-rules.html&#34;&gt;Fatigue rules&lt;/a&gt;.&#xA;                &lt;/p&gt;&#xA;"
                  textIsRich="true"
                  type="note"/>
            
        
      </main-pars>
      <hero jcr:primaryType="nt:unstructured"
            sling:resourceType="foundation/components/image"/>
      <thumbnail jcr:primaryType="nt:unstructured"
                 sling:resourceType="foundation/components/image"/>
      <publisherLogo jcr:primaryType="nt:unstructured"
                     sling:resourceType="foundation/components/image"/>
   </jcr:content>
</jcr:root>