<?xml version="1.0" encoding="UTF-8"?>
<jcr:root xmlns:nt="http://www.jcp.org/jcr/nt/1.0" xmlns:json="http://json.org/"
          xmlns:sling="http://sling.apache.org/jcr/sling/1.0"
          xmlns:cq="http://www.day.com/jcr/cq/1.0"
          xmlns:jcr="http://www.jcp.org/jcr/1.0"
          xmlns:mix="http://www.jcp.org/jcr/mix/1.0"
          jcr:primaryType="cq:Page">
   <jcr:content navTitle="Creating the direct mail" jcr:primaryType="cq:PageContent"
                sling:resourceType="help/components/pages/article-3"
                heroGradient="light"
                jcr:language="en_us"
                cq:designPath="/etc/designs/help"
                cq:template="/apps/help/templates/article-3"
                jcr:mixinTypes="[mix:versionable]"
                jcr:title="Creating the direct mail"
                jcr:description="Creating the direct mail"
                seoDescription="Follow these steps to create a direct mail delivery in Adobe Campaign."
                primaryProductTag="[products:SG_CAMPAIGN/STANDARD]"
                cq:tags="[products:SG_CAMPAIGN/STANDARD,audience:channels,content_type:reference,topic_tags:direct-mail]"
                primaryAudienceTag="[audience:channels]"
                contentOwner="sauviat"
                isReadyForLocalization="true"
                publishExternalDate="2018-09-04">
      <main-pars jcr:primaryType="nt:unstructured"
                 sling:resourceType="foundation/components/parsys"> 
        
        
            
        
        <text_544 jcr:primaryType="nt:unstructured"
                   sling:resourceType="help/components/article-3/text"
                   text="&lt;p&gt;Creating a direct mail delivery is very similar to creating a regular email. The following steps describe the configuration that is specific to this channel. Refer to &#xA;&#x9;&#x9;&#x9;&#x9;&#x9;&#x9;&#x9;&#x9;&#x9;&#x9;&#x9;&#xA;&#x9;&#x9;&#x9;&#x9;&#x9;&#x9;&#x9;&lt;a href=&#34;/content/help/en/campaign/standard/channels/using/creating-an-email.html&#34;&gt;Creating an email&lt;/a&gt; for more information on other options.&lt;/p&gt;&#xA;"
                   textIsRich="true"/>
        <procedure_32_10 jcr:primaryType="nt:unstructured"
                          sling:resourceType="help/components/procedure">
            <proc_par jcr:primaryType="nt:unstructured"
                      sling:resourceType="help/components/procedure/proc_parsys">
               <step_274_0 jcr:primaryType="nt:unstructured" sling:resourceType="help/components/step">
                  <step_par jcr:primaryType="nt:unstructured"
                            sling:resourceType="help/components/procedure/step_parsys">
                     <text_545 jcr:primaryType="nt:unstructured"
                               sling:resourceType="help/components/article-3/text"
                               text="&lt;p&gt;Create a new direct mail delivery. You can create one from the Adobe Campaign &#xA;&#x9;&#x9;&#x9;&#x9;&#x9;&#x9;&#x9;&#x9;&#x9;&#x9;&#x9;&#xA;&#x9;&#x9;&#x9;&#x9;&#x9;&#x9;&#x9;&lt;a href=&#34;/content/help/en/campaign/standard/start/using/interface-description.html#home-page&#34;&gt;home page&lt;/a&gt;, in a &#xA;&#x9;&#x9;&#x9;&#x9;&#x9;&#x9;&#x9;&#x9;&#x9;&#x9;&#x9;&#xA;&#x9;&#x9;&#x9;&#x9;&#x9;&#x9;&#x9;&lt;a href=&#34;/content/help/en/campaign/standard/start/using/marketing-activities.html#creating-a-marketing-activity&#34;&gt;campaign&lt;/a&gt; or in a &#xA;&#x9;&#x9;&#x9;&#x9;&#x9;&#x9;&#x9;&#x9;&#x9;&#x9;&#x9;&#xA;&#x9;&#x9;&#x9;&#x9;&#x9;&#x9;&#x9;&lt;a href=&#34;/content/help/en/campaign/standard/start/using/programs-and-campaigns.html#creating-a-campaign&#34;&gt;marketing activity list&lt;/a&gt;.&lt;/p&gt;&#xA;"
                               textIsRich="true"/>
                     <note_20 jcr:primaryType="nt:unstructured"
                              sling:resourceType="help/components/article-3/note"
                              text="&lt;p&gt;&#xA;                    You can also add a direct mail activity in a workflow. For more on this, refer to the &#xA;&#x9;&#x9;&#x9;&#x9;&#x9;&#x9;&#x9;&#x9;&#x9;&#x9;&#x9;&#xA;&#x9;&#x9;&#x9;&#x9;&#x9;&#x9;&#x9;&lt;a href=&#34;/content/help/en/campaign/standard/automating/using/direct-mail-delivery.html&#34;&gt;Workflows&lt;/a&gt; guide.&#xA;                &lt;/p&gt;&#xA;"
                              textIsRich="true"
                              type="note"/>
                     <image_110 jcr:primaryType="nt:unstructured"
                                sling:resourceType="help/components/article-3/image"
                                jcr:title=""
                                alt=""
                                captionBottom=""
                                fileName="direct_mail_1.png"
                                originalFileName="images/en/direct_mail_1.png"
                                fileReference="/content/dam/help/en/campaign/standard/direct_mail_1.png"
                                imageRotate="0"
                                originalHeight=""
                                originalWidth=""
                                scaleOption="toTemplate"
                                status="legacy"/>
                  </step_par>
               </step_274_0>
               <step_275_0 jcr:primaryType="nt:unstructured" sling:resourceType="help/components/step">
                  <step_par jcr:primaryType="nt:unstructured"
                            sling:resourceType="help/components/procedure/step_parsys">
                     <text_547 jcr:primaryType="nt:unstructured"
                               sling:resourceType="help/components/article-3/text"
                               text="&lt;p&gt;Choose either the out-of-the-box &lt;strong&gt;Direct mail&lt;/strong&gt; template or one of your own templates. For more information on templates, refer to the &#xA;&#x9;&#x9;&#x9;&#x9;&#x9;&#x9;&#x9;&#x9;&#x9;&#x9;&#x9;&#xA;&#x9;&#x9;&#x9;&#x9;&#x9;&#x9;&#x9;&lt;a href=&#34;/content/help/en/campaign/standard/start/using/about-templates.html&#34;&gt;Managing templates&lt;/a&gt; section.&lt;/p&gt;&#xA;"
                               textIsRich="true"/>
                     <image_111 jcr:primaryType="nt:unstructured"
                                sling:resourceType="help/components/article-3/image"
                                jcr:title=""
                                alt=""
                                captionBottom=""
                                fileName="direct_mail_2.png"
                                originalFileName="images/en/direct_mail_2.png"
                                fileReference="/content/dam/help/en/campaign/standard/direct_mail_2.png"
                                imageRotate="0"
                                originalHeight=""
                                originalWidth=""
                                scaleOption="toTemplate"
                                status="legacy"/>
                  </step_par>
               </step_275_0>
               <step_276_0 jcr:primaryType="nt:unstructured" sling:resourceType="help/components/step">
                  <step_par jcr:primaryType="nt:unstructured"
                            sling:resourceType="help/components/procedure/step_parsys">
                     <text_548 jcr:primaryType="nt:unstructured"
                               sling:resourceType="help/components/article-3/text"
                               text="&lt;p&gt;Enter the general properties of the delivery.&lt;/p&gt;&#xA;"
                               textIsRich="true"/>
                     <image_112 jcr:primaryType="nt:unstructured"
                                sling:resourceType="help/components/article-3/image"
                                jcr:title=""
                                alt=""
                                captionBottom=""
                                fileName="direct_mail_3.png"
                                originalFileName="images/en/direct_mail_3.png"
                                fileReference="/content/dam/help/en/campaign/standard/direct_mail_3.png"
                                imageRotate="0"
                                originalHeight=""
                                originalWidth=""
                                scaleOption="toTemplate"
                                status="legacy"/>
                  </step_par>
               </step_276_0>
               <step_277_0 jcr:primaryType="nt:unstructured" sling:resourceType="help/components/step">
                  <step_par jcr:primaryType="nt:unstructured"
                            sling:resourceType="help/components/procedure/step_parsys">
                     <text_549 jcr:primaryType="nt:unstructured"
                               sling:resourceType="help/components/article-3/text"
                               text="&lt;p&gt;Define the audience you wish to include in the extraction file as well as the test and trap profiles. See &#xA;&#x9;&#x9;&#x9;&#x9;&#x9;&#xA;&lt;a href=&#34;/content/help/en/campaign/standard/channels/using/defining-the-direct-mail-audience.html&#34; target=&#34;_blank&#34;&gt;Defining the direct mail audience&lt;/a&gt;. &lt;/p&gt;&#xA;"
                               textIsRich="true"/>
                     <image_113 jcr:primaryType="nt:unstructured"
                                sling:resourceType="help/components/article-3/image"
                                jcr:title=""
                                alt=""
                                captionBottom=""
                                fileName="direct_mail_4.png"
                                originalFileName="images/en/direct_mail_4.png"
                                fileReference="/content/dam/help/en/campaign/standard/direct_mail_4.png"
                                imageRotate="0"
                                originalHeight=""
                                originalWidth=""
                                scaleOption="toTemplate"
                                status="legacy"/>
                     <note_21 jcr:primaryType="nt:unstructured"
                              sling:resourceType="help/components/article-3/note"
                              text="&lt;p&gt;&#xA;                    The audience definition is very similar to defining a regular email audience. See &#xA;&#x9;&#x9;&#x9;&#x9;&#x9;&#x9;&#x9;&#x9;&#x9;&#x9;&#x9;&#xA;&#x9;&#x9;&#x9;&#x9;&#x9;&#x9;&#x9;&lt;a href=&#34;/content/help/en/campaign/standard/audiences/using/creating-audiences.html&#34;&gt;Creating audiences&lt;/a&gt;.&#xA;                &lt;/p&gt;&#xA;"
                              textIsRich="true"
                              type="note"/>
                  </step_par>
               </step_277_0>
               <step_278_0 jcr:primaryType="nt:unstructured" sling:resourceType="help/components/step">
                  <step_par jcr:primaryType="nt:unstructured"
                            sling:resourceType="help/components/procedure/step_parsys">
                     <text_551 jcr:primaryType="nt:unstructured"
                               sling:resourceType="help/components/article-3/text"
                               text="&lt;p&gt;Edit the content of your file: columns to include for each profile, file structure, header and footer. See &#xA;&#x9;&#x9;&#x9;&#x9;&#x9;&#xA;&lt;a href=&#34;/content/help/en/campaign/standard/channels/using/defining-the-direct-mail-content.html&#34; target=&#34;_blank&#34;&gt;Defining the direct mail content&lt;/a&gt;.&lt;/p&gt;&#xA;"
                               textIsRich="true"/>
                     <image_114 jcr:primaryType="nt:unstructured"
                                sling:resourceType="help/components/article-3/image"
                                jcr:title=""
                                alt=""
                                captionBottom=""
                                fileName="direct_mail_5.png"
                                originalFileName="images/en/direct_mail_5.png"
                                fileReference="/content/dam/help/en/campaign/standard/direct_mail_5.png"
                                imageRotate="0"
                                originalHeight=""
                                originalWidth=""
                                scaleOption="toTemplate"
                                status="legacy"/>
                  </step_par>
               </step_278_0>
               <step_279_0 jcr:primaryType="nt:unstructured" sling:resourceType="help/components/step">
                  <step_par jcr:primaryType="nt:unstructured"
                            sling:resourceType="help/components/procedure/step_parsys">
                     <text_552 jcr:primaryType="nt:unstructured"
                               sling:resourceType="help/components/article-3/text"
                               text="&lt;p&gt;Click on the &lt;strong&gt;Schedule&lt;/strong&gt; section of the delivery dashboard to define the contact date. For direct mail, the contact date is mandatory. For more information, refer to &#xA;&#x9;&#x9;&#x9;&#x9;&#x9;&#x9;&#x9;&#x9;&#x9;&#x9;&#x9;&#xA;&#x9;&#x9;&#x9;&#x9;&#x9;&#x9;&#x9;&lt;a href=&#34;/content/help/en/campaign/standard/sending/using/about-scheduling-messages.html&#34;&gt;Scheduling the send&lt;/a&gt;.&lt;/p&gt;&#xA;"
                               textIsRich="true"/>
                     <image_115 jcr:primaryType="nt:unstructured"
                                sling:resourceType="help/components/article-3/image"
                                jcr:title=""
                                alt=""
                                captionBottom=""
                                fileName="direct_mail_8.png"
                                originalFileName="images/en/direct_mail_8.png"
                                fileReference="/content/dam/help/en/campaign/standard/direct_mail_8.png"
                                imageRotate="0"
                                originalHeight=""
                                originalWidth=""
                                scaleOption="toTemplate"
                                status="legacy"/>
                  </step_par>
               </step_279_0>
               <step_280_0 jcr:primaryType="nt:unstructured" sling:resourceType="help/components/step">
                  <step_par jcr:primaryType="nt:unstructured"
                            sling:resourceType="help/components/procedure/step_parsys">
                     <text_553 jcr:primaryType="nt:unstructured"
                               sling:resourceType="help/components/article-3/text"
                               text="&lt;p&gt;If you added test profiles (refer to &#xA;&#x9;&#x9;&#x9;&#x9;&#x9;&#xA;&lt;a href=&#34;/content/help/en/campaign/standard/channels/using/defining-the-direct-mail-audience.html#adding-test-and-trap-profiles&#34; target=&#34;_blank&#34;&gt;Adding test and trap profiles&lt;/a&gt;), you can test your delivery before preparing the final file. It allows you to create a sample file containing only the test profiles selected.&lt;/p&gt;&#xA;"
                               textIsRich="true"/>
                     <text_554 jcr:primaryType="nt:unstructured"
                               sling:resourceType="help/components/article-3/text"
                               text="&lt;p&gt;Click on &lt;strong&gt;Test&lt;/strong&gt; to generate the sample file. Click on &lt;strong&gt;Summary&lt;/strong&gt;, in the top left corner, then select &lt;strong&gt;Proofs&lt;/strong&gt;. On the left part of the screen, select the proof and click on &lt;strong&gt;Download file&lt;/strong&gt;.&lt;/p&gt;&#xA;"
                               textIsRich="true"/>
                     <note_22 jcr:primaryType="nt:unstructured"
                              sling:resourceType="help/components/article-3/note"
                              text="&lt;p&gt;&#xA;                    The &lt;strong&gt;Export&lt;/strong&gt; role is required to allow Adobe Campaign to export the file and make it available for download. Please contact your administrator.&#xA;                &lt;/p&gt;&#xA;"
                              textIsRich="true"
                              type="note"/>
                     <image_116 jcr:primaryType="nt:unstructured"
                                sling:resourceType="help/components/article-3/image"
                                jcr:title=""
                                alt=""
                                captionBottom=""
                                fileName="direct_mail_19.png"
                                originalFileName="images/en/direct_mail_19.png"
                                fileReference="/content/dam/help/en/campaign/standard/direct_mail_19.png"
                                imageRotate="0"
                                originalHeight=""
                                originalWidth=""
                                scaleOption="toTemplate"
                                status="legacy"/>
                  </step_par>
               </step_280_0>
               <step_281_0 jcr:primaryType="nt:unstructured" sling:resourceType="help/components/step">
                  <step_par jcr:primaryType="nt:unstructured"
                            sling:resourceType="help/components/procedure/step_parsys">
                     <text_556 jcr:primaryType="nt:unstructured"
                               sling:resourceType="help/components/article-3/text"
                               text="&lt;p&gt;Once you have defined your delivery content, audience and contact date, click on the &lt;strong&gt;Prepare&lt;/strong&gt; button, on the delivery dashboard.&lt;/p&gt;&#xA;"
                               textIsRich="true"/>
                     <image_117 jcr:primaryType="nt:unstructured"
                                sling:resourceType="help/components/article-3/image"
                                jcr:title=""
                                alt=""
                                captionBottom=""
                                fileName="direct_mail_16.png"
                                originalFileName="images/en/direct_mail_16.png"
                                fileReference="/content/dam/help/en/campaign/standard/direct_mail_16.png"
                                imageRotate="0"
                                originalHeight=""
                                originalWidth=""
                                scaleOption="toTemplate"
                                status="legacy"/>
                     <text_557 jcr:primaryType="nt:unstructured"
                               sling:resourceType="help/components/article-3/text"
                               text="&lt;p&gt;Typology rules are applied. For example, all unspecified postal addresses are excluded from the target. This is why you need to make sure you have checked the &lt;strong&gt;Address specified&lt;/strong&gt; box in your profiles' information (see &#xA;&#x9;&#x9;&#x9;&#x9;&#x9;&#xA;&lt;a href=&#34;/content/help/en/campaign/standard/channels/using/about-direct-mail.html#recommendations&#34; target=&#34;_blank&#34;&gt;Recommendations&lt;/a&gt;). If you have defined a &lt;strong&gt;Maximum volume of message&lt;/strong&gt; in the direct mail properties or at the template level, it will also be applied here.&lt;/p&gt;&#xA;"
                               textIsRich="true"/>
                     <image_118 jcr:primaryType="nt:unstructured"
                                sling:resourceType="help/components/article-3/image"
                                jcr:title=""
                                alt=""
                                captionBottom=""
                                fileName="direct_mail_25.png"
                                originalFileName="images/en/direct_mail_25.png"
                                fileReference="/content/dam/help/en/campaign/standard/direct_mail_25.png"
                                imageRotate="0"
                                originalHeight=""
                                originalWidth=""
                                scaleOption="toTemplate"
                                status="legacy"/>
                     <note_23 jcr:primaryType="nt:unstructured"
                              sling:resourceType="help/components/article-3/note"
                              text="&lt;p&gt;&#xA;                    You can set global cross-channel fatigue rules that will automatically exclude oversollicited profiles from campaigns. See &#xA;&#x9;&#x9;&#x9;&#x9;&#x9;&#x9;&#x9;&#x9;&#x9;&#x9;&#x9;&#xA;&#x9;&#x9;&#x9;&#x9;&#x9;&#x9;&#x9;&lt;a href=&#34;/content/help/en/campaign/standard/administration/using/fatigue-rules.html&#34;&gt;Fatigue rules&lt;/a&gt;.&#xA;                &lt;/p&gt;&#xA;"
                              textIsRich="true"
                              type="note"/>
                  </step_par>
               </step_281_0>
               <step_282_0 jcr:primaryType="nt:unstructured" sling:resourceType="help/components/step">
                  <step_par jcr:primaryType="nt:unstructured"
                            sling:resourceType="help/components/procedure/step_parsys">
                     <text_559 jcr:primaryType="nt:unstructured"
                               sling:resourceType="help/components/article-3/text"
                               text="&lt;p&gt;Click on &lt;strong&gt;Explore file&lt;/strong&gt; to preview the first 100 lines of the file. &lt;/p&gt;&#xA;"
                               textIsRich="true"/>
                     <image_119 jcr:primaryType="nt:unstructured"
                                sling:resourceType="help/components/article-3/image"
                                jcr:title=""
                                alt=""
                                captionBottom=""
                                fileName="direct_mail_18.png"
                                originalFileName="images/en/direct_mail_18.png"
                                fileReference="/content/dam/help/en/campaign/standard/direct_mail_18.png"
                                imageRotate="0"
                                originalHeight=""
                                originalWidth=""
                                scaleOption="toTemplate"
                                status="legacy"/>
                     <text_560 jcr:primaryType="nt:unstructured"
                               sling:resourceType="help/components/article-3/text"
                               text="&lt;p&gt;The complete file is accessible for local download in the left part of the screen. Downloading the file generates a log entry in the &lt;strong&gt;Export audits&lt;/strong&gt; menu. For more information on export audits, refer to the &#xA;&#x9;&#x9;&#x9;&#x9;&#x9;&#x9;&#x9;&#x9;&#x9;&#x9;&#x9;&#xA;&#x9;&#x9;&#x9;&#x9;&#x9;&#x9;&#x9;&lt;a href=&#34;/content/help/en/campaign/standard/administration/using/auditing-export-logs.html&#34;&gt;Auditing exports&lt;/a&gt; section.&lt;/p&gt;&#xA;"
                               textIsRich="true"/>
                     <note_24 jcr:primaryType="nt:unstructured"
                              sling:resourceType="help/components/article-3/note"
                              text="&lt;p&gt;&#xA;                    The &lt;strong&gt;Export&lt;/strong&gt; role is required to allow Adobe Campaign to export the file and make it available for download. Please contact your administrator.&#xA;                &lt;/p&gt;&#xA;"
                              textIsRich="true"
                              type="note"/>
                     <text_562 jcr:primaryType="nt:unstructured"
                               sling:resourceType="help/components/article-3/text"
                               text="&lt;p&gt;If you need to change the delivery content, you only have to click on the &lt;strong&gt;Regenerate file&lt;/strong&gt; button to take the change into account. No need to go through the preparation again. &lt;/p&gt;&#xA;"
                               textIsRich="true"/>
                     <image_120 jcr:primaryType="nt:unstructured"
                                sling:resourceType="help/components/article-3/image"
                                jcr:title=""
                                alt=""
                                captionBottom=""
                                fileName="direct_mail_21.png"
                                originalFileName="images/en/direct_mail_21.png"
                                fileReference="/content/dam/help/en/campaign/standard/direct_mail_21.png"
                                imageRotate="0"
                                originalHeight=""
                                originalWidth=""
                                scaleOption="toTemplate"
                                status="legacy"/>
                  </step_par>
               </step_282_0>
               <step_283_0 jcr:primaryType="nt:unstructured" sling:resourceType="help/components/step">
                  <step_par jcr:primaryType="nt:unstructured"
                            sling:resourceType="help/components/procedure/step_parsys">
                     <text_563 jcr:primaryType="nt:unstructured"
                               sling:resourceType="help/components/article-3/text"
                               text="&lt;p&gt;To confirm that the file is final, click on &lt;strong&gt;Confirm&lt;/strong&gt; in the delivery dashboard.&lt;/p&gt;&#xA;"
                               textIsRich="true"/>
                     <image_121 jcr:primaryType="nt:unstructured"
                                sling:resourceType="help/components/article-3/image"
                                jcr:title=""
                                alt=""
                                captionBottom=""
                                fileName="direct_mail_20.png"
                                originalFileName="images/en/direct_mail_20.png"
                                fileReference="/content/dam/help/en/campaign/standard/direct_mail_20.png"
                                imageRotate="0"
                                originalHeight=""
                                originalWidth=""
                                scaleOption="toTemplate"
                                status="legacy"/>
                  </step_par>
               </step_283_0>
            </proc_par>
         </procedure_32_10>
        <text_564 jcr:primaryType="nt:unstructured"
                   sling:resourceType="help/components/article-3/text"
                   text="&lt;p&gt;You are now ready to send the extraction file to your direct mail provider. For this, you have several options:&lt;/p&gt;&#xA;"
                   textIsRich="true"/>
        <procedure_32 jcr:primaryType="nt:unstructured"
                       sling:resourceType="help/components/procedure"
                       isBulleted="true">
            <proc_par jcr:primaryType="nt:unstructured"
                      sling:resourceType="help/components/procedure/proc_parsys">
               <step_284_32 jcr:primaryType="nt:unstructured" sling:resourceType="help/components/step">
                  <step_par jcr:primaryType="nt:unstructured"
                            sling:resourceType="help/components/procedure/step_parsys">
                     <text_565 jcr:primaryType="nt:unstructured"
                               sling:resourceType="help/components/article-3/text"
                               text="&lt;p&gt;Send it via a regular email, with the file attached&lt;/p&gt;&#xA;"
                               textIsRich="true"/>
                  </step_par>
               </step_284_32>
               <step_285_32 jcr:primaryType="nt:unstructured" sling:resourceType="help/components/step">
                  <step_par jcr:primaryType="nt:unstructured"
                            sling:resourceType="help/components/procedure/step_parsys">
                     <text_566 jcr:primaryType="nt:unstructured"
                               sling:resourceType="help/components/article-3/text"
                               text="&lt;p&gt;Send it via Campaign: perform your direct mail within a campaign &#xA;&#x9;&#x9;&#x9;&#x9;&#x9;&#x9;&#x9;&#x9;&#x9;&#x9;&#x9;&#xA;&#x9;&#x9;&#x9;&#x9;&#x9;&#x9;&#x9;&lt;a href=&#34;/content/help/en/campaign/standard/automating/using/direct-mail-delivery.html&#34;&gt;workflow&lt;/a&gt; and add a &lt;strong&gt;Transfer file&lt;/strong&gt; to send the file via FTP for example. See &#xA;&#x9;&#x9;&#x9;&#x9;&#x9;&#x9;&#x9;&#x9;&#x9;&#x9;&#x9;&#xA;&#x9;&#x9;&#x9;&#x9;&#x9;&#x9;&#x9;&lt;a href=&#34;/content/help/en/campaign/standard/automating/using/transfer-file.html&#34;&gt;Transfer file&lt;/a&gt;.&lt;/p&gt;&#xA;"
                               textIsRich="true"/>
                  </step_par>
               </step_285_32>
            </proc_par>
         </procedure_32> 
        <text_567 jcr:primaryType="nt:unstructured"
                   sling:resourceType="help/components/article-3/text"
                   text="&lt;p&gt;The provider retrieves the list of erroneous addresses and sends this information to Adobe Campaign which automatically blacklists the erroneous addresses. See &#xA;&#x9;&#x9;&#x9;&#x9;&#x9;&#xA;&lt;a href=&#34;/content/help/en/campaign/standard/channels/using/return-to-sender.html&#34; target=&#34;_blank&#34;&gt;Return to sender&lt;/a&gt;.&lt;/p&gt;&#xA;"
                   textIsRich="true"/>

         
    
        
      </main-pars>
      <hero jcr:primaryType="nt:unstructured"
            sling:resourceType="foundation/components/image"/>
      <thumbnail jcr:primaryType="nt:unstructured"
                 sling:resourceType="foundation/components/image"/>
      <publisherLogo jcr:primaryType="nt:unstructured"
                     sling:resourceType="foundation/components/image"/>
   </jcr:content>
</jcr:root>