<?xml version="1.0" encoding="UTF-8"?>
<jcr:root xmlns:nt="http://www.jcp.org/jcr/nt/1.0" xmlns:json="http://json.org/"
          xmlns:sling="http://sling.apache.org/jcr/sling/1.0"
          xmlns:cq="http://www.day.com/jcr/cq/1.0"
          xmlns:jcr="http://www.jcp.org/jcr/1.0"
          xmlns:mix="http://www.jcp.org/jcr/mix/1.0"
          jcr:primaryType="cq:Page">
   <jcr:content navTitle="Creating an SMS message" jcr:primaryType="cq:PageContent"
                sling:resourceType="help/components/pages/article-3"
                heroGradient="light"
                jcr:language="en_us"
                cq:designPath="/etc/designs/help"
                cq:template="/apps/help/templates/article-3"
                jcr:mixinTypes="[mix:versionable]"
                jcr:title="Creating an SMS message"
                jcr:description="Creating an SMS message"
                seoDescription="Follow these steps to create a single-send SMS message in Adobe Campaign."
                primaryProductTag="[products:SG_CAMPAIGN/STANDARD]"
                cq:tags="[products:SG_CAMPAIGN/STANDARD,audience:channels,content_type:reference,topic_tags:sms-messages]"
                primaryAudienceTag="[audience:channels]"
                contentOwner="sauviat"
                isReadyForLocalization="true"
                publishExternalDate="2018-09-04">
      <main-pars jcr:primaryType="nt:unstructured"
                 sling:resourceType="foundation/components/parsys">
        
        
        
            
        
         <text_188 jcr:primaryType="nt:unstructured"
                   sling:resourceType="help/components/article-3/text"
                   text="&lt;p&gt;Creating an SMS delivery is very similar to creating a regular email. The following steps describe the configuration that is specific to this channel. Refer to &#xA;&#x9;&#x9;&#x9;&#x9;&#x9;&#x9;&#x9;&#x9;&#x9;&#x9;&#x9;&#xA;&#x9;&#x9;&#x9;&#x9;&#x9;&#x9;&#x9;&lt;a href=&#34;/content/help/en/campaign/standard/channels/using/creating-an-email.html&#34;&gt;Creating an email&lt;/a&gt; for more information on other options.&lt;/p&gt;&#xA;"
                   textIsRich="true"/>
        <text_189 jcr:primaryType="nt:unstructured"
                   sling:resourceType="help/components/article-3/text"
                   text="&lt;p&gt;Advanced SMS parameters are detailed in the &#xA;&#x9;&#x9;&#x9;&#x9;&#x9;&#x9;&#x9;&#x9;&#x9;&#x9;&#x9;&#xA;&#x9;&#x9;&#x9;&#x9;&#x9;&#x9;&#x9;&lt;a href=&#34;/content/help/en/campaign/standard/administration/using/configuring-sms-channel.html&#34;&gt; SMS configuration&lt;/a&gt; section.&lt;/p&gt;&#xA;"
                   textIsRich="true"/>
        <text_190 jcr:primaryType="nt:unstructured"
                   sling:resourceType="help/components/article-3/text"
                   text="&lt;p&gt;To create and send SMS messages to a mobile phone, you need:&lt;/p&gt;&#xA;"
                   textIsRich="true"/>
        <procedure_16 jcr:primaryType="nt:unstructured"
                       sling:resourceType="help/components/procedure"
                       isBulleted="true">
            <proc_par jcr:primaryType="nt:unstructured"
                      sling:resourceType="help/components/procedure/proc_parsys">
               <step_97_16 jcr:primaryType="nt:unstructured" sling:resourceType="help/components/step">
                  <step_par jcr:primaryType="nt:unstructured"
                            sling:resourceType="help/components/procedure/step_parsys">
                     <text_191 jcr:primaryType="nt:unstructured"
                               sling:resourceType="help/components/article-3/text"
                               text="&lt;p&gt;A &lt;strong&gt;Routing&lt;/strong&gt; external account configured on the &lt;strong&gt;Mobile (SMS)&lt;/strong&gt; channel with the &lt;strong&gt;Bulk delivery&lt;/strong&gt; mode. For more on this, refer to the &#xA;&#x9;&#x9;&#x9;&#x9;&#x9;&#x9;&#x9;&#x9;&#x9;&#x9;&#x9;&#xA;&#x9;&#x9;&#x9;&#x9;&#x9;&#x9;&#x9;&lt;a href=&#34;/content/help/en/campaign/standard/administration/using/configuring-sms-channel.html#defining-an-sms-routing&#34;&gt;Routing&lt;/a&gt; section.&lt;/p&gt;&#xA;"
                               textIsRich="true"/>
                  </step_par>
               </step_97_16>
               <step_98_16 jcr:primaryType="nt:unstructured" sling:resourceType="help/components/step">
                  <step_par jcr:primaryType="nt:unstructured"
                            sling:resourceType="help/components/procedure/step_parsys">
                     <text_192 jcr:primaryType="nt:unstructured"
                               sling:resourceType="help/components/article-3/text"
                               text="&lt;p&gt;A delivery template that is correctly linked to this external account.&lt;/p&gt;&#xA;"
                               textIsRich="true"/>
                  </step_par>
               </step_98_16>
            </proc_par>
         </procedure_16>
        <procedure_7_10 jcr:primaryType="nt:unstructured"
                         sling:resourceType="help/components/procedure">
            <proc_par jcr:primaryType="nt:unstructured"
                      sling:resourceType="help/components/procedure/proc_parsys">
               <step_99_0 jcr:primaryType="nt:unstructured" sling:resourceType="help/components/step">
                  <step_par jcr:primaryType="nt:unstructured"
                            sling:resourceType="help/components/procedure/step_parsys">
                     <text_193 jcr:primaryType="nt:unstructured"
                               sling:resourceType="help/components/article-3/text"
                               text="&lt;p&gt;Create an SMS delivery. You can do it from the Adobe Campaign &#xA;&#x9;&#x9;&#x9;&#x9;&#x9;&#x9;&#x9;&#x9;&#x9;&#x9;&#x9;&#xA;&#x9;&#x9;&#x9;&#x9;&#x9;&#x9;&#x9;&lt;a href=&#34;/content/help/en/campaign/standard/start/using/interface-description.html#home-page&#34;&gt;home page&lt;/a&gt;, in a &#xA;&#x9;&#x9;&#x9;&#x9;&#x9;&#x9;&#x9;&#x9;&#x9;&#x9;&#x9;&#xA;&#x9;&#x9;&#x9;&#x9;&#x9;&#x9;&#x9;&lt;a href=&#34;/content/help/en/campaign/standard/start/using/marketing-activities.html#creating-a-marketing-activity&#34;&gt;campaign&lt;/a&gt; or in the &#xA;&#x9;&#x9;&#x9;&#x9;&#x9;&#x9;&#x9;&#x9;&#x9;&#x9;&#x9;&#xA;&#x9;&#x9;&#x9;&#x9;&#x9;&#x9;&#x9;&lt;a href=&#34;/content/help/en/campaign/standard/start/using/programs-and-campaigns.html#creating-a-campaign&#34;&gt;marketing activity list&lt;/a&gt;.&lt;/p&gt;&#xA;"
                               textIsRich="true"/>
                     <text_194 jcr:primaryType="nt:unstructured"
                               sling:resourceType="help/components/article-3/text"
                               text="&lt;p&gt;You can also add an SMS activity in a workflow. For more on this, refer to the &#xA;&#x9;&#x9;&#x9;&#x9;&#x9;&#x9;&#x9;&#x9;&#x9;&#x9;&#x9;&#xA;&#x9;&#x9;&#x9;&#x9;&#x9;&#x9;&#x9;&lt;a href=&#34;/content/help/en/campaign/standard/automating/using/sms-delivery.html&#34;&gt;Workflows&lt;/a&gt; guide.&lt;/p&gt;&#xA;"
                               textIsRich="true"/>
                     <text_195 jcr:primaryType="nt:unstructured"
                               sling:resourceType="help/components/article-3/text"
                               text="&lt;p&gt;When creating a message, a wizard is displayed to walk you through the most important steps. What is defined through the wizard can still be edited afterward from the message dashboard.&lt;/p&gt;&#xA;"
                               textIsRich="true"/>
                  </step_par>
               </step_99_0>
               <step_100_0 jcr:primaryType="nt:unstructured" sling:resourceType="help/components/step">
                  <step_par jcr:primaryType="nt:unstructured"
                            sling:resourceType="help/components/procedure/step_parsys">
                     <text_196 jcr:primaryType="nt:unstructured"
                               sling:resourceType="help/components/article-3/text"
                               text="&lt;p&gt;Select the template you would like to use. You can choose either the out-of-the-box SMS template or one of your own templates.&lt;/p&gt;&#xA;"
                               textIsRich="true"/>
                     <image_22 jcr:primaryType="nt:unstructured"
                               sling:resourceType="help/components/article-3/image"
                               jcr:title=""
                               alt=""
                               captionBottom=""
                               fileName="sms_creation_1.png"
                               originalFileName="images/en/sms_creation_1.png"
                               fileReference="/content/dam/help/en/campaign/standard/sms_creation_1.png"
                               imageRotate="0"
                               originalHeight=""
                               originalWidth=""
                               scaleOption="toTemplate"
                               status="legacy"/>
                     <text_197 jcr:primaryType="nt:unstructured"
                               sling:resourceType="help/components/article-3/text"
                               text="&lt;p&gt;To deliver to a mobile telephone, the delivery template must be correctly linked to the SMS routing external account.&lt;/p&gt;&#xA;"
                               textIsRich="true"/>
                  </step_par>
               </step_100_0>
               <step_101_0 jcr:primaryType="nt:unstructured" sling:resourceType="help/components/step">
                  <step_par jcr:primaryType="nt:unstructured"
                            sling:resourceType="help/components/procedure/step_parsys">
                     <text_198 jcr:primaryType="nt:unstructured"
                               sling:resourceType="help/components/article-3/text"
                               text="&lt;p&gt;Enter the general properties of the SMS.&lt;/p&gt;&#xA;"
                               textIsRich="true"/>
                     <image_23 jcr:primaryType="nt:unstructured"
                               sling:resourceType="help/components/article-3/image"
                               jcr:title=""
                               alt=""
                               captionBottom=""
                               fileName="sms_creation_2.png"
                               originalFileName="images/en/sms_creation_2.png"
                               fileReference="/content/dam/help/en/campaign/standard/sms_creation_2.png"
                               imageRotate="0"
                               originalHeight=""
                               originalWidth=""
                               scaleOption="toTemplate"
                               status="legacy"/>
                     <text_199 jcr:primaryType="nt:unstructured"
                               sling:resourceType="help/components/article-3/text"
                               text="&lt;p&gt;Both the activity label and its ID appear in the interface, but they are not visible to the message recipients.&lt;/p&gt;&#xA;"
                               textIsRich="true"/>
                  </step_par>
               </step_101_0>
      
               <step_102_0 jcr:primaryType="nt:unstructured" sling:resourceType="help/components/step">
                  <step_par jcr:primaryType="nt:unstructured"
                            sling:resourceType="help/components/procedure/step_parsys">
                     <text_200 jcr:primaryType="nt:unstructured"
                               sling:resourceType="help/components/article-3/text"
                               text="&lt;p&gt;Specify the audience that you want to target. You can select an existing audience or directly target a population by defining and combining rules.&lt;/p&gt;&#xA;"
                               textIsRich="true"/>
                     <image_24 jcr:primaryType="nt:unstructured"
                               sling:resourceType="help/components/article-3/image"
                               jcr:title=""
                               alt=""
                               captionBottom=""
                               fileName="sms_creation_3.png"
                               originalFileName="images/en/sms_creation_3.png"
                               fileReference="/content/dam/help/en/campaign/standard/sms_creation_3.png"
                               imageRotate="0"
                               originalHeight=""
                               originalWidth=""
                               scaleOption="toTemplate"
                               status="legacy"/>
                  </step_par>
               </step_102_0>
               <step_103_0 jcr:primaryType="nt:unstructured" sling:resourceType="help/components/step">
                  <step_par jcr:primaryType="nt:unstructured"
                            sling:resourceType="help/components/procedure/step_parsys">
                     <text_201 jcr:primaryType="nt:unstructured"
                               sling:resourceType="help/components/article-3/text"
                               text="&lt;p&gt;Add content to your SMS. You can also define the content by clicking the &lt;strong&gt;Content&lt;/strong&gt; section of the delivery dashboard, once the SMS creation is finalized. See &#xA;&#x9;&#x9;&#x9;&#x9;&#x9;&#x9;&#x9;&#x9;&#x9;&#x9;&#x9;&#xA;&#x9;&#x9;&#x9;&#x9;&#x9;&#x9;&#x9;&lt;a href=&#34;/content/help/en/campaign/standard/designing/using/about-sms-and-push-content-design.html&#34;&gt;About SMS content design&lt;/a&gt;.&lt;/p&gt;&#xA;"
                               textIsRich="true"/>
                     <text_202 jcr:primaryType="nt:unstructured"
                               sling:resourceType="help/components/article-3/text"
                               text="&lt;p&gt;If you have inserted personalization fields or conditional text into the content of your SMS message, the length of the message may vary from one recipient to another. indeed, these factors may introduce characters that are not taken into account by the GSM encoding. This is why the message length has to be evaluated once personalization has been carried out. See &#xA;&#x9;&#x9;&#x9;&#x9;&#x9;&#xA;&lt;a href=&#34;/content/help/en/campaign/standard/channels/using/personalizing-sms-messages.html&#34; target=&#34;_blank&#34;&gt;Personalizing SMS messages&lt;/a&gt;.&lt;/p&gt;&#xA;"
                               textIsRich="true"/>
                     <image_25 jcr:primaryType="nt:unstructured"
                               sling:resourceType="help/components/article-3/image"
                               jcr:title=""
                               alt=""
                               captionBottom=""
                               fileName="sms_creation_4.png"
                               originalFileName="images/en/sms_creation_4.png"
                               fileReference="/content/dam/help/en/campaign/standard/sms_creation_4.png"
                               imageRotate="0"
                               originalHeight=""
                               originalWidth=""
                               scaleOption="toTemplate"
                               status="legacy"/>
                  </step_par>
               </step_103_0>
               <step_104_0 jcr:primaryType="nt:unstructured" sling:resourceType="help/components/step">
                  <step_par jcr:primaryType="nt:unstructured"
                            sling:resourceType="help/components/procedure/step_parsys">
                     <text_203 jcr:primaryType="nt:unstructured"
                               sling:resourceType="help/components/article-3/text"
                               text="&lt;p&gt;Confirm creating the message. Its dashboard is then displayed.&lt;/p&gt;&#xA;"
                               textIsRich="true"/>
                  </step_par>
               </step_104_0>
               <step_105_0 jcr:primaryType="nt:unstructured" sling:resourceType="help/components/step">
                  <step_par jcr:primaryType="nt:unstructured"
                            sling:resourceType="help/components/procedure/step_parsys">
                     <text_204 jcr:primaryType="nt:unstructured"
                               sling:resourceType="help/components/article-3/text"
                               text="&lt;p&gt;Schedule the sending. The SMS can be sent manually right after the message preparation or automatically at a scheduled date. See .&#xA;&#x9;&#x9;&#x9;&#x9;&#x9;&#x9;&#x9;&#x9;&#x9;&#x9;&#x9;&#xA;&#x9;&#x9;&#x9;&#x9;&#x9;&#x9;&#x9;&lt;a href=&#34;/content/help/en/campaign/standard/sending/using/about-scheduling-messages.html&#34;&gt;Sheduling messages&lt;/a&gt;&lt;/p&gt;&#xA;"
                               textIsRich="true"/>
                  </step_par>
               </step_105_0>
               <step_106_0 jcr:primaryType="nt:unstructured" sling:resourceType="help/components/step">
                  <step_par jcr:primaryType="nt:unstructured"
                            sling:resourceType="help/components/procedure/step_parsys">
                     <text_205 jcr:primaryType="nt:unstructured"
                               sling:resourceType="help/components/article-3/text"
                               text="&lt;p&gt;Prepare the message to analyze its validity, personalization and target.&lt;/p&gt;&#xA;"
                               textIsRich="true"/>
                     <image_26 jcr:primaryType="nt:unstructured"
                               sling:resourceType="help/components/article-3/image"
                               jcr:title=""
                               alt=""
                               captionBottom=""
                               fileName="sms_creation_6.png"
                               originalFileName="images/en/sms_creation_6.png"
                               fileReference="/content/dam/help/en/campaign/standard/sms_creation_6.png"
                               imageRotate="0"
                               originalHeight=""
                               originalWidth=""
                               scaleOption="toTemplate"
                               status="legacy"/>
                     <note_10 jcr:primaryType="nt:unstructured"
                              sling:resourceType="help/components/article-3/note"
                              text="&lt;p&gt;&#xA;                    You can set global cross-channel fatigue rules that will automatically exclude oversollicited profiles from campaigns. See &#xA;&#x9;&#x9;&#x9;&#x9;&#x9;&#x9;&#x9;&#x9;&#x9;&#x9;&#x9;&#xA;&#x9;&#x9;&#x9;&#x9;&#x9;&#x9;&#x9;&lt;a href=&#34;/content/help/en/campaign/standard/administration/using/fatigue-rules.html&#34;&gt;Fatigue rules&lt;/a&gt;.&#xA;                &lt;/p&gt;&#xA;"
                              textIsRich="true"
                              type="note"/>
                  </step_par>
               </step_106_0>
               <step_107_0 jcr:primaryType="nt:unstructured" sling:resourceType="help/components/step">
                  <step_par jcr:primaryType="nt:unstructured"
                            sling:resourceType="help/components/procedure/step_parsys">
                     <text_207 jcr:primaryType="nt:unstructured"
                               sling:resourceType="help/components/article-3/text"
                               text="&lt;p&gt;Send proofs to check and validate your message and monitor its inbox rendering. See the &#xA;&#x9;&#x9;&#x9;&#x9;&#x9;&#x9;&#x9;&#x9;&#x9;&#x9;&#x9;&#xA;&#x9;&#x9;&#x9;&#x9;&#x9;&#x9;&#x9;&lt;a href=&#34;/content/help/en/campaign/standard/sending/using/managing-test-profiles-and-sending-proofs.html#sending-proofs&#34;&gt;Sending proof&lt;/a&gt; section.&lt;/p&gt;&#xA;"
                               textIsRich="true"/>
                  </step_par>
               </step_107_0>
               <step_108_0 jcr:primaryType="nt:unstructured" sling:resourceType="help/components/step">
                  <step_par jcr:primaryType="nt:unstructured"
                            sling:resourceType="help/components/procedure/step_parsys">
                     <text_208 jcr:primaryType="nt:unstructured"
                               sling:resourceType="help/components/article-3/text"
                               text="&lt;p&gt;Confirm the sending of the message. The sending will start accordingly to the schedule you have defined.&lt;/p&gt;&#xA;"
                               textIsRich="true"/>
                     <image_27 jcr:primaryType="nt:unstructured"
                               sling:resourceType="help/components/article-3/image"
                               jcr:title=""
                               alt=""
                               captionBottom=""
                               fileName="sms_creation_7.png"
                               originalFileName="images/en/sms_creation_7.png"
                               fileReference="/content/dam/help/en/campaign/standard/sms_creation_7.png"
                               imageRotate="0"
                               originalHeight=""
                               originalWidth=""
                               scaleOption="toTemplate"
                               status="legacy"/>
                  </step_par>
               </step_108_0>
            </proc_par>
         </procedure_7_10>
        <text_209 jcr:primaryType="nt:unstructured"
                   sling:resourceType="help/components/article-3/text"
                   text="&lt;p&gt;The message is sent. You can check its delivery through the message dashboard and logs.&lt;/p&gt;&#xA;"
                   textIsRich="true"/>
        <text_210 jcr:primaryType="nt:unstructured"
                   sling:resourceType="help/components/article-3/text"
                   text="&lt;p&gt;Once the sending is finished, you can start measuring the impact of your message with built-in or custom delivery reports.&lt;/p&gt;&#xA;"
                   textIsRich="true"/>
         <text_211 jcr:primaryType="nt:unstructured"
                   sling:resourceType="help/components/article-3/text"
                   text="&lt;p&gt;&lt;strong&gt;Related topics:&lt;/strong&gt;&lt;/p&gt;&#xA;"
                   textIsRich="true"/>
        <procedure_17 jcr:primaryType="nt:unstructured"
                       sling:resourceType="help/components/procedure"
                       isBulleted="true">
            <proc_par jcr:primaryType="nt:unstructured"
                      sling:resourceType="help/components/procedure/proc_parsys">
               <step_109_17 jcr:primaryType="nt:unstructured" sling:resourceType="help/components/step">
                  <step_par jcr:primaryType="nt:unstructured"
                            sling:resourceType="help/components/procedure/step_parsys">
                     <text_212 jcr:primaryType="nt:unstructured"
                               sling:resourceType="help/components/article-3/text"
                               text="&lt;p&gt;&#xA;&lt;a href=&#34;JMA_sect1_ndh_dg4_h2b&#34;&gt;About SMS and push content edition&lt;/a&gt;&lt;/p&gt;&#xA;"
                               textIsRich="true"/>
                  </step_par>
               </step_109_17>
               <step_110_17 jcr:primaryType="nt:unstructured" sling:resourceType="help/components/step">
                  <step_par jcr:primaryType="nt:unstructured"
                            sling:resourceType="help/components/procedure/step_parsys">
                     <text_213 jcr:primaryType="nt:unstructured"
                               sling:resourceType="help/components/article-3/text"
                               text="&lt;p&gt;&#xA;&#x9;&#x9;&#x9;&#x9;&#x9;&#x9;&#x9;&#x9;&#x9;&#x9;&#x9;&#xA;&#x9;&#x9;&#x9;&#x9;&#x9;&#x9;&#x9;&lt;a href=&#34;/content/help/en/campaign/standard/start/using/about-templates.html&#34;&gt;Managing templates&lt;/a&gt;&lt;/p&gt;&#xA;"
                               textIsRich="true"/>
                  </step_par>
               </step_110_17>
               <step_111_17 jcr:primaryType="nt:unstructured" sling:resourceType="help/components/step">
                  <step_par jcr:primaryType="nt:unstructured"
                            sling:resourceType="help/components/procedure/step_parsys">
                     <text_214 jcr:primaryType="nt:unstructured"
                               sling:resourceType="help/components/article-3/text"
                               text="&lt;p&gt;&#xA;&lt;a href=&#34;https://docs.campaign.adobe.com/doc/standard/en/Videos/creating_sms.mp4&#34;&gt;Create an SMS delivery&lt;/a&gt; video&lt;/p&gt;&#xA;"
                               textIsRich="true"/>
                  </step_par>
               </step_111_17>
            </proc_par>
         </procedure_17>
      </main-pars>
      <hero jcr:primaryType="nt:unstructured"
            sling:resourceType="foundation/components/image"/>
      <thumbnail jcr:primaryType="nt:unstructured"
                 sling:resourceType="foundation/components/image"/>
      <publisherLogo jcr:primaryType="nt:unstructured"
                     sling:resourceType="foundation/components/image"/>
   </jcr:content>
</jcr:root>