<?xml version="1.0" encoding="UTF-8"?>
<jcr:root xmlns:nt="http://www.jcp.org/jcr/nt/1.0" xmlns:json="http://json.org/"
          xmlns:sling="http://sling.apache.org/jcr/sling/1.0"
          xmlns:cq="http://www.day.com/jcr/cq/1.0"
          xmlns:jcr="http://www.jcp.org/jcr/1.0"
          xmlns:mix="http://www.jcp.org/jcr/mix/1.0"
          jcr:primaryType="cq:Page">
   <jcr:content navTitle="Customizing a push notification" jcr:primaryType="cq:PageContent"
                sling:resourceType="help/components/pages/article-3"
                heroGradient="light"
                jcr:language="en_us"
                cq:designPath="/etc/designs/help"
                cq:template="/apps/help/templates/article-3"
                jcr:mixinTypes="[mix:versionable]"
                jcr:title="Customizing a push notification"
                jcr:description="Customizing a push notification"
                seoDescription="Learn how to customize your push notifications with various advanced options."
                primaryProductTag="[products:SG_CAMPAIGN/STANDARD]"
                cq:tags="[products:SG_CAMPAIGN/STANDARD,audience:channels,content_type:reference,topic_tags:push-notifications]"
                primaryAudienceTag="[audience:channels]"
                contentOwner="sauviat"
                isReadyForLocalization="true"
                publishExternalDate="2018-09-04">
      <main-pars jcr:primaryType="nt:unstructured"
                 sling:resourceType="foundation/components/parsys">
    
    
      
    
         <text_320 jcr:primaryType="nt:unstructured"
                   sling:resourceType="help/components/article-3/text"
                   text="&lt;p&gt;To fine-tune your push notification, Adobe Campaign allows you to access a set of advanced options while designing a push notification.&lt;/p&gt;&#xA;"
                   textIsRich="true"/>
         <image_51 jcr:primaryType="nt:unstructured"
                   sling:resourceType="help/components/article-3/image"
                   jcr:title=""
                   alt=""
                   captionBottom=""
                   fileName="push_notif_advanced.png"
                   originalFileName="images/en/push_notif_advanced.png"
                   fileReference="/content/dam/help/en/campaign/standard/push_notif_advanced.png"
                   imageRotate="0"
                   originalHeight=""
                   originalWidth=""
                   scaleOption="toTemplate"
                   status="legacy"/>
        
            <header_35 jcr:primaryType="nt:unstructured" sling:resourceType="help/components/header"
                    id="play-a-sound"
                    level="2"
                    text="&lt;p&gt;Play a sound&lt;/p&gt;&#xA;"
                    textIsRich="'true'"/>
            <text_321 jcr:primaryType="nt:unstructured"
                   sling:resourceType="help/components/article-3/text"
                   text="&lt;p&gt;The function &lt;strong&gt;Play a sound&lt;/strong&gt; gives the application the ability to play sounds on your device with the delivery of a push notification, when the app isn't running. &lt;/p&gt;&#xA;"
                   textIsRich="true"/>
            <text_322 jcr:primaryType="nt:unstructured"
                   sling:resourceType="help/components/article-3/text"
                   text="&lt;p&gt;A sound will alert users of a push notification, giving it more visibility. To include a sound in your mobile app:&lt;/p&gt;&#xA;"
                   textIsRich="true"/>
            <procedure_14_10 jcr:primaryType="nt:unstructured"
                          sling:resourceType="help/components/procedure">
            <proc_par jcr:primaryType="nt:unstructured"
                      sling:resourceType="help/components/procedure/proc_parsys">
                <step_161_0 jcr:primaryType="nt:unstructured" sling:resourceType="help/components/step">
                  <step_par jcr:primaryType="nt:unstructured"
                            sling:resourceType="help/components/procedure/step_parsys">
                    <text_323 jcr:primaryType="nt:unstructured"
                               sling:resourceType="help/components/article-3/text"
                               text="&lt;p&gt;Open the push notification and access the &lt;strong&gt;Advanced options&lt;/strong&gt; section.&lt;/p&gt;&#xA;"
                               textIsRich="true"/>
                  </step_par>
               </step_161_0>
                <step_162_0 jcr:primaryType="nt:unstructured" sling:resourceType="help/components/step">
                  <step_par jcr:primaryType="nt:unstructured"
                            sling:resourceType="help/components/procedure/step_parsys">
                    <text_324 jcr:primaryType="nt:unstructured"
                               sling:resourceType="help/components/article-3/text"
                               text="&lt;p&gt;In the &lt;strong&gt;Play a sound&lt;/strong&gt; field, enter the filename of the sound file, without the extension, to be played by the mobile device when the notification is received.&lt;/p&gt;&#xA;"
                               textIsRich="true"/>
                    <text_325 jcr:primaryType="nt:unstructured"
                               sling:resourceType="help/components/article-3/text"
                               text="&lt;p&gt;For more information on supported media formats, refer to &#xA;&lt;a href=&#34;https://support.apple.com/kb/PH16864?locale=en_US&#34;&gt;Apple&lt;/a&gt; and &#xA;&lt;a href=&#34;https://developer.android.com/guide/topics/media/media-formats.html&#34;&gt;Android&lt;/a&gt; documentations.&lt;/p&gt;&#xA;"
                               textIsRich="true"/>
                    <image_52 jcr:primaryType="nt:unstructured"
                               sling:resourceType="help/components/article-3/image"
                               jcr:title=""
                               alt=""
                               captionBottom=""
                               fileName="push_notif_advanced_7.png"
                               originalFileName="images/en/push_notif_advanced_7.png"
                               fileReference="/content/dam/help/en/campaign/standard/push_notif_advanced_7.png"
                               imageRotate="0"
                               originalHeight=""
                               originalWidth=""
                               scaleOption="toTemplate"
                               status="legacy"/>
                  </step_par>
               </step_162_0>
                <step_163_0 jcr:primaryType="nt:unstructured" sling:resourceType="help/components/step">
                  <step_par jcr:primaryType="nt:unstructured"
                            sling:resourceType="help/components/procedure/step_parsys">
                    <text_326 jcr:primaryType="nt:unstructured"
                               sling:resourceType="help/components/article-3/text"
                               text="&lt;p&gt;The sound file plays when delivering the notification if the file is defined in the mobile application's package. Otherwise, the device's default sound is played.&lt;/p&gt;&#xA;"
                               textIsRich="true"/>
                  </step_par>
               </step_163_0>
            </proc_par>
         </procedure_14_10>
            <text_327 jcr:primaryType="nt:unstructured"
                   sling:resourceType="help/components/article-3/text"
                   text="&lt;p&gt;The user will then receive the push notification and the sound only if his phone is not muted.&lt;/p&gt;&#xA;"
                   textIsRich="true"/>
        
        
            <header_36 jcr:primaryType="nt:unstructured" sling:resourceType="help/components/header"
                    id="refresh-the-badge-value"
                    level="2"
                    text="&lt;p&gt;Refresh the badge value&lt;/p&gt;&#xA;"
                    textIsRich="'true'"/>
            <text_328 jcr:primaryType="nt:unstructured"
                   sling:resourceType="help/components/article-3/text"
                   text="&lt;p&gt;A badge is used to display directly on the application icon the number of new unread information. The badge value will disappear as soon as the user opens or reads the new content from the application.&lt;/p&gt;&#xA;"
                   textIsRich="true"/>
            <text_329 jcr:primaryType="nt:unstructured"
                   sling:resourceType="help/components/article-3/text"
                   text="&lt;p&gt;When a notification is received on a device, it can refresh or add a badge value for the related app. To send a badge value from Server side: &lt;/p&gt;&#xA;"
                   textIsRich="true"/>
            <procedure_15_10 jcr:primaryType="nt:unstructured"
                          sling:resourceType="help/components/procedure">
            <proc_par jcr:primaryType="nt:unstructured"
                      sling:resourceType="help/components/procedure/proc_parsys">
                <step_164_0 jcr:primaryType="nt:unstructured" sling:resourceType="help/components/step">
                  <step_par jcr:primaryType="nt:unstructured"
                            sling:resourceType="help/components/procedure/step_parsys">
                    <text_330 jcr:primaryType="nt:unstructured"
                               sling:resourceType="help/components/article-3/text"
                               text="&lt;p&gt;Open the push notification and access the &lt;strong&gt;Advanced options&lt;/strong&gt; section.&lt;/p&gt;&#xA;"
                               textIsRich="true"/>
                  </step_par>
               </step_164_0>
                <step_165_0 jcr:primaryType="nt:unstructured" sling:resourceType="help/components/step">
                  <step_par jcr:primaryType="nt:unstructured"
                            sling:resourceType="help/components/procedure/step_parsys">
                    <text_331 jcr:primaryType="nt:unstructured"
                               sling:resourceType="help/components/article-3/text"
                               text="&lt;p&gt;The badge value must be an integer and can be updated different ways:&lt;/p&gt;&#xA;"
                               textIsRich="true"/>
                    <procedure_23 jcr:primaryType="nt:unstructured"
                                   sling:resourceType="help/components/procedure"
                                   isBulleted="true">
                        <proc_par jcr:primaryType="nt:unstructured"
                                  sling:resourceType="help/components/procedure/proc_parsys">
                           <step_165_23 jcr:primaryType="nt:unstructured" sling:resourceType="help/components/step">
                              <step_par jcr:primaryType="nt:unstructured"
                                        sling:resourceType="help/components/procedure/step_parsys">
                                 <text_332 jcr:primaryType="nt:unstructured"
                                           sling:resourceType="help/components/article-3/text"
                                           text="&lt;p&gt;To refresh the badge, enter 0 in the &lt;strong&gt;Value of the badge&lt;/strong&gt; field. This will remove the badge from the application icon.&lt;/p&gt;&#xA;"
                                           textIsRich="true"/>
                              </step_par>
                           </step_165_23>
                           <step_166_23 jcr:primaryType="nt:unstructured" sling:resourceType="help/components/step">
                              <step_par jcr:primaryType="nt:unstructured"
                                        sling:resourceType="help/components/procedure/step_parsys">
                                 <text_333 jcr:primaryType="nt:unstructured"
                                           sling:resourceType="help/components/article-3/text"
                                           text="&lt;p&gt;To add a badge value, enter any number in the &lt;strong&gt;Value of the badge&lt;/strong&gt; field. This number will automatically appear in the badge as soon as the user received the push notification.&lt;/p&gt;&#xA;"
                                           textIsRich="true"/>
                              </step_par>
                           </step_166_23>
                           <step_167_23 jcr:primaryType="nt:unstructured" sling:resourceType="help/components/step">
                              <step_par jcr:primaryType="nt:unstructured"
                                        sling:resourceType="help/components/procedure/step_parsys">
                                 <text_334 jcr:primaryType="nt:unstructured"
                                           sling:resourceType="help/components/article-3/text"
                                           text="&lt;p&gt;If the field is empty or does not contain an integer, the badge value will not change.&lt;/p&gt;&#xA;"
                                           textIsRich="true"/>
                              </step_par>
                           </step_167_23>
                        </proc_par>
                     </procedure_23>
                    <text_335 jcr:primaryType="nt:unstructured"
                               sling:resourceType="help/components/article-3/text"
                               text="&lt;p&gt;Here, we entered 1 in the &lt;strong&gt;Value of the badge&lt;/strong&gt; field to let the users know that they have a new information in their application. &lt;/p&gt;&#xA;"
                               textIsRich="true"/>
                    <image_53 jcr:primaryType="nt:unstructured"
                               sling:resourceType="help/components/article-3/image"
                               jcr:title=""
                               alt=""
                               captionBottom=""
                               fileName="push_notif_advanced_8.png"
                               originalFileName="images/en/push_notif_advanced_8.png"
                               fileReference="/content/dam/help/en/campaign/standard/push_notif_advanced_8.png"
                               imageRotate="0"
                               originalHeight=""
                               originalWidth=""
                               scaleOption="toTemplate"
                               status="legacy"/>
                  </step_par>
               </step_165_0>
                <step_169_0 jcr:primaryType="nt:unstructured" sling:resourceType="help/components/step">
                  <step_par jcr:primaryType="nt:unstructured"
                            sling:resourceType="help/components/procedure/step_parsys">
                    <text_336 jcr:primaryType="nt:unstructured"
                               sling:resourceType="help/components/article-3/text"
                               text="&lt;p&gt;After sending your message, users will receive the push notification and their application will automatically display the new badge value.&lt;/p&gt;&#xA;"
                               textIsRich="true"/>
                    <image_54 jcr:primaryType="nt:unstructured"
                               sling:resourceType="help/components/article-3/image"
                               jcr:title=""
                               alt=""
                               captionBottom=""
                               fileName="push_notif_advanced_1.png"
                               originalFileName="images/en/push_notif_advanced_1.png"
                               fileReference="/content/dam/help/en/campaign/standard/push_notif_advanced_1.png"
                               imageRotate="0"
                               originalHeight=""
                               originalWidth=""
                               scaleOption="toTemplate"
                               status="legacy"/>
                  </step_par>
               </step_169_0>
            </proc_par>
         </procedure_15_10>
        
        
            <header_37 jcr:primaryType="nt:unstructured" sling:resourceType="help/components/header"
                    id="add-a-deeplink"
                    level="2"
                    text="&lt;p&gt;Add a deeplink&lt;/p&gt;&#xA;"
                    textIsRich="'true'"/>
            <text_337 jcr:primaryType="nt:unstructured"
                   sling:resourceType="help/components/article-3/text"
                   text="&lt;p&gt;A deeplink enables you to bring the users directly to content located inside the application (instead of opening a web browser page).&lt;/p&gt;&#xA;"
                   textIsRich="true"/>
            <text_338 jcr:primaryType="nt:unstructured"
                   sling:resourceType="help/components/article-3/text"
                   text="&lt;p&gt;A deeplink can include personalization data for a custom in-app experience. For example, recipients' first names are automatically filled in on the page that the application directs them to.&lt;/p&gt;&#xA;"
                   textIsRich="true"/>
            <text_339 jcr:primaryType="nt:unstructured"
                   sling:resourceType="help/components/article-3/text"
                   text="&lt;p&gt;To add a deeplink in a push notification:&lt;/p&gt;&#xA;"
                   textIsRich="true"/>
            <procedure_16_10 jcr:primaryType="nt:unstructured"
                          sling:resourceType="help/components/procedure">
            <proc_par jcr:primaryType="nt:unstructured"
                      sling:resourceType="help/components/procedure/proc_parsys">
                <step_170_0 jcr:primaryType="nt:unstructured" sling:resourceType="help/components/step">
                  <step_par jcr:primaryType="nt:unstructured"
                            sling:resourceType="help/components/procedure/step_parsys">
                    <text_340 jcr:primaryType="nt:unstructured"
                               sling:resourceType="help/components/article-3/text"
                               text="&lt;p&gt;Open the push notification and access the &lt;strong&gt;Advanced options&lt;/strong&gt; section.&lt;/p&gt;&#xA;"
                               textIsRich="true"/>
                  </step_par>
               </step_170_0>
                <step_171_0 jcr:primaryType="nt:unstructured" sling:resourceType="help/components/step">
                  <step_par jcr:primaryType="nt:unstructured"
                            sling:resourceType="help/components/procedure/step_parsys">
                    <text_341 jcr:primaryType="nt:unstructured"
                               sling:resourceType="help/components/article-3/text"
                               text="&lt;p&gt;Enter the link in the &lt;strong&gt;Add a deeplink&lt;/strong&gt; field.&lt;/p&gt;&#xA;"
                               textIsRich="true"/>
                    <image_55 jcr:primaryType="nt:unstructured"
                               sling:resourceType="help/components/article-3/image"
                               jcr:title=""
                               alt=""
                               captionBottom=""
                               fileName="push_notif_advanced_3.png"
                               originalFileName="images/en/push_notif_advanced_3.png"
                               fileReference="/content/dam/help/en/campaign/standard/push_notif_advanced_3.png"
                               imageRotate="0"
                               originalHeight=""
                               originalWidth=""
                               scaleOption="toTemplate"
                               status="legacy"/>
                  </step_par>
               </step_171_0>
                <step_172_0 jcr:primaryType="nt:unstructured" sling:resourceType="help/components/step">
                  <step_par jcr:primaryType="nt:unstructured"
                            sling:resourceType="help/components/procedure/step_parsys">
                    <text_342 jcr:primaryType="nt:unstructured"
                               sling:resourceType="help/components/article-3/text"
                               text="&lt;p&gt;After sending your message, the users will receive the push notification and access the specific page in the app by interacting with the notification e.g. tapping or clicking the call to action button.&lt;/p&gt;&#xA;"
                               textIsRich="true"/>
                    <image_56 jcr:primaryType="nt:unstructured"
                               sling:resourceType="help/components/article-3/image"
                               jcr:title=""
                               alt=""
                               captionBottom=""
                               fileName="push_notif_advanced_4.png"
                               originalFileName="images/en/push_notif_advanced_4.png"
                               fileReference="/content/dam/help/en/campaign/standard/push_notif_advanced_4.png"
                               imageRotate="0"
                               originalHeight=""
                               originalWidth=""
                               scaleOption="toTemplate"
                               status="legacy"/>
                  </step_par>
               </step_172_0>
            </proc_par>
         </procedure_16_10>
        
        
            <header_38 jcr:primaryType="nt:unstructured" sling:resourceType="help/components/header"
                    id="define-an-action"
                    level="2"
                    text="&lt;p&gt;Define an action&lt;/p&gt;&#xA;"
                    textIsRich="'true'"/>
            <text_343 jcr:primaryType="nt:unstructured"
                   sling:resourceType="help/components/article-3/text"
                   text="&lt;p&gt;You can add a category ID if available in the mobile application, and then display action buttons. These notifications give the user a faster way to perform different tasks in response to a notification without opening or navigating in the application.&lt;/p&gt;&#xA;"
                   textIsRich="true"/>
            <text_344 jcr:primaryType="nt:unstructured"
                   sling:resourceType="help/components/article-3/text"
                   text="&lt;p&gt;The dialog which appears on the user's phone requires a decision to proceed. When the user selects one of the action, the system notifies the application so that it can perform any associated tasks.&lt;/p&gt;&#xA;"
                   textIsRich="true"/>
            <text_345 jcr:primaryType="nt:unstructured"
                   sling:resourceType="help/components/article-3/text"
                   text="&lt;p&gt;To add a category in a push notification:&lt;/p&gt;&#xA;"
                   textIsRich="true"/>
            <procedure_17_10 jcr:primaryType="nt:unstructured"
                          sling:resourceType="help/components/procedure">
            <proc_par jcr:primaryType="nt:unstructured"
                      sling:resourceType="help/components/procedure/proc_parsys">
                <step_173_0 jcr:primaryType="nt:unstructured" sling:resourceType="help/components/step">
                  <step_par jcr:primaryType="nt:unstructured"
                            sling:resourceType="help/components/procedure/step_parsys">
                    <text_346 jcr:primaryType="nt:unstructured"
                               sling:resourceType="help/components/article-3/text"
                               text="&lt;p&gt;Open the push notification and access the &lt;strong&gt;Advanced options&lt;/strong&gt; section.&lt;/p&gt;&#xA;"
                               textIsRich="true"/>
                  </step_par>
               </step_173_0>
                <step_174_0 jcr:primaryType="nt:unstructured" sling:resourceType="help/components/step">
                  <step_par jcr:primaryType="nt:unstructured"
                            sling:resourceType="help/components/procedure/step_parsys">
                    <text_347 jcr:primaryType="nt:unstructured"
                               sling:resourceType="help/components/article-3/text"
                               text="&lt;p&gt;Enter a predefined category name in the &lt;strong&gt;Category&lt;/strong&gt; field to display actionable buttons when the push notification is received.&lt;/p&gt;&#xA;"
                               textIsRich="true"/>
                    <text_348 jcr:primaryType="nt:unstructured"
                               sling:resourceType="help/components/article-3/text"
                               text="&lt;p&gt;The mobile application developer must define the category ID and the buttons' expected behavior in the application. For more on this, refer to the &#xA;&lt;a href=&#34;https://developer.apple.com/library/content/documentation/NetworkingInternet/Conceptual/RemoteNotificationsPG/SupportingNotificationsinYourApp.html&#34;&gt;Apple Developer documentation&lt;/a&gt; (&lt;strong&gt;Configuring Categories and Actionable Notifications&lt;/strong&gt; section) or the &#xA;&lt;a href=&#34;https://developer.android.com/guide/topics/ui/notifiers/notifications.html&#34;&gt;Android Developer documentation&lt;/a&gt;.&lt;/p&gt;&#xA;"
                               textIsRich="true"/>
                    <image_57 jcr:primaryType="nt:unstructured"
                               sling:resourceType="help/components/article-3/image"
                               jcr:title=""
                               alt=""
                               captionBottom=""
                               fileName="push_notif_advanced_9.png"
                               originalFileName="images/en/push_notif_advanced_9.png"
                               fileReference="/content/dam/help/en/campaign/standard/push_notif_advanced_9.png"
                               imageRotate="0"
                               originalHeight=""
                               originalWidth=""
                               scaleOption="toTemplate"
                               status="legacy"/>
                  </step_par>
               </step_174_0>
                <step_175_0 jcr:primaryType="nt:unstructured" sling:resourceType="help/components/step">
                  <step_par jcr:primaryType="nt:unstructured"
                            sling:resourceType="help/components/procedure/step_parsys">
                    <text_349 jcr:primaryType="nt:unstructured"
                               sling:resourceType="help/components/article-3/text"
                               text="&lt;p&gt;After sending your push notification, users receive it and have to take action with the previously configured actionable buttons.&lt;/p&gt;&#xA;"
                               textIsRich="true"/>
                    <image_58 jcr:primaryType="nt:unstructured"
                               sling:resourceType="help/components/article-3/image"
                               jcr:title=""
                               alt=""
                               captionBottom=""
                               fileName="push_notif_actionable_buttons.png"
                               originalFileName="images/en/push_notif_actionable_buttons.png"
                               fileReference="/content/dam/help/en/campaign/standard/push_notif_actionable_buttons.png"
                               imageRotate="0"
                               originalHeight=""
                               originalWidth=""
                               scaleOption="toTemplate"
                               status="legacy"/>
                  </step_par>
               </step_175_0>
            </proc_par>
         </procedure_17_10>
            <text_350 jcr:primaryType="nt:unstructured"
                   sling:resourceType="help/components/article-3/text"
                   text="&lt;p&gt;Depending on the user's action, the application will be notified so that it can perform any associated tasks.&lt;/p&gt;&#xA;"
                   textIsRich="true"/>
        
        
            <header_39 jcr:primaryType="nt:unstructured" sling:resourceType="help/components/header"
                    id="add-custom-fields"
                    level="2"
                    text="&lt;p&gt;Add custom fields&lt;/p&gt;&#xA;"
                    textIsRich="'true'"/>
            <text_351 jcr:primaryType="nt:unstructured"
                   sling:resourceType="help/components/article-3/text"
                   text="&lt;p&gt;Custom fields allow you to pass custom data in the payload in the form of a key value pair. This option can be used to pass additional data to the application beyond the pre-defined keys.&lt;/p&gt;&#xA;"
                   textIsRich="true"/>
            <text_352 jcr:primaryType="nt:unstructured"
                   sling:resourceType="help/components/article-3/text"
                   text="&lt;p&gt;To do so:&lt;/p&gt;&#xA;"
                   textIsRich="true"/>
            <procedure_18_10 jcr:primaryType="nt:unstructured"
                          sling:resourceType="help/components/procedure">
            <proc_par jcr:primaryType="nt:unstructured"
                      sling:resourceType="help/components/procedure/proc_parsys">
                <step_176_0 jcr:primaryType="nt:unstructured" sling:resourceType="help/components/step">
                  <step_par jcr:primaryType="nt:unstructured"
                            sling:resourceType="help/components/procedure/step_parsys">
                    <text_353 jcr:primaryType="nt:unstructured"
                               sling:resourceType="help/components/article-3/text"
                               text="&lt;p&gt;Open the push notification and access the &lt;strong&gt;Advanced options&lt;/strong&gt; section.&lt;/p&gt;&#xA;"
                               textIsRich="true"/>
                  </step_par>
               </step_176_0>
                <step_177_0 jcr:primaryType="nt:unstructured" sling:resourceType="help/components/step">
                  <step_par jcr:primaryType="nt:unstructured"
                            sling:resourceType="help/components/procedure/step_parsys">
                    <text_354 jcr:primaryType="nt:unstructured"
                               sling:resourceType="help/components/article-3/text"
                               text="&lt;p&gt;In the &lt;strong&gt;Custom fields &lt;/strong&gt;category, click the &lt;strong&gt;Add an element&lt;/strong&gt; button.&lt;/p&gt;&#xA;"
                               textIsRich="true"/>
                  </step_par>
               </step_177_0>
                <step_178_0 jcr:primaryType="nt:unstructured" sling:resourceType="help/components/step">
                  <step_par jcr:primaryType="nt:unstructured"
                            sling:resourceType="help/components/procedure/step_parsys">
                    <text_355 jcr:primaryType="nt:unstructured"
                               sling:resourceType="help/components/article-3/text"
                               text="&lt;p&gt;Enter your &lt;strong&gt;Keys&lt;/strong&gt; then the &lt;strong&gt;Values&lt;/strong&gt; associated with each key.&lt;/p&gt;&#xA;"
                               textIsRich="true"/>
                    <image_59 jcr:primaryType="nt:unstructured"
                               sling:resourceType="help/components/article-3/image"
                               jcr:title=""
                               alt=""
                               captionBottom=""
                               fileName="push_notif_advanced_10.png"
                               originalFileName="images/en/push_notif_advanced_10.png"
                               fileReference="/content/dam/help/en/campaign/standard/push_notif_advanced_10.png"
                               imageRotate="0"
                               originalHeight=""
                               originalWidth=""
                               scaleOption="toTemplate"
                               status="legacy"/>
                  </step_par>
               </step_178_0>
                <step_179_0 jcr:primaryType="nt:unstructured" sling:resourceType="help/components/step">
                  <step_par jcr:primaryType="nt:unstructured"
                            sling:resourceType="help/components/procedure/step_parsys">
                    <text_356 jcr:primaryType="nt:unstructured"
                               sling:resourceType="help/components/article-3/text"
                               text="&lt;p&gt;The handling and purpose of custom fields is entirely up to the mobile app. In the below push notification, custom fields have been used by the app to display button labels for the push notification.&lt;/p&gt;&#xA;"
                               textIsRich="true"/>
                    <image_60 jcr:primaryType="nt:unstructured"
                               sling:resourceType="help/components/article-3/image"
                               jcr:title=""
                               alt=""
                               captionBottom=""
                               fileName="push_notif_actionable_buttons.png"
                               originalFileName="images/en/push_notif_actionable_buttons.png"
                               fileReference="/content/dam/help/en/campaign/standard/push_notif_actionable_buttons.png"
                               imageRotate="0"
                               originalHeight=""
                               originalWidth=""
                               scaleOption="toTemplate"
                               status="legacy"/>
                  </step_par>
               </step_179_0>
            </proc_par>
         </procedure_18_10>
        
        
            <header_40 jcr:primaryType="nt:unstructured" sling:resourceType="help/components/header"
                    id="add-rich-media-content"
                    level="2"
                    text="&lt;p&gt;Add rich media content&lt;/p&gt;&#xA;"
                    textIsRich="'true'"/>
            <text_357 jcr:primaryType="nt:unstructured"
                   sling:resourceType="help/components/article-3/text"
                   text="&lt;p&gt;Rich media content allows you to have a better user engagement meaning that your user will be more inclined to open your push notification.&lt;/p&gt;&#xA;"
                   textIsRich="true"/>
            <text_358 jcr:primaryType="nt:unstructured"
                   sling:resourceType="help/components/article-3/text"
                   text="&lt;p&gt;You can include an image, gif, audio or video file that will be played or displayed in the notification itself. Your app users will not have to open the application to see it.&lt;/p&gt;&#xA;"
                   textIsRich="true"/>
            <text_359 jcr:primaryType="nt:unstructured"
                   sling:resourceType="help/components/article-3/text"
                   text="&lt;p&gt;To include rich media in the push notification:&lt;/p&gt;&#xA;"
                   textIsRich="true"/>
            <procedure_19_10 jcr:primaryType="nt:unstructured"
                          sling:resourceType="help/components/procedure">
            <proc_par jcr:primaryType="nt:unstructured"
                      sling:resourceType="help/components/procedure/proc_parsys">
                <step_180_0 jcr:primaryType="nt:unstructured" sling:resourceType="help/components/step">
                  <step_par jcr:primaryType="nt:unstructured"
                            sling:resourceType="help/components/procedure/step_parsys">
                    <text_360 jcr:primaryType="nt:unstructured"
                               sling:resourceType="help/components/article-3/text"
                               text="&lt;p&gt;Open the push notification and access the &lt;strong&gt;Advanced options&lt;/strong&gt; section.&lt;/p&gt;&#xA;"
                               textIsRich="true"/>
                  </step_par>
               </step_180_0>
                <step_181_0 jcr:primaryType="nt:unstructured" sling:resourceType="help/components/step">
                  <step_par jcr:primaryType="nt:unstructured"
                            sling:resourceType="help/components/procedure/step_parsys">
                    <text_361 jcr:primaryType="nt:unstructured"
                               sling:resourceType="help/components/article-3/text"
                               text="&lt;p&gt;Enter the URL of your file in the &lt;strong&gt;Rich media content URL&lt;/strong&gt; field for each format: iOS and Android.&lt;/p&gt;&#xA;"
                               textIsRich="true"/>
                    <text_362 jcr:primaryType="nt:unstructured"
                               sling:resourceType="help/components/article-3/text"
                               text="&lt;p&gt;For iOS 10 or higher, you can insert image, gif, audio and video files. For earlier iOS versions, the push notification will be displayed without rich content.&lt;/p&gt;&#xA;"
                               textIsRich="true"/>
                    <text_363 jcr:primaryType="nt:unstructured"
                               sling:resourceType="help/components/article-3/text"
                               text="&lt;p&gt;For Android, you can only include images.&lt;/p&gt;&#xA;"
                               textIsRich="true"/>
                    <image_61 jcr:primaryType="nt:unstructured"
                               sling:resourceType="help/components/article-3/image"
                               jcr:title=""
                               alt=""
                               captionBottom=""
                               fileName="push_notif_advanced_6.png"
                               originalFileName="images/en/push_notif_advanced_6.png"
                               fileReference="/content/dam/help/en/campaign/standard/push_notif_advanced_6.png"
                               imageRotate="0"
                               originalHeight=""
                               originalWidth=""
                               scaleOption="toTemplate"
                               status="legacy"/>
                  </step_par>
               </step_181_0>
                <step_182_0 jcr:primaryType="nt:unstructured" sling:resourceType="help/components/step">
                  <step_par jcr:primaryType="nt:unstructured"
                            sling:resourceType="help/components/procedure/step_parsys">
                    <text_364 jcr:primaryType="nt:unstructured"
                               sling:resourceType="help/components/article-3/text"
                               text="&lt;p&gt;After sending your message, the user will receive your push notification and can view the rich media content.&lt;/p&gt;&#xA;"
                               textIsRich="true"/>
                    <image_62 jcr:primaryType="nt:unstructured"
                               sling:resourceType="help/components/article-3/image"
                               jcr:title=""
                               alt=""
                               captionBottom=""
                               fileName="push_notif_advanced_2.png"
                               originalFileName="images/en/push_notif_advanced_2.png"
                               fileReference="/content/dam/help/en/campaign/standard/push_notif_advanced_2.png"
                               imageRotate="0"
                               originalHeight=""
                               originalWidth=""
                               scaleOption="toTemplate"
                               status="legacy"/>
                  </step_par>
               </step_182_0>
            </proc_par>
         </procedure_19_10>
        
        
            <header_41 jcr:primaryType="nt:unstructured" sling:resourceType="help/components/header"
                    id="change-the-notification-behavior-for-ios"
                    level="2"
                    text="&lt;p&gt;Change the notification behavior for iOS&lt;/p&gt;&#xA;"
                    textIsRich="'true'"/>
            <image_63 jcr:primaryType="nt:unstructured"
                   sling:resourceType="help/components/article-3/image"
                   jcr:title=""
                   alt=""
                   captionBottom=""
                   fileName="push_notif_advanced_5.png"
                   originalFileName="images/en/push_notif_advanced_5.png"
                   fileReference="/content/dam/help/en/campaign/standard/push_notif_advanced_5.png"
                   imageRotate="0"
                   originalHeight=""
                   originalWidth=""
                   scaleOption="toTemplate"
                   status="legacy"/>
            <text_365 jcr:primaryType="nt:unstructured"
                   sling:resourceType="help/components/article-3/text"
                   text="&lt;p&gt;For iOS 10 or higher, two additional options are available in the &lt;strong&gt;Advanced options&lt;/strong&gt; section of push notifications: &lt;strong&gt;Mutable content&lt;/strong&gt; and &lt;strong&gt;Content available&lt;/strong&gt;.&lt;/p&gt;&#xA;"
                   textIsRich="true"/>
            <text_366 jcr:primaryType="nt:unstructured"
                   sling:resourceType="help/components/article-3/text"
                   text="&lt;p&gt;When the &lt;strong&gt;Mutable content&lt;/strong&gt; option is checked and/or a Rich media content URL is added, the mutable-content flag will be sent in the push payload and will allow the push notification content to be modified by a notification service application extension provided in iOS SDK. For more on this, refer to &#xA;&lt;a href=&#34;https://developer.apple.com/library/content/documentation/NetworkingInternet/Conceptual/RemoteNotificationsPG/ModifyingNotifications.html&#34;&gt;Apple developer documentation&lt;/a&gt;.&lt;/p&gt;&#xA;"
                   textIsRich="true"/>
            <text_367 jcr:primaryType="nt:unstructured"
                   sling:resourceType="help/components/article-3/text"
                   text="&lt;p&gt;You can then leverage your mobile app extensions to further modify the content or presentation of arriving push notifications sent from Adobe Campaign. For example, users can leverage this option to: &lt;/p&gt;&#xA;"
                   textIsRich="true"/>
            <procedure_24 jcr:primaryType="nt:unstructured"
                       sling:resourceType="help/components/procedure"
                       isBulleted="true">
            <proc_par jcr:primaryType="nt:unstructured"
                      sling:resourceType="help/components/procedure/proc_parsys">
                <step_183_24 jcr:primaryType="nt:unstructured" sling:resourceType="help/components/step">
                  <step_par jcr:primaryType="nt:unstructured"
                            sling:resourceType="help/components/procedure/step_parsys">
                    <text_368 jcr:primaryType="nt:unstructured"
                               sling:resourceType="help/components/article-3/text"
                               text="&lt;p&gt;Decrypt data that was delivered in an encrypted format&lt;/p&gt;&#xA;"
                               textIsRich="true"/>
                  </step_par>
               </step_183_24>
                <step_184_24 jcr:primaryType="nt:unstructured" sling:resourceType="help/components/step">
                  <step_par jcr:primaryType="nt:unstructured"
                            sling:resourceType="help/components/procedure/step_parsys">
                    <text_369 jcr:primaryType="nt:unstructured"
                               sling:resourceType="help/components/article-3/text"
                               text="&lt;p&gt;Download images or other media files and add them as attachments to a notification&lt;/p&gt;&#xA;"
                               textIsRich="true"/>
                  </step_par>
               </step_184_24>
                <step_185_24 jcr:primaryType="nt:unstructured" sling:resourceType="help/components/step">
                  <step_par jcr:primaryType="nt:unstructured"
                            sling:resourceType="help/components/procedure/step_parsys">
                    <text_370 jcr:primaryType="nt:unstructured"
                               sling:resourceType="help/components/article-3/text"
                               text="&lt;p&gt; Change the body or title text of a notification &lt;/p&gt;&#xA;"
                               textIsRich="true"/>
                  </step_par>
               </step_185_24>
                <step_186_24 jcr:primaryType="nt:unstructured" sling:resourceType="help/components/step">
                  <step_par jcr:primaryType="nt:unstructured"
                            sling:resourceType="help/components/procedure/step_parsys">
                    <text_371 jcr:primaryType="nt:unstructured"
                               sling:resourceType="help/components/article-3/text"
                               text="&lt;p&gt;Add a thread identifier to a notification&lt;/p&gt;&#xA;"
                               textIsRich="true"/>
                  </step_par>
               </step_186_24>
            </proc_par>
         </procedure_24>
            <text_372 jcr:primaryType="nt:unstructured"
                   sling:resourceType="help/components/article-3/text"
                   text="&lt;p&gt;When &lt;strong&gt;Content available&lt;/strong&gt; is checked, the content available flag will be sent in the push payload to ensure that the app is woken up as soon as it receives the push notification, meaning that the app will be able to access the payload data. This works even if the app is running in the background and without needing any user interaction (e.g. tapping on Push notification), however, this does not apply if the app is not running. For more on this, refer to the &#xA;&lt;a href=&#34;https://developer.apple.com/library/content/documentation/NetworkingInternet/Conceptual/RemoteNotificationsPG/CreatingtheNotificationPayload.html&#34;&gt;Apple developer documentation&lt;/a&gt;.&lt;/p&gt;&#xA;"
                   textIsRich="true"/>
        
        
      
      
            <header_42 jcr:primaryType="nt:unstructured" sling:resourceType="help/components/header"
                    id="change-the-notification-behavior-for-android"
                    level="2"
                    text="&lt;p&gt;Change the notification behavior for Android&lt;/p&gt;&#xA;"
                    textIsRich="'true'"/>
            <text_373 jcr:primaryType="nt:unstructured"
                   sling:resourceType="help/components/article-3/text"
                   text="&lt;p&gt;For Android, you can enter the URL of your file in the &lt;strong&gt;Rich media content URL&lt;/strong&gt; field. Whereas with iOS version, for Android, you can only include images and not gif, audio or video files.&lt;/p&gt;&#xA;"
                   textIsRich="true"/>
            <text_374 jcr:primaryType="nt:unstructured"
                   sling:resourceType="help/components/article-3/text"
                   text="&lt;p&gt;The &lt;strong&gt;High priority&lt;/strong&gt; checkbox allows you to set up a high or normal priority for your push notifications. For more information on message priority, refer to the &#xA;&#x9;&#x9;&#x9;&#x9;&#x9;&lt;a href=&#34;https://developers.google.com/cloud-messaging/concept-options#setting-the-priority-of-a-message&#34; class=&#34;anchorLink&#34; target=&#34;_blank&#34;&gt;Google developer documentation&lt;/a&gt;&#xA;&#x9;&#x9;&#x9;&#x9;.&lt;/p&gt;&#xA;"
                   textIsRich="true"/>
            <image_64 jcr:primaryType="nt:unstructured"
                   sling:resourceType="help/components/article-3/image"
                   jcr:title=""
                   alt=""
                   captionBottom=""
                   fileName="push_notif_advanced_11.png"
                   originalFileName="images/en/push_notif_advanced_11.png"
                   fileReference="/content/dam/help/en/campaign/standard/push_notif_advanced_11.png"
                   imageRotate="0"
                   originalHeight=""
                   originalWidth=""
                   scaleOption="toTemplate"
                   status="legacy"/>
        
      
      
      </main-pars>
      <hero jcr:primaryType="nt:unstructured"
            sling:resourceType="foundation/components/image"/>
      <thumbnail jcr:primaryType="nt:unstructured"
                 sling:resourceType="foundation/components/image"/>
      <publisherLogo jcr:primaryType="nt:unstructured"
                     sling:resourceType="foundation/components/image"/>
   </jcr:content>
</jcr:root>