<?xml version="1.0" encoding="UTF-8"?>
<jcr:root xmlns:nt="http://www.jcp.org/jcr/nt/1.0" xmlns:json="http://json.org/"
          xmlns:sling="http://sling.apache.org/jcr/sling/1.0"
          xmlns:cq="http://www.day.com/jcr/cq/1.0"
          xmlns:jcr="http://www.jcp.org/jcr/1.0"
          xmlns:mix="http://www.jcp.org/jcr/mix/1.0"
          jcr:primaryType="cq:Page">
   <jcr:content navTitle="Data storage and reconciliation" jcr:primaryType="cq:PageContent"
                sling:resourceType="help/components/pages/article-3"
                heroGradient="light"
                jcr:language="en_us"
                cq:designPath="/etc/designs/help"
                cq:template="/apps/help/templates/article-3"
                jcr:mixinTypes="[mix:versionable]"
                jcr:title="Data storage and reconciliation"
                jcr:description="Data storage and reconciliation"
                seoDescription="Adobe Campaign allows you to define how the data entered in the landing page is managed once submitted by a user."
                primaryProductTag="[products:SG_CAMPAIGN/STANDARD]"
                cq:tags="[products:SG_CAMPAIGN/STANDARD,audience:channels,content_type:reference,topic_tags:landing-pages]"
                primaryAudienceTag="[audience:channels]"
                contentOwner="sauviat"
                isReadyForLocalization="true"
                publishExternalDate="2018-09-04">
      <main-pars jcr:primaryType="nt:unstructured"
                 sling:resourceType="foundation/components/parsys">
        
        
        
            
        
        <text_848 jcr:primaryType="nt:unstructured"
                   sling:resourceType="help/components/article-3/text"
                   text="&lt;p&gt;Data reconciliation parameters allow you to define how the data entered in the landing page is managed once it has been submitted by a user.&lt;/p&gt;&#xA;"
                   textIsRich="true"/>
        <text_849 jcr:primaryType="nt:unstructured"
                   sling:resourceType="help/components/article-3/text"
                   text="&lt;p&gt;To do this:&lt;/p&gt;&#xA;"
                   textIsRich="true"/>
        <procedure_53_10 jcr:primaryType="nt:unstructured"
                          sling:resourceType="help/components/procedure">
            <proc_par jcr:primaryType="nt:unstructured"
                      sling:resourceType="help/components/procedure/proc_parsys">
               <step_392_0 jcr:primaryType="nt:unstructured" sling:resourceType="help/components/step">
                  <step_par jcr:primaryType="nt:unstructured"
                            sling:resourceType="help/components/procedure/step_parsys">
                     <text_850 jcr:primaryType="nt:unstructured"
                               sling:resourceType="help/components/article-3/text"
                               text="&lt;p&gt;Edit the landing page properties accessed via the &#xA;&#x9;&lt;img height=&#34;21px&#34; src=&#34;/content/dam/help/en/campaign/standard/edit_darkgrey-24px.png&#34; /&gt;&#xA;&#x9;&#xA; icon in the landing page dashboard, and display the &lt;strong&gt;Job&lt;/strong&gt; parameters.&lt;/p&gt;&#xA;"
                               textIsRich="true"/>
                     <image_184 jcr:primaryType="nt:unstructured"
                                sling:resourceType="help/components/article-3/image"
                                jcr:title=""
                                alt=""
                                captionBottom=""
                                fileName="lp_parameters_4.png"
                                originalFileName="images/en/lp_parameters_4.png"
                                fileReference="/content/dam/help/en/campaign/standard/lp_parameters_4.png"
                                imageRotate="0"
                                originalHeight=""
                                originalWidth=""
                                scaleOption="toTemplate"
                                status="legacy"/>
                  </step_par>
               </step_392_0>
               <step_393_0 jcr:primaryType="nt:unstructured" sling:resourceType="help/components/step">
                  <step_par jcr:primaryType="nt:unstructured"
                            sling:resourceType="help/components/procedure/step_parsys">
                     <text_851 jcr:primaryType="nt:unstructured"
                               sling:resourceType="help/components/article-3/text"
                               text="&lt;p&gt;Select the &lt;strong&gt;Reconciliation key&lt;/strong&gt;: these database fields (for example: email, first name, last name) are used to determine whether the visitor has a profile that is already known in the Adobe Campaign database. This allows you to update or create a profile, according to the update strategy parameters defined.&lt;/p&gt;&#xA;"
                               textIsRich="true"/>
                  </step_par>
               </step_393_0>
               <step_394_0 jcr:primaryType="nt:unstructured" sling:resourceType="help/components/step">
                  <step_par jcr:primaryType="nt:unstructured"
                            sling:resourceType="help/components/procedure/step_parsys">
                     <text_852 jcr:primaryType="nt:unstructured"
                               sling:resourceType="help/components/article-3/text"
                               text="&lt;p&gt;Define the &lt;strong&gt;Form parameter mapping&lt;/strong&gt;: this section allows you to map the landing page field parameters and those used in the reconciliation key.&lt;/p&gt;&#xA;"
                               textIsRich="true"/>
                  </step_par>
               </step_394_0>
               <step_395_0 jcr:primaryType="nt:unstructured" sling:resourceType="help/components/step">
                  <step_par jcr:primaryType="nt:unstructured"
                            sling:resourceType="help/components/procedure/step_parsys">
                     <text_853 jcr:primaryType="nt:unstructured"
                               sling:resourceType="help/components/article-3/text"
                               text="&lt;p&gt;Select the &lt;strong&gt;Update strategy&lt;/strong&gt;: if the reconciliation key recovers an existing database profile, you can choose for this profile to be updated with the data entered in the form or instead prevent this update.&lt;/p&gt;&#xA;"
                               textIsRich="true"/>
                  </step_par>
               </step_395_0>
            </proc_par>
         </procedure_53_10>
      </main-pars>
      <hero jcr:primaryType="nt:unstructured"
            sling:resourceType="foundation/components/image"/>
      <thumbnail jcr:primaryType="nt:unstructured"
                 sling:resourceType="foundation/components/image"/>
      <publisherLogo jcr:primaryType="nt:unstructured"
                     sling:resourceType="foundation/components/image"/>
   </jcr:content>
</jcr:root>