<?xml version="1.0" encoding="UTF-8"?>
<jcr:root xmlns:nt="http://www.jcp.org/jcr/nt/1.0" xmlns:json="http://json.org/"
          xmlns:sling="http://sling.apache.org/jcr/sling/1.0"
          xmlns:cq="http://www.day.com/jcr/cq/1.0"
          xmlns:jcr="http://www.jcp.org/jcr/1.0"
          xmlns:mix="http://www.jcp.org/jcr/mix/1.0"
          jcr:primaryType="cq:Page">
   <jcr:content navTitle="Designing a landing page" jcr:primaryType="cq:PageContent"
                sling:resourceType="help/components/pages/article-3"
                heroGradient="light"
                jcr:language="en_us"
                cq:designPath="/etc/designs/help"
                cq:template="/apps/help/templates/article-3"
                jcr:mixinTypes="[mix:versionable]"
                jcr:title="Designing a landing page"
                jcr:description="Designing a landing page"
                seoDescription="Follow these steps to design the content of a landing page and link it to a service."
                primaryProductTag="[products:SG_CAMPAIGN/STANDARD]"
                cq:tags="[products:SG_CAMPAIGN/STANDARD,audience:channels,content_type:reference,topic_tags:landing-pages]"
                primaryAudienceTag="[audience:channels]"
                contentOwner="sauviat"
                isReadyForLocalization="true"
                publishExternalDate="2018-09-04">
      <main-pars jcr:primaryType="nt:unstructured"
                 sling:resourceType="foundation/components/parsys">
        
        
        
            
        
        
            <header_103 jcr:primaryType="nt:unstructured" sling:resourceType="help/components/header"
                     id="about-content-design"
                     level="2"
                     text="&lt;p&gt;About content design&lt;/p&gt;&#xA;"
                     textIsRich="'true'"/>
            <text_788 jcr:primaryType="nt:unstructured"
                   sling:resourceType="help/components/article-3/text"
                   text="&lt;p&gt;Landing pages are created as any other &#xA;&#x9;&#x9;&#x9;&#x9;&#x9;&#x9;&#x9;&#x9;&#x9;&#x9;&#x9;&#xA;&#x9;&#x9;&#x9;&#x9;&#x9;&#x9;&#x9;&lt;a href=&#34;/content/help/en/campaign/standard/start/using/marketing-activities.html#about-marketing-activities&#34;&gt;marketing activity&lt;/a&gt;.&lt;/p&gt;&#xA;"
                   textIsRich="true"/>
            <text_789 jcr:primaryType="nt:unstructured"
                   sling:resourceType="help/components/article-3/text"
                   text="&lt;p&gt;When designing a landing page, you need to define the content of:&lt;/p&gt;&#xA;"
                   textIsRich="true"/>
            <procedure_42 jcr:primaryType="nt:unstructured"
                       sling:resourceType="help/components/procedure"
                       isBulleted="true">
            <proc_par jcr:primaryType="nt:unstructured"
                      sling:resourceType="help/components/procedure/proc_parsys">
                <step_362_42 jcr:primaryType="nt:unstructured" sling:resourceType="help/components/step">
                  <step_par jcr:primaryType="nt:unstructured"
                            sling:resourceType="help/components/procedure/step_parsys">
                    <text_790 jcr:primaryType="nt:unstructured"
                               sling:resourceType="help/components/article-3/text"
                               text="&lt;p&gt;the page itself,&lt;/p&gt;&#xA;"
                               textIsRich="true"/>
                  </step_par>
               </step_362_42>
                <step_363_42 jcr:primaryType="nt:unstructured" sling:resourceType="help/components/step">
                  <step_par jcr:primaryType="nt:unstructured"
                            sling:resourceType="help/components/procedure/step_parsys">
                    <text_791 jcr:primaryType="nt:unstructured"
                               sling:resourceType="help/components/article-3/text"
                               text="&lt;p&gt;the confirmation page,&lt;/p&gt;&#xA;"
                               textIsRich="true"/>
                  </step_par>
               </step_363_42>
                <step_364_42 jcr:primaryType="nt:unstructured" sling:resourceType="help/components/step">
                  <step_par jcr:primaryType="nt:unstructured"
                            sling:resourceType="help/components/procedure/step_parsys">
                    <text_792 jcr:primaryType="nt:unstructured"
                               sling:resourceType="help/components/article-3/text"
                               text="&lt;p&gt;the error page. &lt;/p&gt;&#xA;"
                               textIsRich="true"/>
                  </step_par>
               </step_364_42>
            </proc_par>
         </procedure_42>
            <text_793 jcr:primaryType="nt:unstructured"
                   sling:resourceType="help/components/article-3/text"
                   text="&lt;p&gt;Use the switcher under the action bar to display and configure each of these pages.&lt;/p&gt;&#xA;"
                   textIsRich="true"/>
            <text_794 jcr:primaryType="nt:unstructured"
                   sling:resourceType="help/components/article-3/text"
                   text="&lt;p&gt;The content of these pages is designed through Campaign content editor. Refer to &#xA;&#x9;&#x9;&#x9;&#x9;&#x9;&#x9;&#x9;&#x9;&#x9;&#x9;&#x9;&#xA;&#x9;&#x9;&#x9;&#x9;&#x9;&#x9;&#x9;&lt;a href=&#34;/content/help/en/campaign/standard/designing/using/about-landing-page-content-design.html&#34;&gt;Design content&lt;/a&gt;.&lt;/p&gt;&#xA;"
                   textIsRich="true"/>
        
        
            <header_104 jcr:primaryType="nt:unstructured" sling:resourceType="help/components/header"
                     id="mapping-form-fields"
                     level="2"
                     text="&lt;p&gt;Mapping form fields&lt;/p&gt;&#xA;"
                     textIsRich="'true'"/>
            <text_795 jcr:primaryType="nt:unstructured"
                   sling:resourceType="help/components/article-3/text"
                   text="&lt;p&gt;Input fields are used to store or update data in Campaign database. For this, you need to link database fields with input zone, radio button, or checkbox type blocks. To do this:&lt;/p&gt;&#xA;"
                   textIsRich="true"/>
            <procedure_45_10 jcr:primaryType="nt:unstructured"
                          sling:resourceType="help/components/procedure">
            <proc_par jcr:primaryType="nt:unstructured"
                      sling:resourceType="help/components/procedure/proc_parsys">
                <step_365_0 jcr:primaryType="nt:unstructured" sling:resourceType="help/components/step">
                  <step_par jcr:primaryType="nt:unstructured"
                            sling:resourceType="help/components/procedure/step_parsys">
                    <text_796 jcr:primaryType="nt:unstructured"
                               sling:resourceType="help/components/article-3/text"
                               text="&lt;p&gt;Select a block in the landing page.&lt;/p&gt;&#xA;"
                               textIsRich="true"/>
                  </step_par>
               </step_365_0>
                <step_366_0 jcr:primaryType="nt:unstructured" sling:resourceType="help/components/step">
                  <step_par jcr:primaryType="nt:unstructured"
                            sling:resourceType="help/components/procedure/step_parsys">
                    <text_797 jcr:primaryType="nt:unstructured"
                               sling:resourceType="help/components/article-3/text"
                               text="&lt;p&gt; Complete the &lt;strong&gt;Form data&lt;/strong&gt; part in the palette.&lt;/p&gt;&#xA;"
                               textIsRich="true"/>
                    <image_172 jcr:primaryType="nt:unstructured"
                                sling:resourceType="help/components/article-3/image"
                                jcr:title=""
                                alt=""
                                captionBottom=""
                                fileName="editing_lp_content_4.png"
                                originalFileName="images/en/editing_lp_content_4.png"
                                fileReference="/content/dam/help/en/campaign/standard/editing_lp_content_4.png"
                                imageRotate="0"
                                originalHeight=""
                                originalWidth=""
                                scaleOption="toTemplate"
                                status="legacy"/>
                  </step_par>
               </step_366_0>
                <step_367_0 jcr:primaryType="nt:unstructured" sling:resourceType="help/components/step">
                  <step_par jcr:primaryType="nt:unstructured"
                            sling:resourceType="help/components/procedure/step_parsys">
                    <text_798 jcr:primaryType="nt:unstructured"
                               sling:resourceType="help/components/article-3/text"
                               text="&lt;p&gt;Choose a database field to link with the form field in the &lt;strong&gt;Field&lt;/strong&gt; selection zone.&lt;/p&gt;&#xA;"
                               textIsRich="true"/>
                    <text_799 jcr:primaryType="nt:unstructured"
                               sling:resourceType="help/components/article-3/text"
                               text="&lt;p&gt;When the &lt;strong&gt;Mandatory&lt;/strong&gt; option is checked, the page can only be submitted if the user has completed this field. If a mandatory field is not completed, an error message will appear when the user validates the page.&lt;/p&gt;&#xA;"
                               textIsRich="true"/>
                    <text_800 jcr:primaryType="nt:unstructured"
                               sling:resourceType="help/components/article-3/text"
                               text="&lt;p&gt;By default, landing pages are mapped with &lt;strong&gt;Profiles&lt;/strong&gt;. You can modify the target mapping and select a different one via the &lt;strong&gt;Edit properties&lt;/strong&gt; button in the action bar. This modification can be performed at the template level.&lt;/p&gt;&#xA;"
                               textIsRich="true"/>
                  </step_par>
               </step_367_0>
                <step_368_0 jcr:primaryType="nt:unstructured" sling:resourceType="help/components/step">
                  <step_par jcr:primaryType="nt:unstructured"
                            sling:resourceType="help/components/procedure/step_parsys">
                    <text_801 jcr:primaryType="nt:unstructured"
                               sling:resourceType="help/components/article-3/text"
                               text="&lt;p&gt;Define the field type by choosing, for example &lt;strong&gt;Text&lt;/strong&gt;, &lt;strong&gt;Number&lt;/strong&gt;, or &lt;strong&gt;Date&lt;/strong&gt; in the &lt;strong&gt;HTML type of the field&lt;/strong&gt; selection area.&lt;/p&gt;&#xA;"
                               textIsRich="true"/>
                  </step_par>
               </step_368_0>
            </proc_par>
         </procedure_45_10>
            <note_39 jcr:primaryType="nt:unstructured"
                  sling:resourceType="help/components/article-3/note"
                  text="&lt;p&gt;&#xA;                The default fields of the out-of-box landing pages are preconfigured. You can modify them as needed.&#xA;            &lt;/p&gt;&#xA;"
                  textIsRich="true"
                  type="note"/>
        
        
            <header_105 jcr:primaryType="nt:unstructured" sling:resourceType="help/components/header"
                     id="submitting-the-form"
                     level="2"
                     text="&lt;p&gt;Submitting the form&lt;/p&gt;&#xA;"
                     textIsRich="'true'"/>
            <text_803 jcr:primaryType="nt:unstructured"
                   sling:resourceType="help/components/article-3/text"
                   text="&lt;p&gt;You can select the action to perform when the visitor clicks the submit button. To do this:&lt;/p&gt;&#xA;"
                   textIsRich="true"/>
            <procedure_46_10 jcr:primaryType="nt:unstructured"
                          sling:resourceType="help/components/procedure">
            <proc_par jcr:primaryType="nt:unstructured"
                      sling:resourceType="help/components/procedure/proc_parsys">
                <step_369_0 jcr:primaryType="nt:unstructured" sling:resourceType="help/components/step">
                  <step_par jcr:primaryType="nt:unstructured"
                            sling:resourceType="help/components/procedure/step_parsys">
                    <text_804 jcr:primaryType="nt:unstructured"
                               sling:resourceType="help/components/article-3/text"
                               text="&lt;p&gt;Select the submit button of the landing page.&lt;/p&gt;&#xA;"
                               textIsRich="true"/>
                  </step_par>
               </step_369_0>
                <step_370_0 jcr:primaryType="nt:unstructured" sling:resourceType="help/components/step">
                  <step_par jcr:primaryType="nt:unstructured"
                            sling:resourceType="help/components/procedure/step_parsys">
                    <text_805 jcr:primaryType="nt:unstructured"
                               sling:resourceType="help/components/article-3/text"
                               text="&lt;p&gt;Select the action in the drop-down list in the left panel. Possible actions are: &lt;strong&gt;Refresh&lt;/strong&gt; (to refresh the page) and &lt;strong&gt;Next page&lt;/strong&gt; (to display the confirmation page).&lt;/p&gt;&#xA;"
                               textIsRich="true"/>
                    <image_173 jcr:primaryType="nt:unstructured"
                                sling:resourceType="help/components/article-3/image"
                                jcr:title=""
                                alt=""
                                captionBottom=""
                                fileName="editing_lp_content_5.png"
                                originalFileName="images/en/editing_lp_content_5.png"
                                fileReference="/content/dam/help/en/campaign/standard/editing_lp_content_5.png"
                                imageRotate="0"
                                originalHeight=""
                                originalWidth=""
                                scaleOption="toTemplate"
                                status="legacy"/>
                  </step_par>
               </step_370_0>
            </proc_par>
         </procedure_46_10>
            <text_806 jcr:primaryType="nt:unstructured"
                   sling:resourceType="help/components/article-3/text"
                   text="&lt;p&gt;In addition, you can change the label of the button or configure a specific link. To do this:&lt;/p&gt;&#xA;"
                   textIsRich="true"/>
            <procedure_47_10 jcr:primaryType="nt:unstructured"
                          sling:resourceType="help/components/procedure">
            <proc_par jcr:primaryType="nt:unstructured"
                      sling:resourceType="help/components/procedure/proc_parsys">
                <step_371_0 jcr:primaryType="nt:unstructured" sling:resourceType="help/components/step">
                  <step_par jcr:primaryType="nt:unstructured"
                            sling:resourceType="help/components/procedure/step_parsys">
                    <text_807 jcr:primaryType="nt:unstructured"
                               sling:resourceType="help/components/article-3/text"
                               text="&lt;p&gt;Select the submit button.&lt;/p&gt;&#xA;"
                               textIsRich="true"/>
                  </step_par>
               </step_371_0>
                <step_372_0 jcr:primaryType="nt:unstructured" sling:resourceType="help/components/step">
                  <step_par jcr:primaryType="nt:unstructured"
                            sling:resourceType="help/components/procedure/step_parsys">
                    <text_808 jcr:primaryType="nt:unstructured"
                               sling:resourceType="help/components/article-3/text"
                               text="&lt;p&gt;Click on the &#xA;&#x9;&lt;img height=&#34;21px&#34; src=&#34;/content/dam/help/en/campaign/standard/lp_link_properties.png&#34; /&gt;&#xA;&#x9;&#xA; button in the left panel.&lt;/p&gt;&#xA;"
                               textIsRich="true"/>
                  </step_par>
               </step_372_0>
                <step_373_0 jcr:primaryType="nt:unstructured" sling:resourceType="help/components/step">
                  <step_par jcr:primaryType="nt:unstructured"
                            sling:resourceType="help/components/procedure/step_parsys">
                    <text_809 jcr:primaryType="nt:unstructured"
                               sling:resourceType="help/components/article-3/text"
                               text="&lt;p&gt;Enter the label of the button, select the type of link, its properties, and the target.&lt;/p&gt;&#xA;"
                               textIsRich="true"/>
                    <image_174 jcr:primaryType="nt:unstructured"
                                sling:resourceType="help/components/article-3/image"
                                jcr:title=""
                                alt=""
                                captionBottom=""
                                fileName="lp_link_custom.png"
                                originalFileName="images/en/lp_link_custom.png"
                                fileReference="/content/dam/help/en/campaign/standard/lp_link_custom.png"
                                imageRotate="0"
                                originalHeight=""
                                originalWidth=""
                                scaleOption="toTemplate"
                                status="legacy"/>
                  </step_par>
               </step_373_0>
            </proc_par>
         </procedure_47_10>
        
        
            <header_106 jcr:primaryType="nt:unstructured" sling:resourceType="help/components/header"
                     id="linking-a-form-to-a-service"
                     level="2"
                     text="&lt;p&gt;Linking a form to a service&lt;/p&gt;&#xA;"
                     textIsRich="'true'"/>
            <text_810 jcr:primaryType="nt:unstructured"
                   sling:resourceType="help/components/article-3/text"
                   text="&lt;p&gt;You can link a form to a service so that profiles can subscribe to a specific service when validating the landing pages.&lt;/p&gt;&#xA;"
                   textIsRich="true"/>
            <text_811 jcr:primaryType="nt:unstructured"
                   sling:resourceType="help/components/article-3/text"
                   text="&lt;p&gt;The parameters for linking a landing page allow you to specify the performed action type and whether the landing page is specifically linked to a single service or whether it is generic.&lt;/p&gt;&#xA;"
                   textIsRich="true"/>
            <text_812 jcr:primaryType="nt:unstructured"
                   sling:resourceType="help/components/article-3/text"
                   text="&lt;p&gt;In order to select the service to link, you need to:&lt;/p&gt;&#xA;"
                   textIsRich="true"/>
            <procedure_48_10 jcr:primaryType="nt:unstructured"
                          sling:resourceType="help/components/procedure">
            <proc_par jcr:primaryType="nt:unstructured"
                      sling:resourceType="help/components/procedure/proc_parsys">
                <step_374_0 jcr:primaryType="nt:unstructured" sling:resourceType="help/components/step">
                  <step_par jcr:primaryType="nt:unstructured"
                            sling:resourceType="help/components/procedure/step_parsys">
                    <text_813 jcr:primaryType="nt:unstructured"
                               sling:resourceType="help/components/article-3/text"
                               text="&lt;p&gt;Edit the landing page properties accessed via the &#xA;&#x9;&lt;img height=&#34;21px&#34; src=&#34;/content/dam/help/en/campaign/standard/edit_darkgrey-24px.png&#34; /&gt;&#xA;&#x9;&#xA; icon in the landing page dashboard, and display the &lt;strong&gt;Job&lt;/strong&gt; parameters.&lt;/p&gt;&#xA;"
                               textIsRich="true"/>
                    <image_175 jcr:primaryType="nt:unstructured"
                                sling:resourceType="help/components/article-3/image"
                                jcr:title=""
                                alt=""
                                captionBottom=""
                                fileName="lp_edit_properties_button.png"
                                originalFileName="images/en/lp_edit_properties_button.png"
                                fileReference="/content/dam/help/en/campaign/standard/lp_edit_properties_button.png"
                                imageRotate="0"
                                originalHeight=""
                                originalWidth=""
                                scaleOption="toTemplate"
                                status="legacy"/>
                  </step_par>
               </step_374_0>
                <step_375_0 jcr:primaryType="nt:unstructured" sling:resourceType="help/components/step">
                  <step_par jcr:primaryType="nt:unstructured"
                            sling:resourceType="help/components/procedure/step_parsys">
                    <text_814 jcr:primaryType="nt:unstructured"
                               sling:resourceType="help/components/article-3/text"
                               text="&lt;p&gt;Choose &lt;strong&gt;Subscription&lt;/strong&gt; in the &lt;strong&gt;Specific actions&lt;/strong&gt; drop-down list.&lt;/p&gt;&#xA;"
                               textIsRich="true"/>
                    <image_176 jcr:primaryType="nt:unstructured"
                                sling:resourceType="help/components/article-3/image"
                                jcr:title=""
                                alt=""
                                captionBottom=""
                                fileName="lp_parameters_5.png"
                                originalFileName="images/en/lp_parameters_5.png"
                                fileReference="/content/dam/help/en/campaign/standard/lp_parameters_5.png"
                                imageRotate="0"
                                originalHeight=""
                                originalWidth=""
                                scaleOption="toTemplate"
                                status="legacy"/>
                  </step_par>
               </step_375_0>
                <step_376_0 jcr:primaryType="nt:unstructured" sling:resourceType="help/components/step">
                  <step_par jcr:primaryType="nt:unstructured"
                            sling:resourceType="help/components/procedure/step_parsys">
                    <text_815 jcr:primaryType="nt:unstructured"
                               sling:resourceType="help/components/article-3/text"
                               text="&lt;p&gt;Select &lt;strong&gt;Specific service&lt;/strong&gt; to link the landing page to a single service. Do not select this option if you would like to use several services with the landing page.&lt;/p&gt;&#xA;"
                               textIsRich="true"/>
                    <text_816 jcr:primaryType="nt:unstructured"
                               sling:resourceType="help/components/article-3/text"
                               text="&lt;p&gt;Use the &lt;strong&gt;Specified service in the URL&lt;/strong&gt; option to allow the landing page to be used for several services. You therefore must reference the landing page when configuring the service.&lt;/p&gt;&#xA;"
                               textIsRich="true"/>
                  </step_par>
               </step_376_0>
            </proc_par>
         </procedure_48_10>
            
                <header_107 jcr:primaryType="nt:unstructured" sling:resourceType="help/components/header"
                     id="confirm-a-landing-page-submission"
                     level="3"
                     text="&lt;p&gt;Confirm a landing page submission&lt;/p&gt;&#xA;"
                     textIsRich="'true'"/>
                <text_817 jcr:primaryType="nt:unstructured"
                   sling:resourceType="help/components/article-3/text"
                   text="&lt;p&gt;When a landing page is submitted by a visitor, you can configure the actions triggered. To do this:&lt;/p&gt;&#xA;"
                   textIsRich="true"/>
                <procedure_49_10 jcr:primaryType="nt:unstructured"
                          sling:resourceType="help/components/procedure">
            <proc_par jcr:primaryType="nt:unstructured"
                      sling:resourceType="help/components/procedure/proc_parsys">
                    <step_377_0 jcr:primaryType="nt:unstructured" sling:resourceType="help/components/step">
                  <step_par jcr:primaryType="nt:unstructured"
                            sling:resourceType="help/components/procedure/step_parsys">
                        <text_818 jcr:primaryType="nt:unstructured"
                               sling:resourceType="help/components/article-3/text"
                               text="&lt;p&gt;Edit the landing page properties accessed via the &#xA;&#x9;&lt;img height=&#34;21px&#34; src=&#34;/content/dam/help/en/campaign/standard/edit_darkgrey-24px.png&#34; /&gt;&#xA;&#x9;&#xA; icon in the landing page dashboard, and display the &lt;strong&gt;Job&lt;/strong&gt; parameters.&lt;/p&gt;&#xA;"
                               textIsRich="true"/>
                        <image_177 jcr:primaryType="nt:unstructured"
                                sling:resourceType="help/components/article-3/image"
                                jcr:title=""
                                alt=""
                                captionBottom=""
                                fileName="lp_edit_properties_button.png"
                                originalFileName="images/en/lp_edit_properties_button.png"
                                fileReference="/content/dam/help/en/campaign/standard/lp_edit_properties_button.png"
                                imageRotate="0"
                                originalHeight=""
                                originalWidth=""
                                scaleOption="toTemplate"
                                status="legacy"/>
                    </step_par>
               </step_377_0>
                    <step_378_0 jcr:primaryType="nt:unstructured" sling:resourceType="help/components/step">
                  <step_par jcr:primaryType="nt:unstructured"
                            sling:resourceType="help/components/procedure/step_parsys">
                        <text_819 jcr:primaryType="nt:unstructured"
                               sling:resourceType="help/components/article-3/text"
                               text="&lt;p&gt;Under the &lt;strong&gt;Specific actions&lt;/strong&gt; section, select &lt;strong&gt;Start sending message&lt;/strong&gt; to determine the sending of an automatic message, for example to confirm subscription to a service. You need then to select an email delivery template.&lt;/p&gt;&#xA;"
                               textIsRich="true"/>
                        <text_820 jcr:primaryType="nt:unstructured"
                               sling:resourceType="help/components/article-3/text"
                               text="&lt;p&gt;Note that if a confirmation message is already configured at the service level, you should not select one in this screen to avoid sending multiple confirmation messages. Refer to &#xA;&#x9;&#x9;&#x9;&#x9;&#x9;&#x9;&#x9;&#x9;&#x9;&#x9;&#x9;&#xA;&#x9;&#x9;&#x9;&#x9;&#x9;&#x9;&#x9;&lt;a href=&#34;/content/help/en/campaign/standard/audiences/using/creating-a-service.html&#34;&gt;Configure a service&lt;/a&gt;. &lt;/p&gt;&#xA;"
                               textIsRich="true"/>
                    </step_par>
               </step_378_0>
                    <step_379_0 jcr:primaryType="nt:unstructured" sling:resourceType="help/components/step">
                  <step_par jcr:primaryType="nt:unstructured"
                            sling:resourceType="help/components/procedure/step_parsys">
                        <text_821 jcr:primaryType="nt:unstructured"
                               sling:resourceType="help/components/article-3/text"
                               text="&lt;p&gt;Create &lt;strong&gt;Additional data&lt;/strong&gt; to enable storing additional data when the landing page is being submitted. This data is not visible to people who visit the page. Only constant values are taken into account.&lt;/p&gt;&#xA;"
                               textIsRich="true"/>
                        <image_178 jcr:primaryType="nt:unstructured"
                                sling:resourceType="help/components/article-3/image"
                                jcr:title=""
                                alt=""
                                captionBottom=""
                                fileName="lp_parameters_6.png"
                                originalFileName="images/en/lp_parameters_6.png"
                                fileReference="/content/dam/help/en/campaign/standard/lp_parameters_6.png"
                                imageRotate="0"
                                originalHeight=""
                                originalWidth=""
                                scaleOption="toTemplate"
                                status="legacy"/>
                    </step_par>
               </step_379_0>
                </proc_par>
         </procedure_49_10>
            
        
        
            <header_108 jcr:primaryType="nt:unstructured" sling:resourceType="help/components/header"
                     id="setting-permissions-and-pre-loading-data"
                     level="2"
                     text="&lt;p&gt;Setting permissions and pre-loading data&lt;/p&gt;&#xA;"
                     textIsRich="'true'"/>
            <text_822 jcr:primaryType="nt:unstructured"
                   sling:resourceType="help/components/article-3/text"
                   text="&lt;p&gt;Access to a landing page can be restricted to identified visitors, who come from a link in a message sent by Campaign for example. In this case, you can preload their data in the landing page. To do this:&lt;/p&gt;&#xA;"
                   textIsRich="true"/>
            <procedure_50_10 jcr:primaryType="nt:unstructured"
                          sling:resourceType="help/components/procedure">
            <proc_par jcr:primaryType="nt:unstructured"
                      sling:resourceType="help/components/procedure/proc_parsys">
                <step_380_0 jcr:primaryType="nt:unstructured" sling:resourceType="help/components/step">
                  <step_par jcr:primaryType="nt:unstructured"
                            sling:resourceType="help/components/procedure/step_parsys">
                    <text_823 jcr:primaryType="nt:unstructured"
                               sling:resourceType="help/components/article-3/text"
                               text="&lt;p&gt;Edit the landing page properties accessed via the &#xA;&#x9;&lt;img height=&#34;21px&#34; src=&#34;/content/dam/help/en/campaign/standard/edit_darkgrey-24px.png&#34; /&gt;&#xA;&#x9;&#xA; icon in the landing page dashboard, and display the &lt;strong&gt;Access &amp; loading&lt;/strong&gt; parameters. &lt;/p&gt;&#xA;"
                               textIsRich="true"/>
                    <image_179 jcr:primaryType="nt:unstructured"
                                sling:resourceType="help/components/article-3/image"
                                jcr:title=""
                                alt=""
                                captionBottom=""
                                fileName="lp_edit_properties_button.png"
                                originalFileName="images/en/lp_edit_properties_button.png"
                                fileReference="/content/dam/help/en/campaign/standard/lp_edit_properties_button.png"
                                imageRotate="0"
                                originalHeight=""
                                originalWidth=""
                                scaleOption="toTemplate"
                                status="legacy"/>
                  </step_par>
               </step_380_0>
                <step_381_0 jcr:primaryType="nt:unstructured" sling:resourceType="help/components/step">
                  <step_par jcr:primaryType="nt:unstructured"
                            sling:resourceType="help/components/procedure/step_parsys">
                    <text_824 jcr:primaryType="nt:unstructured"
                               sling:resourceType="help/components/article-3/text"
                               text="&lt;p&gt;Select &lt;strong&gt;Preload visitor data&lt;/strong&gt;. &lt;/p&gt;&#xA;"
                               textIsRich="true"/>
                    <text_825 jcr:primaryType="nt:unstructured"
                               sling:resourceType="help/components/article-3/text"
                               text="&lt;p&gt;If a visitor to the page corresponds to a profile in the database, their data is displayed in the form's fields that are mapped with the database data and the landing page's personalization elements are taken into account.&lt;/p&gt;&#xA;"
                               textIsRich="true"/>
                    <image_180 jcr:primaryType="nt:unstructured"
                                sling:resourceType="help/components/article-3/image"
                                jcr:title=""
                                alt=""
                                captionBottom=""
                                fileName="lp_parameters_3.png"
                                originalFileName="images/en/lp_parameters_3.png"
                                fileReference="/content/dam/help/en/campaign/standard/lp_parameters_3.png"
                                imageRotate="0"
                                originalHeight=""
                                originalWidth=""
                                scaleOption="toTemplate"
                                status="legacy"/>
                  </step_par>
               </step_381_0>
            </proc_par>
         </procedure_50_10>
            <text_826 jcr:primaryType="nt:unstructured"
                   sling:resourceType="help/components/article-3/text"
                   text="&lt;p&gt;You can also:&lt;/p&gt;&#xA;"
                   textIsRich="true"/>
            <procedure_43 jcr:primaryType="nt:unstructured"
                       sling:resourceType="help/components/procedure"
                       isBulleted="true">
            <proc_par jcr:primaryType="nt:unstructured"
                      sling:resourceType="help/components/procedure/proc_parsys">
                <step_382_43 jcr:primaryType="nt:unstructured" sling:resourceType="help/components/step">
                  <step_par jcr:primaryType="nt:unstructured"
                            sling:resourceType="help/components/procedure/step_parsys">
                    <text_827 jcr:primaryType="nt:unstructured"
                               sling:resourceType="help/components/article-3/text"
                               text="&lt;p&gt;Use the URL parameters to identify the visitors, using the &lt;strong&gt;Authorize visitor identification via URL parameters&lt;/strong&gt; option: then you must choose the loading key and map the filter parameters with the parameters of the corresponding URL.&lt;/p&gt;&#xA;"
                               textIsRich="true"/>
                  </step_par>
               </step_382_43>
                <step_383_43 jcr:primaryType="nt:unstructured" sling:resourceType="help/components/step">
                  <step_par jcr:primaryType="nt:unstructured"
                            sling:resourceType="help/components/procedure/step_parsys">
                    <text_828 jcr:primaryType="nt:unstructured"
                               sling:resourceType="help/components/article-3/text"
                               text="&lt;p&gt;Authorize any visitor to access the landing page, using the &lt;strong&gt;Authorize unidentified visitors&lt;/strong&gt; option.&lt;/p&gt;&#xA;"
                               textIsRich="true"/>
                  </step_par>
               </step_383_43>
            </proc_par>
         </procedure_43>
        
      </main-pars>
      <hero jcr:primaryType="nt:unstructured"
            sling:resourceType="foundation/components/image"/>
      <thumbnail jcr:primaryType="nt:unstructured"
                 sling:resourceType="foundation/components/image"/>
      <publisherLogo jcr:primaryType="nt:unstructured"
                     sling:resourceType="foundation/components/image"/>
   </jcr:content>
</jcr:root>