<?xml version="1.0" encoding="UTF-8"?>
<jcr:root xmlns:nt="http://www.jcp.org/jcr/nt/1.0" xmlns:json="http://json.org/"
          xmlns:sling="http://sling.apache.org/jcr/sling/1.0"
          xmlns:cq="http://www.day.com/jcr/cq/1.0"
          xmlns:jcr="http://www.jcp.org/jcr/1.0"
          xmlns:mix="http://www.jcp.org/jcr/mix/1.0"
          jcr:primaryType="cq:Page">
   <jcr:content navTitle="Discovering communication channels" jcr:primaryType="cq:PageContent"
                sling:resourceType="help/components/pages/article-3"
                heroGradient="light"
                jcr:language="en_us"
                cq:designPath="/etc/designs/help"
                cq:template="/apps/help/templates/article-3"
                jcr:mixinTypes="[mix:versionable]"
                jcr:title="Discovering communication channels"
                jcr:description="Discovering communication channels"
                seoDescription="Learn how to send personalized messages on various channels and to create cross-channel campaigns to better target your recipients."
                primaryProductTag="[products:SG_CAMPAIGN/STANDARD]"
                cq:tags="[products:SG_CAMPAIGN/STANDARD,audience:channels,content_type:reference,topic_tags:about-communication-channels]"
                primaryAudienceTag="[audience:channels]"
                contentOwner="sauviat"
                isReadyForLocalization="true"
                publishExternalDate="2018-09-04">
      <main-pars jcr:primaryType="nt:unstructured"
                 sling:resourceType="foundation/components/parsys">
    
    
      
    
         <text_8 jcr:primaryType="nt:unstructured"
                 sling:resourceType="help/components/article-3/text"
                 text="&lt;p&gt;Adobe Campaign allows you to create and send personalized messages on various channels and measure their effectiveness through dedicated reports.&lt;/p&gt;&#xA;"
                 textIsRich="true"/>
         <text_9 jcr:primaryType="nt:unstructured"
                 sling:resourceType="help/components/article-3/text"
                 text="&lt;p&gt;It also lets you create cross-channel campaigns to better target recipients.&lt;/p&gt;&#xA;"
                 textIsRich="true"/>
         <text_10 jcr:primaryType="nt:unstructured"
                  sling:resourceType="help/components/article-3/text"
                  text="&lt;p&gt;Four messaging channels are available in Adobe Campaign:&lt;/p&gt;&#xA;"
                  textIsRich="true"/>
         <procedure_0 jcr:primaryType="nt:unstructured"
                      sling:resourceType="help/components/procedure"
                      isBulleted="true">
            <proc_par jcr:primaryType="nt:unstructured"
                      sling:resourceType="help/components/procedure/proc_parsys">
               <step_0_0 jcr:primaryType="nt:unstructured" sling:resourceType="help/components/step">
                  <step_par jcr:primaryType="nt:unstructured"
                            sling:resourceType="help/components/procedure/step_parsys">
                     <text_11 jcr:primaryType="nt:unstructured"
                              sling:resourceType="help/components/article-3/text"
                              text="&lt;p&gt;Email, presented in the &#xA;&#x9;&#x9;&#x9;&#x9;&#x9;&#x9;&#x9;&#x9;&#x9;&#x9;&#x9;&#xA;&#x9;&#x9;&#x9;&#x9;&#x9;&#x9;&#x9;&lt;a href=&#34;/content/help/en/campaign/standard/channels/using/creating-an-email.html&#34;&gt;Creating an email&lt;/a&gt; section.&lt;/p&gt;&#xA;"
                              textIsRich="true"/>
                  </step_par>
               </step_0_0>
               <step_1_0 jcr:primaryType="nt:unstructured" sling:resourceType="help/components/step">
                  <step_par jcr:primaryType="nt:unstructured"
                            sling:resourceType="help/components/procedure/step_parsys">
                     <text_12 jcr:primaryType="nt:unstructured"
                              sling:resourceType="help/components/article-3/text"
                              text="&lt;p&gt;SMS, presented in the &#xA;&#x9;&#x9;&#x9;&#x9;&#x9;&#x9;&#x9;&#x9;&#x9;&#x9;&#x9;&#xA;&#x9;&#x9;&#x9;&#x9;&#x9;&#x9;&#x9;&lt;a href=&#34;/content/help/en/campaign/standard/channels/using/creating-an-sms-message.html&#34;&gt;Creating an SMS message&lt;/a&gt; section.&lt;/p&gt;&#xA;"
                              textIsRich="true"/>
                  </step_par>
               </step_1_0>
               <step_2_0 jcr:primaryType="nt:unstructured" sling:resourceType="help/components/step">
                  <step_par jcr:primaryType="nt:unstructured"
                            sling:resourceType="help/components/procedure/step_parsys">
                     <text_13 jcr:primaryType="nt:unstructured"
                              sling:resourceType="help/components/article-3/text"
                              text="&lt;p&gt;Push notification, presented in the &#xA;&#x9;&#x9;&#x9;&#x9;&#x9;&#x9;&#x9;&#x9;&#x9;&#x9;&#x9;&#xA;&#x9;&#x9;&#x9;&#x9;&#x9;&#x9;&#x9;&lt;a href=&#34;/content/help/en/campaign/standard/channels/using/creating-and-sending-a-push-notification.html&#34;&gt;Creating a push notification&lt;/a&gt; section.&lt;/p&gt;&#xA;"
                              textIsRich="true"/>
                  </step_par>
               </step_2_0>
               <step_3_0 jcr:primaryType="nt:unstructured" sling:resourceType="help/components/step">
                  <step_par jcr:primaryType="nt:unstructured"
                            sling:resourceType="help/components/procedure/step_parsys">
                     <text_14 jcr:primaryType="nt:unstructured"
                              sling:resourceType="help/components/article-3/text"
                              text="&lt;p&gt;Direct mail, presented in the &#xA;&#x9;&#x9;&#x9;&#x9;&#x9;&#x9;&#x9;&#x9;&#x9;&#x9;&#x9;&#xA;&#x9;&#x9;&#x9;&#x9;&#x9;&#x9;&#x9;&lt;a href=&#34;/content/help/en/campaign/standard/channels/using/creating-the-direct-mail.html&#34;&gt;Creating a direct mail delivery&lt;/a&gt; section.&lt;/p&gt;&#xA;"
                              textIsRich="true"/>
                  </step_par>
               </step_3_0>
            </proc_par>
         </procedure_0>
         <text_15 jcr:primaryType="nt:unstructured"
                  sling:resourceType="help/components/article-3/text"
                  text="&lt;p&gt;All marketing activities are based on a template. Templates can be used to configure frequently used properties, allowing you to gain time and consistency across your messaging strategy. &lt;/p&gt;&#xA;"
                  textIsRich="true"/>
         <text_16 jcr:primaryType="nt:unstructured"
                  sling:resourceType="help/components/article-3/text"
                  text="&lt;p&gt;The functional administrator in charge of configuring the templates, can define, in the case of an email template:&lt;/p&gt;&#xA;"
                  textIsRich="true"/>
         <procedure_1 jcr:primaryType="nt:unstructured"
                      sling:resourceType="help/components/procedure"
                      isBulleted="true">
            <proc_par jcr:primaryType="nt:unstructured"
                      sling:resourceType="help/components/procedure/proc_parsys">
               <step_4_1 jcr:primaryType="nt:unstructured" sling:resourceType="help/components/step">
                  <step_par jcr:primaryType="nt:unstructured"
                            sling:resourceType="help/components/procedure/step_parsys">
                     <text_17 jcr:primaryType="nt:unstructured"
                              sling:resourceType="help/components/article-3/text"
                              text="&lt;p&gt;The standard parameters of an email, such as the audience, schedule, or content.&lt;/p&gt;&#xA;"
                              textIsRich="true"/>
                  </step_par>
               </step_4_1>
               <step_5_1 jcr:primaryType="nt:unstructured" sling:resourceType="help/components/step">
                  <step_par jcr:primaryType="nt:unstructured"
                            sling:resourceType="help/components/procedure/step_parsys">
                     <text_18 jcr:primaryType="nt:unstructured"
                              sling:resourceType="help/components/article-3/text"
                              text="&lt;p&gt;The advanced parameters related to sending, validity, tracking, etc.&lt;/p&gt;&#xA;"
                              textIsRich="true"/>
                  </step_par>
               </step_5_1>
               <step_6_1 jcr:primaryType="nt:unstructured" sling:resourceType="help/components/step">
                  <step_par jcr:primaryType="nt:unstructured"
                            sling:resourceType="help/components/procedure/step_parsys">
                     <text_19 jcr:primaryType="nt:unstructured"
                              sling:resourceType="help/components/article-3/text"
                              text="&lt;p&gt;The pre-configuration parameters concerning targeting and personalization (targeting context).&lt;/p&gt;&#xA;"
                              textIsRich="true"/>
                  </step_par>
               </step_6_1>
            </proc_par>
         </procedure_1>
         <text_20 jcr:primaryType="nt:unstructured"
                  sling:resourceType="help/components/article-3/text"
                  text="&lt;p&gt;&lt;strong&gt;Related topics&lt;/strong&gt;:&lt;/p&gt;&#xA;"
                  textIsRich="true"/>
         <procedure_2 jcr:primaryType="nt:unstructured"
                      sling:resourceType="help/components/procedure"
                      isBulleted="true">
            <proc_par jcr:primaryType="nt:unstructured"
                      sling:resourceType="help/components/procedure/proc_parsys">
               <step_7_2 jcr:primaryType="nt:unstructured" sling:resourceType="help/components/step">
                  <step_par jcr:primaryType="nt:unstructured"
                            sling:resourceType="help/components/procedure/step_parsys">
                     <text_21 jcr:primaryType="nt:unstructured"
                              sling:resourceType="help/components/article-3/text"
                              text="&lt;p&gt;&#xA;&lt;a href=&#34;https://docs.campaign.adobe.com/doc/standard/getting_started/en/ACS_Deliverability.html&#34;&gt;Optimizing your deliverability&lt;/a&gt;&lt;/p&gt;&#xA;"
                              textIsRich="true"/>
                  </step_par>
               </step_7_2>
            </proc_par>
         </procedure_2>
      </main-pars>
      <hero jcr:primaryType="nt:unstructured"
            sling:resourceType="foundation/components/image"/>
      <thumbnail jcr:primaryType="nt:unstructured"
                 sling:resourceType="foundation/components/image"/>
      <publisherLogo jcr:primaryType="nt:unstructured"
                     sling:resourceType="foundation/components/image"/>
   </jcr:content>
</jcr:root>