<?xml version="1.0" encoding="UTF-8"?>
<jcr:root xmlns:nt="http://www.jcp.org/jcr/nt/1.0" xmlns:json="http://json.org/"
          xmlns:sling="http://sling.apache.org/jcr/sling/1.0"
          xmlns:cq="http://www.day.com/jcr/cq/1.0"
          xmlns:jcr="http://www.jcp.org/jcr/1.0"
          xmlns:mix="http://www.jcp.org/jcr/mix/1.0"
          jcr:primaryType="cq:Page">
   <jcr:content navTitle="Follow-up messages" jcr:primaryType="cq:PageContent"
                sling:resourceType="help/components/pages/article-3"
                heroGradient="light"
                jcr:language="en_us"
                cq:designPath="/etc/designs/help"
                cq:template="/apps/help/templates/article-3"
                jcr:mixinTypes="[mix:versionable]"
                jcr:title="Follow-up messages"
                jcr:description="Follow-up messages"
                seoDescription="Learn how to create and publish a follow-up message."
                primaryProductTag="[products:SG_CAMPAIGN/STANDARD]"
                cq:tags="[products:SG_CAMPAIGN/STANDARD,audience:channels,content_type:reference,topic_tags:transactional-messaging]"
                primaryAudienceTag="[audience:channels]"
                contentOwner="sauviat"
                isReadyForLocalization="true"
                publishExternalDate="2018-09-04">
      <main-pars jcr:primaryType="nt:unstructured"
                 sling:resourceType="foundation/components/parsys">
    
    
      
    
         <text_730 jcr:primaryType="nt:unstructured"
                   sling:resourceType="help/components/article-3/text"
                   text="&lt;p&gt;You can send a follow-up message to the customers who received a specific transactional message. To do this, you need to set up a workflow targeting the corresponding event.&lt;/p&gt;&#xA;"
                   textIsRich="true"/>
         <text_731 jcr:primaryType="nt:unstructured"
                   sling:resourceType="help/components/article-3/text"
                   text="&lt;p&gt;Let's reuse the example described in the &#xA;&#x9;&#x9;&#x9;&#x9;&#x9;&#xA;&lt;a href=&#34;/content/help/en/campaign/standard/channels/using/about-transactional-messaging.html#transactional-messaging-operating-principle&#34; target=&#34;_blank&#34;&gt;Transactional messaging operating principle&lt;/a&gt; section: a cart abandonment email is sent to your website users who added products to their cart, but left the site without going through with their purchases.&lt;/p&gt;&#xA;"
                   textIsRich="true"/>
         <text_732 jcr:primaryType="nt:unstructured"
                   sling:resourceType="help/components/article-3/text"
                   text="&lt;p&gt;You want to send a friendly reminder to all of the customers who received the cart abandonment notification but who did not open it after three days.&lt;/p&gt;&#xA;"
                   textIsRich="true"/>
         <text_733 jcr:primaryType="nt:unstructured"
                   sling:resourceType="help/components/article-3/text"
                   text="&lt;p&gt;Each concerned customer will then receive a follow-up message based on the same data that was used in the first email that was sent.&lt;/p&gt;&#xA;"
                   textIsRich="true"/>
    
         <header_98 jcr:primaryType="nt:unstructured" sling:resourceType="help/components/header"
                    id="accessing-the-follow-up-messages"
                    level="2"
                    text="&lt;p&gt;Accessing the follow-up messages&lt;/p&gt;&#xA;"
                    textIsRich="'true'"/>
         <text_734 jcr:primaryType="nt:unstructured"
                   sling:resourceType="help/components/article-3/text"
                   text="&lt;p&gt;Once you have created and published an event (the cart abandonment as per the &#xA;&#x9;&#x9;&#x9;&#x9;&#x9;&#x9;&#x9;&#x9;&#x9;&#x9;&#x9;&#xA;&#x9;&#x9;&#x9;&#x9;&#x9;&#x9;&#x9;&lt;a href=&#34;/content/help/en/campaign/standard/channels/using/about-transactional-messaging.html#transactional-messaging-operating-principle&#34;&gt;example&lt;/a&gt; above), the corresponding transactional message and follow-up message are created automatically.&lt;/p&gt;&#xA;"
                   textIsRich="true"/>
         <text_735 jcr:primaryType="nt:unstructured"
                   sling:resourceType="help/components/article-3/text"
                   text="&lt;p&gt;The configuration steps are presented in the &#xA;&#x9;&#x9;&#x9;&#x9;&#x9;&#x9;&#x9;&#x9;&#x9;&#x9;&#x9;&#xA;&#x9;&#x9;&#x9;&#x9;&#x9;&#x9;&#x9;&lt;a href=&#34;/content/help/en/campaign/standard/administration/using/configuring-transactional-messaging.html#use-case--configuring-an-event-to-send-a-transactional-message&#34;&gt;Configuring an event to send a follow-up message&lt;/a&gt; section.&lt;/p&gt;&#xA;"
                   textIsRich="true"/>
         <text_736 jcr:primaryType="nt:unstructured"
                   sling:resourceType="help/components/article-3/text"
                   text="&lt;p&gt;To handle an event in a workflow, a delivery template is required. However, when publishing the event, the &#xA;&#x9;&#x9;&#x9;&#x9;&#x9;&#x9;&#x9;&#x9;&#x9;&#x9;&#x9;&#xA;&#x9;&#x9;&#x9;&#x9;&#x9;&#x9;&#x9;&lt;a href=&#34;/content/help/en/campaign/standard/channels/using/event-transactional-messages.html&#34;&gt;transactional message&lt;/a&gt; that is created cannot be used as a template. Therefore, you need to create a specific follow-up delivery template designed to support this event type and to be used as a template in a workflow.&lt;/p&gt;&#xA;"
                   textIsRich="true"/>
         <text_737 jcr:primaryType="nt:unstructured"
                   sling:resourceType="help/components/article-3/text"
                   text="&lt;p&gt;To access this template:&lt;/p&gt;&#xA;"
                   textIsRich="true"/>
         <procedure_42_10 jcr:primaryType="nt:unstructured"
                          sling:resourceType="help/components/procedure">
            <proc_par jcr:primaryType="nt:unstructured"
                      sling:resourceType="help/components/procedure/proc_parsys">
               <step_336_0 jcr:primaryType="nt:unstructured" sling:resourceType="help/components/step">
                  <step_par jcr:primaryType="nt:unstructured"
                            sling:resourceType="help/components/procedure/step_parsys">
                     <text_738 jcr:primaryType="nt:unstructured"
                               sling:resourceType="help/components/article-3/text"
                               text="&lt;p&gt;Click the &lt;strong&gt;Adobe Campaign&lt;/strong&gt; logo, in the top left corner.&lt;/p&gt;&#xA;"
                               textIsRich="true"/>
                  </step_par>
               </step_336_0>
               <step_337_0 jcr:primaryType="nt:unstructured" sling:resourceType="help/components/step">
                  <step_par jcr:primaryType="nt:unstructured"
                            sling:resourceType="help/components/procedure/step_parsys">
                     <text_739 jcr:primaryType="nt:unstructured"
                               sling:resourceType="help/components/article-3/text"
                               text="&lt;p&gt;Select &lt;strong&gt;Resources&lt;/strong&gt; &gt; &lt;strong&gt;Templates&lt;/strong&gt; &gt; &lt;strong&gt;Delivery templates&lt;/strong&gt;.&lt;/p&gt;&#xA;"
                               textIsRich="true"/>
                  </step_par>
               </step_337_0>
               <step_338_0 jcr:primaryType="nt:unstructured" sling:resourceType="help/components/step">
                  <step_par jcr:primaryType="nt:unstructured"
                            sling:resourceType="help/components/procedure/step_parsys">
                     <text_740 jcr:primaryType="nt:unstructured"
                               sling:resourceType="help/components/article-3/text"
                               text="&lt;p&gt;Check the &lt;strong&gt;Follow-up messages&lt;/strong&gt; box in the left pane.&lt;/p&gt;&#xA;"
                               textIsRich="true"/>
                     <image_159 jcr:primaryType="nt:unstructured"
                                sling:resourceType="help/components/article-3/image"
                                jcr:title=""
                                alt=""
                                captionBottom=""
                                fileName="message-center_follow-up-search.png"
                                originalFileName="images/en/message-center_follow-up-search.png"
                                fileReference="/content/dam/help/en/campaign/standard/message-center_follow-up-search.png"
                                imageRotate="0"
                                originalHeight=""
                                originalWidth=""
                                scaleOption="toTemplate"
                                status="legacy"/>
                  </step_par>
               </step_338_0>
            </proc_par>
         </procedure_42_10>
         <text_741 jcr:primaryType="nt:unstructured"
                   sling:resourceType="help/components/article-3/text"
                   text="&lt;p&gt;Only the follow-up messages are displayed.&lt;/p&gt;&#xA;"
                   textIsRich="true"/>
         <note_36 jcr:primaryType="nt:unstructured"
                  sling:resourceType="help/components/article-3/note"
                  text="&lt;p&gt;&#xA;        To access the transactional messages, you must have administration rights or appear in the &lt;strong&gt;Message Center agents&lt;/strong&gt; (mcExec) security group.&#xA;      &lt;/p&gt;&#xA;"
                  textIsRich="true"
                  type="note"/>
    
    
         <header_99 jcr:primaryType="nt:unstructured" sling:resourceType="help/components/header"
                    id="sending-a-follow-up-message"
                    level="2"
                    text="&lt;p&gt;Sending a follow-up message&lt;/p&gt;&#xA;"
                    textIsRich="'true'"/>
         <text_743 jcr:primaryType="nt:unstructured"
                   sling:resourceType="help/components/article-3/text"
                   text="&lt;p&gt;Once you created the follow-up delivery template, you can use it in a workflow to send a follow-up message.&lt;/p&gt;&#xA;"
                   textIsRich="true"/>
         <procedure_43_10 jcr:primaryType="nt:unstructured"
                          sling:resourceType="help/components/procedure">
            <proc_par jcr:primaryType="nt:unstructured"
                      sling:resourceType="help/components/procedure/proc_parsys">
               <step_339_0 jcr:primaryType="nt:unstructured" sling:resourceType="help/components/step">
                  <step_par jcr:primaryType="nt:unstructured"
                            sling:resourceType="help/components/procedure/step_parsys">
                     <text_744 jcr:primaryType="nt:unstructured"
                               sling:resourceType="help/components/article-3/text"
                               text="&lt;p&gt;Access the marketing activity list and create a new workflow.&lt;/p&gt;&#xA;"
                               textIsRich="true"/>
                     <text_745 jcr:primaryType="nt:unstructured"
                               sling:resourceType="help/components/article-3/text"
                               text="&lt;p&gt;See &#xA;&#x9;&#x9;&#x9;&#x9;&#x9;&#x9;&#x9;&#x9;&#x9;&#x9;&#x9;&#xA;&#x9;&#x9;&#x9;&#x9;&#x9;&#x9;&#x9;&lt;a href=&#34;/content/help/en/campaign/standard/automating/using/building-a-workflow.html#creating-a-workflow&#34;&gt;Creating a workflow&lt;/a&gt;.&lt;/p&gt;&#xA;"
                               textIsRich="true"/>
                  </step_par>
               </step_339_0>
               <step_340_0 jcr:primaryType="nt:unstructured" sling:resourceType="help/components/step">
                  <step_par jcr:primaryType="nt:unstructured"
                            sling:resourceType="help/components/procedure/step_parsys">
                     <text_746 jcr:primaryType="nt:unstructured"
                               sling:resourceType="help/components/article-3/text"
                               text="&lt;p&gt;Drag and drop a &lt;strong&gt;Scheduler&lt;/strong&gt; activity into your workflow and open it. Set the execution frequency to once a day.&lt;/p&gt;&#xA;"
                               textIsRich="true"/>
                     <text_747 jcr:primaryType="nt:unstructured"
                               sling:resourceType="help/components/article-3/text"
                               text="&lt;p&gt;The Scheduler activity is presented in the &#xA;&#x9;&#x9;&#x9;&#x9;&#x9;&#x9;&#x9;&#x9;&#x9;&#x9;&#x9;&#xA;&#x9;&#x9;&#x9;&#x9;&#x9;&#x9;&#x9;&lt;a href=&#34;/content/help/en/campaign/standard/automating/using/scheduler.html&#34;&gt;Scheduler&lt;/a&gt; section.&lt;/p&gt;&#xA;"
                               textIsRich="true"/>
                  </step_par>
               </step_340_0>
               <step_341_0 jcr:primaryType="nt:unstructured" sling:resourceType="help/components/step">
                  <step_par jcr:primaryType="nt:unstructured"
                            sling:resourceType="help/components/procedure/step_parsys">
                     <text_748 jcr:primaryType="nt:unstructured"
                               sling:resourceType="help/components/article-3/text"
                               text="&lt;p&gt;Drag and drop a &lt;strong&gt;Query&lt;/strong&gt; activity into your workflow and open it.&lt;/p&gt;&#xA;"
                               textIsRich="true"/>
                     <text_749 jcr:primaryType="nt:unstructured"
                               sling:resourceType="help/components/article-3/text"
                               text="&lt;p&gt;The Query activity is presented in the &#xA;&#x9;&#x9;&#x9;&#x9;&#x9;&#x9;&#x9;&#x9;&#x9;&#x9;&#x9;&#xA;&#x9;&#x9;&#x9;&#x9;&#x9;&#x9;&#x9;&lt;a href=&#34;/content/help/en/campaign/standard/automating/using/query.html&#34;&gt;Query&lt;/a&gt; section.&lt;/p&gt;&#xA;"
                               textIsRich="true"/>
                  </step_par>
               </step_341_0>
               <step_342_0 jcr:primaryType="nt:unstructured" sling:resourceType="help/components/step">
                  <step_par jcr:primaryType="nt:unstructured"
                            sling:resourceType="help/components/procedure/step_parsys">
                     <text_750 jcr:primaryType="nt:unstructured"
                               sling:resourceType="help/components/article-3/text"
                               text="&lt;p&gt;To run the query on a resource other than the profile resource, go to the activity's &lt;strong&gt;Properties&lt;/strong&gt; tab and click the &lt;strong&gt;Resource&lt;/strong&gt; drop-down list.&lt;/p&gt;&#xA;"
                               textIsRich="true"/>
                     <image_160 jcr:primaryType="nt:unstructured"
                                sling:resourceType="help/components/article-3/image"
                                jcr:title=""
                                alt=""
                                captionBottom=""
                                fileName="message-center_follow-up-query-properties.png"
                                originalFileName="images/en/message-center_follow-up-query-properties.png"
                                fileReference="/content/dam/help/en/campaign/standard/message-center_follow-up-query-properties.png"
                                imageRotate="0"
                                originalHeight=""
                                originalWidth=""
                                scaleOption="toTemplate"
                                status="legacy"/>
                     <note_37 jcr:primaryType="nt:unstructured"
                              sling:resourceType="help/components/article-3/note"
                              text="&lt;p&gt;&#xA;            By default, the activity is pre-configured to search for profiles.&#xA;          &lt;/p&gt;&#xA;"
                              textIsRich="true"
                              type="note"/>
                  </step_par>
               </step_342_0>
               <step_343_0 jcr:primaryType="nt:unstructured" sling:resourceType="help/components/step">
                  <step_par jcr:primaryType="nt:unstructured"
                            sling:resourceType="help/components/procedure/step_parsys">
                     <text_752 jcr:primaryType="nt:unstructured"
                               sling:resourceType="help/components/article-3/text"
                               text="&lt;p&gt;Select the event that you want to target so that you only access data from this event.&lt;/p&gt;&#xA;"
                               textIsRich="true"/>
                     <image_161 jcr:primaryType="nt:unstructured"
                                sling:resourceType="help/components/article-3/image"
                                jcr:title=""
                                alt=""
                                captionBottom=""
                                fileName="message-center_follow-up-query-resource.png"
                                originalFileName="images/en/message-center_follow-up-query-resource.png"
                                fileReference="/content/dam/help/en/campaign/standard/message-center_follow-up-query-resource.png"
                                imageRotate="0"
                                originalHeight=""
                                originalWidth=""
                                scaleOption="toTemplate"
                                status="legacy"/>
                  </step_par>
               </step_343_0>
               <step_344_0 jcr:primaryType="nt:unstructured" sling:resourceType="help/components/step">
                  <step_par jcr:primaryType="nt:unstructured"
                            sling:resourceType="help/components/procedure/step_parsys">
                     <text_753 jcr:primaryType="nt:unstructured"
                               sling:resourceType="help/components/article-3/text"
                               text="&lt;p&gt;Go to the activity's &lt;strong&gt;Target&lt;/strong&gt; tab and drag and drop the &lt;strong&gt;Delivery logs (logs)&lt;/strong&gt; element from the &lt;strong&gt;Email&lt;/strong&gt; section into the workspace.&lt;/p&gt;&#xA;"
                               textIsRich="true"/>
                     <image_162 jcr:primaryType="nt:unstructured"
                                sling:resourceType="help/components/article-3/image"
                                jcr:title=""
                                alt=""
                                captionBottom=""
                                fileName="message-center_follow-up-delivery-logs.png"
                                originalFileName="images/en/message-center_follow-up-delivery-logs.png"
                                fileReference="/content/dam/help/en/campaign/standard/message-center_follow-up-delivery-logs.png"
                                imageRotate="0"
                                originalHeight=""
                                originalWidth=""
                                scaleOption="toTemplate"
                                status="legacy"/>
                     <text_754 jcr:primaryType="nt:unstructured"
                               sling:resourceType="help/components/article-3/text"
                               text="&lt;p&gt;Select &lt;strong&gt;Exists&lt;/strong&gt; to target all of the customers who received the email.&lt;/p&gt;&#xA;"
                               textIsRich="true"/>
                     <image_163 jcr:primaryType="nt:unstructured"
                                sling:resourceType="help/components/article-3/image"
                                jcr:title=""
                                alt=""
                                captionBottom=""
                                fileName="message-center_follow-up-delivery-logs-exists.png"
                                originalFileName="images/en/message-center_follow-up-delivery-logs-exists.png"
                                fileReference="/content/dam/help/en/campaign/standard/message-center_follow-up-delivery-logs-exists.png"
                                imageRotate="0"
                                originalHeight=""
                                originalWidth=""
                                scaleOption="toTemplate"
                                status="legacy"/>
                  </step_par>
               </step_344_0>
               <step_345_0 jcr:primaryType="nt:unstructured" sling:resourceType="help/components/step">
                  <step_par jcr:primaryType="nt:unstructured"
                            sling:resourceType="help/components/procedure/step_parsys">
                     <text_755 jcr:primaryType="nt:unstructured"
                               sling:resourceType="help/components/article-3/text"
                               text="&lt;p&gt;Move the &lt;strong&gt;Tracking logs (tracking)&lt;/strong&gt; element from the palette to the workspace and select &lt;strong&gt;Does not exist&lt;/strong&gt; to target all of the customers who did not open the email.&lt;/p&gt;&#xA;"
                               textIsRich="true"/>
                     <image_164 jcr:primaryType="nt:unstructured"
                                sling:resourceType="help/components/article-3/image"
                                jcr:title=""
                                alt=""
                                captionBottom=""
                                fileName="message-center_follow-up-delivery-and-tracking-logs.png"
                                originalFileName="images/en/message-center_follow-up-delivery-and-tracking-logs.png"
                                fileReference="/content/dam/help/en/campaign/standard/message-center_follow-up-delivery-and-tracking-logs.png"
                                imageRotate="0"
                                originalHeight=""
                                originalWidth=""
                                scaleOption="toTemplate"
                                status="legacy"/>
                  </step_par>
               </step_345_0>
               <step_346_0 jcr:primaryType="nt:unstructured" sling:resourceType="help/components/step">
                  <step_par jcr:primaryType="nt:unstructured"
                            sling:resourceType="help/components/procedure/step_parsys">
                     <text_756 jcr:primaryType="nt:unstructured"
                               sling:resourceType="help/components/article-3/text"
                               text="&lt;p&gt;Drag and drop the event that you are targeting (&lt;strong&gt;Cart abandonment&lt;/strong&gt; in this example) from the &lt;strong&gt;Email&lt;/strong&gt; section into the workspace. Then define a rule to target all messages sent three days ago.&lt;/p&gt;&#xA;"
                               textIsRich="true"/>
                     <image_165 jcr:primaryType="nt:unstructured"
                                sling:resourceType="help/components/article-3/image"
                                jcr:title=""
                                alt=""
                                captionBottom=""
                                fileName="message-center_follow-up-created.png"
                                originalFileName="images/en/message-center_follow-up-created.png"
                                fileReference="/content/dam/help/en/campaign/standard/message-center_follow-up-created.png"
                                imageRotate="0"
                                originalHeight=""
                                originalWidth=""
                                scaleOption="toTemplate"
                                status="legacy"/>
                     <text_757 jcr:primaryType="nt:unstructured"
                               sling:resourceType="help/components/article-3/text"
                               text="&lt;p&gt;This means that all recipients who received the transactional message three days before the execution of the workflow and still have not opened it are targeted.&lt;/p&gt;&#xA;"
                               textIsRich="true"/>
                     <text_758 jcr:primaryType="nt:unstructured"
                               sling:resourceType="help/components/article-3/text"
                               text="&lt;p&gt;Click &lt;strong&gt;Confirm&lt;/strong&gt; to save the query.&lt;/p&gt;&#xA;"
                               textIsRich="true"/>
                  </step_par>
               </step_346_0>
               <step_347_0 jcr:primaryType="nt:unstructured" sling:resourceType="help/components/step">
                  <step_par jcr:primaryType="nt:unstructured"
                            sling:resourceType="help/components/procedure/step_parsys">
                     <text_759 jcr:primaryType="nt:unstructured"
                               sling:resourceType="help/components/article-3/text"
                               text="&lt;p&gt;Drag and drop an &lt;strong&gt;Email delivery&lt;/strong&gt; activity into your workflow.&lt;/p&gt;&#xA;"
                               textIsRich="true"/>
                     <text_760 jcr:primaryType="nt:unstructured"
                               sling:resourceType="help/components/article-3/text"
                               text="&lt;p&gt;The Email delivery activity is presented in the &#xA;&#x9;&#x9;&#x9;&#x9;&#x9;&#x9;&#x9;&#x9;&#x9;&#x9;&#x9;&#xA;&#x9;&#x9;&#x9;&#x9;&#x9;&#x9;&#x9;&lt;a href=&#34;/content/help/en/campaign/standard/automating/using/email-delivery.html&#34;&gt;Email delivery&lt;/a&gt; section.&lt;/p&gt;&#xA;"
                               textIsRich="true"/>
                     <image_166 jcr:primaryType="nt:unstructured"
                                sling:resourceType="help/components/article-3/image"
                                jcr:title=""
                                alt=""
                                captionBottom=""
                                fileName="message-center_follow-up-workflow.png"
                                originalFileName="images/en/message-center_follow-up-workflow.png"
                                fileReference="/content/dam/help/en/campaign/standard/message-center_follow-up-workflow.png"
                                imageRotate="0"
                                originalHeight=""
                                originalWidth=""
                                scaleOption="toTemplate"
                                status="legacy"/>
                     <text_761 jcr:primaryType="nt:unstructured"
                               sling:resourceType="help/components/article-3/text"
                               text="&lt;p&gt;You can also use an &#xA;&#x9;&#x9;&#x9;&#x9;&#x9;&#x9;&#x9;&#x9;&#x9;&#x9;&#x9;&#xA;&#x9;&#x9;&#x9;&#x9;&#x9;&#x9;&#x9;&lt;a href=&#34;/content/help/en/campaign/standard/automating/using/sms-delivery.html&#34;&gt;SMS delivery&lt;/a&gt; or a &#xA;&#x9;&#x9;&#x9;&#x9;&#x9;&#x9;&#x9;&#x9;&#x9;&#x9;&#x9;&#xA;&#x9;&#x9;&#x9;&#x9;&#x9;&#x9;&#x9;&lt;a href=&#34;/content/help/en/campaign/standard/automating/using/push-notification-delivery.html&#34;&gt;Mobile app delivery&lt;/a&gt; activity. In this case, make sure you select the &lt;strong&gt;Mobile (SMS)&lt;/strong&gt; or &lt;strong&gt;Mobile application&lt;/strong&gt; channel when creating your event configuration. See &#xA;&#x9;&#x9;&#x9;&#x9;&#x9;&#x9;&#x9;&#x9;&#x9;&#x9;&#x9;&#xA;&#x9;&#x9;&#x9;&#x9;&#x9;&#x9;&#x9;&lt;a href=&#34;/content/help/en/campaign/standard/administration/using/configuring-transactional-messaging.html#creating-an-event&#34;&gt;Creating an event&lt;/a&gt;.&lt;/p&gt;&#xA;"
                               textIsRich="true"/>
                  </step_par>
               </step_347_0>
               <step_348_0 jcr:primaryType="nt:unstructured" sling:resourceType="help/components/step">
                  <step_par jcr:primaryType="nt:unstructured"
                            sling:resourceType="help/components/procedure/step_parsys">
                     <text_762 jcr:primaryType="nt:unstructured"
                               sling:resourceType="help/components/article-3/text"
                               text="&lt;p&gt;Open the &lt;strong&gt;Email delivery&lt;/strong&gt; activity. In the creation wizard, check the &lt;strong&gt;Follow-up messages&lt;/strong&gt; box and select the follow-up delivery template that was created after publishing the event.&lt;/p&gt;&#xA;"
                               textIsRich="true"/>
                     <image_167 jcr:primaryType="nt:unstructured"
                                sling:resourceType="help/components/article-3/image"
                                jcr:title=""
                                alt=""
                                captionBottom=""
                                fileName="message-center_follow-up-template.png"
                                originalFileName="images/en/message-center_follow-up-template.png"
                                fileReference="/content/dam/help/en/campaign/standard/message-center_follow-up-template.png"
                                imageRotate="0"
                                originalHeight=""
                                originalWidth=""
                                scaleOption="toTemplate"
                                status="legacy"/>
                  </step_par>
               </step_348_0>
               <step_349_0 jcr:primaryType="nt:unstructured" sling:resourceType="help/components/step">
                  <step_par jcr:primaryType="nt:unstructured"
                            sling:resourceType="help/components/procedure/step_parsys">
                     <text_763 jcr:primaryType="nt:unstructured"
                               sling:resourceType="help/components/article-3/text"
                               text="&lt;p&gt;In the follow-up message content, you can leverage the content of your event by adding personalization fields.&lt;/p&gt;&#xA;"
                               textIsRich="true"/>
                     <image_168 jcr:primaryType="nt:unstructured"
                                sling:resourceType="help/components/article-3/image"
                                jcr:title=""
                                alt=""
                                captionBottom=""
                                fileName="message-center_follow-up-content.png"
                                originalFileName="images/en/message-center_follow-up-content.png"
                                fileReference="/content/dam/help/en/campaign/standard/message-center_follow-up-content.png"
                                imageRotate="0"
                                originalHeight=""
                                originalWidth=""
                                scaleOption="toTemplate"
                                status="legacy"/>
                  </step_par>
               </step_349_0>
               <step_350_0 jcr:primaryType="nt:unstructured" sling:resourceType="help/components/step">
                  <step_par jcr:primaryType="nt:unstructured"
                            sling:resourceType="help/components/procedure/step_parsys">
                     <text_764 jcr:primaryType="nt:unstructured"
                               sling:resourceType="help/components/article-3/text"
                               text="&lt;p&gt;Find the fields that you defined when creating your event by selecting &lt;strong&gt;Transactional event&lt;/strong&gt; &gt; &lt;strong&gt;Event context&lt;/strong&gt;. See &#xA;&#x9;&#x9;&#x9;&#x9;&#x9;&#xA;&lt;a href=&#34;/content/help/en/campaign/standard/channels/using/event-transactional-messages.html#personalizing-a-transactional-message&#34; target=&#34;_blank&#34;&gt;Personalizing a transactional message&lt;/a&gt;.&lt;/p&gt;&#xA;"
                               textIsRich="true"/>
                     <image_169 jcr:primaryType="nt:unstructured"
                                sling:resourceType="help/components/article-3/image"
                                jcr:title=""
                                alt=""
                                captionBottom=""
                                fileName="message-center_follow-up-personalization.png"
                                originalFileName="images/en/message-center_follow-up-personalization.png"
                                fileReference="/content/dam/help/en/campaign/standard/message-center_follow-up-personalization.png"
                                imageRotate="0"
                                originalHeight=""
                                originalWidth=""
                                scaleOption="toTemplate"
                                status="legacy"/>
                     <text_765 jcr:primaryType="nt:unstructured"
                               sling:resourceType="help/components/article-3/text"
                               text="&lt;p&gt;This means that you can leverage the same content, including enriched data, that was used the first time the event was sent, to create a personalized friendly reminder.&lt;/p&gt;&#xA;"
                               textIsRich="true"/>
                  </step_par>
               </step_350_0>
               <step_351_0 jcr:primaryType="nt:unstructured" sling:resourceType="help/components/step">
                  <step_par jcr:primaryType="nt:unstructured"
                            sling:resourceType="help/components/procedure/step_parsys">
                     <text_766 jcr:primaryType="nt:unstructured"
                               sling:resourceType="help/components/article-3/text"
                               text="&lt;p&gt;Save the activity and start the workflow.&lt;/p&gt;&#xA;"
                               textIsRich="true"/>
                  </step_par>
               </step_351_0>
            </proc_par>
         </procedure_43_10>
         <text_767 jcr:primaryType="nt:unstructured"
                   sling:resourceType="help/components/article-3/text"
                   text="&lt;p&gt;Once the workflow is started, every customer that received your cart abandonment notification three days ago but did not open it will receive a follow-up message based on the same data.&lt;/p&gt;&#xA;"
                   textIsRich="true"/>
         <note_38 jcr:primaryType="nt:unstructured"
                  sling:resourceType="help/components/article-3/note"
                  text="&lt;p&gt;&#xA;        If you selected the &lt;strong&gt;Profile&lt;/strong&gt; targeting dimension when creating the event configuration, the follow-up message will also leverage the Adobe Campaign marketing database. See &#xA;&#x9;&#x9;&#x9;&#x9;&#x9;&#xA;&lt;a href=&#34;/content/help/en/campaign/standard/channels/using/profile-transactional-messages.html&#34; target=&#34;_blank&#34;&gt;Profile transactional messages&lt;/a&gt;.&#xA;      &lt;/p&gt;&#xA;"
                  textIsRich="true"
                  type="note"/>
    
      </main-pars>
      <hero jcr:primaryType="nt:unstructured"
            sling:resourceType="foundation/components/image"/>
      <thumbnail jcr:primaryType="nt:unstructured"
                 sling:resourceType="foundation/components/image"/>
      <publisherLogo jcr:primaryType="nt:unstructured"
                     sling:resourceType="foundation/components/image"/>
   </jcr:content>
</jcr:root>