<?xml version="1.0" encoding="UTF-8"?>
<jcr:root xmlns:nt="http://www.jcp.org/jcr/nt/1.0" xmlns:json="http://json.org/"
          xmlns:sling="http://sling.apache.org/jcr/sling/1.0"
          xmlns:cq="http://www.day.com/jcr/cq/1.0"
          xmlns:jcr="http://www.jcp.org/jcr/1.0"
          xmlns:mix="http://www.jcp.org/jcr/mix/1.0"
          jcr:primaryType="cq:Page">
   <jcr:content navTitle="Personalizing SMS messages" jcr:primaryType="cq:PageContent"
                sling:resourceType="help/components/pages/article-3"
                heroGradient="light"
                jcr:language="en_us"
                cq:designPath="/etc/designs/help"
                cq:template="/apps/help/templates/article-3"
                jcr:mixinTypes="[mix:versionable]"
                jcr:title="Personalizing SMS messages"
                jcr:description="Personalizing SMS messages"
                seoDescription="Discover the specificity of the transliteration options when personalizing SMS messages."
                primaryProductTag="[products:SG_CAMPAIGN/STANDARD]"
                cq:tags="[products:SG_CAMPAIGN/STANDARD,audience:channels,content_type:reference,topic_tags:sms-messages]"
                primaryAudienceTag="[audience:channels]"
                contentOwner="sauviat"
                isReadyForLocalization="true"
                publishExternalDate="2018-09-04">
      <main-pars jcr:primaryType="nt:unstructured"
                 sling:resourceType="foundation/components/parsys">
        
        
        
            
        
        <text_216 jcr:primaryType="nt:unstructured"
                   sling:resourceType="help/components/article-3/text"
                   text="&lt;p&gt;The principles for personalizing SMS messages are the same as those for &#xA;&#x9;&#x9;&#x9;&#x9;&#x9;&#x9;&#x9;&#x9;&#x9;&#x9;&#x9;&#xA;&#x9;&#x9;&#x9;&#x9;&#x9;&#x9;&#x9;&lt;a href=&#34;/content/help/en/campaign/standard/designing/using/inserting-a-personalization-field.html&#34;&gt;emails&lt;/a&gt;. You must nevertheless be aware of the transliteration options as these can impact the encoding and therefore the number of SMS messages to send. For more on this, refer to the &#xA;&#x9;&#x9;&#x9;&#x9;&#x9;&#x9;&#x9;&#x9;&#x9;&#x9;&#x9;&#xA;&#x9;&#x9;&#x9;&#x9;&#x9;&#x9;&#x9;&lt;a href=&#34;/content/help/en/campaign/standard/administration/using/configuring-sms-channel.html#sms-encoding--length-and-transliteration&#34;&gt;Transliteration and SMS length&lt;/a&gt; section.&lt;/p&gt;&#xA;"
                   textIsRich="true"/>
        <text_217 jcr:primaryType="nt:unstructured"
                   sling:resourceType="help/components/article-3/text"
                   text="&lt;p&gt;Here we take a sample SMS message containing personalization fields which, depending on whether or not transliteration has been selected, will not generate the same number of sends:&lt;/p&gt;&#xA;"
                   textIsRich="true"/>
        <text_218 jcr:primaryType="nt:unstructured"
                   sling:resourceType="help/components/article-3/text"
                   text="&lt;p&gt;&lt;strong&gt;'Hey &lt;FirstName&gt; &lt;LastName&gt;, new products now available. Come and check them out in store!'&lt;/strong&gt;&lt;/p&gt;&#xA;"
                   textIsRich="true"/>
        <procedure_18 jcr:primaryType="nt:unstructured"
                       sling:resourceType="help/components/procedure"
                       isBulleted="true">
            <proc_par jcr:primaryType="nt:unstructured"
                      sling:resourceType="help/components/procedure/proc_parsys">
               <step_112_18 jcr:primaryType="nt:unstructured" sling:resourceType="help/components/step">
                  <step_par jcr:primaryType="nt:unstructured"
                            sling:resourceType="help/components/procedure/step_parsys">
                     <text_219 jcr:primaryType="nt:unstructured"
                               sling:resourceType="help/components/article-3/text"
                               text="&lt;p&gt;For a recipient named 'John Smith', as it contains no special characters, Adobe Campaign will choose GSM encoding which will authorize up to 160 characters per SMS message. The message will therefore be sent in a single part.&lt;/p&gt;&#xA;"
                               textIsRich="true"/>
                  </step_par>
               </step_112_18>
               <step_113_18 jcr:primaryType="nt:unstructured" sling:resourceType="help/components/step">
                  <step_par jcr:primaryType="nt:unstructured"
                            sling:resourceType="help/components/procedure/step_parsys">
                     <text_220 jcr:primaryType="nt:unstructured"
                               sling:resourceType="help/components/article-3/text"
                               text="&lt;p&gt;For a recipient named 'Raphaël Forêt', the characters 'ë' and 'ê' cannot be encoded in GSM. Depending on whether transliteration has been enabled or not, Adobe Campaign can select between two behaviors:&lt;/p&gt;&#xA;"
                               textIsRich="true"/>
                     <procedure_18 jcr:primaryType="nt:unstructured"
                                   sling:resourceType="help/components/procedure"
                                   isBulleted="true">
                        <proc_par jcr:primaryType="nt:unstructured"
                                  sling:resourceType="help/components/procedure/proc_parsys">
                           <step_113_18 jcr:primaryType="nt:unstructured" sling:resourceType="help/components/step">
                              <step_par jcr:primaryType="nt:unstructured"
                                        sling:resourceType="help/components/procedure/step_parsys">
                                 <text_221 jcr:primaryType="nt:unstructured"
                                           sling:resourceType="help/components/article-3/text"
                                           text="&lt;p&gt;If transliteration is authorized 'ë' and 'ê' will be replaced by 'e', which means GSM encoding can be used and so up to 160 characters can be used in the SMS. This message will be sent as a single SMS message, but it will be slightly altered.&lt;/p&gt;&#xA;"
                                           textIsRich="true"/>
                              </step_par>
                           </step_113_18>
                           <step_114_18 jcr:primaryType="nt:unstructured" sling:resourceType="help/components/step">
                              <step_par jcr:primaryType="nt:unstructured"
                                        sling:resourceType="help/components/procedure/step_parsys">
                                 <text_222 jcr:primaryType="nt:unstructured"
                                           sling:resourceType="help/components/article-3/text"
                                           text="&lt;p&gt;If transliteration is not authorized, Adobe Campaign will choose to send the message in binary format (Unicode): all of the characters will therefore be sent as such. As the SMS messages in Unicode are limited to 70 characters Adobe Campaign will have to send the message in two parts.&lt;/p&gt;&#xA;"
                                           textIsRich="true"/>
                              </step_par>
                           </step_114_18>
                        </proc_par>
                     </procedure_18>
                  </step_par>
               </step_113_18>
            </proc_par>
         </procedure_18>
        <note_11 jcr:primaryType="nt:unstructured"
                  sling:resourceType="help/components/article-3/note"
                  text="&lt;p&gt;&#xA;            The algorithm which automatically chooses the best encoding is executed independently for each message, case by case. This way, only the personalized messages that require Unicode encoding will be sent in Unicode; all the others will use GSM encoding.&#xA;        &lt;/p&gt;&#xA;"
                  textIsRich="true"
                  type="note"/>
      </main-pars>
      <hero jcr:primaryType="nt:unstructured"
            sling:resourceType="foundation/components/image"/>
      <thumbnail jcr:primaryType="nt:unstructured"
                 sling:resourceType="foundation/components/image"/>
      <publisherLogo jcr:primaryType="nt:unstructured"
                     sling:resourceType="foundation/components/image"/>
   </jcr:content>
</jcr:root>