<?xml version="1.0" encoding="UTF-8"?>
<jcr:root xmlns:nt="http://www.jcp.org/jcr/nt/1.0" xmlns:json="http://json.org/"
          xmlns:sling="http://sling.apache.org/jcr/sling/1.0"
          xmlns:cq="http://www.day.com/jcr/cq/1.0"
          xmlns:jcr="http://www.jcp.org/jcr/1.0"
          xmlns:mix="http://www.jcp.org/jcr/mix/1.0"
          jcr:primaryType="cq:Page">
   <jcr:content navTitle="Return to sender" jcr:primaryType="cq:PageContent"
                sling:resourceType="help/components/pages/article-3"
                heroGradient="light"
                jcr:language="en_us"
                cq:designPath="/etc/designs/help"
                cq:template="/apps/help/templates/article-3"
                jcr:mixinTypes="[mix:versionable]"
                jcr:title="Return to sender"
                jcr:description="Return to sender"
                seoDescription="Learn how to be notified of an incorrect address and exclude it from future communications."
                primaryProductTag="[products:SG_CAMPAIGN/STANDARD]"
                cq:tags="[products:SG_CAMPAIGN/STANDARD,audience:channels,content_type:reference,topic_tags:direct-mail]"
                primaryAudienceTag="[audience:channels]"
                contentOwner="sauviat"
                isReadyForLocalization="true"
                publishExternalDate="2018-09-04">
      <main-pars jcr:primaryType="nt:unstructured"
                 sling:resourceType="foundation/components/parsys">
        
        
            
        
        <text_535 jcr:primaryType="nt:unstructured"
                   sling:resourceType="help/components/article-3/text"
                   text="&lt;p&gt;Flat file exchanges with Direct Mail providers incorporating Return to Sender information are supported. This allows corresponding postal addresses to be excluded from future communications. This also allows you to be notified of an incorrect address and engage with the customer through other channels or to encourage him to update his postal address. &lt;/p&gt;&#xA;"
                   textIsRich="true"/>
        <text_536 jcr:primaryType="nt:unstructured"
                   sling:resourceType="help/components/article-3/text"
                   text="&lt;p&gt;For example, a contact has moved to a new place and did not provide you with his new postal address. The provider retrieves the list of erroneous addresses and sends this information to Adobe Campaign which automatically blacklists the erroneous addresses.&lt;/p&gt;&#xA;"
                   textIsRich="true"/>
        <text_537 jcr:primaryType="nt:unstructured"
                   sling:resourceType="help/components/article-3/text"
                   text="&lt;p&gt;In order for this functionality to work, the direct mail default delivery template includes, in the content, the delivery log ID. Thus, Adobe Campaign will be able to synchronize the profile and delivery data with the information returned by the provider.&lt;/p&gt;&#xA;"
                   textIsRich="true"/>
        <image_108 jcr:primaryType="nt:unstructured"
                    sling:resourceType="help/components/article-3/image"
                    jcr:title=""
                    alt=""
                    captionBottom=""
                    fileName="direct_mail_return_sender_1.png"
                    originalFileName="images/en/direct_mail_return_sender_1.png"
                    fileReference="/content/dam/help/en/campaign/standard/direct_mail_return_sender_1.png"
                    imageRotate="0"
                    originalHeight=""
                    originalWidth=""
                    scaleOption="toTemplate"
                    status="legacy"/>
        <text_538 jcr:primaryType="nt:unstructured"
                   sling:resourceType="help/components/article-3/text"
                   text="&lt;p&gt;An import template is available under &lt;strong&gt;Adobe Campaign &gt; Resources &gt; Templates &gt; Import templates &gt; Update Direct Mail quarantines and delivery logs&lt;/strong&gt;. Duplicate this template to create your own. For more on using import templates, refer to &#xA;&#x9;&#x9;&#x9;&#x9;&#x9;&#x9;&#x9;&#x9;&#x9;&#x9;&#x9;&#xA;&#x9;&#x9;&#x9;&#x9;&#x9;&#x9;&#x9;&lt;a href=&#34;/content/help/en/campaign/standard/automating/using/defining-import-templates.html&#34;&gt;Using import templates&lt;/a&gt;.&lt;/p&gt;&#xA;"
                   textIsRich="true"/>
        <image_109 jcr:primaryType="nt:unstructured"
                    sling:resourceType="help/components/article-3/image"
                    jcr:title=""
                    alt=""
                    captionBottom=""
                    fileName="direct_mail_return_sender_2.png"
                    originalFileName="images/en/direct_mail_return_sender_2.png"
                    fileReference="/content/dam/help/en/campaign/standard/direct_mail_return_sender_2.png"
                    imageRotate="0"
                    originalHeight=""
                    originalWidth=""
                    scaleOption="toTemplate"
                    status="legacy"/>
        <text_539 jcr:primaryType="nt:unstructured"
                   sling:resourceType="help/components/article-3/text"
                   text="&lt;p&gt;When the import is done, Adobe Campaign automatically performs the following actions:&lt;/p&gt;&#xA;"
                   textIsRich="true"/>
        <procedure_31 jcr:primaryType="nt:unstructured"
                       sling:resourceType="help/components/procedure"
                       isBulleted="true">
            <proc_par jcr:primaryType="nt:unstructured"
                      sling:resourceType="help/components/procedure/proc_parsys">
               <step_271_31 jcr:primaryType="nt:unstructured" sling:resourceType="help/components/step">
                  <step_par jcr:primaryType="nt:unstructured"
                            sling:resourceType="help/components/procedure/step_parsys">
                     <text_540 jcr:primaryType="nt:unstructured"
                               sling:resourceType="help/components/article-3/text"
                               text="&lt;p&gt;Incorrect addresses are blacklisted at the profile level&lt;/p&gt;&#xA;"
                               textIsRich="true"/>
                  </step_par>
               </step_271_31>
               <step_272_31 jcr:primaryType="nt:unstructured" sling:resourceType="help/components/step">
                  <step_par jcr:primaryType="nt:unstructured"
                            sling:resourceType="help/components/procedure/step_parsys">
                     <text_541 jcr:primaryType="nt:unstructured"
                               sling:resourceType="help/components/article-3/text"
                               text="&lt;p&gt;The delivery main indicators (KPIs) are updated&lt;/p&gt;&#xA;"
                               textIsRich="true"/>
                  </step_par>
               </step_272_31>
               <step_273_31 jcr:primaryType="nt:unstructured" sling:resourceType="help/components/step">
                  <step_par jcr:primaryType="nt:unstructured"
                            sling:resourceType="help/components/procedure/step_parsys">
                     <text_542 jcr:primaryType="nt:unstructured"
                               sling:resourceType="help/components/article-3/text"
                               text="&lt;p&gt;The delivery logs are updated&lt;/p&gt;&#xA;"
                               textIsRich="true"/>
                  </step_par>
               </step_273_31>
            </proc_par>
         </procedure_31>
      </main-pars>
      <hero jcr:primaryType="nt:unstructured"
            sling:resourceType="foundation/components/image"/>
      <thumbnail jcr:primaryType="nt:unstructured"
                 sling:resourceType="foundation/components/image"/>
      <publisherLogo jcr:primaryType="nt:unstructured"
                     sling:resourceType="foundation/components/image"/>
   </jcr:content>
</jcr:root>