<?xml version="1.0" encoding="UTF-8"?>
<jcr:root xmlns:nt="http://www.jcp.org/jcr/nt/1.0" xmlns:json="http://json.org/"
          xmlns:sling="http://sling.apache.org/jcr/sling/1.0"
          xmlns:cq="http://www.day.com/jcr/cq/1.0"
          xmlns:jcr="http://www.jcp.org/jcr/1.0"
          xmlns:mix="http://www.jcp.org/jcr/mix/1.0"
          jcr:primaryType="cq:Page">
   <jcr:content navTitle="Sharing a landing page" jcr:primaryType="cq:PageContent"
                sling:resourceType="help/components/pages/article-3"
                heroGradient="light"
                jcr:language="en_us"
                cq:designPath="/etc/designs/help"
                cq:template="/apps/help/templates/article-3"
                jcr:mixinTypes="[mix:versionable]"
                jcr:title="Sharing a landing page"
                jcr:description="Sharing a landing page"
                seoDescription="Learn how to test and publish a landing page in Adobe Campaign."
                primaryProductTag="[products:SG_CAMPAIGN/STANDARD]"
                cq:tags="[products:SG_CAMPAIGN/STANDARD,audience:channels,content_type:reference,topic_tags:landing-pages]"
                primaryAudienceTag="[audience:channels]"
                contentOwner="sauviat"
                isReadyForLocalization="true"
                publishExternalDate="2018-09-04">
      <main-pars jcr:primaryType="nt:unstructured"
                 sling:resourceType="foundation/components/parsys">
        
        
            
        
        
            <header_110 jcr:primaryType="nt:unstructured" sling:resourceType="help/components/header"
                     id="about-landing-page-publication"
                     level="2"
                     text="&lt;p&gt;About landing page publication&lt;/p&gt;&#xA;"
                     textIsRich="'true'"/>
            <text_830 jcr:primaryType="nt:unstructured"
                   sling:resourceType="help/components/article-3/text"
                   text="&lt;p&gt;Before publishing a landing page, you need to perform tests: validate the execution, configure access and set up your landing page end-of-life. These steps are prerequisites and need to be executed with caution.&lt;/p&gt;&#xA;"
                   textIsRich="true"/>
        
        
            <header_111 jcr:primaryType="nt:unstructured" sling:resourceType="help/components/header"
                     id="testing-the-landing-page-"
                     level="2"
                     text="&lt;p&gt;Testing the landing page &lt;/p&gt;&#xA;"
                     textIsRich="'true'"/>
            <text_831 jcr:primaryType="nt:unstructured"
                   sling:resourceType="help/components/article-3/text"
                   text="&lt;p&gt;As the landing page will impact your platform and data, you need to test carefully its execution. To do this:&lt;/p&gt;&#xA;"
                   textIsRich="true"/>
            <procedure_51_10 jcr:primaryType="nt:unstructured"
                          sling:resourceType="help/components/procedure">
            <proc_par jcr:primaryType="nt:unstructured"
                      sling:resourceType="help/components/procedure/proc_parsys">
                <step_384_0 jcr:primaryType="nt:unstructured" sling:resourceType="help/components/step">
                  <step_par jcr:primaryType="nt:unstructured"
                            sling:resourceType="help/components/procedure/step_parsys">
                    <text_832 jcr:primaryType="nt:unstructured"
                               sling:resourceType="help/components/article-3/text"
                               text="&lt;p&gt;Click the &lt;strong&gt;Test&lt;/strong&gt; button in the action bar of the landing page.&lt;/p&gt;&#xA;"
                               textIsRich="true"/>
                  </step_par>
               </step_384_0>
                <step_385_0 jcr:primaryType="nt:unstructured" sling:resourceType="help/components/step">
                  <step_par jcr:primaryType="nt:unstructured"
                            sling:resourceType="help/components/procedure/step_parsys">
                    <text_833 jcr:primaryType="nt:unstructured"
                               sling:resourceType="help/components/article-3/text"
                               text="&lt;p&gt;From the test screen, select a test profile, and a test service if the landing page is to manage subscriptions.&lt;/p&gt;&#xA;"
                               textIsRich="true"/>
                    <image_181 jcr:primaryType="nt:unstructured"
                                sling:resourceType="help/components/article-3/image"
                                jcr:title=""
                                alt=""
                                captionBottom=""
                                fileName="lp_test_2.png"
                                originalFileName="images/en/lp_test_2.png"
                                fileReference="/content/dam/help/en/campaign/standard/lp_test_2.png"
                                imageRotate="0"
                                originalHeight=""
                                originalWidth=""
                                scaleOption="toTemplate"
                                status="legacy"/>
                  </step_par>
               </step_385_0>
                <step_386_0 jcr:primaryType="nt:unstructured" sling:resourceType="help/components/step">
                  <step_par jcr:primaryType="nt:unstructured"
                            sling:resourceType="help/components/procedure/step_parsys">
                    <text_834 jcr:primaryType="nt:unstructured"
                               sling:resourceType="help/components/article-3/text"
                               text="&lt;p&gt;Enter data in the fields, and select options. &lt;/p&gt;&#xA;"
                               textIsRich="true"/>
                  </step_par>
               </step_386_0>
                <step_387_0 jcr:primaryType="nt:unstructured" sling:resourceType="help/components/step">
                  <step_par jcr:primaryType="nt:unstructured"
                            sling:resourceType="help/components/procedure/step_parsys">
                    <text_835 jcr:primaryType="nt:unstructured"
                               sling:resourceType="help/components/article-3/text"
                               text="&lt;p&gt;Submit the landing page and check updates in the database.&lt;/p&gt;&#xA;"
                               textIsRich="true"/>
                    <caution_4 jcr:primaryType="nt:unstructured"
                                sling:resourceType="help/components/article-3/note"
                                text="&lt;p&gt;&#xA;                        When the form is submitted, service and profile used are updated.&#xA;                    &lt;/p&gt;&#xA;"
                                textIsRich="true"
                                type="caution"/>
                  </step_par>
               </step_387_0>
                <step_388_0 jcr:primaryType="nt:unstructured" sling:resourceType="help/components/step">
                  <step_par jcr:primaryType="nt:unstructured"
                            sling:resourceType="help/components/procedure/step_parsys">
                    <text_837 jcr:primaryType="nt:unstructured"
                               sling:resourceType="help/components/article-3/text"
                               text="&lt;p&gt;Repeat this with various profiles and data.&lt;/p&gt;&#xA;"
                               textIsRich="true"/>
                    <text_838 jcr:primaryType="nt:unstructured"
                               sling:resourceType="help/components/article-3/text"
                               text="&lt;p&gt;You can also generate the landing page thumbnail from this screen.&lt;/p&gt;&#xA;"
                               textIsRich="true"/>
                  </step_par>
               </step_388_0>
            </proc_par>
         </procedure_51_10>
        
        
            
            <header_112 jcr:primaryType="nt:unstructured" sling:resourceType="help/components/header"
                     id="setting-up-validity-parameters"
                     level="2"
                     text="&lt;p&gt;Setting up validity parameters&lt;/p&gt;&#xA;"
                     textIsRich="'true'"/>
            <text_839 jcr:primaryType="nt:unstructured"
                   sling:resourceType="help/components/article-3/text"
                   text="&lt;p&gt;Before publishing, for security reasons and platform performances, we highly recommend you to set an expiration date in the landing page properties. On the selected date, the landing page is automatically unpublished. To do this:&lt;/p&gt;&#xA;"
                   textIsRich="true"/>
            <procedure_52_10 jcr:primaryType="nt:unstructured"
                          sling:resourceType="help/components/procedure">
            <proc_par jcr:primaryType="nt:unstructured"
                      sling:resourceType="help/components/procedure/proc_parsys">
                <step_389_0 jcr:primaryType="nt:unstructured" sling:resourceType="help/components/step">
                  <step_par jcr:primaryType="nt:unstructured"
                            sling:resourceType="help/components/procedure/step_parsys">
                    <text_840 jcr:primaryType="nt:unstructured"
                               sling:resourceType="help/components/article-3/text"
                               text="&lt;p&gt;Edit the landing page properties accessed via the &#xA;&#x9;&lt;img height=&#34;21px&#34; src=&#34;/content/dam/help/en/campaign/standard/edit_darkgrey-24px.png&#34; /&gt;&#xA;&#x9;&#xA; button in the landing page dashboard.&lt;/p&gt;&#xA;"
                               textIsRich="true"/>
                    <image_182 jcr:primaryType="nt:unstructured"
                                sling:resourceType="help/components/article-3/image"
                                jcr:title=""
                                alt=""
                                captionBottom=""
                                fileName="lp_edit_properties_button.png"
                                originalFileName="images/en/lp_edit_properties_button.png"
                                fileReference="/content/dam/help/en/campaign/standard/lp_edit_properties_button.png"
                                imageRotate="0"
                                originalHeight=""
                                originalWidth=""
                                scaleOption="toTemplate"
                                status="legacy"/>
                  </step_par>
               </step_389_0>
                <step_390_0 jcr:primaryType="nt:unstructured" sling:resourceType="help/components/step">
                  <step_par jcr:primaryType="nt:unstructured"
                            sling:resourceType="help/components/procedure/step_parsys">
                    <text_841 jcr:primaryType="nt:unstructured"
                               sling:resourceType="help/components/article-3/text"
                               text="&lt;p&gt;Set up expiration date and time in the &lt;strong&gt;Publication&lt;/strong&gt; section: the landing page will automatically be unpublished on the specified date and therefore no longer be available. &lt;/p&gt;&#xA;"
                               textIsRich="true"/>
                    <text_842 jcr:primaryType="nt:unstructured"
                               sling:resourceType="help/components/article-3/text"
                               text="&lt;p&gt;You can select the time zone to be taken into account for this date and time.&lt;/p&gt;&#xA;"
                               textIsRich="true"/>
                  </step_par>
               </step_390_0>
                <step_391_0 jcr:primaryType="nt:unstructured" sling:resourceType="help/components/step">
                  <step_par jcr:primaryType="nt:unstructured"
                            sling:resourceType="help/components/procedure/step_parsys">
                    <text_843 jcr:primaryType="nt:unstructured"
                               sling:resourceType="help/components/article-3/text"
                               text="&lt;p&gt;Define a redirection URL to redirect the visitors when trying to access a non-active landing page.&lt;/p&gt;&#xA;"
                               textIsRich="true"/>
                    <image_183 jcr:primaryType="nt:unstructured"
                                sling:resourceType="help/components/article-3/image"
                                jcr:title=""
                                alt=""
                                captionBottom=""
                                fileName="lp_settings_general.png"
                                originalFileName="images/en/lp_settings_general.png"
                                fileReference="/content/dam/help/en/campaign/standard/lp_settings_general.png"
                                imageRotate="0"
                                originalHeight=""
                                originalWidth=""
                                scaleOption="toTemplate"
                                status="legacy"/>
                  </step_par>
               </step_391_0>
            </proc_par>
         </procedure_52_10>
            <caution_5 jcr:primaryType="nt:unstructured"
                    sling:resourceType="help/components/article-3/note"
                    text="&lt;p&gt;&#xA;                You can also define a deployment date and time: the landing page will then be automatically published on the specified date.&#xA;            &lt;/p&gt;&#xA;"
                    textIsRich="true"
                    type="caution"/>
        
        
            <header_113 jcr:primaryType="nt:unstructured" sling:resourceType="help/components/header"
                     id="publishing-a-landing-page"
                     level="2"
                     text="&lt;p&gt;Publishing a landing page&lt;/p&gt;&#xA;"
                     textIsRich="'true'"/>
            <text_845 jcr:primaryType="nt:unstructured"
                   sling:resourceType="help/components/article-3/text"
                   text="&lt;p&gt;When you publish a landing page, it goes live and can be accessed by your visitors.&lt;/p&gt;&#xA;"
                   textIsRich="true"/>
            <text_846 jcr:primaryType="nt:unstructured"
                   sling:resourceType="help/components/article-3/text"
                   text="&lt;p&gt;You can unpublish or update and republish your landing page at any time, via the &lt;strong&gt;Publish&lt;/strong&gt; button. However, if republishing fails and you have not yet unpublished your landing page, the first version will remain online.&lt;/p&gt;&#xA;"
                   textIsRich="true"/>
        
      </main-pars>
      <hero jcr:primaryType="nt:unstructured"
            sling:resourceType="foundation/components/image"/>
      <thumbnail jcr:primaryType="nt:unstructured"
                 sling:resourceType="foundation/components/image"/>
      <publisherLogo jcr:primaryType="nt:unstructured"
                     sling:resourceType="foundation/components/image"/>
   </jcr:content>
</jcr:root>