<?xml version="1.0" encoding="UTF-8"?>
<jcr:root xmlns:nt="http://www.jcp.org/jcr/nt/1.0" xmlns:json="http://json.org/"
          xmlns:sling="http://sling.apache.org/jcr/sling/1.0"
          xmlns:cq="http://www.day.com/jcr/cq/1.0"
          xmlns:jcr="http://www.jcp.org/jcr/1.0"
          xmlns:mix="http://www.jcp.org/jcr/mix/1.0"
          jcr:primaryType="cq:Page">
   <jcr:content navTitle="Transactional push notifications" jcr:primaryType="cq:PageContent"
                sling:resourceType="help/components/pages/article-3"
                heroGradient="light"
                jcr:language="en_us"
                cq:designPath="/etc/designs/help"
                cq:template="/apps/help/templates/article-3"
                jcr:mixinTypes="[mix:versionable]"
                jcr:title="Transactional push notifications"
                jcr:description="Transactional push notifications"
                seoDescription="Learn how to create and publish a transactional push notification."
                primaryProductTag="[products:SG_CAMPAIGN/STANDARD]"
                cq:tags="[products:SG_CAMPAIGN/STANDARD,audience:channels,content_type:reference,topic_tags:transactional-messaging]"
                primaryAudienceTag="[audience:channels]"
                contentOwner="sauviat"
                isReadyForLocalization="true"
                publishExternalDate="2018-09-04">
      <main-pars jcr:primaryType="nt:unstructured"
                 sling:resourceType="foundation/components/parsys">
    
    
      
    
         <text_691 jcr:primaryType="nt:unstructured"
                   sling:resourceType="help/components/article-3/text"
                   text="&lt;p&gt;You can use Adobe Campaign to send transactional push notifications on iOS and Android mobile devices. These messages are received on mobile applications that you set up in Adobe Campaign by leveraging the Experience Cloud Mobile SDK.&lt;/p&gt;&#xA;"
                   textIsRich="true"/>
         <note_33 jcr:primaryType="nt:unstructured"
                  sling:resourceType="help/components/article-3/note"
                  text="&lt;p&gt;&#xA;            The push channel is optional. Please check your license agreement.&#xA;      For more information on standard push notifications, see &#xA;&#x9;&#x9;&#x9;&#x9;&#x9;&#x9;&#x9;&#x9;&#x9;&#x9;&#x9;&#xA;&#x9;&#x9;&#x9;&#x9;&#x9;&#x9;&#x9;&lt;a href=&#34;/content/help/en/campaign/standard/channels/using/about-push-notifications.html&#34;&gt;Push notifications&lt;/a&gt;.&#xA;    &lt;/p&gt;&#xA;"
                  textIsRich="true"
                  type="note"/>
         <text_694 jcr:primaryType="nt:unstructured"
                   sling:resourceType="help/components/article-3/text"
                   text="&lt;p&gt;You can send two types of transactional push notifications:&lt;/p&gt;&#xA;"
                   textIsRich="true"/>
         <procedure_39 jcr:primaryType="nt:unstructured"
                       sling:resourceType="help/components/procedure"
                       isBulleted="true">
            <proc_par jcr:primaryType="nt:unstructured"
                      sling:resourceType="help/components/procedure/proc_parsys">
               <step_326_39 jcr:primaryType="nt:unstructured" sling:resourceType="help/components/step">
                  <step_par jcr:primaryType="nt:unstructured"
                            sling:resourceType="help/components/procedure/step_parsys">
                     <text_695 jcr:primaryType="nt:unstructured"
                               sling:resourceType="help/components/article-3/text"
                               text="&lt;p&gt;Transactional push notifications targeting an event.&lt;/p&gt;&#xA;"
                               textIsRich="true"/>
                  </step_par>
               </step_326_39>
               <step_327_39 jcr:primaryType="nt:unstructured" sling:resourceType="help/components/step">
                  <step_par jcr:primaryType="nt:unstructured"
                            sling:resourceType="help/components/procedure/step_parsys">
                     <text_696 jcr:primaryType="nt:unstructured"
                               sling:resourceType="help/components/article-3/text"
                               text="&lt;p&gt;Transactional push notifications targeting profiles from the Adobe Campaign database.&lt;/p&gt;&#xA;"
                               textIsRich="true"/>
                  </step_par>
               </step_327_39>
            </proc_par>
         </procedure_39>
         <text_697 jcr:primaryType="nt:unstructured"
                   sling:resourceType="help/components/article-3/text"
                   text="&lt;p&gt;Once you have created and published an event (the cart abandonment explained in  &#xA;&#x9;&#x9;&#x9;&#x9;&#x9;&#x9;&#x9;&#x9;&#x9;&#x9;&#x9;&#xA;&#x9;&#x9;&#x9;&#x9;&#x9;&#x9;&#x9;&lt;a href=&#34;/content/help/en/campaign/standard/channels/using/about-transactional-messaging.html#transactional-messaging-operating-principle&#34;&gt;this section&lt;/a&gt;), the corresponding transactional push notification is created automatically.&lt;/p&gt;&#xA;"
                   textIsRich="true"/>
         <text_698 jcr:primaryType="nt:unstructured"
                   sling:resourceType="help/components/article-3/text"
                   text="&lt;p&gt;The configuration steps are presented in the &#xA;&#x9;&#x9;&#x9;&#x9;&#x9;&#x9;&#x9;&#x9;&#x9;&#x9;&#x9;&#xA;&#x9;&#x9;&#x9;&#x9;&#x9;&#x9;&#x9;&lt;a href=&#34;/content/help/en/campaign/standard/administration/using/configuring-transactional-messaging.html#use-case--configuring-an-event-to-send-a-transactional-message&#34;&gt;Configuring an event to send a transactional push notification&lt;/a&gt; section.&lt;/p&gt;&#xA;"
                   textIsRich="true"/>
         <text_699 jcr:primaryType="nt:unstructured"
                   sling:resourceType="help/components/article-3/text"
                   text="&lt;p&gt;In order for the event to trigger sending a transactional message, you have to personalize the message, then test it and publish it.&lt;/p&gt;&#xA;"
                   textIsRich="true"/>
         <note_34 jcr:primaryType="nt:unstructured"
                  sling:resourceType="help/components/article-3/note"
                  text="&lt;p&gt;&#xA;      To access the transactional messages, you must have administration rights or appear in the &lt;strong&gt;Message Center agents&lt;/strong&gt; (mcExec) security group.&#xA;    &lt;/p&gt;&#xA;"
                  textIsRich="true"
                  type="note"/>
    
         <header_93 jcr:primaryType="nt:unstructured" sling:resourceType="help/components/header"
                    id="transactional-push-notifications-targeting-an-event"
                    level="2"
                    text="&lt;p&gt;Transactional push notifications targeting an event&lt;/p&gt;&#xA;"
                    textIsRich="'true'"/>
         <text_701 jcr:primaryType="nt:unstructured"
                   sling:resourceType="help/components/article-3/text"
                   text="&lt;p&gt;You can send an anonymous transactional push notification to all users who have opted in to receive notifications from your mobile application.&lt;/p&gt;&#xA;"
                   textIsRich="true"/>
         <text_702 jcr:primaryType="nt:unstructured"
                   sling:resourceType="help/components/article-3/text"
                   text="&lt;p&gt;In this case, only the data contained in the event itself is used to define the delivery target. No data from the Adobe Campaign database is leveraged.&lt;/p&gt;&#xA;"
                   textIsRich="true"/>
      
        <header_94 jcr:primaryType="nt:unstructured" sling:resourceType="help/components/header"
                    id="sending-a-transactional-push-notification-targeting-an-event"
                    level="3"
                    text="&lt;p&gt;Sending a transactional push notification targeting an event&lt;/p&gt;&#xA;"
                    textIsRich="'true'"/>
        <text_703 jcr:primaryType="nt:unstructured"
                   sling:resourceType="help/components/article-3/text"
                   text="&lt;p&gt;For example, an airline company wants to invite its mobile application users to proceed to the relevant gate for boarding.&lt;/p&gt;&#xA;"
                   textIsRich="true"/>
        <text_704 jcr:primaryType="nt:unstructured"
                   sling:resourceType="help/components/article-3/text"
                   text="&lt;p&gt;The company will send one transactional push notification per user (identified with a registration token), using one mobile application, through one single device.&lt;/p&gt;&#xA;"
                   textIsRich="true"/>
        <procedure_40_10 jcr:primaryType="nt:unstructured"
                          sling:resourceType="help/components/procedure">
            <proc_par jcr:primaryType="nt:unstructured"
                      sling:resourceType="help/components/procedure/proc_parsys">
               <step_328_0 jcr:primaryType="nt:unstructured" sling:resourceType="help/components/step">
                  <step_par jcr:primaryType="nt:unstructured"
                            sling:resourceType="help/components/procedure/step_parsys">
                     <text_705 jcr:primaryType="nt:unstructured"
                               sling:resourceType="help/components/article-3/text"
                               text="&lt;p&gt;Go the transactional message that was created to edit it. See &#xA;&#x9;&#x9;&#x9;&#x9;&#x9;&#xA;&lt;a href=&#34;/content/help/en/campaign/standard/channels/using/event-transactional-messages.html&#34; target=&#34;_blank&#34;&gt;Event transactional messages&lt;/a&gt;.&lt;/p&gt;&#xA;"
                               textIsRich="true"/>
                     <image_153 jcr:primaryType="nt:unstructured"
                                sling:resourceType="help/components/article-3/image"
                                jcr:title=""
                                alt=""
                                captionBottom=""
                                fileName="message-center_push_message.png"
                                originalFileName="images/en/message-center_push_message.png"
                                fileReference="/content/dam/help/en/campaign/standard/message-center_push_message.png"
                                imageRotate="0"
                                originalHeight=""
                                originalWidth=""
                                scaleOption="toTemplate"
                                status="legacy"/>
                  </step_par>
               </step_328_0>
               <step_329_0 jcr:primaryType="nt:unstructured" sling:resourceType="help/components/step">
                  <step_par jcr:primaryType="nt:unstructured"
                            sling:resourceType="help/components/procedure/step_parsys">
                     <text_706 jcr:primaryType="nt:unstructured"
                               sling:resourceType="help/components/article-3/text"
                               text="&lt;p&gt;Click the &lt;strong&gt;Content&lt;/strong&gt; block to modify your message's title and body.&lt;/p&gt;&#xA;"
                               textIsRich="true"/>
                     <text_707 jcr:primaryType="nt:unstructured"
                               sling:resourceType="help/components/article-3/text"
                               text="&lt;p&gt;You can insert personalization fields to add elements that you defined when you created your event.&lt;/p&gt;&#xA;"
                               textIsRich="true"/>
                     <image_154 jcr:primaryType="nt:unstructured"
                                sling:resourceType="help/components/article-3/image"
                                jcr:title=""
                                alt=""
                                captionBottom=""
                                fileName="message-center_push_content.png"
                                originalFileName="images/en/message-center_push_content.png"
                                fileReference="/content/dam/help/en/campaign/standard/message-center_push_content.png"
                                imageRotate="0"
                                originalHeight=""
                                originalWidth=""
                                scaleOption="toTemplate"
                                status="legacy"/>
                     <text_708 jcr:primaryType="nt:unstructured"
                               sling:resourceType="help/components/article-3/text"
                               text="&lt;p&gt;To find these fields, click the pencil next to an item, click &lt;strong&gt;Insert personalization field&lt;/strong&gt; and select &lt;strong&gt;Transactional event&lt;/strong&gt; &gt; &lt;strong&gt;Event context&lt;/strong&gt;.&lt;/p&gt;&#xA;"
                               textIsRich="true"/>
                     <image_155 jcr:primaryType="nt:unstructured"
                                sling:resourceType="help/components/article-3/image"
                                jcr:title=""
                                alt=""
                                captionBottom=""
                                fileName="message-center_push_personalization.png"
                                originalFileName="images/en/message-center_push_personalization.png"
                                fileReference="/content/dam/help/en/campaign/standard/message-center_push_personalization.png"
                                imageRotate="0"
                                originalHeight=""
                                originalWidth=""
                                scaleOption="toTemplate"
                                status="legacy"/>
                     <text_709 jcr:primaryType="nt:unstructured"
                               sling:resourceType="help/components/article-3/text"
                               text="&lt;p&gt;For more on editing a push notification content, see &#xA;&#x9;&#x9;&#x9;&#x9;&#x9;&#x9;&#x9;&#x9;&#x9;&#x9;&#x9;&#xA;&#x9;&#x9;&#x9;&#x9;&#x9;&#x9;&#x9;&lt;a href=&#34;/content/help/en/campaign/standard/channels/using/creating-and-sending-a-push-notification.html&#34;&gt;Creating a push notification&lt;/a&gt;.&lt;/p&gt;&#xA;"
                               textIsRich="true"/>
                  </step_par>
               </step_329_0>
               <step_330_0 jcr:primaryType="nt:unstructured" sling:resourceType="help/components/step">
                  <step_par jcr:primaryType="nt:unstructured"
                            sling:resourceType="help/components/procedure/step_parsys">
                     <text_710 jcr:primaryType="nt:unstructured"
                               sling:resourceType="help/components/article-3/text"
                               text="&lt;p&gt;Save your changes and publish the message. See &#xA;&#x9;&#x9;&#x9;&#x9;&#x9;&#xA;&lt;a href=&#34;/content/help/en/campaign/standard/channels/using/event-transactional-messages.html#publishing-a-transactional-message&#34; target=&#34;_blank&#34;&gt;Publishing a transactional message&lt;/a&gt;.&lt;/p&gt;&#xA;"
                               textIsRich="true"/>
                  </step_par>
               </step_330_0>
               <step_331_0 jcr:primaryType="nt:unstructured" sling:resourceType="help/components/step">
                  <step_par jcr:primaryType="nt:unstructured"
                            sling:resourceType="help/components/procedure/step_parsys">
                     <text_711 jcr:primaryType="nt:unstructured"
                               sling:resourceType="help/components/article-3/text"
                               text="&lt;p&gt;Using the Adobe Campaign Standard REST API, send an event to a registration token (ABCDEF123456789), using one mobile application (WeFlight), on Android (gcm), containing the boarding data.&lt;/p&gt;&#xA;"
                               textIsRich="true"/>
                     <codelisting_sh3 jcr:primaryType="nt:unstructured"
                                      sling:resourceType="help/components/codeblock"
                                      codeLanguage="html"
                                      gutter="true"
                                      text="\&#xA;{&#xA;  &#34;registrationToken&#34;:&#34;ABCDEF123456789&#34;,&#xA;  &#34;application&#34;:&#34;WeFlight&#34;,&#xA;  &#34;pushPlatform&#34;:&#34;gcm&#34;,&#xA;  &#34;ctx&#34;:&#xA;  {&#xA;    &#34;gateNumber&#34;:&#34;Gate B18&#34;,&#xA;    &#34;lastname&#34;:&#34;Green&#34;,&#xA;    &#34;firstname&#34;:&#34;Jane&#34;&#xA;  }&#xA;}&#xA;"/>
                     <text_712 jcr:primaryType="nt:unstructured"
                               sling:resourceType="help/components/article-3/text"
                               text="&lt;p&gt;For more on integrating the triggering of an event into an external system, see &#xA;&#x9;&#x9;&#x9;&#x9;&#x9;&#x9;&#x9;&#x9;&#x9;&#x9;&#x9;&#xA;&#x9;&#x9;&#x9;&#x9;&#x9;&#x9;&#x9;&lt;a href=&#34;/content/help/en/campaign/standard/administration/using/configuring-transactional-messaging.html#integrating-the-triggering-of-the-event-in-a-website&#34;&gt;Site integration&lt;/a&gt;.&lt;/p&gt;&#xA;"
                               textIsRich="true"/>
                  </step_par>
               </step_331_0>
            </proc_par>
         </procedure_40_10>
        <text_713 jcr:primaryType="nt:unstructured"
                   sling:resourceType="help/components/article-3/text"
                   text="&lt;p&gt;If the registration token exists, the corresponding user receives a transactional push notification including the following content:&lt;/p&gt;&#xA;"
                   textIsRich="true"/>
        <text_714 jcr:primaryType="nt:unstructured"
                   sling:resourceType="help/components/article-3/text"
                   text="&lt;p&gt;&#34;Hello Jane Green, boarding has just started! Please proceed to Gate B18.&#34;&lt;/p&gt;&#xA;"
                   textIsRich="true"/>
      
    
    
         <header_95 jcr:primaryType="nt:unstructured" sling:resourceType="help/components/header"
                    id="transactional-push-notifications-targeting-a-profile"
                    level="2"
                    text="&lt;p&gt;Transactional push notifications targeting a profile&lt;/p&gt;&#xA;"
                    textIsRich="'true'"/>
         <text_715 jcr:primaryType="nt:unstructured"
                   sling:resourceType="help/components/article-3/text"
                   text="&lt;p&gt;You can send a transactional push notification to the Adobe Campaign profiles who have subscribed to your mobile application. This delivery can contain &#xA;&#x9;&#x9;&#x9;&#x9;&#x9;&#x9;&#x9;&#x9;&#x9;&#x9;&#x9;&#xA;&#x9;&#x9;&#x9;&#x9;&#x9;&#x9;&#x9;&lt;a href=&#34;/content/help/en/campaign/standard/designing/using/inserting-a-personalization-field.html&#34;&gt;personalization&lt;/a&gt; fields, such as the recipient's first name.&lt;/p&gt;&#xA;"
                   textIsRich="true"/>
         <text_716 jcr:primaryType="nt:unstructured"
                   sling:resourceType="help/components/article-3/text"
                   text="&lt;p&gt;In this case, the event must contain some fields allowing reconciliation with a profile from the Adobe Campaign database.&lt;/p&gt;&#xA;"
                   textIsRich="true"/>
         <text_717 jcr:primaryType="nt:unstructured"
                   sling:resourceType="help/components/article-3/text"
                   text="&lt;p&gt;When targeting profiles, one transactional push notification is sent per mobile application and per device. For example, if an Adobe Campaign user has subscribed to two applications, this user will receive two notifications. If a user has subscribed to the same application with two different devices, this user will receive a notification on each device.&lt;/p&gt;&#xA;"
                   textIsRich="true"/>
         <text_718 jcr:primaryType="nt:unstructured"
                   sling:resourceType="help/components/article-3/text"
                   text="&lt;p&gt;The mobile applications a profile has subscribed to are listed in the &lt;strong&gt;Mobile App Subscriptions&lt;/strong&gt; tab of this profile. To access this tab, select a profile and click the &lt;strong&gt;Edit profile properties&lt;/strong&gt; button on the right.&lt;/p&gt;&#xA;"
                   textIsRich="true"/>
         <image_156 jcr:primaryType="nt:unstructured"
                    sling:resourceType="help/components/article-3/image"
                    jcr:title=""
                    alt=""
                    captionBottom=""
                    fileName="push_notif_subscriptions.png"
                    originalFileName="images/en/push_notif_subscriptions.png"
                    fileReference="/content/dam/help/en/campaign/standard/push_notif_subscriptions.png"
                    imageRotate="0"
                    originalHeight=""
                    originalWidth=""
                    scaleOption="toTemplate"
                    status="legacy"/>
         <text_719 jcr:primaryType="nt:unstructured"
                   sling:resourceType="help/components/article-3/text"
                   text="&lt;p&gt;For more information on accessing and editing profiles, see &#xA;&#x9;&#x9;&#x9;&#x9;&#x9;&#x9;&#x9;&#x9;&#x9;&#x9;&#x9;&#xA;&#x9;&#x9;&#x9;&#x9;&#x9;&#x9;&#x9;&lt;a href=&#34;/content/help/en/campaign/standard/audiences/using/creating-profiles.html&#34;&gt;Profiles&lt;/a&gt;.&lt;/p&gt;&#xA;"
                   textIsRich="true"/>
      
        <header_96 jcr:primaryType="nt:unstructured" sling:resourceType="help/components/header"
                    id="sending-a-transactional-push-notification-targeting-a-profile"
                    level="3"
                    text="&lt;p&gt;Sending a transactional push notification targeting a profile&lt;/p&gt;&#xA;"
                    textIsRich="'true'"/>
        <text_720 jcr:primaryType="nt:unstructured"
                   sling:resourceType="help/components/article-3/text"
                   text="&lt;p&gt;For example, an airline company wants to send a last call for boarding to all Adobe Campaign users who have subscribed to its mobile application.&lt;/p&gt;&#xA;"
                   textIsRich="true"/>
        <procedure_41_10 jcr:primaryType="nt:unstructured"
                          sling:resourceType="help/components/procedure">
            <proc_par jcr:primaryType="nt:unstructured"
                      sling:resourceType="help/components/procedure/proc_parsys">
               <step_332_0 jcr:primaryType="nt:unstructured" sling:resourceType="help/components/step">
                  <step_par jcr:primaryType="nt:unstructured"
                            sling:resourceType="help/components/procedure/step_parsys">
                     <text_721 jcr:primaryType="nt:unstructured"
                               sling:resourceType="help/components/article-3/text"
                               text="&lt;p&gt;Go the transactional message that was created to edit it. See &#xA;&#x9;&#x9;&#x9;&#x9;&#x9;&#xA;&lt;a href=&#34;/content/help/en/campaign/standard/channels/using/event-transactional-messages.html&#34; target=&#34;_blank&#34;&gt;Event transactional messages&lt;/a&gt;.&lt;/p&gt;&#xA;"
                               textIsRich="true"/>
                     <image_157 jcr:primaryType="nt:unstructured"
                                sling:resourceType="help/components/article-3/image"
                                jcr:title=""
                                alt=""
                                captionBottom=""
                                fileName="message-center_push_message_profile.png"
                                originalFileName="images/en/message-center_push_message_profile.png"
                                fileReference="/content/dam/help/en/campaign/standard/message-center_push_message_profile.png"
                                imageRotate="0"
                                originalHeight=""
                                originalWidth=""
                                scaleOption="toTemplate"
                                status="legacy"/>
                  </step_par>
               </step_332_0>
               <step_333_0 jcr:primaryType="nt:unstructured" sling:resourceType="help/components/step">
                  <step_par jcr:primaryType="nt:unstructured"
                            sling:resourceType="help/components/procedure/step_parsys">
                     <text_722 jcr:primaryType="nt:unstructured"
                               sling:resourceType="help/components/article-3/text"
                               text="&lt;p&gt;Click the &lt;strong&gt;Content&lt;/strong&gt; block to modify your message's title and body.&lt;/p&gt;&#xA;"
                               textIsRich="true"/>
                     <text_723 jcr:primaryType="nt:unstructured"
                               sling:resourceType="help/components/article-3/text"
                               text="&lt;p&gt;As opposed to configurations based on real-time events, you have direct access to all profile information to personalize your message. See &#xA;&#x9;&#x9;&#x9;&#x9;&#x9;&#x9;&#x9;&#x9;&#x9;&#x9;&#x9;&#xA;&#x9;&#x9;&#x9;&#x9;&#x9;&#x9;&#x9;&lt;a href=&#34;/content/help/en/campaign/standard/designing/using/inserting-a-personalization-field.html&#34;&gt;Inserting a personalization field&lt;/a&gt;.&lt;/p&gt;&#xA;"
                               textIsRich="true"/>
                     <image_158 jcr:primaryType="nt:unstructured"
                                sling:resourceType="help/components/article-3/image"
                                jcr:title=""
                                alt=""
                                captionBottom=""
                                fileName="message-center_push_content_profile.png"
                                originalFileName="images/en/message-center_push_content_profile.png"
                                fileReference="/content/dam/help/en/campaign/standard/message-center_push_content_profile.png"
                                imageRotate="0"
                                originalHeight=""
                                originalWidth=""
                                scaleOption="toTemplate"
                                status="legacy"/>
                     <text_724 jcr:primaryType="nt:unstructured"
                               sling:resourceType="help/components/article-3/text"
                               text="&lt;p&gt;For more on editing a push notification content. See &#xA;&#x9;&#x9;&#x9;&#x9;&#x9;&#x9;&#x9;&#x9;&#x9;&#x9;&#x9;&#xA;&#x9;&#x9;&#x9;&#x9;&#x9;&#x9;&#x9;&lt;a href=&#34;/content/help/en/campaign/standard/channels/using/creating-and-sending-a-push-notification.html&#34;&gt;Creating a push notification&lt;/a&gt;.&lt;/p&gt;&#xA;"
                               textIsRich="true"/>
                  </step_par>
               </step_333_0>
               <step_334_0 jcr:primaryType="nt:unstructured" sling:resourceType="help/components/step">
                  <step_par jcr:primaryType="nt:unstructured"
                            sling:resourceType="help/components/procedure/step_parsys">
                     <text_725 jcr:primaryType="nt:unstructured"
                               sling:resourceType="help/components/article-3/text"
                               text="&lt;p&gt;Save your changes and publish the message. See &#xA;&#x9;&#x9;&#x9;&#x9;&#x9;&#xA;&lt;a href=&#34;/content/help/en/campaign/standard/channels/using/event-transactional-messages.html#publishing-a-transactional-message&#34; target=&#34;_blank&#34;&gt;Publishing a transactional message&lt;/a&gt;.&lt;/p&gt;&#xA;"
                               textIsRich="true"/>
                  </step_par>
               </step_334_0>
               <step_335_0 jcr:primaryType="nt:unstructured" sling:resourceType="help/components/step">
                  <step_par jcr:primaryType="nt:unstructured"
                            sling:resourceType="help/components/procedure/step_parsys">
                     <text_726 jcr:primaryType="nt:unstructured"
                               sling:resourceType="help/components/article-3/text"
                               text="&lt;p&gt;Using the Adobe Campaign Standard REST API, send an event to a profile.&lt;/p&gt;&#xA;"
                               textIsRich="true"/>
                     <codelisting_sh4 jcr:primaryType="nt:unstructured"
                                      sling:resourceType="help/components/codeblock"
                                      codeLanguage="html"
                                      gutter="true"
                                      text="\&#xA;{&#xA;  &#34;ctx&#34;:&#xA;  {&#xA;    &#34;email&#34;:&#34;janegreen@email.com&#34;,&#xA;    &#34;gateNumber&#34;:&#34;D16&#34;,&#xA;  }&#xA;}&#xA;"/>
                     <text_727 jcr:primaryType="nt:unstructured"
                               sling:resourceType="help/components/article-3/text"
                               text="&lt;p&gt;For more on integrating the triggering of an event into an external system, see &#xA;&#x9;&#x9;&#x9;&#x9;&#x9;&#x9;&#x9;&#x9;&#x9;&#x9;&#x9;&#xA;&#x9;&#x9;&#x9;&#x9;&#x9;&#x9;&#x9;&lt;a href=&#34;/content/help/en/campaign/standard/administration/using/configuring-transactional-messaging.html#integrating-the-triggering-of-the-event-in-a-website&#34;&gt;Site integration&lt;/a&gt;.&lt;/p&gt;&#xA;"
                               textIsRich="true"/>
                     <note_35 jcr:primaryType="nt:unstructured"
                              sling:resourceType="help/components/article-3/note"
                              text="&lt;p&gt;&#xA;              There is no registration token, application and push platform fields. In this example, the reconciliation is performed with the email field.&#xA;            &lt;/p&gt;&#xA;"
                              textIsRich="true"
                              type="note"/>
                  </step_par>
               </step_335_0>
            </proc_par>
         </procedure_41_10>
      
    
      </main-pars>
      <hero jcr:primaryType="nt:unstructured"
            sling:resourceType="foundation/components/image"/>
      <thumbnail jcr:primaryType="nt:unstructured"
                 sling:resourceType="foundation/components/image"/>
      <publisherLogo jcr:primaryType="nt:unstructured"
                     sling:resourceType="foundation/components/image"/>
   </jcr:content>
</jcr:root>