<?xml version="1.0" encoding="UTF-8"?>
<jcr:root xmlns:nt="http://www.jcp.org/jcr/nt/1.0" xmlns:json="http://json.org/"
          xmlns:sling="http://sling.apache.org/jcr/sling/1.0"
          xmlns:cq="http://www.day.com/jcr/cq/1.0"
          xmlns:jcr="http://www.jcp.org/jcr/1.0"
          xmlns:mix="http://www.jcp.org/jcr/mix/1.0"
          jcr:primaryType="cq:Page">
   <jcr:content cq:designPath="/etc/designs/help"
                cq:template="/apps/help/templates/contenttype"
                jcr:language="en_us"
                jcr:primaryType="cq:PageContent"
                jcr:title="using"
                sling:resourceType="help/components/contenttype"
                contentOwner="sauviat"
                preview="false"
                isReadyForLocalization="true"/>
   <discovering-communication-channels/>
   <key-steps-to-send-a-message/>
   <accessing-messages/>
   <message-dashboard/>
   <about-emails/>
   <creating-an-email/>
   <designing-an-a-b-test-email/>
   <creating-a-multilingual-email/>
   <about-sms-messages/>
   <creating-an-sms-message/>
   <personalizing-sms-messages/>
   <managing-incoming-sms/>
   <about-push-notifications/>
   <preparing-and-sending-a-push-notification/>
   <customizing-a-push-notification/>
   <creating-a-multilingual-push-notification/>
   <about-in-app-messaging/>
   <preparing-and-sending-an-in-app-message/>
   <customizing-an-in-app-message/>
   <about-direct-mail/>
   <return-to-sender/>
   <creating-the-direct-mail/>
   <defining-the-direct-mail-audience/>
   <defining-the-direct-mail-content/>
   <example-of-direct-mail-in-a-workflow/>
   <about-transactional-messaging/>
   <event-transactional-messages/>
   <profile-transactional-messages/>
   <transactional-push-notifications/>
   <follow-up-messages/>
   <about-landing-pages/>
   <designing-a-landing-page/>
   <sharing-a-landing-page/>
   <data-storage-and-reconciliation/>
   <setting-up-a-double-opt-in-process/>
</jcr:root>