<?xml version="1.0" encoding="UTF-8"?>
<jcr:root xmlns:nt="http://www.jcp.org/jcr/nt/1.0" xmlns:json="http://json.org/"
          xmlns:sling="http://sling.apache.org/jcr/sling/1.0"
          xmlns:cq="http://www.day.com/jcr/cq/1.0"
          xmlns:jcr="http://www.jcp.org/jcr/1.0"
          xmlns:mix="http://www.jcp.org/jcr/mix/1.0"
          jcr:primaryType="cq:Page">
   <jcr:content navTitle="About push notifications" jcr:primaryType="cq:PageContent"
                sling:resourceType="help/components/pages/article-3"
                heroGradient="light"
                jcr:language="en_us"
                cq:designPath="/etc/designs/help"
                cq:template="/apps/help/templates/article-3"
                jcr:mixinTypes="[mix:versionable]"
                jcr:title="About push notifications"
                jcr:description="About push notifications"
                seoDescription="Discover the main specificities of the push notification channel in Adobe Campaign."
                primaryProductTag="[products:SG_CAMPAIGN/STANDARD]"
                cq:tags="[products:SG_CAMPAIGN/STANDARD,audience:channels,content_type:reference,topic_tags:push-notifications]"
                primaryAudienceTag="[audience:channels]"
                contentOwner="sauviat"
                isReadyForLocalization="true"
                publishExternalDate="2019-01-09">
      <main-pars jcr:primaryType="nt:unstructured"
                 sling:resourceType="foundation/components/parsys">
    
    
    
      
    
        <caution_0 jcr:primaryType="nt:unstructured"
                    sling:resourceType="help/components/article-3/note"
                    text="&lt;p&gt;&#xA;            Push notification implementation has to be performed by expert users. If you need to be assisted, contact your Adobe Account executive or Professional services partner.&#xA;            Push notification is an optional feature. Please check your license agreement and contact your account executive to activate it.&#xA;        &lt;/p&gt;&#xA;"
                    textIsRich="true"
                    type="caution"/>
         <text_261 jcr:primaryType="nt:unstructured"
                   sling:resourceType="help/components/article-3/text"
                   text="&lt;p&gt;Adobe Campaign allows you to send personalized and segmented push notifications to iOS and Android mobile devices.&lt;/p&gt;&#xA;"
                   textIsRich="true"/>
         <text_262 jcr:primaryType="nt:unstructured"
                   sling:resourceType="help/components/article-3/text"
                   text="&lt;p&gt;These messages are received on mobile applications that you set up in Adobe Campaign by leveraging the Experience Cloud Mobile SDK V4 or V5. For more information on this, refer to &#xA;&lt;a href=&#34;https://helpx.adobe.com/campaign/kb/configuring-app-sdkv4.html&#34;&gt;Configuring a mobile application using SDK V4&lt;/a&gt; and &#xA;&lt;a href=&#34;https://helpx.adobe.com/campaign/kb/configuring-app-sdk.html&#34;&gt;Configuring a mobile application using SDK V5&lt;/a&gt;.&lt;/p&gt;&#xA;"
                   textIsRich="true"/>
         <text_263 jcr:primaryType="nt:unstructured"
                   sling:resourceType="help/components/article-3/text"
                   text="&lt;p&gt;Two types of push notification are available in Adobe Campaign:&lt;/p&gt;&#xA;"
                   textIsRich="true"/>
         <procedure_21 jcr:primaryType="nt:unstructured"
                       sling:resourceType="help/components/procedure"
                       isBulleted="true">
            <proc_par jcr:primaryType="nt:unstructured"
                      sling:resourceType="help/components/procedure/proc_parsys">
               <step_135_21 jcr:primaryType="nt:unstructured" sling:resourceType="help/components/step">
                  <step_par jcr:primaryType="nt:unstructured"
                            sling:resourceType="help/components/procedure/step_parsys">
                     <text_264 jcr:primaryType="nt:unstructured"
                               sling:resourceType="help/components/article-3/text"
                               text="&lt;p&gt;&#xA;&lt;span class=&#34;uicontrol&#34;&gt;Alert/Message/Badge&lt;/span&gt;&#xA; type notifications enable you to send standard text-based messages with additional content (sound, badge, deeplink, etc.) that you can define in the &#xA;&lt;span class=&#34;uicontrol&#34;&gt;Advanced options&lt;/span&gt;&#xA; section.&lt;/p&gt;&#xA;"
                               textIsRich="true"/>
                     <text_265 jcr:primaryType="nt:unstructured"
                               sling:resourceType="help/components/article-3/text"
                               text="&lt;p&gt; This notification types allow you to add a title and a message in which you can use personalization fields. To be able to personalize your message, make sure you select the &#xA;&lt;span class=&#34;uicontrol&#34;&gt;Send push on profiles&lt;/span&gt;&#xA; template.&lt;/p&gt;&#xA;"
                               textIsRich="true"/>
                  </step_par>
               </step_135_21>
               <step_136_21 jcr:primaryType="nt:unstructured" sling:resourceType="help/components/step">
                  <step_par jcr:primaryType="nt:unstructured"
                            sling:resourceType="help/components/procedure/step_parsys">
                     <text_266 jcr:primaryType="nt:unstructured"
                               sling:resourceType="help/components/article-3/text"
                               text="&lt;p&gt;&#xA;&lt;span class=&#34;uicontrol&#34;&gt;Silent push&lt;/span&gt;&#xA; type notifications are used to silently notify the application without any message or content for the end user. A typical use case for this type of message would be to make the application aware that there is content available on the server to be downloaded.&lt;/p&gt;&#xA;"
                               textIsRich="true"/>
                  </step_par>
               </step_136_21>
            </proc_par>
         </procedure_21>
        <text_267 jcr:primaryType="nt:unstructured"
                   sling:resourceType="help/components/article-3/text"
                   text="&lt;p&gt;Some specific configurations can be set up to define notifications behavior. For more on this, refer to &#xA;&#x9;&#x9;&#x9;&#x9;&#x9;&#x9;&#x9;&#x9;&#x9;&#x9;&#x9;&#xA;&#x9;&#x9;&#x9;&#x9;&#x9;&#x9;&#x9;&lt;a href=&#34;/content/help/en/campaign/standard/channels/using/customizing-a-push-notification.html&#34;&gt;this section&lt;/a&gt;.&lt;/p&gt;&#xA;"
                   textIsRich="true"/>
        <text_268 jcr:primaryType="nt:unstructured"
                   sling:resourceType="help/components/article-3/text"
                   text="&lt;p&gt;As an expert user, to define these specific configurations, refer to the mobile app &#xA;&lt;a href=&#34;https://helpx.adobe.com/campaign/kb/acs-article-list.html&#34;&gt;technotes&lt;/a&gt;.&lt;/p&gt;&#xA;"
                   textIsRich="true"/>
         <note_12 jcr:primaryType="nt:unstructured"
                  sling:resourceType="help/components/article-3/note"
                  text="&lt;p&gt;&#xA;      Laws concerning privacy differ by country. Some countries require that you inform users of the types of data collected by mobile applications. Please check the laws pertaining to mobile applications in your country.&#xA;      Make sure push notifications sent to mobile applications comply with the prerequisites and conditions specified by Apple (Apple Push Notification Service) and Google (Google Cloud Messaging or Firebase Cloud Messaging).&#xA;    &lt;/p&gt;&#xA;"
                  textIsRich="true"
                  type="note"/>
        
            <header_29 jcr:primaryType="nt:unstructured" sling:resourceType="help/components/header"
                    id="prerequisites"
                    level="2"
                    text="&lt;p&gt;Prerequisites&lt;/p&gt;&#xA;"
                    textIsRich="'true'"/>
            <text_271 jcr:primaryType="nt:unstructured"
                   sling:resourceType="help/components/article-3/text"
                   text="&lt;p&gt;First, to be able to start sending push notifications, you need to configure your mobile application using SDK V4. You can also configure your mobile application using Experience Platform SDKs. For more on this, refer to this &#xA;&lt;a href=&#34;https://helpx.adobe.com/campaign/kb/configuring-app-sdk.html&#34;&gt;page&lt;/a&gt;.&lt;/p&gt;&#xA;"
                   textIsRich="true"/>
            <text_272 jcr:primaryType="nt:unstructured"
                   sling:resourceType="help/components/article-3/text"
                   text="&lt;p&gt;Before sending your push notifications, you should:&lt;/p&gt;&#xA;"
                   textIsRich="true"/>
            <procedure_10_10 jcr:primaryType="nt:unstructured"
                          sling:resourceType="help/components/procedure">
            <proc_par jcr:primaryType="nt:unstructured"
                      sling:resourceType="help/components/procedure/proc_parsys">
                <step_137_0 jcr:primaryType="nt:unstructured" sling:resourceType="help/components/step">
                  <step_par jcr:primaryType="nt:unstructured"
                            sling:resourceType="help/components/procedure/step_parsys">
                    <text_273 jcr:primaryType="nt:unstructured"
                               sling:resourceType="help/components/article-3/text"
                               text="&lt;p&gt;Make sure you can access the &#xA;&lt;span class=&#34;uicontrol&#34;&gt;Mobile app&lt;/span&gt;&#xA; channel in Adobe Campaign.&lt;/p&gt;&#xA;"
                               textIsRich="true"/>
                  </step_par>
               </step_137_0>
                <step_138_0 jcr:primaryType="nt:unstructured" sling:resourceType="help/components/step">
                  <step_par jcr:primaryType="nt:unstructured"
                            sling:resourceType="help/components/procedure/step_parsys">
                    <text_274 jcr:primaryType="nt:unstructured"
                               sling:resourceType="help/components/article-3/text"
                               text="&lt;p&gt;Configure your mobile application in:&lt;/p&gt;&#xA;"
                               textIsRich="true"/>
                    <procedure_22 jcr:primaryType="nt:unstructured"
                                   sling:resourceType="help/components/procedure"
                                   isBulleted="true">
                        <proc_par jcr:primaryType="nt:unstructured"
                                  sling:resourceType="help/components/procedure/proc_parsys">
                           <step_138_22 jcr:primaryType="nt:unstructured" sling:resourceType="help/components/step">
                              <step_par jcr:primaryType="nt:unstructured"
                                        sling:resourceType="help/components/procedure/step_parsys">
                                 <text_275 jcr:primaryType="nt:unstructured"
                                           sling:resourceType="help/components/article-3/text"
                                           text="&lt;p&gt;Adobe Campaign&lt;/p&gt;&#xA;"
                                           textIsRich="true"/>
                              </step_par>
                           </step_138_22>
                           <step_139_22 jcr:primaryType="nt:unstructured" sling:resourceType="help/components/step">
                              <step_par jcr:primaryType="nt:unstructured"
                                        sling:resourceType="help/components/procedure/step_parsys">
                                 <text_276 jcr:primaryType="nt:unstructured"
                                           sling:resourceType="help/components/article-3/text"
                                           text="&lt;p&gt;The Adobe Mobile Services interface&lt;/p&gt;&#xA;"
                                           textIsRich="true"/>
                              </step_par>
                           </step_139_22>
                        </proc_par>
                     </procedure_22>
                  </step_par>
               </step_138_0>
                <step_141_0 jcr:primaryType="nt:unstructured" sling:resourceType="help/components/step">
                  <step_par jcr:primaryType="nt:unstructured"
                            sling:resourceType="help/components/procedure/step_parsys">
                    <text_277 jcr:primaryType="nt:unstructured"
                               sling:resourceType="help/components/article-3/text"
                               text="&lt;p&gt;Perform the mobile application's specific setup:&lt;/p&gt;&#xA;"
                               textIsRich="true"/>
                    <procedure_23 jcr:primaryType="nt:unstructured"
                                   sling:resourceType="help/components/procedure"
                                   isBulleted="true">
                        <proc_par jcr:primaryType="nt:unstructured"
                                  sling:resourceType="help/components/procedure/proc_parsys">
                           <step_141_23 jcr:primaryType="nt:unstructured" sling:resourceType="help/components/step">
                              <step_par jcr:primaryType="nt:unstructured"
                                        sling:resourceType="help/components/procedure/step_parsys">
                                 <text_278 jcr:primaryType="nt:unstructured"
                                           sling:resourceType="help/components/article-3/text"
                                           text="&lt;p&gt;Package the configuration file downloaded from the Adobe Mobile Services interface with the mobile application.&lt;/p&gt;&#xA;"
                                           textIsRich="true"/>
                              </step_par>
                           </step_141_23>
                           <step_142_23 jcr:primaryType="nt:unstructured" sling:resourceType="help/components/step">
                              <step_par jcr:primaryType="nt:unstructured"
                                        sling:resourceType="help/components/procedure/step_parsys">
                                 <text_279 jcr:primaryType="nt:unstructured"
                                           sling:resourceType="help/components/article-3/text"
                                           text="&lt;p&gt;Integrate the Experience Cloud Mobile SDK into your mobile application.&lt;/p&gt;&#xA;"
                                           textIsRich="true"/>
                              </step_par>
                           </step_142_23>
                        </proc_par>
                     </procedure_23>
                  </step_par>
               </step_141_0>
                <step_144_0 jcr:primaryType="nt:unstructured" sling:resourceType="help/components/step">
                  <step_par jcr:primaryType="nt:unstructured"
                            sling:resourceType="help/components/procedure/step_parsys">
                    <text_280 jcr:primaryType="nt:unstructured"
                               sling:resourceType="help/components/article-3/text"
                               text="&lt;p&gt;Define the data that you want to collect from your application's subscribers. The mobile application's subscribers who have a profile in the Adobe Campaign database are reconciled based on the criteria that you defined.&lt;/p&gt;&#xA;"
                               textIsRich="true"/>
                  </step_par>
               </step_144_0>
            </proc_par>
         </procedure_10_10>
        
      </main-pars>
      <hero jcr:primaryType="nt:unstructured"
            sling:resourceType="foundation/components/image"/>
      <thumbnail jcr:primaryType="nt:unstructured"
                 sling:resourceType="foundation/components/image"/>
      <publisherLogo jcr:primaryType="nt:unstructured"
                     sling:resourceType="foundation/components/image"/>
   </jcr:content>
</jcr:root>