<?xml version="1.0" encoding="UTF-8"?>
<jcr:root xmlns:nt="http://www.jcp.org/jcr/nt/1.0" xmlns:json="http://json.org/"
          xmlns:sling="http://sling.apache.org/jcr/sling/1.0"
          xmlns:cq="http://www.day.com/jcr/cq/1.0"
          xmlns:jcr="http://www.jcp.org/jcr/1.0"
          xmlns:mix="http://www.jcp.org/jcr/mix/1.0"
          jcr:primaryType="cq:Page">
   <jcr:content navTitle="About In-App messaging" jcr:primaryType="cq:PageContent"
                sling:resourceType="help/components/pages/article-3"
                heroGradient="light"
                jcr:language="en_us"
                cq:designPath="/etc/designs/help"
                cq:template="/apps/help/templates/article-3"
                jcr:mixinTypes="[mix:versionable]"
                jcr:title="About In-App messaging"
                jcr:description="About In-App messaging"
                seoDescription="Display message or alert within the mobile application with In-App messaging."
                primaryProductTag="[products:SG_CAMPAIGN/STANDARD]"
                cq:tags="[products:SG_CAMPAIGN/STANDARD,audience:channels,content_type:reference,topic_tags:in-app-messaging]"
                primaryAudienceTag="[audience:channels]"
                contentOwner="sauviat"
                isReadyForLocalization="true"
                publishExternalDate="2019-01-09">
      <main-pars jcr:primaryType="nt:unstructured"
                 sling:resourceType="foundation/components/parsys">
        
        
            
        
        <note_15 jcr:primaryType="nt:unstructured"
                  sling:resourceType="help/components/article-3/note"
                  text="&lt;p&gt;&#xA;            This feature is optional and currently a Beta feature which can be subject to future changes. Please check your license agreement and contact your account executive to activate it.&#xA;            In-App Messaging enables Campaign Customers to serve personalized messages to enhance a user’s In-App experience. Adobe’s Mobile SDK utilizes Marketing Cloud IDs to retrieve data for from Adobe Servers for personalization which may include personal information as directed by Customer. Customer is responsible for securing the mobile application where In-App messaging will be used and to prevent any unauthorized access of user’s data by a third party.&#xA;        &lt;/p&gt;&#xA;"
                  textIsRich="true"
                  type="note"/>
        <text_423 jcr:primaryType="nt:unstructured"
                   sling:resourceType="help/components/article-3/text"
                   text="&lt;p&gt;In-App messaging allows you to display a message when the user is active within the mobile application. This message type is complimentary to push notifications which are delivered to the notification center of users' phone. For more information on the push notification channel, refer to this &#xA;&#x9;&#x9;&#x9;&#x9;&#x9;&#x9;&#x9;&#x9;&#x9;&#x9;&#x9;&#xA;&#x9;&#x9;&#x9;&#x9;&#x9;&#x9;&#x9;&lt;a href=&#34;/content/help/en/campaign/standard/channels/using/about-push-notifications.html&#34;&gt;section&lt;/a&gt;.&lt;/p&gt;&#xA;"
                   textIsRich="true"/>
        <text_424 jcr:primaryType="nt:unstructured"
                   sling:resourceType="help/components/article-3/text"
                   text="&lt;p&gt;Three types of In-App message are available in Adobe Campaign:&lt;/p&gt;&#xA;"
                   textIsRich="true"/>
        <procedure_27 jcr:primaryType="nt:unstructured"
                       sling:resourceType="help/components/procedure"
                       isBulleted="true">
            <proc_par jcr:primaryType="nt:unstructured"
                      sling:resourceType="help/components/procedure/proc_parsys">
               <step_212_27 jcr:primaryType="nt:unstructured" sling:resourceType="help/components/step">
                  <step_par jcr:primaryType="nt:unstructured"
                            sling:resourceType="help/components/procedure/step_parsys">
                     <text_425 jcr:primaryType="nt:unstructured"
                               sling:resourceType="help/components/article-3/text"
                               text="&lt;p&gt;&#xA;&lt;span class=&#34;uicontrol&#34;&gt;Target users based on their Campaign profile (inAppProfile)&lt;/span&gt;&#xA;: This message type enables you to target Adobe Campaign profiles (CRM profiles) who have subscribed to your mobile application and to personalize In-App messages with all available profile attributes in Campaign.&lt;/p&gt;&#xA;"
                               textIsRich="true"/>
                  </step_par>
               </step_212_27>
               <step_213_27 jcr:primaryType="nt:unstructured" sling:resourceType="help/components/step">
                  <step_par jcr:primaryType="nt:unstructured"
                            sling:resourceType="help/components/procedure/step_parsys">
                     <text_426 jcr:primaryType="nt:unstructured"
                               sling:resourceType="help/components/article-3/text"
                               text="&lt;p&gt;&#xA;&lt;span class=&#34;uicontrol&#34;&gt;Target all users of a Mobile app (inAppBroadcast)&lt;/span&gt;&#xA;: This message type enables you to send messages to all users of your mobile application even if they don't have an existing profile in Campaign.&lt;/p&gt;&#xA;"
                               textIsRich="true"/>
                  </step_par>
               </step_213_27>
               <step_214_27 jcr:primaryType="nt:unstructured" sling:resourceType="help/components/step">
                  <step_par jcr:primaryType="nt:unstructured"
                            sling:resourceType="help/components/procedure/step_parsys">
                     <text_427 jcr:primaryType="nt:unstructured"
                               sling:resourceType="help/components/article-3/text"
                               text="&lt;p&gt;&#xA;&lt;span class=&#34;uicontrol&#34;&gt;Target users based on their Mobile profile (inApp)&lt;/span&gt;&#xA;: This message type enables you to target all known or anonymous users of a mobile app that have a mobile profile in Campaign and to personalize In-App messages with any profile attributes that have been obtained from mobile device.&lt;/p&gt;&#xA;"
                               textIsRich="true"/>
                  </step_par>
               </step_214_27>
            </proc_par>
         </procedure_27>
        
            <header_49 jcr:primaryType="nt:unstructured" sling:resourceType="help/components/header"
                    id="prerequisites"
                    level="2"
                    text="&lt;p&gt;Prerequisites&lt;/p&gt;&#xA;"
                    textIsRich="'true'"/>
            <text_428 jcr:primaryType="nt:unstructured"
                   sling:resourceType="help/components/article-3/text"
                   text="&lt;p&gt;First, to be able to start sending In-app message, you need to configure your mobile application using Experience Platform SDKs:&lt;/p&gt;&#xA;"
                   textIsRich="true"/>
            <procedure_23_10 jcr:primaryType="nt:unstructured"
                          sling:resourceType="help/components/procedure">
            <proc_par jcr:primaryType="nt:unstructured"
                      sling:resourceType="help/components/procedure/proc_parsys">
                <step_215_0 jcr:primaryType="nt:unstructured" sling:resourceType="help/components/step">
                  <step_par jcr:primaryType="nt:unstructured"
                            sling:resourceType="help/components/procedure/step_parsys">
                    <text_429 jcr:primaryType="nt:unstructured"
                               sling:resourceType="help/components/article-3/text"
                               text="&lt;p&gt;Make sure you can access the &#xA;&lt;span class=&#34;uicontrol&#34;&gt;In-App&lt;/span&gt;&#xA; channel in Adobe Campaign.  If you cannot access these channels, contact your account team.&lt;/p&gt;&#xA;"
                               textIsRich="true"/>
                  </step_par>
               </step_215_0>
                <step_216_0 jcr:primaryType="nt:unstructured" sling:resourceType="help/components/step">
                  <step_par jcr:primaryType="nt:unstructured"
                            sling:resourceType="help/components/procedure/step_parsys">
                    <text_430 jcr:primaryType="nt:unstructured"
                               sling:resourceType="help/components/article-3/text"
                               text="&lt;p&gt;In Launch, create the mobile application by creating a mobile property. &lt;/p&gt;&#xA;"
                               textIsRich="true"/>
                    <text_431 jcr:primaryType="nt:unstructured"
                               sling:resourceType="help/components/article-3/text"
                               text="&lt;p&gt;For more information, refer to the &#xA;&lt;a href=&#34;https://aep-sdks.gitbook.io/docs/getting-started/create-a-mobile-property&#34;&gt;Set up a mobile property&lt;/a&gt; section in Adobe Launch documentation.&lt;/p&gt;&#xA;"
                               textIsRich="true"/>
                  </step_par>
               </step_216_0>
                <step_217_0 jcr:primaryType="nt:unstructured" sling:resourceType="help/components/step">
                  <step_par jcr:primaryType="nt:unstructured"
                            sling:resourceType="help/components/procedure/step_parsys">
                    <text_432 jcr:primaryType="nt:unstructured"
                               sling:resourceType="help/components/article-3/text"
                               text="&lt;p&gt;Install the &#xA;&lt;span class=&#34;uicontrol&#34;&gt;Adobe Campaign Standard&lt;/span&gt;&#xA; extension for your mobile application in Adobe Launch:&lt;/p&gt;&#xA;"
                               textIsRich="true"/>
                    <text_433 jcr:primaryType="nt:unstructured"
                               sling:resourceType="help/components/article-3/text"
                               text="&lt;p&gt;For more information on extensions, refer to the &#xA;&lt;a href=&#34;https://aep-sdks.gitbook.io/docs/using-mobile-extensions/adobe-campaign-standard-beta&#34;&gt;Configure Campaign Standard Extension in Launch&lt;/a&gt; in Adobe Launch documentation.&lt;/p&gt;&#xA;"
                               textIsRich="true"/>
                  </step_par>
               </step_217_0>
                <step_218_0 jcr:primaryType="nt:unstructured" sling:resourceType="help/components/step">
                  <step_par jcr:primaryType="nt:unstructured"
                            sling:resourceType="help/components/procedure/step_parsys">
                    <text_434 jcr:primaryType="nt:unstructured"
                               sling:resourceType="help/components/article-3/text"
                               text="&lt;p&gt;Configure rules for your application in Adobe Launch.&lt;/p&gt;&#xA;"
                               textIsRich="true"/>
                  </step_par>
               </step_218_0>
                <step_219_0 jcr:primaryType="nt:unstructured" sling:resourceType="help/components/step">
                  <step_par jcr:primaryType="nt:unstructured"
                            sling:resourceType="help/components/procedure/step_parsys">
                    <text_435 jcr:primaryType="nt:unstructured"
                               sling:resourceType="help/components/article-3/text"
                               text="&lt;p&gt;Configure your Adobe Launch application in Adobe Campaign Standard.&lt;/p&gt;&#xA;"
                               textIsRich="true"/>
                  </step_par>
               </step_219_0>
                <step_220_0 jcr:primaryType="nt:unstructured" sling:resourceType="help/components/step">
                  <step_par jcr:primaryType="nt:unstructured"
                            sling:resourceType="help/components/procedure/step_parsys">
                    <text_436 jcr:primaryType="nt:unstructured"
                               sling:resourceType="help/components/article-3/text"
                               text="&lt;p&gt;Add channel specific configuration to your Mobile Application set-up. &lt;/p&gt;&#xA;"
                               textIsRich="true"/>
                  </step_par>
               </step_220_0>
            </proc_par>
         </procedure_23_10>
            <text_437 jcr:primaryType="nt:unstructured"
                   sling:resourceType="help/components/article-3/text"
                   text="&lt;p&gt;For more information on how to configure Experience Platform SDKs, refer to this &#xA;&lt;a href=&#34;https://helpx.adobe.com/campaign/kb/configuring-app-sdk.html&#34;&gt;page&lt;/a&gt;.&lt;/p&gt;&#xA;"
                   textIsRich="true"/>
            <text_438 jcr:primaryType="nt:unstructured"
                   sling:resourceType="help/components/article-3/text"
                   text="&lt;p&gt;After configuring your mobile application, you can now start preparing and sending your In-app messages.&lt;/p&gt;&#xA;"
                   textIsRich="true"/>
        
      </main-pars>
      <hero jcr:primaryType="nt:unstructured"
            sling:resourceType="foundation/components/image"/>
      <thumbnail jcr:primaryType="nt:unstructured"
                 sling:resourceType="foundation/components/image"/>
      <publisherLogo jcr:primaryType="nt:unstructured"
                     sling:resourceType="foundation/components/image"/>
   </jcr:content>
</jcr:root>