<?xml version="1.0" encoding="UTF-8"?>
<jcr:root xmlns:nt="http://www.jcp.org/jcr/nt/1.0" xmlns:json="http://json.org/"
          xmlns:sling="http://sling.apache.org/jcr/sling/1.0"
          xmlns:cq="http://www.day.com/jcr/cq/1.0"
          xmlns:jcr="http://www.jcp.org/jcr/1.0"
          xmlns:mix="http://www.jcp.org/jcr/mix/1.0"
          jcr:primaryType="cq:Page">
   <jcr:content navTitle="Accessing messages" jcr:primaryType="cq:PageContent"
                sling:resourceType="help/components/pages/article-3"
                heroGradient="light"
                jcr:language="en_us"
                cq:designPath="/etc/designs/help"
                cq:template="/apps/help/templates/article-3"
                jcr:mixinTypes="[mix:versionable]"
                jcr:title="Accessing messages"
                jcr:description="Accessing messages"
                seoDescription="Learn how to access messages and their advanced functionalities: creation, targeting, personalization, execution and reporting."
                primaryProductTag="[products:SG_CAMPAIGN/STANDARD]"
                cq:tags="[products:SG_CAMPAIGN/STANDARD,audience:channels,content_type:reference,topic_tags:about-communication-channels]"
                primaryAudienceTag="[audience:channels]"
                contentOwner="sauviat"
                isReadyForLocalization="true"
                publishExternalDate="2019-01-09">
      <main-pars jcr:primaryType="nt:unstructured"
                 sling:resourceType="foundation/components/parsys">
    
    
    
      
    
         <text_35 jcr:primaryType="nt:unstructured"
                  sling:resourceType="help/components/article-3/text"
                  text="&lt;p&gt;You can access a set of advanced functionalities, from targeting, creating and personalizing messages, executing communications, to associated operational reports.&lt;/p&gt;&#xA;"
                  textIsRich="true"/>
         <text_36 jcr:primaryType="nt:unstructured"
                  sling:resourceType="help/components/article-3/text"
                  text="&lt;p&gt;Messages can be accessed:&lt;/p&gt;&#xA;"
                  textIsRich="true"/>
         <procedure_3 jcr:primaryType="nt:unstructured"
                      sling:resourceType="help/components/procedure"
                      isBulleted="true">
            <proc_par jcr:primaryType="nt:unstructured"
                      sling:resourceType="help/components/procedure/proc_parsys">
               <step_15_3 jcr:primaryType="nt:unstructured" sling:resourceType="help/components/step">
                  <step_par jcr:primaryType="nt:unstructured"
                            sling:resourceType="help/components/procedure/step_parsys">
                     <text_37 jcr:primaryType="nt:unstructured"
                              sling:resourceType="help/components/article-3/text"
                              text="&lt;p&gt;within a campaign&lt;/p&gt;&#xA;"
                              textIsRich="true"/>
                  </step_par>
               </step_15_3>
               <step_16_3 jcr:primaryType="nt:unstructured" sling:resourceType="help/components/step">
                  <step_par jcr:primaryType="nt:unstructured"
                            sling:resourceType="help/components/procedure/step_parsys">
                     <text_38 jcr:primaryType="nt:unstructured"
                              sling:resourceType="help/components/article-3/text"
                              text="&lt;p&gt;from the Adobe Campaign home page&lt;/p&gt;&#xA;"
                              textIsRich="true"/>
                  </step_par>
               </step_16_3>
               <step_17_3 jcr:primaryType="nt:unstructured" sling:resourceType="help/components/step">
                  <step_par jcr:primaryType="nt:unstructured"
                            sling:resourceType="help/components/procedure/step_parsys">
                     <text_39 jcr:primaryType="nt:unstructured"
                              sling:resourceType="help/components/article-3/text"
                              text="&lt;p&gt;from the list of marketing activities&lt;/p&gt;&#xA;"
                              textIsRich="true"/>
                  </step_par>
               </step_17_3>
            </proc_par>
         </procedure_3>
    
         <header_5 jcr:primaryType="nt:unstructured" sling:resourceType="help/components/header"
                   id="accessing-messages-in-campaigns"
                   level="2"
                   text="&lt;p&gt;Accessing messages in campaigns&lt;/p&gt;&#xA;"
                   textIsRich="'true'"/>
         <text_40 jcr:primaryType="nt:unstructured"
                  sling:resourceType="help/components/article-3/text"
                  text="&lt;p&gt;To access the list of a campaign's marketing activities:&lt;/p&gt;&#xA;"
                  textIsRich="true"/>
         <procedure_1_10 jcr:primaryType="nt:unstructured"
                         sling:resourceType="help/components/procedure">
            <proc_par jcr:primaryType="nt:unstructured"
                      sling:resourceType="help/components/procedure/proc_parsys">
               <step_18_0 jcr:primaryType="nt:unstructured" sling:resourceType="help/components/step">
                  <step_par jcr:primaryType="nt:unstructured"
                            sling:resourceType="help/components/procedure/step_parsys">
                     <text_41 jcr:primaryType="nt:unstructured"
                              sling:resourceType="help/components/article-3/text"
                              text="&lt;p&gt;Go to &#xA;&lt;span class=&#34;uicontrol&#34;&gt;Marketing activities&lt;/span&gt;&#xA; from the top navigation bar.&lt;/p&gt;&#xA;"
                              textIsRich="true"/>
                  </step_par>
               </step_18_0>
               <step_19_0 jcr:primaryType="nt:unstructured" sling:resourceType="help/components/step">
                  <step_par jcr:primaryType="nt:unstructured"
                            sling:resourceType="help/components/procedure/step_parsys">
                     <text_42 jcr:primaryType="nt:unstructured"
                              sling:resourceType="help/components/article-3/text"
                              text="&lt;p&gt;Select &#xA;&lt;span class=&#34;uicontrol&#34;&gt;Marketing activities &gt; Marketing plans &gt; Programs &amp; Campaigns&lt;/span&gt;&#xA;.&lt;/p&gt;&#xA;"
                              textIsRich="true"/>
                     <text_43 jcr:primaryType="nt:unstructured"
                              sling:resourceType="help/components/article-3/text"
                              text="&lt;p&gt;You can also directly click the &#xA;&lt;span class=&#34;uicontrol&#34;&gt;Programs &amp; Campaigns&lt;/span&gt;&#xA; card from the home page. For more information on campaigns, refer to the &#xA;&#x9;&#x9;&#x9;&#x9;&#x9;&#x9;&#x9;&#x9;&#x9;&#x9;&#x9;&#xA;&#x9;&#x9;&#x9;&#x9;&#x9;&#x9;&#x9;&lt;a href=&#34;/content/help/en/campaign/standard/start/using/programs-and-campaigns.html&#34;&gt;Programs and campaigns&lt;/a&gt; section.&lt;/p&gt;&#xA;"
                              textIsRich="true"/>
                  </step_par>
               </step_19_0>
               <step_20_0 jcr:primaryType="nt:unstructured" sling:resourceType="help/components/step">
                  <step_par jcr:primaryType="nt:unstructured"
                            sling:resourceType="help/components/procedure/step_parsys">
                     <text_44 jcr:primaryType="nt:unstructured"
                              sling:resourceType="help/components/article-3/text"
                              text="&lt;p&gt;Select a program, then a campaign.&lt;/p&gt;&#xA;"
                              textIsRich="true"/>
                     <image_0 jcr:primaryType="nt:unstructured"
                              sling:resourceType="help/components/article-3/image"
                              jcr:title=""
                              alt=""
                              captionBottom=""
                              fileName="delivery_list_1.png"
                              originalFileName="images/en/delivery_list_1.png"
                              fileReference="/content/dam/help/en/campaign/standard/delivery_list_1.png"
                              imageRotate="0"
                              originalHeight=""
                              originalWidth=""
                              scaleOption="toTemplate"
                              status="legacy"/>
                  </step_par>
               </step_20_0>
               <step_21_0 jcr:primaryType="nt:unstructured" sling:resourceType="help/components/step">
                  <step_par jcr:primaryType="nt:unstructured"
                            sling:resourceType="help/components/procedure/step_parsys">
                     <text_45 jcr:primaryType="nt:unstructured"
                              sling:resourceType="help/components/article-3/text"
                              text="&lt;p&gt;Click the &#xA;&lt;span class=&#34;uicontrol&#34;&gt;Summary&lt;/span&gt;&#xA; drop-down list.&lt;/p&gt;&#xA;"
                              textIsRich="true"/>
                  </step_par>
               </step_21_0>
               <step_22_0 jcr:primaryType="nt:unstructured" sling:resourceType="help/components/step">
                  <step_par jcr:primaryType="nt:unstructured"
                            sling:resourceType="help/components/procedure/step_parsys">
                     <text_46 jcr:primaryType="nt:unstructured"
                              sling:resourceType="help/components/article-3/text"
                              text="&lt;p&gt;Click &#xA;&lt;span class=&#34;uicontrol&#34;&gt;Search&lt;/span&gt;&#xA; to filter the way messages are displayed (by name, date, or status).&lt;/p&gt;&#xA;"
                              textIsRich="true"/>
                     <text_47 jcr:primaryType="nt:unstructured"
                              sling:resourceType="help/components/article-3/text"
                              text="&lt;p&gt;To filter recurring messages, you can check the corresponding box.&lt;/p&gt;&#xA;"
                              textIsRich="true"/>
                  </step_par>
               </step_22_0>
            </proc_par>
         </procedure_1_10>
    
    
         <header_6 jcr:primaryType="nt:unstructured" sling:resourceType="help/components/header"
                   id="accessing-the-message-list"
                   level="2"
                   text="&lt;p&gt;Accessing the message list&lt;/p&gt;&#xA;"
                   textIsRich="'true'"/>
         <text_48 jcr:primaryType="nt:unstructured"
                  sling:resourceType="help/components/article-3/text"
                  text="&lt;p&gt;To access the full list of marketing activities from all the campaigns combined:&lt;/p&gt;&#xA;"
                  textIsRich="true"/>
         <procedure_2_10 jcr:primaryType="nt:unstructured"
                         sling:resourceType="help/components/procedure">
            <proc_par jcr:primaryType="nt:unstructured"
                      sling:resourceType="help/components/procedure/proc_parsys">
               <step_23_0 jcr:primaryType="nt:unstructured" sling:resourceType="help/components/step">
                  <step_par jcr:primaryType="nt:unstructured"
                            sling:resourceType="help/components/procedure/step_parsys">
                     <text_49 jcr:primaryType="nt:unstructured"
                              sling:resourceType="help/components/article-3/text"
                              text="&lt;p&gt;Select &#xA;&lt;span class=&#34;uicontrol&#34;&gt;Marketing activities&lt;/span&gt;&#xA; from the upper navigation bar.&lt;/p&gt;&#xA;"
                              textIsRich="true"/>
                     <text_50 jcr:primaryType="nt:unstructured"
                              sling:resourceType="help/components/article-3/text"
                              text="&lt;p&gt;You can also access it from the &#xA;&lt;span class=&#34;uicontrol&#34;&gt;Marketing activities&lt;/span&gt;&#xA; card on the home page. For more information on the list of marketing activities, refer to the &#xA;&#x9;&#x9;&#x9;&#x9;&#x9;&#x9;&#x9;&#x9;&#x9;&#x9;&#x9;&#xA;&#x9;&#x9;&#x9;&#x9;&#x9;&#x9;&#x9;&lt;a href=&#34;/content/help/en/campaign/standard/start/using/marketing-activities.html#creating-a-marketing-activity&#34;&gt;Managing marketing activities&lt;/a&gt; section.&lt;/p&gt;&#xA;"
                              textIsRich="true"/>
                  </step_par>
               </step_23_0>
               <step_24_0 jcr:primaryType="nt:unstructured" sling:resourceType="help/components/step">
                  <step_par jcr:primaryType="nt:unstructured"
                            sling:resourceType="help/components/procedure/step_parsys">
                     <text_51 jcr:primaryType="nt:unstructured"
                              sling:resourceType="help/components/article-3/text"
                              text="&lt;p&gt;To filter the marketing activities (by name, date, status or activity type), use the &#xA;&lt;span class=&#34;uicontrol&#34;&gt;Search&lt;/span&gt;&#xA; fields to the left of the list of marketing activities.&lt;/p&gt;&#xA;"
                              textIsRich="true"/>
                  </step_par>
               </step_24_0>
            </proc_par>
         </procedure_2_10>
         <image_1 jcr:primaryType="nt:unstructured"
                  sling:resourceType="help/components/article-3/image"
                  jcr:title=""
                  alt=""
                  captionBottom=""
                  fileName="delivery_list_2.png"
                  originalFileName="images/en/delivery_list_2.png"
                  fileReference="/content/dam/help/en/campaign/standard/delivery_list_2.png"
                  imageRotate="0"
                  originalHeight=""
                  originalWidth=""
                  scaleOption="toTemplate"
                  status="legacy"/>
    
    
         <header_7 jcr:primaryType="nt:unstructured" sling:resourceType="help/components/header"
                   id="message-life-cycle"
                   level="2"
                   text="&lt;p&gt;Message life cycle&lt;/p&gt;&#xA;"
                   textIsRich="'true'"/>
         <text_52 jcr:primaryType="nt:unstructured"
                  sling:resourceType="help/components/article-3/text"
                  text="&lt;p&gt;A message's status is represented by a specific color in the lists. The possible statuses are: &lt;/p&gt;&#xA;"
                  textIsRich="true"/>
         <procedure_4 jcr:primaryType="nt:unstructured"
                      sling:resourceType="help/components/procedure"
                      isBulleted="true">
            <proc_par jcr:primaryType="nt:unstructured"
                      sling:resourceType="help/components/procedure/proc_parsys">
               <step_25_4 jcr:primaryType="nt:unstructured" sling:resourceType="help/components/step">
                  <step_par jcr:primaryType="nt:unstructured"
                            sling:resourceType="help/components/procedure/step_parsys">
                     <text_53 jcr:primaryType="nt:unstructured"
                              sling:resourceType="help/components/article-3/text"
                              text="&lt;p&gt;&#xA;&lt;span class=&#34;uicontrol&#34;&gt;Editing&lt;/span&gt;&#xA; (gray): the message is being edited.&lt;/p&gt;&#xA;"
                              textIsRich="true"/>
                  </step_par>
               </step_25_4>
               <step_26_4 jcr:primaryType="nt:unstructured" sling:resourceType="help/components/step">
                  <step_par jcr:primaryType="nt:unstructured"
                            sling:resourceType="help/components/procedure/step_parsys">
                     <text_54 jcr:primaryType="nt:unstructured"
                              sling:resourceType="help/components/article-3/text"
                              text="&lt;p&gt;&#xA;&lt;span class=&#34;uicontrol&#34;&gt;In progress&lt;/span&gt;&#xA; (blue): the message is being sent.&lt;/p&gt;&#xA;"
                              textIsRich="true"/>
                  </step_par>
               </step_26_4>
               <step_27_4 jcr:primaryType="nt:unstructured" sling:resourceType="help/components/step">
                  <step_par jcr:primaryType="nt:unstructured"
                            sling:resourceType="help/components/procedure/step_parsys">
                     <text_55 jcr:primaryType="nt:unstructured"
                              sling:resourceType="help/components/article-3/text"
                              text="&lt;p&gt;&#xA;&lt;span class=&#34;uicontrol&#34;&gt;Finished&lt;/span&gt;&#xA; (green): sending has finished without any errors.&lt;/p&gt;&#xA;"
                              textIsRich="true"/>
                  </step_par>
               </step_27_4>
               <step_28_4 jcr:primaryType="nt:unstructured" sling:resourceType="help/components/step">
                  <step_par jcr:primaryType="nt:unstructured"
                            sling:resourceType="help/components/procedure/step_parsys">
                     <text_56 jcr:primaryType="nt:unstructured"
                              sling:resourceType="help/components/article-3/text"
                              text="&lt;p&gt;&#xA;&lt;span class=&#34;uicontrol&#34;&gt;Erroneous&lt;/span&gt;&#xA; (red): sending was canceled or an error has occurred while the message was being prepared or sent.&lt;/p&gt;&#xA;"
                              textIsRich="true"/>
                     <note_1 jcr:primaryType="nt:unstructured"
                             sling:resourceType="help/components/article-3/note"
                             text="&lt;p&gt;&#xA;            A yellow notification banner may appear above the card when an action is required, for example when you have to confirm sending a message.&#xA;          &lt;/p&gt;&#xA;"
                             textIsRich="true"
                             type="note"/>
                  </step_par>
               </step_28_4>
            </proc_par>
         </procedure_4>
    
      </main-pars>
      <hero jcr:primaryType="nt:unstructured"
            sling:resourceType="foundation/components/image"/>
      <thumbnail jcr:primaryType="nt:unstructured"
                 sling:resourceType="foundation/components/image"/>
      <publisherLogo jcr:primaryType="nt:unstructured"
                     sling:resourceType="foundation/components/image"/>
   </jcr:content>
</jcr:root>