<?xml version="1.0" encoding="UTF-8"?>
<jcr:root xmlns:nt="http://www.jcp.org/jcr/nt/1.0" xmlns:json="http://json.org/"
          xmlns:sling="http://sling.apache.org/jcr/sling/1.0"
          xmlns:cq="http://www.day.com/jcr/cq/1.0"
          xmlns:jcr="http://www.jcp.org/jcr/1.0"
          xmlns:mix="http://www.jcp.org/jcr/mix/1.0"
          jcr:primaryType="cq:Page">
   <jcr:content navTitle="Creating a multilingual push notification"
                jcr:primaryType="cq:PageContent"
                sling:resourceType="help/components/pages/article-3"
                heroGradient="light"
                jcr:language="en_us"
                cq:designPath="/etc/designs/help"
                cq:template="/apps/help/templates/article-3"
                jcr:mixinTypes="[mix:versionable]"
                jcr:title="Creating a multilingual push notification"
                jcr:description="Creating a multilingual push notification"
                seoDescription="Create multilingual push notifications to target your users in their preferred languages and regions."
                primaryProductTag="[products:SG_CAMPAIGN/STANDARD]"
                cq:tags="[products:SG_CAMPAIGN/STANDARD,audience:channels,content_type:reference,topic_tags:push-notifications]"
                primaryAudienceTag="[audience:channels]"
                contentOwner="sauviat"
                isReadyForLocalization="true"
                publishExternalDate="2019-01-09">
      <main-pars jcr:primaryType="nt:unstructured"
                 sling:resourceType="foundation/components/parsys">
        
        
            
        
        
            <header_43 jcr:primaryType="nt:unstructured" sling:resourceType="help/components/header"
                    id="about-multilingual-push-notification"
                    level="2"
                    text="&lt;p&gt;About multilingual push notification&lt;/p&gt;&#xA;"
                    textIsRich="'true'"/>
            <text_381 jcr:primaryType="nt:unstructured"
                   sling:resourceType="help/components/article-3/text"
                   text="&lt;p&gt;Personalize your push notification content by sending messages based on your users' preferred languages and regions. You can directly import multilingual push notification content variants in the content editor and send a multilingual push notification in a single delivery.&lt;/p&gt;&#xA;"
                   textIsRich="true"/>
            <text_382 jcr:primaryType="nt:unstructured"
                   sling:resourceType="help/components/article-3/text"
                   text="&lt;p&gt;This feature leverages either preferred languages specified in recipients' profiles or system language preference for Mobile App Subscribers depending on the delivery template used for push notification. If language preference is not populated for a particular user, the system will use the default variant that is defined while creating a multilingual push notification. For more information on how to manage your profiles and subscribers, refer to this &#xA;&#x9;&#x9;&#x9;&#x9;&#x9;&#x9;&#x9;&#x9;&#x9;&#x9;&#x9;&#xA;&#x9;&#x9;&#x9;&#x9;&#x9;&#x9;&#x9;&lt;a href=&#34;/content/help/en/campaign/standard/audiences/using/about-profiles-and-audiences.html&#34;&gt;guide&lt;/a&gt;.&lt;/p&gt;&#xA;"
                   textIsRich="true"/>
            <image_64 jcr:primaryType="nt:unstructured"
                   sling:resourceType="help/components/article-3/image"
                   jcr:title=""
                   alt=""
                   captionBottom=""
                   fileName="multivariant_push_1.png"
                   originalFileName="images/en/multivariant_push_1.png"
                   fileReference="/content/dam/help/en/campaign/standard/multivariant_push_1.png"
                   imageRotate="0"
                   originalHeight=""
                   originalWidth=""
                   scaleOption="toTemplate"
                   status="legacy"/>
            <text_383 jcr:primaryType="nt:unstructured"
                   sling:resourceType="help/components/article-3/text"
                   text="&lt;p&gt;To use multilingual content variants for your push notification delivery, follow these steps:&lt;/p&gt;&#xA;"
                   textIsRich="true"/>
            <procedure_19_10 jcr:primaryType="nt:unstructured"
                          sling:resourceType="help/components/procedure">
            <proc_par jcr:primaryType="nt:unstructured"
                      sling:resourceType="help/components/procedure/proc_parsys">
                <step_191_0 jcr:primaryType="nt:unstructured" sling:resourceType="help/components/step">
                  <step_par jcr:primaryType="nt:unstructured"
                            sling:resourceType="help/components/procedure/step_parsys">
                    <text_384 jcr:primaryType="nt:unstructured"
                               sling:resourceType="help/components/article-3/text"
                               text="&lt;p&gt;&#xA;&#x9;&#x9;&#x9;&#x9;&#x9;&#xA;&lt;a href=&#34;/content/help/en/campaign/standard/channels/using/creating-a-multilingual-push-notification.html#step-1--upload-multilingual-content-variant&#34; target=&#34;_blank&#34;&gt;Step 1: Upload multilingual content variant&lt;/a&gt;&lt;/p&gt;&#xA;"
                               textIsRich="true"/>
                  </step_par>
               </step_191_0>
                <step_192_0 jcr:primaryType="nt:unstructured" sling:resourceType="help/components/step">
                  <step_par jcr:primaryType="nt:unstructured"
                            sling:resourceType="help/components/procedure/step_parsys">
                    <text_385 jcr:primaryType="nt:unstructured"
                               sling:resourceType="help/components/article-3/text"
                               text="&lt;p&gt;&#xA;&#x9;&#x9;&#x9;&#x9;&#x9;&#xA;&lt;a href=&#34;/content/help/en/campaign/standard/channels/using/creating-a-multilingual-push-notification.html#step-2--preview-and-finalize-a-push-notification-using-multilingual-content-variants&#34; target=&#34;_blank&#34;&gt;Step 2: Preview and finalize a push notification using multilingual content variants&lt;/a&gt;&lt;/p&gt;&#xA;"
                               textIsRich="true"/>
                  </step_par>
               </step_192_0>
                <step_193_0 jcr:primaryType="nt:unstructured" sling:resourceType="help/components/step">
                  <step_par jcr:primaryType="nt:unstructured"
                            sling:resourceType="help/components/procedure/step_parsys">
                    <text_386 jcr:primaryType="nt:unstructured"
                               sling:resourceType="help/components/article-3/text"
                               text="&lt;p&gt;&#xA;&#x9;&#x9;&#x9;&#x9;&#x9;&#xA;&lt;a href=&#34;/content/help/en/campaign/standard/channels/using/creating-a-multilingual-push-notification.html#step-3--send-and-analyze-multilingual-push-notification-delivery&#34; target=&#34;_blank&#34;&gt;Step 3: Send and analyze multilingual push notification delivery&lt;/a&gt;&lt;/p&gt;&#xA;"
                               textIsRich="true"/>
                  </step_par>
               </step_193_0>
            </proc_par>
         </procedure_19_10>
        
        
            <header_44 jcr:primaryType="nt:unstructured" sling:resourceType="help/components/header"
                    id="step-1--upload-multilingual-content-variant"
                    level="2"
                    text="&lt;p&gt;Step 1: Upload multilingual content variant&lt;/p&gt;&#xA;"
                    textIsRich="'true'"/>
            <text_387 jcr:primaryType="nt:unstructured"
                   sling:resourceType="help/components/article-3/text"
                   text="&lt;p&gt;Before personalizing your multilingual push notification, we first need to upload the content variants in a multilingual delivery template and create the delivery.&lt;/p&gt;&#xA;"
                   textIsRich="true"/>
            <note_14 jcr:primaryType="nt:unstructured"
                  sling:resourceType="help/components/article-3/note"
                  text="&lt;p&gt;&#xA;                You can also skip this step if you want to create a variant manually for each language variant.&#xA;            &lt;/p&gt;&#xA;"
                  textIsRich="true"
                  type="note"/>
            <procedure_20_10 jcr:primaryType="nt:unstructured"
                          sling:resourceType="help/components/procedure">
            <proc_par jcr:primaryType="nt:unstructured"
                      sling:resourceType="help/components/procedure/proc_parsys">
                <step_194_0 jcr:primaryType="nt:unstructured" sling:resourceType="help/components/step">
                  <step_par jcr:primaryType="nt:unstructured"
                            sling:resourceType="help/components/procedure/step_parsys">
                    <text_389 jcr:primaryType="nt:unstructured"
                               sling:resourceType="help/components/article-3/text"
                               text="&lt;p&gt;In the &#xA;&lt;span class=&#34;uicontrol&#34;&gt;Marketing activities&lt;/span&gt;&#xA;, click the &#xA;&lt;span class=&#34;uicontrol&#34;&gt;Create&lt;/span&gt;&#xA; button then select &#xA;&lt;span class=&#34;uicontrol&#34;&gt;Push notification&lt;/span&gt;&#xA;.&lt;/p&gt;&#xA;"
                               textIsRich="true"/>
                  </step_par>
               </step_194_0>
                <step_195_0 jcr:primaryType="nt:unstructured" sling:resourceType="help/components/step">
                  <step_par jcr:primaryType="nt:unstructured"
                            sling:resourceType="help/components/procedure/step_parsys">
                    <text_390 jcr:primaryType="nt:unstructured"
                               sling:resourceType="help/components/article-3/text"
                               text="&lt;p&gt;Select the template &#xA;&lt;span class=&#34;uicontrol&#34;&gt;Send multilingual push to Campaign profiles&lt;/span&gt;&#xA; if you want to target the Adobe Campaign profiles who have subscribed to your mobile application or the template&#xA;&lt;span class=&#34;uicontrol&#34;&gt; Send multilingual push to app subscriber&lt;/span&gt;&#xA; to send a push notification to all users who have opted in to receive notifications from your mobile application.&lt;/p&gt;&#xA;"
                               textIsRich="true"/>
                    <image_65 jcr:primaryType="nt:unstructured"
                               sling:resourceType="help/components/article-3/image"
                               jcr:title=""
                               alt=""
                               captionBottom=""
                               fileName="multivariant_push_2.png"
                               originalFileName="images/en/multivariant_push_2.png"
                               fileReference="/content/dam/help/en/campaign/standard/multivariant_push_2.png"
                               imageRotate="0"
                               originalHeight=""
                               originalWidth=""
                               scaleOption="toTemplate"
                               status="legacy"/>
                  </step_par>
               </step_195_0>
                <step_196_0 jcr:primaryType="nt:unstructured" sling:resourceType="help/components/step">
                  <step_par jcr:primaryType="nt:unstructured"
                            sling:resourceType="help/components/procedure/step_parsys">
                    <text_391 jcr:primaryType="nt:unstructured"
                               sling:resourceType="help/components/article-3/text"
                               text="&lt;p&gt;Enter the push notification properties such as the label, description, etc.&lt;/p&gt;&#xA;"
                               textIsRich="true"/>
                  </step_par>
               </step_196_0>
                <step_197_0 jcr:primaryType="nt:unstructured" sling:resourceType="help/components/step">
                  <step_par jcr:primaryType="nt:unstructured"
                            sling:resourceType="help/components/procedure/step_parsys">
                    <text_392 jcr:primaryType="nt:unstructured"
                               sling:resourceType="help/components/article-3/text"
                               text="&lt;p&gt;In the &#xA;&lt;span class=&#34;uicontrol&#34;&gt;Audiences&lt;/span&gt;&#xA; windows, drag and drop queries to fine tune your audience. &lt;/p&gt;&#xA;"
                               textIsRich="true"/>
                    <text_393 jcr:primaryType="nt:unstructured"
                               sling:resourceType="help/components/article-3/text"
                               text="&lt;p&gt;The queries added depend on the chosen template: if you chose the &#xA;&lt;span class=&#34;uicontrol&#34;&gt;Send multilingual push to Campaign profiles&lt;/span&gt;&#xA; template you can query known recipients of your mobile application. Whereas if you chose the &#xA;&lt;span class=&#34;uicontrol&#34;&gt;Send multilingual push to app subscriber&lt;/span&gt;&#xA; template, you can query all subscribers of a particular app who have opted in.&lt;/p&gt;&#xA;"
                               textIsRich="true"/>
                    <image_66 jcr:primaryType="nt:unstructured"
                               sling:resourceType="help/components/article-3/image"
                               jcr:title=""
                               alt=""
                               captionBottom=""
                               fileName="multivariant_push_3.png"
                               originalFileName="images/en/multivariant_push_3.png"
                               fileReference="/content/dam/help/en/campaign/standard/multivariant_push_3.png"
                               imageRotate="0"
                               originalHeight=""
                               originalWidth=""
                               scaleOption="toTemplate"
                               status="legacy"/>
                  </step_par>
               </step_197_0>
                <step_198_0 jcr:primaryType="nt:unstructured" sling:resourceType="help/components/step">
                  <step_par jcr:primaryType="nt:unstructured"
                            sling:resourceType="help/components/procedure/step_parsys">
                    <text_394 jcr:primaryType="nt:unstructured"
                               sling:resourceType="help/components/article-3/text"
                               text="&lt;p&gt;In the &#xA;&lt;span class=&#34;uicontrol&#34;&gt;Manage Content Variants&lt;/span&gt;&#xA; window, drag and drop your file or select a file from your computer. &lt;/p&gt;&#xA;"
                               textIsRich="true"/>
                    <text_395 jcr:primaryType="nt:unstructured"
                               sling:resourceType="help/components/article-3/text"
                               text="&lt;p&gt;The file has to be UTF8 encoded and must have a specific layout which can be found by clicking the &#xA;&lt;span class=&#34;uicontrol&#34;&gt;Download the sample file&lt;/span&gt;&#xA; option. You should also use the proper syntax for locale values. For more information regarding the file format and the supported locales, refer to this &#xA;&lt;a href=&#34;http://helpx.adobe.com/campaign/kb/acs-generate-csv-multilingual-push.html&#34;&gt;technote&lt;/a&gt;.&lt;/p&gt;&#xA;"
                               textIsRich="true"/>
                    <image_67 jcr:primaryType="nt:unstructured"
                               sling:resourceType="help/components/article-3/image"
                               jcr:title=""
                               alt=""
                               captionBottom=""
                               fileName="multivariant_push_4.png"
                               originalFileName="images/en/multivariant_push_4.png"
                               fileReference="/content/dam/help/en/campaign/standard/multivariant_push_4.png"
                               imageRotate="0"
                               originalHeight=""
                               originalWidth=""
                               scaleOption="toTemplate"
                               status="legacy"/>
                  </step_par>
               </step_198_0>
                <step_199_0 jcr:primaryType="nt:unstructured" sling:resourceType="help/components/step">
                  <step_par jcr:primaryType="nt:unstructured"
                            sling:resourceType="help/components/procedure/step_parsys">
                    <text_396 jcr:primaryType="nt:unstructured"
                               sling:resourceType="help/components/article-3/text"
                               text="&lt;p&gt;After uploading your file, the language variants are automatically populated in the &#xA;&lt;span class=&#34;uicontrol&#34;&gt;Variants&lt;/span&gt;&#xA; tab. Note that you can provide a &#xA;&lt;span class=&#34;uicontrol&#34;&gt;Default variant&lt;/span&gt;&#xA; in the file which will be your default content variant if no preferred language is specified for the targeted user.&lt;/p&gt;&#xA;"
                               textIsRich="true"/>
                    <image_68 jcr:primaryType="nt:unstructured"
                               sling:resourceType="help/components/article-3/image"
                               jcr:title=""
                               alt=""
                               captionBottom=""
                               fileName="multivariant_push_5.png"
                               originalFileName="images/en/multivariant_push_5.png"
                               fileReference="/content/dam/help/en/campaign/standard/multivariant_push_5.png"
                               imageRotate="0"
                               originalHeight=""
                               originalWidth=""
                               scaleOption="toTemplate"
                               status="legacy"/>
                  </step_par>
               </step_199_0>
                <step_200_0 jcr:primaryType="nt:unstructured" sling:resourceType="help/components/step">
                  <step_par jcr:primaryType="nt:unstructured"
                            sling:resourceType="help/components/procedure/step_parsys">
                    <text_397 jcr:primaryType="nt:unstructured"
                               sling:resourceType="help/components/article-3/text"
                               text="&lt;p&gt;The &#xA;&lt;span class=&#34;uicontrol&#34;&gt;Variant selection&lt;/span&gt;&#xA; tab will provide a script to determine which language preference to take into account depending on the delivery template. This is an out-of-the-box script that does not require you to make any changes.&lt;/p&gt;&#xA;"
                               textIsRich="true"/>
                  </step_par>
               </step_200_0>
                <step_201_0 jcr:primaryType="nt:unstructured" sling:resourceType="help/components/step">
                  <step_par jcr:primaryType="nt:unstructured"
                            sling:resourceType="help/components/procedure/step_parsys">
                    <text_398 jcr:primaryType="nt:unstructured"
                               sling:resourceType="help/components/article-3/text"
                               text="&lt;p&gt;If you want to add more variants not present in the imported file, you can do so by clicking the &#xA;&lt;span class=&#34;uicontrol&#34;&gt;Add an element&lt;/span&gt;&#xA; button and add as many new language variants as needed. &lt;/p&gt;&#xA;"
                               textIsRich="true"/>
                    <text_399 jcr:primaryType="nt:unstructured"
                               sling:resourceType="help/components/article-3/text"
                               text="&lt;p&gt;By adding variants other than the ones uploaded from the file, no content will be linked to this language. You will have to edit the content directly in the delivery dashboard.&lt;/p&gt;&#xA;"
                               textIsRich="true"/>
                    <image_69 jcr:primaryType="nt:unstructured"
                               sling:resourceType="help/components/article-3/image"
                               jcr:title=""
                               alt=""
                               captionBottom=""
                               fileName="multivariant_push_6.png"
                               originalFileName="images/en/multivariant_push_6.png"
                               fileReference="/content/dam/help/en/campaign/standard/multivariant_push_6.png"
                               imageRotate="0"
                               originalHeight=""
                               originalWidth=""
                               scaleOption="toTemplate"
                               status="legacy"/>
                  </step_par>
               </step_201_0>
                <step_202_0 jcr:primaryType="nt:unstructured" sling:resourceType="help/components/step">
                  <step_par jcr:primaryType="nt:unstructured"
                            sling:resourceType="help/components/procedure/step_parsys">
                    <text_400 jcr:primaryType="nt:unstructured"
                               sling:resourceType="help/components/article-3/text"
                               text="&lt;p&gt;Click &#xA;&lt;span class=&#34;uicontrol&#34;&gt;Create&lt;/span&gt;&#xA; when the configuration is done. You can always come back to the &#xA;&lt;span class=&#34;uicontrol&#34;&gt;Content variant&lt;/span&gt;&#xA; window and make some changes from your delivery dashboard.&lt;/p&gt;&#xA;"
                               textIsRich="true"/>
                    <image_70 jcr:primaryType="nt:unstructured"
                               sling:resourceType="help/components/article-3/image"
                               jcr:title=""
                               alt=""
                               captionBottom=""
                               fileName="multivariant_push_8.png"
                               originalFileName="images/en/multivariant_push_8.png"
                               fileReference="/content/dam/help/en/campaign/standard/multivariant_push_8.png"
                               imageRotate="0"
                               originalHeight=""
                               originalWidth=""
                               scaleOption="toTemplate"
                               status="legacy"/>
                  </step_par>
               </step_202_0>
            </proc_par>
         </procedure_20_10>
            <text_401 jcr:primaryType="nt:unstructured"
                   sling:resourceType="help/components/article-3/text"
                   text="&lt;p&gt;You can now start personalizing your multilingual push notification.&lt;/p&gt;&#xA;"
                   textIsRich="true"/>
        
        
            <header_45 jcr:primaryType="nt:unstructured" sling:resourceType="help/components/header"
                    id="step-2--preview-and-finalize-a-push-notification-using-multilingual-content-variants"
                    level="2"
                    text="&lt;p&gt;Step 2: Preview and finalize a push notification using multilingual content variants&lt;/p&gt;&#xA;"
                    textIsRich="'true'"/>
            <text_402 jcr:primaryType="nt:unstructured"
                   sling:resourceType="help/components/article-3/text"
                   text="&lt;p&gt;After uploading the file containing content variants, you can now preview the different variants from your push notification delivery.&lt;/p&gt;&#xA;"
                   textIsRich="true"/>
            <text_403 jcr:primaryType="nt:unstructured"
                   sling:resourceType="help/components/article-3/text"
                   text="&lt;p&gt;It is also possible to create and edit more variants in addition to the ones uploaded from the file.&lt;/p&gt;&#xA;"
                   textIsRich="true"/>
            <procedure_21_10 jcr:primaryType="nt:unstructured"
                          sling:resourceType="help/components/procedure">
            <proc_par jcr:primaryType="nt:unstructured"
                      sling:resourceType="help/components/procedure/proc_parsys">
                <step_203_0 jcr:primaryType="nt:unstructured" sling:resourceType="help/components/step">
                  <step_par jcr:primaryType="nt:unstructured"
                            sling:resourceType="help/components/procedure/step_parsys">
                    <text_404 jcr:primaryType="nt:unstructured"
                               sling:resourceType="help/components/article-3/text"
                               text="&lt;p&gt;In the &#xA;&lt;span class=&#34;uicontrol&#34;&gt;Content&lt;/span&gt;&#xA; window from the delivery dashboard, the drop-down allows you to preview your push notification content depending on the chosen language.&lt;/p&gt;&#xA;"
                               textIsRich="true"/>
                    <image_71 jcr:primaryType="nt:unstructured"
                               sling:resourceType="help/components/article-3/image"
                               jcr:title=""
                               alt=""
                               captionBottom=""
                               fileName="multivariant_push_7.png"
                               originalFileName="images/en/multivariant_push_7.png"
                               fileReference="/content/dam/help/en/campaign/standard/multivariant_push_7.png"
                               imageRotate="0"
                               originalHeight=""
                               originalWidth=""
                               scaleOption="toTemplate"
                               status="legacy"/>
                  </step_par>
               </step_203_0>
                <step_204_0 jcr:primaryType="nt:unstructured" sling:resourceType="help/components/step">
                  <step_par jcr:primaryType="nt:unstructured"
                            sling:resourceType="help/components/procedure/step_parsys">
                    <text_405 jcr:primaryType="nt:unstructured"
                               sling:resourceType="help/components/article-3/text"
                               text="&lt;p&gt;If a content variant is not specified for a particular language, click the bell icon underneath the preview to start adding content to this language variant.&lt;/p&gt;&#xA;"
                               textIsRich="true"/>
                    <text_406 jcr:primaryType="nt:unstructured"
                               sling:resourceType="help/components/article-3/text"
                               text="&lt;p&gt;By clicking the &#xA;&lt;span class=&#34;uicontrol&#34;&gt;Content&lt;/span&gt;&#xA; window, the push notification represents the content from the language selected in the drop down. Changes made in this window will only impact one language.&lt;/p&gt;&#xA;"
                               textIsRich="true"/>
                  </step_par>
               </step_204_0>
                <step_205_0 jcr:primaryType="nt:unstructured" sling:resourceType="help/components/step">
                  <step_par jcr:primaryType="nt:unstructured"
                            sling:resourceType="help/components/procedure/step_parsys">
                    <text_407 jcr:primaryType="nt:unstructured"
                               sling:resourceType="help/components/article-3/text"
                               text="&lt;p&gt;You can also click on a content variant to further customize it for example with personalization fields.&lt;/p&gt;&#xA;"
                               textIsRich="true"/>
                    <text_408 jcr:primaryType="nt:unstructured"
                               sling:resourceType="help/components/article-3/text"
                               text="&lt;p&gt;For more information on how to customize your push notification, refer to this &#xA;&#x9;&#x9;&#x9;&#x9;&#x9;&#x9;&#x9;&#x9;&#x9;&#x9;&#x9;&#xA;&#x9;&#x9;&#x9;&#x9;&#x9;&#x9;&#x9;&lt;a href=&#34;/content/help/en/campaign/standard/channels/using/customizing-a-push-notification.html&#34;&gt;section&lt;/a&gt;.&lt;/p&gt;&#xA;"
                               textIsRich="true"/>
                    <image_72 jcr:primaryType="nt:unstructured"
                               sling:resourceType="help/components/article-3/image"
                               jcr:title=""
                               alt=""
                               captionBottom=""
                               fileName="multivariant_push_9.png"
                               originalFileName="images/en/multivariant_push_9.png"
                               fileReference="/content/dam/help/en/campaign/standard/multivariant_push_9.png"
                               imageRotate="0"
                               originalHeight=""
                               originalWidth=""
                               scaleOption="toTemplate"
                               status="legacy"/>
                  </step_par>
               </step_205_0>
                <step_206_0 jcr:primaryType="nt:unstructured" sling:resourceType="help/components/step">
                  <step_par jcr:primaryType="nt:unstructured"
                            sling:resourceType="help/components/procedure/step_parsys">
                    <text_409 jcr:primaryType="nt:unstructured"
                               sling:resourceType="help/components/article-3/text"
                               text="&lt;p&gt;Click the &#xA;&lt;span class=&#34;uicontrol&#34;&gt;Content variant&lt;/span&gt;&#xA; window if you want to add or delete language variants. &lt;/p&gt;&#xA;"
                               textIsRich="true"/>
                    <text_410 jcr:primaryType="nt:unstructured"
                               sling:resourceType="help/components/article-3/text"
                               text="&lt;p&gt;Please note that by adding a new language, you will have to manually add content to the push notification linked to the added language.&lt;/p&gt;&#xA;"
                               textIsRich="true"/>
                    <image_73 jcr:primaryType="nt:unstructured"
                               sling:resourceType="help/components/article-3/image"
                               jcr:title=""
                               alt=""
                               captionBottom=""
                               fileName="multivariant_push_10.png"
                               originalFileName="images/en/multivariant_push_10.png"
                               fileReference="/content/dam/help/en/campaign/standard/multivariant_push_10.png"
                               imageRotate="0"
                               originalHeight=""
                               originalWidth=""
                               scaleOption="toTemplate"
                               status="legacy"/>
                  </step_par>
               </step_206_0>
            </proc_par>
         </procedure_21_10>
            <text_411 jcr:primaryType="nt:unstructured"
                   sling:resourceType="help/components/article-3/text"
                   text="&lt;p&gt;Your multilingual push notification delivery is now ready to be sent.&lt;/p&gt;&#xA;"
                   textIsRich="true"/>
        
        
            <header_46 jcr:primaryType="nt:unstructured" sling:resourceType="help/components/header"
                    id="step-3--send-and-analyze-multilingual-push-notification-delivery"
                    level="2"
                    text="&lt;p&gt;Step 3: Send and analyze multilingual push notification delivery&lt;/p&gt;&#xA;"
                    textIsRich="'true'"/>
            <text_412 jcr:primaryType="nt:unstructured"
                   sling:resourceType="help/components/article-3/text"
                   text="&lt;p&gt;Your multilingual content variant push notifications are now ready to be sent to your users.&lt;/p&gt;&#xA;"
                   textIsRich="true"/>
            <procedure_22_10 jcr:primaryType="nt:unstructured"
                          sling:resourceType="help/components/procedure">
            <proc_par jcr:primaryType="nt:unstructured"
                      sling:resourceType="help/components/procedure/proc_parsys">
                <step_207_0 jcr:primaryType="nt:unstructured" sling:resourceType="help/components/step">
                  <step_par jcr:primaryType="nt:unstructured"
                            sling:resourceType="help/components/procedure/step_parsys">
                    <text_413 jcr:primaryType="nt:unstructured"
                               sling:resourceType="help/components/article-3/text"
                               text="&lt;p&gt;To start preparing the send, click the &#xA;&lt;span class=&#34;uicontrol&#34;&gt;Prepare&lt;/span&gt;&#xA; button.&lt;/p&gt;&#xA;"
                               textIsRich="true"/>
                  </step_par>
               </step_207_0>
                <step_208_0 jcr:primaryType="nt:unstructured" sling:resourceType="help/components/step">
                  <step_par jcr:primaryType="nt:unstructured"
                            sling:resourceType="help/components/procedure/step_parsys">
                    <text_414 jcr:primaryType="nt:unstructured"
                               sling:resourceType="help/components/article-3/text"
                               text="&lt;p&gt;When the preparation is finished with no warnings, you can click the &#xA;&lt;span class=&#34;uicontrol&#34;&gt;Confirm&lt;/span&gt;&#xA; button to start sending your multilingual push.&lt;/p&gt;&#xA;"
                               textIsRich="true"/>
                    <image_74 jcr:primaryType="nt:unstructured"
                               sling:resourceType="help/components/article-3/image"
                               jcr:title=""
                               alt=""
                               captionBottom=""
                               fileName="multivariant_push_12.png"
                               originalFileName="images/en/multivariant_push_12.png"
                               fileReference="/content/dam/help/en/campaign/standard/multivariant_push_12.png"
                               imageRotate="0"
                               originalHeight=""
                               originalWidth=""
                               scaleOption="toTemplate"
                               status="legacy"/>
                  </step_par>
               </step_208_0>
                <step_209_0 jcr:primaryType="nt:unstructured" sling:resourceType="help/components/step">
                  <step_par jcr:primaryType="nt:unstructured"
                            sling:resourceType="help/components/procedure/step_parsys">
                    <text_415 jcr:primaryType="nt:unstructured"
                               sling:resourceType="help/components/article-3/text"
                               text="&lt;p&gt;After successfully sending your push notification, click the &#xA;&lt;span class=&#34;uicontrol&#34;&gt;Reports&lt;/span&gt;&#xA; icon then &#xA;&lt;span class=&#34;uicontrol&#34;&gt;Dynamic reports&lt;/span&gt;&#xA; to analyze the success of your delivery.&lt;/p&gt;&#xA;"
                               textIsRich="true"/>
                    <image_75 jcr:primaryType="nt:unstructured"
                               sling:resourceType="help/components/article-3/image"
                               jcr:title=""
                               alt=""
                               captionBottom=""
                               fileName="multivariant_push_13.png"
                               originalFileName="images/en/multivariant_push_13.png"
                               fileReference="/content/dam/help/en/campaign/standard/multivariant_push_13.png"
                               imageRotate="0"
                               originalHeight=""
                               originalWidth=""
                               scaleOption="toTemplate"
                               status="legacy"/>
                  </step_par>
               </step_209_0>
                <step_210_0 jcr:primaryType="nt:unstructured" sling:resourceType="help/components/step">
                  <step_par jcr:primaryType="nt:unstructured"
                            sling:resourceType="help/components/procedure/step_parsys">
                    <text_416 jcr:primaryType="nt:unstructured"
                               sling:resourceType="help/components/article-3/text"
                               text="&lt;p&gt;Select &#xA;&lt;span class=&#34;uicontrol&#34;&gt;Push notification report&lt;/span&gt;&#xA;.&lt;/p&gt;&#xA;"
                               textIsRich="true"/>
                  </step_par>
               </step_210_0>
                <step_211_0 jcr:primaryType="nt:unstructured" sling:resourceType="help/components/step">
                  <step_par jcr:primaryType="nt:unstructured"
                            sling:resourceType="help/components/procedure/step_parsys">
                    <text_417 jcr:primaryType="nt:unstructured"
                               sling:resourceType="help/components/article-3/text"
                               text="&lt;p&gt;Drag and drop the &#xA;&lt;span class=&#34;uicontrol&#34;&gt;Variant&lt;/span&gt;&#xA; dimension to your panel to start filtering your data.&lt;/p&gt;&#xA;"
                               textIsRich="true"/>
                    <image_76 jcr:primaryType="nt:unstructured"
                               sling:resourceType="help/components/article-3/image"
                               jcr:title=""
                               alt=""
                               captionBottom=""
                               fileName="multivariant_push_11.png"
                               originalFileName="images/en/multivariant_push_11.png"
                               fileReference="/content/dam/help/en/campaign/standard/multivariant_push_11.png"
                               imageRotate="0"
                               originalHeight=""
                               originalWidth=""
                               scaleOption="toTemplate"
                               status="legacy"/>
                  </step_par>
               </step_211_0>
            </proc_par>
         </procedure_22_10>
            <text_418 jcr:primaryType="nt:unstructured"
                   sling:resourceType="help/components/article-3/text"
                   text="&lt;p&gt;You can now measure the impact of your multilingual push notification delivery on your recipients.&lt;/p&gt;&#xA;"
                   textIsRich="true"/>
        
      </main-pars>
      <hero jcr:primaryType="nt:unstructured"
            sling:resourceType="foundation/components/image"/>
      <thumbnail jcr:primaryType="nt:unstructured"
                 sling:resourceType="foundation/components/image"/>
      <publisherLogo jcr:primaryType="nt:unstructured"
                     sling:resourceType="foundation/components/image"/>
   </jcr:content>
</jcr:root>