<?xml version="1.0" encoding="UTF-8"?>
<jcr:root xmlns:nt="http://www.jcp.org/jcr/nt/1.0" xmlns:json="http://json.org/"
          xmlns:sling="http://sling.apache.org/jcr/sling/1.0"
          xmlns:cq="http://www.day.com/jcr/cq/1.0"
          xmlns:jcr="http://www.jcp.org/jcr/1.0"
          xmlns:mix="http://www.jcp.org/jcr/mix/1.0"
          jcr:primaryType="cq:Page">
   <jcr:content navTitle="Defining the direct mail content" jcr:primaryType="cq:PageContent"
                sling:resourceType="help/components/pages/article-3"
                heroGradient="light"
                jcr:language="en_us"
                cq:designPath="/etc/designs/help"
                cq:template="/apps/help/templates/article-3"
                jcr:mixinTypes="[mix:versionable]"
                jcr:title="Defining the direct mail content"
                jcr:description="Defining the direct mail content"
                seoDescription="Learn how to define the content for your direct mail delivery."
                primaryProductTag="[products:SG_CAMPAIGN/STANDARD]"
                cq:tags="[products:SG_CAMPAIGN/STANDARD,audience:channels,content_type:reference,topic_tags:direct-mail]"
                primaryAudienceTag="[audience:channels]"
                contentOwner="sauviat"
                isReadyForLocalization="true"
                publishExternalDate="2019-01-09">
      <main-pars jcr:primaryType="nt:unstructured"
                 sling:resourceType="foundation/components/parsys"> 
        
        
            
        
        <text_587 jcr:primaryType="nt:unstructured"
                   sling:resourceType="help/components/article-3/text"
                   text="&lt;p&gt;You can either define the content in the last screen of the creation wizard or by clicking on the &lt;strong&gt;Content&lt;/strong&gt; section of the delivery dashboard.&lt;/p&gt;&#xA;"
                   textIsRich="true"/>
        <image_122 jcr:primaryType="nt:unstructured"
                    sling:resourceType="help/components/article-3/image"
                    jcr:title=""
                    alt=""
                    captionBottom=""
                    fileName="direct_mail_6.png"
                    originalFileName="images/en/direct_mail_6.png"
                    fileReference="/content/dam/help/en/campaign/standard/direct_mail_6.png"
                    imageRotate="0"
                    originalHeight=""
                    originalWidth=""
                    scaleOption="toTemplate"
                    status="legacy"/>
        <text_588 jcr:primaryType="nt:unstructured"
                   sling:resourceType="help/components/article-3/text"
                   text="&lt;p&gt;The &#xA;&lt;span class=&#34;uicontrol&#34;&gt;Content&lt;/span&gt;&#xA; definition screen is specific to the direct mail channel. It is divided into four tabs: &#xA;&lt;span class=&#34;uicontrol&#34;&gt;Extraction&lt;/span&gt;&#xA;, &#xA;&lt;span class=&#34;uicontrol&#34;&gt;File structure&lt;/span&gt;&#xA;, &#xA;&lt;span class=&#34;uicontrol&#34;&gt;Header&lt;/span&gt;&#xA; and &#xA;&lt;span class=&#34;uicontrol&#34;&gt;Footer&lt;/span&gt;&#xA;.&lt;/p&gt;&#xA;"
                   textIsRich="true"/>
        <image_123 jcr:primaryType="nt:unstructured"
                    sling:resourceType="help/components/article-3/image"
                    jcr:title=""
                    alt=""
                    captionBottom=""
                    fileName="direct_mail_11.png"
                    originalFileName="images/en/direct_mail_11.png"
                    fileReference="/content/dam/help/en/campaign/standard/direct_mail_11.png"
                    imageRotate="0"
                    originalHeight=""
                    originalWidth=""
                    scaleOption="toTemplate"
                    status="legacy"/> 
         
            <header_73 jcr:primaryType="nt:unstructured" sling:resourceType="help/components/header"
                    id="defining-the-extraction"
                    level="2"
                    text="&lt;p&gt;Defining the extraction&lt;/p&gt;&#xA;"
                    textIsRich="'true'"/>
            <procedure_33_10 jcr:primaryType="nt:unstructured"
                          sling:resourceType="help/components/procedure">
            <proc_par jcr:primaryType="nt:unstructured"
                      sling:resourceType="help/components/procedure/proc_parsys">
                <step_289_0 jcr:primaryType="nt:unstructured" sling:resourceType="help/components/step">
                  <step_par jcr:primaryType="nt:unstructured"
                            sling:resourceType="help/components/procedure/step_parsys">
                    <text_589 jcr:primaryType="nt:unstructured"
                               sling:resourceType="help/components/article-3/text"
                               text="&lt;p&gt;Start by defining the name of the extraction file. Click on the button to the right of the &#xA;&lt;span class=&#34;uicontrol&#34;&gt;Output file&lt;/span&gt;&#xA; field and enter the desired label. You can use personalization fields, content blocks and dynamic text (see &#xA;&#x9;&#x9;&#x9;&#x9;&#x9;&#x9;&#x9;&#x9;&#x9;&#x9;&#x9;&#xA;&#x9;&#x9;&#x9;&#x9;&#x9;&#x9;&#x9;&lt;a href=&#34;/content/help/en/campaign/standard/designing/using/example--email-personalization.html&#34;&gt;Defining content&lt;/a&gt;). For example, you can complete the label with the delivery ID or the extraction date. &lt;/p&gt;&#xA;"
                               textIsRich="true"/>
                    <image_124 jcr:primaryType="nt:unstructured"
                                sling:resourceType="help/components/article-3/image"
                                jcr:title=""
                                alt=""
                                captionBottom=""
                                fileName="direct_mail_12.png"
                                originalFileName="images/en/direct_mail_12.png"
                                fileReference="/content/dam/help/en/campaign/standard/direct_mail_12.png"
                                imageRotate="0"
                                originalHeight=""
                                originalWidth=""
                                scaleOption="toTemplate"
                                status="legacy"/>
                  </step_par>
               </step_289_0>
                <step_290_0 jcr:primaryType="nt:unstructured" sling:resourceType="help/components/step">
                  <step_par jcr:primaryType="nt:unstructured"
                            sling:resourceType="help/components/procedure/step_parsys">
                    <text_590 jcr:primaryType="nt:unstructured"
                               sling:resourceType="help/components/article-3/text"
                               text="&lt;p&gt;Click the &#xA;&lt;span class=&#34;uicontrol&#34;&gt;+&lt;/span&gt;&#xA; or &#xA;&lt;span class=&#34;uicontrol&#34;&gt;Add an element&lt;/span&gt;&#xA; button to add an output column. The &#xA;&lt;span class=&#34;uicontrol&#34;&gt;Output columns&lt;/span&gt;&#xA; let you define the profile information (columns) to be exported into the output file. &lt;/p&gt;&#xA;"
                               textIsRich="true"/>
                    <caution_3 jcr:primaryType="nt:unstructured"
                                sling:resourceType="help/components/article-3/note"
                                text="&lt;p&gt;&#xA;                        Make sure that your profiles include a postal address as this information is essential to the direct mail provider. Also make sure you have checked the &#xA;&lt;span class=&#34;uicontrol&#34;&gt;Address specified&lt;/span&gt;&#xA; box in your profiles' information. See &#xA;&#x9;&#x9;&#x9;&#x9;&#x9;&#xA;&lt;a href=&#34;/content/help/en/campaign/standard/channels/using/about-direct-mail.html#recommendations&#34; target=&#34;_blank&#34;&gt;Recommendations&lt;/a&gt;.&#xA;                    &lt;/p&gt;&#xA;"
                                textIsRich="true"
                                type="caution"/>
                    <image_125 jcr:primaryType="nt:unstructured"
                                sling:resourceType="help/components/article-3/image"
                                jcr:title=""
                                alt=""
                                captionBottom=""
                                fileName="direct_mail_13.png"
                                originalFileName="images/en/direct_mail_13.png"
                                fileReference="/content/dam/help/en/campaign/standard/direct_mail_13.png"
                                imageRotate="0"
                                originalHeight=""
                                originalWidth=""
                                scaleOption="toTemplate"
                                status="legacy"/>
                  </step_par>
               </step_290_0>
                <step_291_0 jcr:primaryType="nt:unstructured" sling:resourceType="help/components/step">
                  <step_par jcr:primaryType="nt:unstructured"
                            sling:resourceType="help/components/procedure/step_parsys">
                    <text_592 jcr:primaryType="nt:unstructured"
                               sling:resourceType="help/components/article-3/text"
                               text="&lt;p&gt;Create as many columns as you need. You can edit columns by clicking their expressions and labels.&lt;/p&gt;&#xA;"
                               textIsRich="true"/>
                  </step_par>
               </step_291_0>
            </proc_par>
         </procedure_33_10>
            <note_23 jcr:primaryType="nt:unstructured"
                  sling:resourceType="help/components/article-3/note"
                  text="&lt;p&gt;&#xA;                For more information on output column definition, refer to the &#xA;&#x9;&#x9;&#x9;&#x9;&#x9;&#x9;&#x9;&#x9;&#x9;&#x9;&#x9;&#xA;&#x9;&#x9;&#x9;&#x9;&#x9;&#x9;&#x9;&lt;a href=&#34;/content/help/en/campaign/standard/automating/using/extract-file.html&#34;&gt;Extract file&lt;/a&gt; workflow activity section.&#xA;            &lt;/p&gt;&#xA;"
                  textIsRich="true"
                  type="note"/> 
        
        
            <header_74 jcr:primaryType="nt:unstructured" sling:resourceType="help/components/header"
                    id="defining-the-file-structure"
                    level="2"
                    text="&lt;p&gt;Defining the file structure&lt;/p&gt;&#xA;"
                    textIsRich="'true'"/>
            <text_594 jcr:primaryType="nt:unstructured"
                   sling:resourceType="help/components/article-3/text"
                   text="&lt;p&gt;The &lt;strong&gt;File structure&lt;/strong&gt; tab allows you to configure the output, date, and number formats for the file that will be exported.&lt;/p&gt;&#xA;"
                   textIsRich="true"/>
            <image_126 jcr:primaryType="nt:unstructured"
                    sling:resourceType="help/components/article-3/image"
                    jcr:title=""
                    alt=""
                    captionBottom=""
                    fileName="direct_mail_14.png"
                    originalFileName="images/en/direct_mail_14.png"
                    fileReference="/content/dam/help/en/campaign/standard/direct_mail_14.png"
                    imageRotate="0"
                    originalHeight=""
                    originalWidth=""
                    scaleOption="toTemplate"
                    status="legacy"/>
            <note_24 jcr:primaryType="nt:unstructured"
                  sling:resourceType="help/components/article-3/note"
                  text="&lt;p&gt;&#xA;                The available options are detailed in the &#xA;&#x9;&#x9;&#x9;&#x9;&#x9;&#x9;&#x9;&#x9;&#x9;&#x9;&#x9;&#xA;&#x9;&#x9;&#x9;&#x9;&#x9;&#x9;&#x9;&lt;a href=&#34;/content/help/en/campaign/standard/automating/using/extract-file.html&#34;&gt;Extract file&lt;/a&gt; workflow activity sections.&#xA;            &lt;/p&gt;&#xA;"
                  textIsRich="true"
                  type="note"/>
        
        
            <header_75 jcr:primaryType="nt:unstructured" sling:resourceType="help/components/header"
                    id="defining-the-header-and-footer"
                    level="2"
                    text="&lt;p&gt;Defining the header and footer&lt;/p&gt;&#xA;"
                    textIsRich="'true'"/>
            <text_596 jcr:primaryType="nt:unstructured"
                   sling:resourceType="help/components/article-3/text"
                   text="&lt;p&gt;Sometimes you may need to add information at the beginning or at the end of the extraction file. For this, use the &#xA;&lt;span class=&#34;uicontrol&#34;&gt;Header&lt;/span&gt;&#xA; and &#xA;&lt;span class=&#34;uicontrol&#34;&gt;Footer&lt;/span&gt;&#xA; tabs of the &#xA;&lt;span class=&#34;uicontrol&#34;&gt;Content&lt;/span&gt;&#xA; configuration screen. &lt;/p&gt;&#xA;"
                   textIsRich="true"/>
            <image_127 jcr:primaryType="nt:unstructured"
                    sling:resourceType="help/components/article-3/image"
                    jcr:title=""
                    alt=""
                    captionBottom=""
                    fileName="direct_mail_7.png"
                    originalFileName="images/en/direct_mail_7.png"
                    fileReference="/content/dam/help/en/campaign/standard/direct_mail_7.png"
                    imageRotate="0"
                    originalHeight=""
                    originalWidth=""
                    scaleOption="toTemplate"
                    status="legacy"/>
            <text_597 jcr:primaryType="nt:unstructured"
                   sling:resourceType="help/components/article-3/text"
                   text="&lt;p&gt;For example, you might want to include, for the direct mail provider, the sender information in the header of the file. It is possible to personalize the footer and header with information available in the context of the delivery. See &#xA;&#x9;&#x9;&#x9;&#x9;&#x9;&#x9;&#x9;&#x9;&#x9;&#x9;&#x9;&#xA;&#x9;&#x9;&#x9;&#x9;&#x9;&#x9;&#x9;&lt;a href=&#34;/content/help/en/campaign/standard/designing/using/example--email-personalization.html&#34;&gt;Defining content&lt;/a&gt;.&lt;/p&gt;&#xA;"
                   textIsRich="true"/>
            <text_598 jcr:primaryType="nt:unstructured"
                   sling:resourceType="help/components/article-3/text"
                   text="&lt;p&gt;The sender address is defined in the &#xA;&lt;span class=&#34;uicontrol&#34;&gt;Send&lt;/span&gt;&#xA; section of the direct mail properties or at the template level.&lt;/p&gt;&#xA;"
                   textIsRich="true"/>
            <image_128 jcr:primaryType="nt:unstructured"
                    sling:resourceType="help/components/article-3/image"
                    jcr:title=""
                    alt=""
                    captionBottom=""
                    fileName="direct_mail_24.png"
                    originalFileName="images/en/direct_mail_24.png"
                    fileReference="/content/dam/help/en/campaign/standard/direct_mail_24.png"
                    imageRotate="0"
                    originalHeight=""
                    originalWidth=""
                    scaleOption="toTemplate"
                    status="legacy"/>
         

      </main-pars>
      <hero jcr:primaryType="nt:unstructured"
            sling:resourceType="foundation/components/image"/>
      <thumbnail jcr:primaryType="nt:unstructured"
                 sling:resourceType="foundation/components/image"/>
      <publisherLogo jcr:primaryType="nt:unstructured"
                     sling:resourceType="foundation/components/image"/>
   </jcr:content>
</jcr:root>