<?xml version="1.0" encoding="UTF-8"?>
<jcr:root xmlns:nt="http://www.jcp.org/jcr/nt/1.0" xmlns:json="http://json.org/"
          xmlns:sling="http://sling.apache.org/jcr/sling/1.0"
          xmlns:cq="http://www.day.com/jcr/cq/1.0"
          xmlns:jcr="http://www.jcp.org/jcr/1.0"
          xmlns:mix="http://www.jcp.org/jcr/mix/1.0"
          jcr:primaryType="cq:Page">
   <jcr:content navTitle="Defining the direct mail audience" jcr:primaryType="cq:PageContent"
                sling:resourceType="help/components/pages/article-3"
                heroGradient="light"
                jcr:language="en_us"
                cq:designPath="/etc/designs/help"
                cq:template="/apps/help/templates/article-3"
                jcr:mixinTypes="[mix:versionable]"
                jcr:title="Defining the direct mail audience"
                jcr:description="Defining the direct mail audience"
                seoDescription="Learn how to define the target for your direct mail delivery."
                primaryProductTag="[products:SG_CAMPAIGN/STANDARD]"
                cq:tags="[products:SG_CAMPAIGN/STANDARD,audience:channels,content_type:reference,topic_tags:direct-mail]"
                primaryAudienceTag="[audience:channels]"
                contentOwner="sauviat"
                isReadyForLocalization="true"
                publishExternalDate="2019-01-09">
      <main-pars jcr:primaryType="nt:unstructured"
                 sling:resourceType="foundation/components/parsys">
        
        
            
        
        <text_579 jcr:primaryType="nt:unstructured"
                   sling:resourceType="help/components/article-3/text"
                   text="&lt;p&gt;You can either define the audience in the creation wizard or by clicking on the &lt;strong&gt;Audience&lt;/strong&gt; section of the delivery dashboard.&lt;/p&gt;&#xA;"
                   textIsRich="true"/>
        <image_121 jcr:primaryType="nt:unstructured"
                    sling:resourceType="help/components/article-3/image"
                    jcr:title=""
                    alt=""
                    captionBottom=""
                    fileName="direct_mail_15.png"
                    originalFileName="images/en/direct_mail_15.png"
                    fileReference="/content/dam/help/en/campaign/standard/direct_mail_15.png"
                    imageRotate="0"
                    originalHeight=""
                    originalWidth=""
                    scaleOption="toTemplate"
                    status="legacy"/>
        
            <header_70 jcr:primaryType="nt:unstructured" sling:resourceType="help/components/header"
                    id="defining-the-main-target"
                    level="2"
                    text="&lt;p&gt;Defining the main target&lt;/p&gt;&#xA;"
                    textIsRich="'true'"/>
            <text_580 jcr:primaryType="nt:unstructured"
                   sling:resourceType="help/components/article-3/text"
                   text="&lt;p&gt;For direct mail, the targeted profiles are the ones that will be included in the extraction file that you will send to your direct mail provider.&lt;/p&gt;&#xA;"
                   textIsRich="true"/>
            <text_581 jcr:primaryType="nt:unstructured"
                   sling:resourceType="help/components/article-3/text"
                   text="&lt;p&gt;For each targeted profile a new line is added in the extraction file. The amount of profile information that will be included for each recipient is defined in the &#xA;&#x9;&#x9;&#x9;&#x9;&#x9;&#xA;&lt;a href=&#34;/content/help/en/campaign/standard/channels/using/defining-the-direct-mail-content.html#defining-the-extraction&#34; target=&#34;_blank&#34;&gt;Defining the extraction&lt;/a&gt; screen.&lt;/p&gt;&#xA;"
                   textIsRich="true"/>
            <caution_2 jcr:primaryType="nt:unstructured"
                    sling:resourceType="help/components/article-3/note"
                    text="&lt;p&gt;&#xA;                Make sure that your profiles include a postal address as this information is essential to the direct mail provider. Also make sure you have checked the &#xA;&lt;span class=&#34;uicontrol&#34;&gt;Address specified&lt;/span&gt;&#xA; box in your profiles' information. See &#xA;&#x9;&#x9;&#x9;&#x9;&#x9;&#xA;&lt;a href=&#34;/content/help/en/campaign/standard/channels/using/about-direct-mail.html#recommendations&#34; target=&#34;_blank&#34;&gt;Recommendations&lt;/a&gt;.&#xA;            &lt;/p&gt;&#xA;"
                    textIsRich="true"
                    type="caution"/>
        
        
            <header_71 jcr:primaryType="nt:unstructured" sling:resourceType="help/components/header"
                    id="adding-test-and-trap-profiles"
                    level="2"
                    text="&lt;p&gt;Adding test and trap profiles&lt;/p&gt;&#xA;"
                    textIsRich="'true'"/>
            <text_583 jcr:primaryType="nt:unstructured"
                   sling:resourceType="help/components/article-3/text"
                   text="&lt;p&gt;Add test profiles so that you can test your file with a small number of profiles. It allows you to quickly create a file sample to test and validate the structure before preparing the actual file. Refer to &#xA;&#x9;&#x9;&#x9;&#x9;&#x9;&#x9;&#x9;&#x9;&#x9;&#x9;&#x9;&#xA;&#x9;&#x9;&#x9;&#x9;&#x9;&#x9;&#x9;&lt;a href=&#34;/content/help/en/campaign/standard/sending/using/managing-test-profiles-and-sending-proofs.html&#34;&gt;Managing test profiles and sending proofs&lt;/a&gt;.&lt;/p&gt;&#xA;"
                   textIsRich="true"/>
            <text_584 jcr:primaryType="nt:unstructured"
                   sling:resourceType="help/components/article-3/text"
                   text="&lt;p&gt;The use of traps is essential to direct mail deliveries. For instance, they allow you to verify that your direct mail provider is really sending the communication and that they are not sending your client list to another provider. &lt;/p&gt;&#xA;"
                   textIsRich="true"/>
            <text_585 jcr:primaryType="nt:unstructured"
                   sling:resourceType="help/components/article-3/text"
                   text="&lt;p&gt;For direct mail deliveries, traps are added during extraction and mixed in the output document. By default, they are inserted in the sorting order of the output file, but you can choose to insert them at the end or the beginning of the file (&#xA;&lt;span class=&#34;uicontrol&#34;&gt;Trap insertion mode&lt;/span&gt;&#xA; tab).&lt;/p&gt;&#xA;"
                   textIsRich="true"/>
        
      </main-pars>
      <hero jcr:primaryType="nt:unstructured"
            sling:resourceType="foundation/components/image"/>
      <thumbnail jcr:primaryType="nt:unstructured"
                 sling:resourceType="foundation/components/image"/>
      <publisherLogo jcr:primaryType="nt:unstructured"
                     sling:resourceType="foundation/components/image"/>
   </jcr:content>
</jcr:root>