<?xml version="1.0" encoding="UTF-8"?>
<jcr:root xmlns:nt="http://www.jcp.org/jcr/nt/1.0" xmlns:json="http://json.org/"
          xmlns:sling="http://sling.apache.org/jcr/sling/1.0"
          xmlns:cq="http://www.day.com/jcr/cq/1.0"
          xmlns:jcr="http://www.jcp.org/jcr/1.0"
          xmlns:mix="http://www.jcp.org/jcr/mix/1.0"
          jcr:primaryType="cq:Page">
   <jcr:content navTitle="Designing a landing page" jcr:primaryType="cq:PageContent"
                sling:resourceType="help/components/pages/article-3"
                heroGradient="light"
                jcr:language="en_us"
                cq:designPath="/etc/designs/help"
                cq:template="/apps/help/templates/article-3"
                jcr:mixinTypes="[mix:versionable]"
                jcr:title="Designing a landing page"
                jcr:description="Designing a landing page"
                seoDescription="Follow these steps to design the content of a landing page and link it to a service."
                primaryProductTag="[products:SG_CAMPAIGN/STANDARD]"
                cq:tags="[products:SG_CAMPAIGN/STANDARD,audience:channels,content_type:reference,topic_tags:landing-pages]"
                primaryAudienceTag="[audience:channels]"
                contentOwner="sauviat"
                isReadyForLocalization="true"
                publishExternalDate="2019-01-09">
      <main-pars jcr:primaryType="nt:unstructured"
                 sling:resourceType="foundation/components/parsys">
        
        
        
            
        
        
            <header_107 jcr:primaryType="nt:unstructured" sling:resourceType="help/components/header"
                     id="about-content-design"
                     level="2"
                     text="&lt;p&gt;About content design&lt;/p&gt;&#xA;"
                     textIsRich="'true'"/>
            <text_842 jcr:primaryType="nt:unstructured"
                   sling:resourceType="help/components/article-3/text"
                   text="&lt;p&gt;Landing pages are created as any other &#xA;&#x9;&#x9;&#x9;&#x9;&#x9;&#x9;&#x9;&#x9;&#x9;&#x9;&#x9;&#xA;&#x9;&#x9;&#x9;&#x9;&#x9;&#x9;&#x9;&lt;a href=&#34;/content/help/en/campaign/standard/start/using/marketing-activities.html#about-marketing-activities&#34;&gt;marketing activity&lt;/a&gt;.&lt;/p&gt;&#xA;"
                   textIsRich="true"/>
            <text_843 jcr:primaryType="nt:unstructured"
                   sling:resourceType="help/components/article-3/text"
                   text="&lt;p&gt;When designing a landing page, you need to define the content of:&lt;/p&gt;&#xA;"
                   textIsRich="true"/>
            <procedure_44 jcr:primaryType="nt:unstructured"
                       sling:resourceType="help/components/procedure"
                       isBulleted="true">
            <proc_par jcr:primaryType="nt:unstructured"
                      sling:resourceType="help/components/procedure/proc_parsys">
                <step_385_44 jcr:primaryType="nt:unstructured" sling:resourceType="help/components/step">
                  <step_par jcr:primaryType="nt:unstructured"
                            sling:resourceType="help/components/procedure/step_parsys">
                    <text_844 jcr:primaryType="nt:unstructured"
                               sling:resourceType="help/components/article-3/text"
                               text="&lt;p&gt;the page itself,&lt;/p&gt;&#xA;"
                               textIsRich="true"/>
                  </step_par>
               </step_385_44>
                <step_386_44 jcr:primaryType="nt:unstructured" sling:resourceType="help/components/step">
                  <step_par jcr:primaryType="nt:unstructured"
                            sling:resourceType="help/components/procedure/step_parsys">
                    <text_845 jcr:primaryType="nt:unstructured"
                               sling:resourceType="help/components/article-3/text"
                               text="&lt;p&gt;the confirmation page,&lt;/p&gt;&#xA;"
                               textIsRich="true"/>
                  </step_par>
               </step_386_44>
                <step_387_44 jcr:primaryType="nt:unstructured" sling:resourceType="help/components/step">
                  <step_par jcr:primaryType="nt:unstructured"
                            sling:resourceType="help/components/procedure/step_parsys">
                    <text_846 jcr:primaryType="nt:unstructured"
                               sling:resourceType="help/components/article-3/text"
                               text="&lt;p&gt;the error page. &lt;/p&gt;&#xA;"
                               textIsRich="true"/>
                  </step_par>
               </step_387_44>
            </proc_par>
         </procedure_44>
            <text_847 jcr:primaryType="nt:unstructured"
                   sling:resourceType="help/components/article-3/text"
                   text="&lt;p&gt;Use the switcher under the action bar to display and configure each of these pages.&lt;/p&gt;&#xA;"
                   textIsRich="true"/>
            <text_848 jcr:primaryType="nt:unstructured"
                   sling:resourceType="help/components/article-3/text"
                   text="&lt;p&gt;The content of these pages is designed through Campaign content editor. Refer to &#xA;&#x9;&#x9;&#x9;&#x9;&#x9;&#x9;&#x9;&#x9;&#x9;&#x9;&#x9;&#xA;&#x9;&#x9;&#x9;&#x9;&#x9;&#x9;&#x9;&lt;a href=&#34;/content/help/en/campaign/standard/designing/using/about-landing-page-content-design.html&#34;&gt;Design content&lt;/a&gt;.&lt;/p&gt;&#xA;"
                   textIsRich="true"/>
        
        
            <header_108 jcr:primaryType="nt:unstructured" sling:resourceType="help/components/header"
                     id="mapping-form-fields"
                     level="2"
                     text="&lt;p&gt;Mapping form fields&lt;/p&gt;&#xA;"
                     textIsRich="'true'"/>
            <text_849 jcr:primaryType="nt:unstructured"
                   sling:resourceType="help/components/article-3/text"
                   text="&lt;p&gt;Input fields are used to store or update data in Campaign database. For this, you need to link database fields with input zone, radio button, or checkbox type blocks. To do this:&lt;/p&gt;&#xA;"
                   textIsRich="true"/>
            <procedure_47_10 jcr:primaryType="nt:unstructured"
                          sling:resourceType="help/components/procedure">
            <proc_par jcr:primaryType="nt:unstructured"
                      sling:resourceType="help/components/procedure/proc_parsys">
                <step_388_0 jcr:primaryType="nt:unstructured" sling:resourceType="help/components/step">
                  <step_par jcr:primaryType="nt:unstructured"
                            sling:resourceType="help/components/procedure/step_parsys">
                    <text_850 jcr:primaryType="nt:unstructured"
                               sling:resourceType="help/components/article-3/text"
                               text="&lt;p&gt;Select a block in the landing page.&lt;/p&gt;&#xA;"
                               textIsRich="true"/>
                  </step_par>
               </step_388_0>
                <step_389_0 jcr:primaryType="nt:unstructured" sling:resourceType="help/components/step">
                  <step_par jcr:primaryType="nt:unstructured"
                            sling:resourceType="help/components/procedure/step_parsys">
                    <text_851 jcr:primaryType="nt:unstructured"
                               sling:resourceType="help/components/article-3/text"
                               text="&lt;p&gt; Complete the &#xA;&lt;span class=&#34;uicontrol&#34;&gt;Form data&lt;/span&gt;&#xA; part in the palette.&lt;/p&gt;&#xA;"
                               textIsRich="true"/>
                    <image_183 jcr:primaryType="nt:unstructured"
                                sling:resourceType="help/components/article-3/image"
                                jcr:title=""
                                alt=""
                                captionBottom=""
                                fileName="editing_lp_content_4.png"
                                originalFileName="images/en/editing_lp_content_4.png"
                                fileReference="/content/dam/help/en/campaign/standard/editing_lp_content_4.png"
                                imageRotate="0"
                                originalHeight=""
                                originalWidth=""
                                scaleOption="toTemplate"
                                status="legacy"/>
                  </step_par>
               </step_389_0>
                <step_390_0 jcr:primaryType="nt:unstructured" sling:resourceType="help/components/step">
                  <step_par jcr:primaryType="nt:unstructured"
                            sling:resourceType="help/components/procedure/step_parsys">
                    <text_852 jcr:primaryType="nt:unstructured"
                               sling:resourceType="help/components/article-3/text"
                               text="&lt;p&gt;Choose a database field to link with the form field in the &#xA;&lt;span class=&#34;uicontrol&#34;&gt;Field&lt;/span&gt;&#xA; selection zone.&lt;/p&gt;&#xA;"
                               textIsRich="true"/>
                    <text_853 jcr:primaryType="nt:unstructured"
                               sling:resourceType="help/components/article-3/text"
                               text="&lt;p&gt;When the &#xA;&lt;span class=&#34;uicontrol&#34;&gt;Mandatory&lt;/span&gt;&#xA; option is checked, the page can only be submitted if the user has completed this field. If a mandatory field is not completed, an error message will appear when the user validates the page.&lt;/p&gt;&#xA;"
                               textIsRich="true"/>
                    <text_854 jcr:primaryType="nt:unstructured"
                               sling:resourceType="help/components/article-3/text"
                               text="&lt;p&gt;By default, landing pages are mapped with &lt;strong&gt;Profiles&lt;/strong&gt;. You can modify the target mapping and select a different one via the &#xA;&lt;span class=&#34;uicontrol&#34;&gt;Edit properties&lt;/span&gt;&#xA; button in the action bar. This modification can be performed at the template level.&lt;/p&gt;&#xA;"
                               textIsRich="true"/>
                  </step_par>
               </step_390_0>
                <step_391_0 jcr:primaryType="nt:unstructured" sling:resourceType="help/components/step">
                  <step_par jcr:primaryType="nt:unstructured"
                            sling:resourceType="help/components/procedure/step_parsys">
                    <text_855 jcr:primaryType="nt:unstructured"
                               sling:resourceType="help/components/article-3/text"
                               text="&lt;p&gt;Define the field type by choosing, for example &#xA;&lt;span class=&#34;uicontrol&#34;&gt;Text&lt;/span&gt;&#xA;, &#xA;&lt;span class=&#34;uicontrol&#34;&gt;Number&lt;/span&gt;&#xA;, or &#xA;&lt;span class=&#34;uicontrol&#34;&gt;Date&lt;/span&gt;&#xA; in the &#xA;&lt;span class=&#34;uicontrol&#34;&gt;HTML type of the field&lt;/span&gt;&#xA; selection area.&lt;/p&gt;&#xA;"
                               textIsRich="true"/>
                  </step_par>
               </step_391_0>
            </proc_par>
         </procedure_47_10>
            <note_40 jcr:primaryType="nt:unstructured"
                  sling:resourceType="help/components/article-3/note"
                  text="&lt;p&gt;&#xA;                The default fields of the out-of-box landing pages are preconfigured. You can modify them as needed.&#xA;            &lt;/p&gt;&#xA;"
                  textIsRich="true"
                  type="note"/>
        
        
            <header_109 jcr:primaryType="nt:unstructured" sling:resourceType="help/components/header"
                     id="submitting-the-form"
                     level="2"
                     text="&lt;p&gt;Submitting the form&lt;/p&gt;&#xA;"
                     textIsRich="'true'"/>
            <text_857 jcr:primaryType="nt:unstructured"
                   sling:resourceType="help/components/article-3/text"
                   text="&lt;p&gt;You can select the action to perform when the visitor clicks the submit button. To do this:&lt;/p&gt;&#xA;"
                   textIsRich="true"/>
            <procedure_48_10 jcr:primaryType="nt:unstructured"
                          sling:resourceType="help/components/procedure">
            <proc_par jcr:primaryType="nt:unstructured"
                      sling:resourceType="help/components/procedure/proc_parsys">
                <step_392_0 jcr:primaryType="nt:unstructured" sling:resourceType="help/components/step">
                  <step_par jcr:primaryType="nt:unstructured"
                            sling:resourceType="help/components/procedure/step_parsys">
                    <text_858 jcr:primaryType="nt:unstructured"
                               sling:resourceType="help/components/article-3/text"
                               text="&lt;p&gt;Select the submit button of the landing page.&lt;/p&gt;&#xA;"
                               textIsRich="true"/>
                  </step_par>
               </step_392_0>
                <step_393_0 jcr:primaryType="nt:unstructured" sling:resourceType="help/components/step">
                  <step_par jcr:primaryType="nt:unstructured"
                            sling:resourceType="help/components/procedure/step_parsys">
                    <text_859 jcr:primaryType="nt:unstructured"
                               sling:resourceType="help/components/article-3/text"
                               text="&lt;p&gt;Select the action in the drop-down list in the left panel. Possible actions are: &#xA;&lt;span class=&#34;uicontrol&#34;&gt;Refresh&lt;/span&gt;&#xA; (to refresh the page) and &#xA;&lt;span class=&#34;uicontrol&#34;&gt;Next page&lt;/span&gt;&#xA; (to display the confirmation page).&lt;/p&gt;&#xA;"
                               textIsRich="true"/>
                    <image_184 jcr:primaryType="nt:unstructured"
                                sling:resourceType="help/components/article-3/image"
                                jcr:title=""
                                alt=""
                                captionBottom=""
                                fileName="editing_lp_content_5.png"
                                originalFileName="images/en/editing_lp_content_5.png"
                                fileReference="/content/dam/help/en/campaign/standard/editing_lp_content_5.png"
                                imageRotate="0"
                                originalHeight=""
                                originalWidth=""
                                scaleOption="toTemplate"
                                status="legacy"/>
                  </step_par>
               </step_393_0>
            </proc_par>
         </procedure_48_10>
            <text_860 jcr:primaryType="nt:unstructured"
                   sling:resourceType="help/components/article-3/text"
                   text="&lt;p&gt;In addition, you can change the label of the button or configure a specific link. To do this:&lt;/p&gt;&#xA;"
                   textIsRich="true"/>
            <procedure_49_10 jcr:primaryType="nt:unstructured"
                          sling:resourceType="help/components/procedure">
            <proc_par jcr:primaryType="nt:unstructured"
                      sling:resourceType="help/components/procedure/proc_parsys">
                <step_394_0 jcr:primaryType="nt:unstructured" sling:resourceType="help/components/step">
                  <step_par jcr:primaryType="nt:unstructured"
                            sling:resourceType="help/components/procedure/step_parsys">
                    <text_861 jcr:primaryType="nt:unstructured"
                               sling:resourceType="help/components/article-3/text"
                               text="&lt;p&gt;Select the submit button.&lt;/p&gt;&#xA;"
                               textIsRich="true"/>
                  </step_par>
               </step_394_0>
                <step_395_0 jcr:primaryType="nt:unstructured" sling:resourceType="help/components/step">
                  <step_par jcr:primaryType="nt:unstructured"
                            sling:resourceType="help/components/procedure/step_parsys">
                    <text_862 jcr:primaryType="nt:unstructured"
                               sling:resourceType="help/components/article-3/text"
                               text="&lt;p&gt;Click on the &#xA;&#x9;&lt;img height=&#34;21px&#34; src=&#34;/content/dam/help/en/campaign/standard/lp_link_properties.png&#34; /&gt;&#xA;&#x9;&#xA; button in the left panel.&lt;/p&gt;&#xA;"
                               textIsRich="true"/>
                  </step_par>
               </step_395_0>
                <step_396_0 jcr:primaryType="nt:unstructured" sling:resourceType="help/components/step">
                  <step_par jcr:primaryType="nt:unstructured"
                            sling:resourceType="help/components/procedure/step_parsys">
                    <text_863 jcr:primaryType="nt:unstructured"
                               sling:resourceType="help/components/article-3/text"
                               text="&lt;p&gt;Enter the label of the button, select the type of link, its properties, and the target.&lt;/p&gt;&#xA;"
                               textIsRich="true"/>
                    <image_185 jcr:primaryType="nt:unstructured"
                                sling:resourceType="help/components/article-3/image"
                                jcr:title=""
                                alt=""
                                captionBottom=""
                                fileName="lp_link_custom.png"
                                originalFileName="images/en/lp_link_custom.png"
                                fileReference="/content/dam/help/en/campaign/standard/lp_link_custom.png"
                                imageRotate="0"
                                originalHeight=""
                                originalWidth=""
                                scaleOption="toTemplate"
                                status="legacy"/>
                  </step_par>
               </step_396_0>
            </proc_par>
         </procedure_49_10>
        
        
            <header_110 jcr:primaryType="nt:unstructured" sling:resourceType="help/components/header"
                     id="linking-a-form-to-a-service"
                     level="2"
                     text="&lt;p&gt;Linking a form to a service&lt;/p&gt;&#xA;"
                     textIsRich="'true'"/>
            <text_864 jcr:primaryType="nt:unstructured"
                   sling:resourceType="help/components/article-3/text"
                   text="&lt;p&gt;You can link a form to a service so that profiles can subscribe to a specific service when validating the landing pages.&lt;/p&gt;&#xA;"
                   textIsRich="true"/>
            <text_865 jcr:primaryType="nt:unstructured"
                   sling:resourceType="help/components/article-3/text"
                   text="&lt;p&gt;The parameters for linking a landing page allow you to specify the performed action type and whether the landing page is specifically linked to a single service or whether it is generic.&lt;/p&gt;&#xA;"
                   textIsRich="true"/>
            <text_866 jcr:primaryType="nt:unstructured"
                   sling:resourceType="help/components/article-3/text"
                   text="&lt;p&gt;In order to select the service to link, you need to:&lt;/p&gt;&#xA;"
                   textIsRich="true"/>
            <procedure_50_10 jcr:primaryType="nt:unstructured"
                          sling:resourceType="help/components/procedure">
            <proc_par jcr:primaryType="nt:unstructured"
                      sling:resourceType="help/components/procedure/proc_parsys">
                <step_397_0 jcr:primaryType="nt:unstructured" sling:resourceType="help/components/step">
                  <step_par jcr:primaryType="nt:unstructured"
                            sling:resourceType="help/components/procedure/step_parsys">
                    <text_867 jcr:primaryType="nt:unstructured"
                               sling:resourceType="help/components/article-3/text"
                               text="&lt;p&gt;Edit the landing page properties accessed via the &#xA;&#x9;&lt;img height=&#34;21px&#34; src=&#34;/content/dam/help/en/campaign/standard/edit_darkgrey-24px.png&#34; /&gt;&#xA;&#x9;&#xA; icon in the landing page dashboard, and display the &#xA;&lt;span class=&#34;uicontrol&#34;&gt;Job&lt;/span&gt;&#xA; parameters.&lt;/p&gt;&#xA;"
                               textIsRich="true"/>
                    <image_186 jcr:primaryType="nt:unstructured"
                                sling:resourceType="help/components/article-3/image"
                                jcr:title=""
                                alt=""
                                captionBottom=""
                                fileName="lp_edit_properties_button.png"
                                originalFileName="images/en/lp_edit_properties_button.png"
                                fileReference="/content/dam/help/en/campaign/standard/lp_edit_properties_button.png"
                                imageRotate="0"
                                originalHeight=""
                                originalWidth=""
                                scaleOption="toTemplate"
                                status="legacy"/>
                  </step_par>
               </step_397_0>
                <step_398_0 jcr:primaryType="nt:unstructured" sling:resourceType="help/components/step">
                  <step_par jcr:primaryType="nt:unstructured"
                            sling:resourceType="help/components/procedure/step_parsys">
                    <text_868 jcr:primaryType="nt:unstructured"
                               sling:resourceType="help/components/article-3/text"
                               text="&lt;p&gt;Choose &#xA;&lt;span class=&#34;uicontrol&#34;&gt;Subscription&lt;/span&gt;&#xA; in the &#xA;&lt;span class=&#34;uicontrol&#34;&gt;Specific actions&lt;/span&gt;&#xA; drop-down list.&lt;/p&gt;&#xA;"
                               textIsRich="true"/>
                    <image_187 jcr:primaryType="nt:unstructured"
                                sling:resourceType="help/components/article-3/image"
                                jcr:title=""
                                alt=""
                                captionBottom=""
                                fileName="lp_parameters_5.png"
                                originalFileName="images/en/lp_parameters_5.png"
                                fileReference="/content/dam/help/en/campaign/standard/lp_parameters_5.png"
                                imageRotate="0"
                                originalHeight=""
                                originalWidth=""
                                scaleOption="toTemplate"
                                status="legacy"/>
                  </step_par>
               </step_398_0>
                <step_399_0 jcr:primaryType="nt:unstructured" sling:resourceType="help/components/step">
                  <step_par jcr:primaryType="nt:unstructured"
                            sling:resourceType="help/components/procedure/step_parsys">
                    <text_869 jcr:primaryType="nt:unstructured"
                               sling:resourceType="help/components/article-3/text"
                               text="&lt;p&gt;Select &#xA;&lt;span class=&#34;uicontrol&#34;&gt;Specific service&lt;/span&gt;&#xA; to link the landing page to a single service. Do not select this option if you would like to use several services with the landing page.&lt;/p&gt;&#xA;"
                               textIsRich="true"/>
                    <text_870 jcr:primaryType="nt:unstructured"
                               sling:resourceType="help/components/article-3/text"
                               text="&lt;p&gt;Use the &#xA;&lt;span class=&#34;uicontrol&#34;&gt;Specified service in the URL&lt;/span&gt;&#xA; option to allow the landing page to be used for several services. You therefore must reference the landing page when configuring the service.&lt;/p&gt;&#xA;"
                               textIsRich="true"/>
                  </step_par>
               </step_399_0>
            </proc_par>
         </procedure_50_10>
            
                <header_111 jcr:primaryType="nt:unstructured" sling:resourceType="help/components/header"
                     id="confirm-a-landing-page-submission"
                     level="3"
                     text="&lt;p&gt;Confirm a landing page submission&lt;/p&gt;&#xA;"
                     textIsRich="'true'"/>
                <text_871 jcr:primaryType="nt:unstructured"
                   sling:resourceType="help/components/article-3/text"
                   text="&lt;p&gt;When a landing page is submitted by a visitor, you can configure the actions triggered. To do this:&lt;/p&gt;&#xA;"
                   textIsRich="true"/>
                <procedure_51_10 jcr:primaryType="nt:unstructured"
                          sling:resourceType="help/components/procedure">
            <proc_par jcr:primaryType="nt:unstructured"
                      sling:resourceType="help/components/procedure/proc_parsys">
                    <step_400_0 jcr:primaryType="nt:unstructured" sling:resourceType="help/components/step">
                  <step_par jcr:primaryType="nt:unstructured"
                            sling:resourceType="help/components/procedure/step_parsys">
                        <text_872 jcr:primaryType="nt:unstructured"
                               sling:resourceType="help/components/article-3/text"
                               text="&lt;p&gt;Edit the landing page properties accessed via the &#xA;&#x9;&lt;img height=&#34;21px&#34; src=&#34;/content/dam/help/en/campaign/standard/edit_darkgrey-24px.png&#34; /&gt;&#xA;&#x9;&#xA; icon in the landing page dashboard, and display the &#xA;&lt;span class=&#34;uicontrol&#34;&gt;Job&lt;/span&gt;&#xA; parameters.&lt;/p&gt;&#xA;"
                               textIsRich="true"/>
                        <image_188 jcr:primaryType="nt:unstructured"
                                sling:resourceType="help/components/article-3/image"
                                jcr:title=""
                                alt=""
                                captionBottom=""
                                fileName="lp_edit_properties_button.png"
                                originalFileName="images/en/lp_edit_properties_button.png"
                                fileReference="/content/dam/help/en/campaign/standard/lp_edit_properties_button.png"
                                imageRotate="0"
                                originalHeight=""
                                originalWidth=""
                                scaleOption="toTemplate"
                                status="legacy"/>
                    </step_par>
               </step_400_0>
                    <step_401_0 jcr:primaryType="nt:unstructured" sling:resourceType="help/components/step">
                  <step_par jcr:primaryType="nt:unstructured"
                            sling:resourceType="help/components/procedure/step_parsys">
                        <text_873 jcr:primaryType="nt:unstructured"
                               sling:resourceType="help/components/article-3/text"
                               text="&lt;p&gt;Under the &#xA;&lt;span class=&#34;uicontrol&#34;&gt;Specific actions&lt;/span&gt;&#xA; section, select &#xA;&lt;span class=&#34;uicontrol&#34;&gt;Start sending message&lt;/span&gt;&#xA; to determine the sending of an automatic message, for example to confirm subscription to a service. You need then to select an email delivery template.&lt;/p&gt;&#xA;"
                               textIsRich="true"/>
                        <text_874 jcr:primaryType="nt:unstructured"
                               sling:resourceType="help/components/article-3/text"
                               text="&lt;p&gt;Note that if a confirmation message is already configured at the service level, you should not select one in this screen to avoid sending multiple confirmation messages. Refer to &#xA;&#x9;&#x9;&#x9;&#x9;&#x9;&#x9;&#x9;&#x9;&#x9;&#x9;&#x9;&#xA;&#x9;&#x9;&#x9;&#x9;&#x9;&#x9;&#x9;&lt;a href=&#34;/content/help/en/campaign/standard/audiences/using/creating-a-service.html&#34;&gt;Configure a service&lt;/a&gt;. &lt;/p&gt;&#xA;"
                               textIsRich="true"/>
                    </step_par>
               </step_401_0>
                    <step_402_0 jcr:primaryType="nt:unstructured" sling:resourceType="help/components/step">
                  <step_par jcr:primaryType="nt:unstructured"
                            sling:resourceType="help/components/procedure/step_parsys">
                        <text_875 jcr:primaryType="nt:unstructured"
                               sling:resourceType="help/components/article-3/text"
                               text="&lt;p&gt;Create &#xA;&lt;span class=&#34;uicontrol&#34;&gt;Additional data&lt;/span&gt;&#xA; to enable storing additional data when the landing page is being submitted. This data is not visible to people who visit the page. Only constant values are taken into account.&lt;/p&gt;&#xA;"
                               textIsRich="true"/>
                        <image_189 jcr:primaryType="nt:unstructured"
                                sling:resourceType="help/components/article-3/image"
                                jcr:title=""
                                alt=""
                                captionBottom=""
                                fileName="lp_parameters_6.png"
                                originalFileName="images/en/lp_parameters_6.png"
                                fileReference="/content/dam/help/en/campaign/standard/lp_parameters_6.png"
                                imageRotate="0"
                                originalHeight=""
                                originalWidth=""
                                scaleOption="toTemplate"
                                status="legacy"/>
                    </step_par>
               </step_402_0>
                </proc_par>
         </procedure_51_10>
            
        
        
            <header_112 jcr:primaryType="nt:unstructured" sling:resourceType="help/components/header"
                     id="setting-permissions-and-pre-loading-data"
                     level="2"
                     text="&lt;p&gt;Setting permissions and pre-loading data&lt;/p&gt;&#xA;"
                     textIsRich="'true'"/>
            <text_876 jcr:primaryType="nt:unstructured"
                   sling:resourceType="help/components/article-3/text"
                   text="&lt;p&gt;Access to a landing page can be restricted to identified visitors, who come from a link in a message sent by Campaign for example. In this case, you can preload their data in the landing page. To do this:&lt;/p&gt;&#xA;"
                   textIsRich="true"/>
            <procedure_52_10 jcr:primaryType="nt:unstructured"
                          sling:resourceType="help/components/procedure">
            <proc_par jcr:primaryType="nt:unstructured"
                      sling:resourceType="help/components/procedure/proc_parsys">
                <step_403_0 jcr:primaryType="nt:unstructured" sling:resourceType="help/components/step">
                  <step_par jcr:primaryType="nt:unstructured"
                            sling:resourceType="help/components/procedure/step_parsys">
                    <text_877 jcr:primaryType="nt:unstructured"
                               sling:resourceType="help/components/article-3/text"
                               text="&lt;p&gt;Edit the landing page properties accessed via the &#xA;&#x9;&lt;img height=&#34;21px&#34; src=&#34;/content/dam/help/en/campaign/standard/edit_darkgrey-24px.png&#34; /&gt;&#xA;&#x9;&#xA; icon in the landing page dashboard, and display the &#xA;&lt;span class=&#34;uicontrol&#34;&gt;Access &amp; loading&lt;/span&gt;&#xA; parameters. &lt;/p&gt;&#xA;"
                               textIsRich="true"/>
                    <image_190 jcr:primaryType="nt:unstructured"
                                sling:resourceType="help/components/article-3/image"
                                jcr:title=""
                                alt=""
                                captionBottom=""
                                fileName="lp_edit_properties_button.png"
                                originalFileName="images/en/lp_edit_properties_button.png"
                                fileReference="/content/dam/help/en/campaign/standard/lp_edit_properties_button.png"
                                imageRotate="0"
                                originalHeight=""
                                originalWidth=""
                                scaleOption="toTemplate"
                                status="legacy"/>
                  </step_par>
               </step_403_0>
                <step_404_0 jcr:primaryType="nt:unstructured" sling:resourceType="help/components/step">
                  <step_par jcr:primaryType="nt:unstructured"
                            sling:resourceType="help/components/procedure/step_parsys">
                    <text_878 jcr:primaryType="nt:unstructured"
                               sling:resourceType="help/components/article-3/text"
                               text="&lt;p&gt;Select &#xA;&lt;span class=&#34;uicontrol&#34;&gt;Preload visitor data&lt;/span&gt;&#xA;. &lt;/p&gt;&#xA;"
                               textIsRich="true"/>
                    <text_879 jcr:primaryType="nt:unstructured"
                               sling:resourceType="help/components/article-3/text"
                               text="&lt;p&gt;If a visitor to the page corresponds to a profile in the database, their data is displayed in the form's fields that are mapped with the database data and the landing page's personalization elements are taken into account.&lt;/p&gt;&#xA;"
                               textIsRich="true"/>
                    <image_191 jcr:primaryType="nt:unstructured"
                                sling:resourceType="help/components/article-3/image"
                                jcr:title=""
                                alt=""
                                captionBottom=""
                                fileName="lp_parameters_3.png"
                                originalFileName="images/en/lp_parameters_3.png"
                                fileReference="/content/dam/help/en/campaign/standard/lp_parameters_3.png"
                                imageRotate="0"
                                originalHeight=""
                                originalWidth=""
                                scaleOption="toTemplate"
                                status="legacy"/>
                  </step_par>
               </step_404_0>
            </proc_par>
         </procedure_52_10>
            <text_880 jcr:primaryType="nt:unstructured"
                   sling:resourceType="help/components/article-3/text"
                   text="&lt;p&gt;You can also:&lt;/p&gt;&#xA;"
                   textIsRich="true"/>
            <procedure_45 jcr:primaryType="nt:unstructured"
                       sling:resourceType="help/components/procedure"
                       isBulleted="true">
            <proc_par jcr:primaryType="nt:unstructured"
                      sling:resourceType="help/components/procedure/proc_parsys">
                <step_405_45 jcr:primaryType="nt:unstructured" sling:resourceType="help/components/step">
                  <step_par jcr:primaryType="nt:unstructured"
                            sling:resourceType="help/components/procedure/step_parsys">
                    <text_881 jcr:primaryType="nt:unstructured"
                               sling:resourceType="help/components/article-3/text"
                               text="&lt;p&gt;Use the URL parameters to identify the visitors, using the &#xA;&lt;span class=&#34;uicontrol&#34;&gt;Authorize visitor identification via URL parameters&lt;/span&gt;&#xA; option: then you must choose the loading key and map the filter parameters with the parameters of the corresponding URL.&lt;/p&gt;&#xA;"
                               textIsRich="true"/>
                  </step_par>
               </step_405_45>
                <step_406_45 jcr:primaryType="nt:unstructured" sling:resourceType="help/components/step">
                  <step_par jcr:primaryType="nt:unstructured"
                            sling:resourceType="help/components/procedure/step_parsys">
                    <text_882 jcr:primaryType="nt:unstructured"
                               sling:resourceType="help/components/article-3/text"
                               text="&lt;p&gt;Authorize any visitor to access the landing page, using the &#xA;&lt;span class=&#34;uicontrol&#34;&gt;Authorize unidentified visitors&lt;/span&gt;&#xA; option.&lt;/p&gt;&#xA;"
                               textIsRich="true"/>
                  </step_par>
               </step_406_45>
            </proc_par>
         </procedure_45>
        
      </main-pars>
      <hero jcr:primaryType="nt:unstructured"
            sling:resourceType="foundation/components/image"/>
      <thumbnail jcr:primaryType="nt:unstructured"
                 sling:resourceType="foundation/components/image"/>
      <publisherLogo jcr:primaryType="nt:unstructured"
                     sling:resourceType="foundation/components/image"/>
   </jcr:content>
</jcr:root>