<?xml version="1.0" encoding="UTF-8"?>
<jcr:root xmlns:nt="http://www.jcp.org/jcr/nt/1.0" xmlns:json="http://json.org/"
          xmlns:sling="http://sling.apache.org/jcr/sling/1.0"
          xmlns:cq="http://www.day.com/jcr/cq/1.0"
          xmlns:jcr="http://www.jcp.org/jcr/1.0"
          xmlns:mix="http://www.jcp.org/jcr/mix/1.0"
          jcr:primaryType="cq:Page">
   <jcr:content navTitle="Follow-up messages" jcr:primaryType="cq:PageContent"
                sling:resourceType="help/components/pages/article-3"
                heroGradient="light"
                jcr:language="en_us"
                cq:designPath="/etc/designs/help"
                cq:template="/apps/help/templates/article-3"
                jcr:mixinTypes="[mix:versionable]"
                jcr:title="Follow-up messages"
                jcr:description="Follow-up messages"
                seoDescription="Learn how to create and publish a follow-up message."
                primaryProductTag="[products:SG_CAMPAIGN/STANDARD]"
                cq:tags="[products:SG_CAMPAIGN/STANDARD,audience:channels,content_type:reference,topic_tags:transactional-messaging]"
                primaryAudienceTag="[audience:channels]"
                contentOwner="sauviat"
                isReadyForLocalization="true"
                publishExternalDate="2019-01-09">
      <main-pars jcr:primaryType="nt:unstructured"
                 sling:resourceType="foundation/components/parsys">
    
    
      
    
         <text_784 jcr:primaryType="nt:unstructured"
                   sling:resourceType="help/components/article-3/text"
                   text="&lt;p&gt;You can send a follow-up message to the customers who received a specific transactional message. To do this, you need to set up a workflow targeting the corresponding event.&lt;/p&gt;&#xA;"
                   textIsRich="true"/>
         <text_785 jcr:primaryType="nt:unstructured"
                   sling:resourceType="help/components/article-3/text"
                   text="&lt;p&gt;Let's reuse the example described in the &#xA;&#x9;&#x9;&#x9;&#x9;&#x9;&#xA;&lt;a href=&#34;/content/help/en/campaign/standard/channels/using/about-transactional-messaging.html#transactional-messaging-operating-principle&#34; target=&#34;_blank&#34;&gt;Transactional messaging operating principle&lt;/a&gt; section: a cart abandonment email is sent to your website users who added products to their cart, but left the site without going through with their purchases.&lt;/p&gt;&#xA;"
                   textIsRich="true"/>
         <text_786 jcr:primaryType="nt:unstructured"
                   sling:resourceType="help/components/article-3/text"
                   text="&lt;p&gt;You want to send a friendly reminder to all of the customers who received the cart abandonment notification but who did not open it after three days.&lt;/p&gt;&#xA;"
                   textIsRich="true"/>
         <text_787 jcr:primaryType="nt:unstructured"
                   sling:resourceType="help/components/article-3/text"
                   text="&lt;p&gt;Each concerned customer will then receive a follow-up message based on the same data that was used in the first email that was sent.&lt;/p&gt;&#xA;"
                   textIsRich="true"/>
    
         <header_102 jcr:primaryType="nt:unstructured" sling:resourceType="help/components/header"
                     id="accessing-the-follow-up-messages"
                     level="2"
                     text="&lt;p&gt;Accessing the follow-up messages&lt;/p&gt;&#xA;"
                     textIsRich="'true'"/>
         <text_788 jcr:primaryType="nt:unstructured"
                   sling:resourceType="help/components/article-3/text"
                   text="&lt;p&gt;Once you have created and published an event (the cart abandonment as per the &#xA;&#x9;&#x9;&#x9;&#x9;&#x9;&#x9;&#x9;&#x9;&#x9;&#x9;&#x9;&#xA;&#x9;&#x9;&#x9;&#x9;&#x9;&#x9;&#x9;&lt;a href=&#34;/content/help/en/campaign/standard/channels/using/about-transactional-messaging.html#transactional-messaging-operating-principle&#34;&gt;example&lt;/a&gt; above), the corresponding transactional message and follow-up message are created automatically.&lt;/p&gt;&#xA;"
                   textIsRich="true"/>
         <text_789 jcr:primaryType="nt:unstructured"
                   sling:resourceType="help/components/article-3/text"
                   text="&lt;p&gt;The configuration steps are presented in the &#xA;&#x9;&#x9;&#x9;&#x9;&#x9;&#x9;&#x9;&#x9;&#x9;&#x9;&#x9;&#xA;&#x9;&#x9;&#x9;&#x9;&#x9;&#x9;&#x9;&lt;a href=&#34;/content/help/en/campaign/standard/administration/using/configuring-transactional-messaging.html#use-case--configuring-an-event-to-send-a-transactional-message&#34;&gt;Configuring an event to send a follow-up message&lt;/a&gt; section.&lt;/p&gt;&#xA;"
                   textIsRich="true"/>
         <text_790 jcr:primaryType="nt:unstructured"
                   sling:resourceType="help/components/article-3/text"
                   text="&lt;p&gt;To handle an event in a workflow, a delivery template is required. However, when publishing the event, the &#xA;&#x9;&#x9;&#x9;&#x9;&#x9;&#x9;&#x9;&#x9;&#x9;&#x9;&#x9;&#xA;&#x9;&#x9;&#x9;&#x9;&#x9;&#x9;&#x9;&lt;a href=&#34;/content/help/en/campaign/standard/channels/using/event-transactional-messages.html&#34;&gt;transactional message&lt;/a&gt; that is created cannot be used as a template. Therefore, you need to create a specific follow-up delivery template designed to support this event type and to be used as a template in a workflow.&lt;/p&gt;&#xA;"
                   textIsRich="true"/>
         <text_791 jcr:primaryType="nt:unstructured"
                   sling:resourceType="help/components/article-3/text"
                   text="&lt;p&gt;To access this template:&lt;/p&gt;&#xA;"
                   textIsRich="true"/>
         <procedure_44_10 jcr:primaryType="nt:unstructured"
                          sling:resourceType="help/components/procedure">
            <proc_par jcr:primaryType="nt:unstructured"
                      sling:resourceType="help/components/procedure/proc_parsys">
               <step_359_0 jcr:primaryType="nt:unstructured" sling:resourceType="help/components/step">
                  <step_par jcr:primaryType="nt:unstructured"
                            sling:resourceType="help/components/procedure/step_parsys">
                     <text_792 jcr:primaryType="nt:unstructured"
                               sling:resourceType="help/components/article-3/text"
                               text="&lt;p&gt;Click the &#xA;&lt;span class=&#34;uicontrol&#34;&gt;Adobe Campaign&lt;/span&gt;&#xA; logo, in the top left corner.&lt;/p&gt;&#xA;"
                               textIsRich="true"/>
                  </step_par>
               </step_359_0>
               <step_360_0 jcr:primaryType="nt:unstructured" sling:resourceType="help/components/step">
                  <step_par jcr:primaryType="nt:unstructured"
                            sling:resourceType="help/components/procedure/step_parsys">
                     <text_793 jcr:primaryType="nt:unstructured"
                               sling:resourceType="help/components/article-3/text"
                               text="&lt;p&gt;Select &#xA;&lt;span class=&#34;uicontrol&#34;&gt;Resources&lt;/span&gt;&#xA; &gt; &#xA;&lt;span class=&#34;uicontrol&#34;&gt;Templates&lt;/span&gt;&#xA; &gt; &#xA;&lt;span class=&#34;uicontrol&#34;&gt;Delivery templates&lt;/span&gt;&#xA;.&lt;/p&gt;&#xA;"
                               textIsRich="true"/>
                  </step_par>
               </step_360_0>
               <step_361_0 jcr:primaryType="nt:unstructured" sling:resourceType="help/components/step">
                  <step_par jcr:primaryType="nt:unstructured"
                            sling:resourceType="help/components/procedure/step_parsys">
                     <text_794 jcr:primaryType="nt:unstructured"
                               sling:resourceType="help/components/article-3/text"
                               text="&lt;p&gt;Check the &#xA;&lt;span class=&#34;uicontrol&#34;&gt;Follow-up messages&lt;/span&gt;&#xA; box in the left pane.&lt;/p&gt;&#xA;"
                               textIsRich="true"/>
                     <image_170 jcr:primaryType="nt:unstructured"
                                sling:resourceType="help/components/article-3/image"
                                jcr:title=""
                                alt=""
                                captionBottom=""
                                fileName="message-center_follow-up-search.png"
                                originalFileName="images/en/message-center_follow-up-search.png"
                                fileReference="/content/dam/help/en/campaign/standard/message-center_follow-up-search.png"
                                imageRotate="0"
                                originalHeight=""
                                originalWidth=""
                                scaleOption="toTemplate"
                                status="legacy"/>
                  </step_par>
               </step_361_0>
            </proc_par>
         </procedure_44_10>
         <text_795 jcr:primaryType="nt:unstructured"
                   sling:resourceType="help/components/article-3/text"
                   text="&lt;p&gt;Only the follow-up messages are displayed.&lt;/p&gt;&#xA;"
                   textIsRich="true"/>
         <note_37 jcr:primaryType="nt:unstructured"
                  sling:resourceType="help/components/article-3/note"
                  text="&lt;p&gt;&#xA;        To access the transactional messages, you must have administration rights or appear in the &#xA;&lt;span class=&#34;uicontrol&#34;&gt;Message Center agents&lt;/span&gt;&#xA; (mcExec) security group.&#xA;      &lt;/p&gt;&#xA;"
                  textIsRich="true"
                  type="note"/>
    
    
         <header_103 jcr:primaryType="nt:unstructured" sling:resourceType="help/components/header"
                     id="sending-a-follow-up-message"
                     level="2"
                     text="&lt;p&gt;Sending a follow-up message&lt;/p&gt;&#xA;"
                     textIsRich="'true'"/>
         <text_797 jcr:primaryType="nt:unstructured"
                   sling:resourceType="help/components/article-3/text"
                   text="&lt;p&gt;Once you created the follow-up delivery template, you can use it in a workflow to send a follow-up message.&lt;/p&gt;&#xA;"
                   textIsRich="true"/>
         <procedure_45_10 jcr:primaryType="nt:unstructured"
                          sling:resourceType="help/components/procedure">
            <proc_par jcr:primaryType="nt:unstructured"
                      sling:resourceType="help/components/procedure/proc_parsys">
               <step_362_0 jcr:primaryType="nt:unstructured" sling:resourceType="help/components/step">
                  <step_par jcr:primaryType="nt:unstructured"
                            sling:resourceType="help/components/procedure/step_parsys">
                     <text_798 jcr:primaryType="nt:unstructured"
                               sling:resourceType="help/components/article-3/text"
                               text="&lt;p&gt;Access the marketing activity list and create a new workflow.&lt;/p&gt;&#xA;"
                               textIsRich="true"/>
                     <text_799 jcr:primaryType="nt:unstructured"
                               sling:resourceType="help/components/article-3/text"
                               text="&lt;p&gt;See &#xA;&#x9;&#x9;&#x9;&#x9;&#x9;&#x9;&#x9;&#x9;&#x9;&#x9;&#x9;&#xA;&#x9;&#x9;&#x9;&#x9;&#x9;&#x9;&#x9;&lt;a href=&#34;/content/help/en/campaign/standard/automating/using/building-a-workflow.html#creating-a-workflow&#34;&gt;Creating a workflow&lt;/a&gt;.&lt;/p&gt;&#xA;"
                               textIsRich="true"/>
                  </step_par>
               </step_362_0>
               <step_363_0 jcr:primaryType="nt:unstructured" sling:resourceType="help/components/step">
                  <step_par jcr:primaryType="nt:unstructured"
                            sling:resourceType="help/components/procedure/step_parsys">
                     <text_800 jcr:primaryType="nt:unstructured"
                               sling:resourceType="help/components/article-3/text"
                               text="&lt;p&gt;Drag and drop a &#xA;&lt;span class=&#34;uicontrol&#34;&gt;Scheduler&lt;/span&gt;&#xA; activity into your workflow and open it. Set the execution frequency to once a day.&lt;/p&gt;&#xA;"
                               textIsRich="true"/>
                     <text_801 jcr:primaryType="nt:unstructured"
                               sling:resourceType="help/components/article-3/text"
                               text="&lt;p&gt;The Scheduler activity is presented in the &#xA;&#x9;&#x9;&#x9;&#x9;&#x9;&#x9;&#x9;&#x9;&#x9;&#x9;&#x9;&#xA;&#x9;&#x9;&#x9;&#x9;&#x9;&#x9;&#x9;&lt;a href=&#34;/content/help/en/campaign/standard/automating/using/scheduler.html&#34;&gt;Scheduler&lt;/a&gt; section.&lt;/p&gt;&#xA;"
                               textIsRich="true"/>
                  </step_par>
               </step_363_0>
               <step_364_0 jcr:primaryType="nt:unstructured" sling:resourceType="help/components/step">
                  <step_par jcr:primaryType="nt:unstructured"
                            sling:resourceType="help/components/procedure/step_parsys">
                     <text_802 jcr:primaryType="nt:unstructured"
                               sling:resourceType="help/components/article-3/text"
                               text="&lt;p&gt;Drag and drop a &#xA;&lt;span class=&#34;uicontrol&#34;&gt;Query&lt;/span&gt;&#xA; activity into your workflow and open it.&lt;/p&gt;&#xA;"
                               textIsRich="true"/>
                     <text_803 jcr:primaryType="nt:unstructured"
                               sling:resourceType="help/components/article-3/text"
                               text="&lt;p&gt;The Query activity is presented in the &#xA;&#x9;&#x9;&#x9;&#x9;&#x9;&#x9;&#x9;&#x9;&#x9;&#x9;&#x9;&#xA;&#x9;&#x9;&#x9;&#x9;&#x9;&#x9;&#x9;&lt;a href=&#34;/content/help/en/campaign/standard/automating/using/query.html&#34;&gt;Query&lt;/a&gt; section.&lt;/p&gt;&#xA;"
                               textIsRich="true"/>
                  </step_par>
               </step_364_0>
               <step_365_0 jcr:primaryType="nt:unstructured" sling:resourceType="help/components/step">
                  <step_par jcr:primaryType="nt:unstructured"
                            sling:resourceType="help/components/procedure/step_parsys">
                     <text_804 jcr:primaryType="nt:unstructured"
                               sling:resourceType="help/components/article-3/text"
                               text="&lt;p&gt;To run the query on a resource other than the profile resource, go to the activity's &#xA;&lt;span class=&#34;uicontrol&#34;&gt;Properties&lt;/span&gt;&#xA; tab and click the &#xA;&lt;span class=&#34;uicontrol&#34;&gt;Resource&lt;/span&gt;&#xA; drop-down list.&lt;/p&gt;&#xA;"
                               textIsRich="true"/>
                     <image_171 jcr:primaryType="nt:unstructured"
                                sling:resourceType="help/components/article-3/image"
                                jcr:title=""
                                alt=""
                                captionBottom=""
                                fileName="message-center_follow-up-query-properties.png"
                                originalFileName="images/en/message-center_follow-up-query-properties.png"
                                fileReference="/content/dam/help/en/campaign/standard/message-center_follow-up-query-properties.png"
                                imageRotate="0"
                                originalHeight=""
                                originalWidth=""
                                scaleOption="toTemplate"
                                status="legacy"/>
                     <note_38 jcr:primaryType="nt:unstructured"
                              sling:resourceType="help/components/article-3/note"
                              text="&lt;p&gt;&#xA;            By default, the activity is pre-configured to search for profiles.&#xA;          &lt;/p&gt;&#xA;"
                              textIsRich="true"
                              type="note"/>
                  </step_par>
               </step_365_0>
               <step_366_0 jcr:primaryType="nt:unstructured" sling:resourceType="help/components/step">
                  <step_par jcr:primaryType="nt:unstructured"
                            sling:resourceType="help/components/procedure/step_parsys">
                     <text_806 jcr:primaryType="nt:unstructured"
                               sling:resourceType="help/components/article-3/text"
                               text="&lt;p&gt;Select the event that you want to target so that you only access data from this event.&lt;/p&gt;&#xA;"
                               textIsRich="true"/>
                     <image_172 jcr:primaryType="nt:unstructured"
                                sling:resourceType="help/components/article-3/image"
                                jcr:title=""
                                alt=""
                                captionBottom=""
                                fileName="message-center_follow-up-query-resource.png"
                                originalFileName="images/en/message-center_follow-up-query-resource.png"
                                fileReference="/content/dam/help/en/campaign/standard/message-center_follow-up-query-resource.png"
                                imageRotate="0"
                                originalHeight=""
                                originalWidth=""
                                scaleOption="toTemplate"
                                status="legacy"/>
                  </step_par>
               </step_366_0>
               <step_367_0 jcr:primaryType="nt:unstructured" sling:resourceType="help/components/step">
                  <step_par jcr:primaryType="nt:unstructured"
                            sling:resourceType="help/components/procedure/step_parsys">
                     <text_807 jcr:primaryType="nt:unstructured"
                               sling:resourceType="help/components/article-3/text"
                               text="&lt;p&gt;Go to the activity's &#xA;&lt;span class=&#34;uicontrol&#34;&gt;Target&lt;/span&gt;&#xA; tab and drag and drop the &#xA;&lt;span class=&#34;uicontrol&#34;&gt;Delivery logs (logs)&lt;/span&gt;&#xA; element from the &#xA;&lt;span class=&#34;uicontrol&#34;&gt;Email&lt;/span&gt;&#xA; section into the workspace.&lt;/p&gt;&#xA;"
                               textIsRich="true"/>
                     <image_173 jcr:primaryType="nt:unstructured"
                                sling:resourceType="help/components/article-3/image"
                                jcr:title=""
                                alt=""
                                captionBottom=""
                                fileName="message-center_follow-up-delivery-logs.png"
                                originalFileName="images/en/message-center_follow-up-delivery-logs.png"
                                fileReference="/content/dam/help/en/campaign/standard/message-center_follow-up-delivery-logs.png"
                                imageRotate="0"
                                originalHeight=""
                                originalWidth=""
                                scaleOption="toTemplate"
                                status="legacy"/>
                     <text_808 jcr:primaryType="nt:unstructured"
                               sling:resourceType="help/components/article-3/text"
                               text="&lt;p&gt;Select &#xA;&lt;span class=&#34;uicontrol&#34;&gt;Exists&lt;/span&gt;&#xA; to target all of the customers who received the email.&lt;/p&gt;&#xA;"
                               textIsRich="true"/>
                     <image_174 jcr:primaryType="nt:unstructured"
                                sling:resourceType="help/components/article-3/image"
                                jcr:title=""
                                alt=""
                                captionBottom=""
                                fileName="message-center_follow-up-delivery-logs-exists.png"
                                originalFileName="images/en/message-center_follow-up-delivery-logs-exists.png"
                                fileReference="/content/dam/help/en/campaign/standard/message-center_follow-up-delivery-logs-exists.png"
                                imageRotate="0"
                                originalHeight=""
                                originalWidth=""
                                scaleOption="toTemplate"
                                status="legacy"/>
                  </step_par>
               </step_367_0>
               <step_368_0 jcr:primaryType="nt:unstructured" sling:resourceType="help/components/step">
                  <step_par jcr:primaryType="nt:unstructured"
                            sling:resourceType="help/components/procedure/step_parsys">
                     <text_809 jcr:primaryType="nt:unstructured"
                               sling:resourceType="help/components/article-3/text"
                               text="&lt;p&gt;Move the &#xA;&lt;span class=&#34;uicontrol&#34;&gt;Tracking logs (tracking)&lt;/span&gt;&#xA; element from the palette to the workspace and select &#xA;&lt;span class=&#34;uicontrol&#34;&gt;Does not exist&lt;/span&gt;&#xA; to target all of the customers who did not open the email.&lt;/p&gt;&#xA;"
                               textIsRich="true"/>
                     <image_175 jcr:primaryType="nt:unstructured"
                                sling:resourceType="help/components/article-3/image"
                                jcr:title=""
                                alt=""
                                captionBottom=""
                                fileName="message-center_follow-up-delivery-and-tracking-logs.png"
                                originalFileName="images/en/message-center_follow-up-delivery-and-tracking-logs.png"
                                fileReference="/content/dam/help/en/campaign/standard/message-center_follow-up-delivery-and-tracking-logs.png"
                                imageRotate="0"
                                originalHeight=""
                                originalWidth=""
                                scaleOption="toTemplate"
                                status="legacy"/>
                  </step_par>
               </step_368_0>
               <step_369_0 jcr:primaryType="nt:unstructured" sling:resourceType="help/components/step">
                  <step_par jcr:primaryType="nt:unstructured"
                            sling:resourceType="help/components/procedure/step_parsys">
                     <text_810 jcr:primaryType="nt:unstructured"
                               sling:resourceType="help/components/article-3/text"
                               text="&lt;p&gt;Drag and drop the event that you are targeting (&lt;strong&gt;Cart abandonment&lt;/strong&gt; in this example) from the &#xA;&lt;span class=&#34;uicontrol&#34;&gt;Email&lt;/span&gt;&#xA; section into the workspace. Then define a rule to target all messages sent three days ago.&lt;/p&gt;&#xA;"
                               textIsRich="true"/>
                     <image_176 jcr:primaryType="nt:unstructured"
                                sling:resourceType="help/components/article-3/image"
                                jcr:title=""
                                alt=""
                                captionBottom=""
                                fileName="message-center_follow-up-created.png"
                                originalFileName="images/en/message-center_follow-up-created.png"
                                fileReference="/content/dam/help/en/campaign/standard/message-center_follow-up-created.png"
                                imageRotate="0"
                                originalHeight=""
                                originalWidth=""
                                scaleOption="toTemplate"
                                status="legacy"/>
                     <text_811 jcr:primaryType="nt:unstructured"
                               sling:resourceType="help/components/article-3/text"
                               text="&lt;p&gt;This means that all recipients who received the transactional message three days before the execution of the workflow and still have not opened it are targeted.&lt;/p&gt;&#xA;"
                               textIsRich="true"/>
                     <text_812 jcr:primaryType="nt:unstructured"
                               sling:resourceType="help/components/article-3/text"
                               text="&lt;p&gt;Click &#xA;&lt;span class=&#34;uicontrol&#34;&gt;Confirm&lt;/span&gt;&#xA; to save the query.&lt;/p&gt;&#xA;"
                               textIsRich="true"/>
                  </step_par>
               </step_369_0>
               <step_370_0 jcr:primaryType="nt:unstructured" sling:resourceType="help/components/step">
                  <step_par jcr:primaryType="nt:unstructured"
                            sling:resourceType="help/components/procedure/step_parsys">
                     <text_813 jcr:primaryType="nt:unstructured"
                               sling:resourceType="help/components/article-3/text"
                               text="&lt;p&gt;Drag and drop an &lt;strong&gt;Email delivery&lt;/strong&gt; activity into your workflow.&lt;/p&gt;&#xA;"
                               textIsRich="true"/>
                     <text_814 jcr:primaryType="nt:unstructured"
                               sling:resourceType="help/components/article-3/text"
                               text="&lt;p&gt;The Email delivery activity is presented in the &#xA;&#x9;&#x9;&#x9;&#x9;&#x9;&#x9;&#x9;&#x9;&#x9;&#x9;&#x9;&#xA;&#x9;&#x9;&#x9;&#x9;&#x9;&#x9;&#x9;&lt;a href=&#34;/content/help/en/campaign/standard/automating/using/email-delivery.html&#34;&gt;Email delivery&lt;/a&gt; section.&lt;/p&gt;&#xA;"
                               textIsRich="true"/>
                     <image_177 jcr:primaryType="nt:unstructured"
                                sling:resourceType="help/components/article-3/image"
                                jcr:title=""
                                alt=""
                                captionBottom=""
                                fileName="message-center_follow-up-workflow.png"
                                originalFileName="images/en/message-center_follow-up-workflow.png"
                                fileReference="/content/dam/help/en/campaign/standard/message-center_follow-up-workflow.png"
                                imageRotate="0"
                                originalHeight=""
                                originalWidth=""
                                scaleOption="toTemplate"
                                status="legacy"/>
                     <text_815 jcr:primaryType="nt:unstructured"
                               sling:resourceType="help/components/article-3/text"
                               text="&lt;p&gt;You can also use an &#xA;&#x9;&#x9;&#x9;&#x9;&#x9;&#x9;&#x9;&#x9;&#x9;&#x9;&#x9;&#xA;&#x9;&#x9;&#x9;&#x9;&#x9;&#x9;&#x9;&lt;a href=&#34;/content/help/en/campaign/standard/automating/using/sms-delivery.html&#34;&gt;SMS delivery&lt;/a&gt; or a &#xA;&#x9;&#x9;&#x9;&#x9;&#x9;&#x9;&#x9;&#x9;&#x9;&#x9;&#x9;&#xA;&#x9;&#x9;&#x9;&#x9;&#x9;&#x9;&#x9;&lt;a href=&#34;/content/help/en/campaign/standard/automating/using/push-notification-delivery.html&#34;&gt;Mobile app delivery&lt;/a&gt; activity. In this case, make sure you select the &#xA;&lt;span class=&#34;uicontrol&#34;&gt;Mobile (SMS)&lt;/span&gt;&#xA; or &#xA;&lt;span class=&#34;uicontrol&#34;&gt;Mobile application&lt;/span&gt;&#xA; channel when creating your event configuration. See &#xA;&#x9;&#x9;&#x9;&#x9;&#x9;&#x9;&#x9;&#x9;&#x9;&#x9;&#x9;&#xA;&#x9;&#x9;&#x9;&#x9;&#x9;&#x9;&#x9;&lt;a href=&#34;/content/help/en/campaign/standard/administration/using/configuring-transactional-messaging.html#creating-an-event&#34;&gt;Creating an event&lt;/a&gt;.&lt;/p&gt;&#xA;"
                               textIsRich="true"/>
                  </step_par>
               </step_370_0>
               <step_371_0 jcr:primaryType="nt:unstructured" sling:resourceType="help/components/step">
                  <step_par jcr:primaryType="nt:unstructured"
                            sling:resourceType="help/components/procedure/step_parsys">
                     <text_816 jcr:primaryType="nt:unstructured"
                               sling:resourceType="help/components/article-3/text"
                               text="&lt;p&gt;Open the &lt;strong&gt;Email delivery&lt;/strong&gt; activity. In the creation wizard, check the &#xA;&lt;span class=&#34;uicontrol&#34;&gt;Follow-up messages&lt;/span&gt;&#xA; box and select the follow-up delivery template that was created after publishing the event.&lt;/p&gt;&#xA;"
                               textIsRich="true"/>
                     <image_178 jcr:primaryType="nt:unstructured"
                                sling:resourceType="help/components/article-3/image"
                                jcr:title=""
                                alt=""
                                captionBottom=""
                                fileName="message-center_follow-up-template.png"
                                originalFileName="images/en/message-center_follow-up-template.png"
                                fileReference="/content/dam/help/en/campaign/standard/message-center_follow-up-template.png"
                                imageRotate="0"
                                originalHeight=""
                                originalWidth=""
                                scaleOption="toTemplate"
                                status="legacy"/>
                  </step_par>
               </step_371_0>
               <step_372_0 jcr:primaryType="nt:unstructured" sling:resourceType="help/components/step">
                  <step_par jcr:primaryType="nt:unstructured"
                            sling:resourceType="help/components/procedure/step_parsys">
                     <text_817 jcr:primaryType="nt:unstructured"
                               sling:resourceType="help/components/article-3/text"
                               text="&lt;p&gt;In the follow-up message content, you can leverage the content of your event by adding personalization fields.&lt;/p&gt;&#xA;"
                               textIsRich="true"/>
                     <image_179 jcr:primaryType="nt:unstructured"
                                sling:resourceType="help/components/article-3/image"
                                jcr:title=""
                                alt=""
                                captionBottom=""
                                fileName="message-center_follow-up-content.png"
                                originalFileName="images/en/message-center_follow-up-content.png"
                                fileReference="/content/dam/help/en/campaign/standard/message-center_follow-up-content.png"
                                imageRotate="0"
                                originalHeight=""
                                originalWidth=""
                                scaleOption="toTemplate"
                                status="legacy"/>
                  </step_par>
               </step_372_0>
               <step_373_0 jcr:primaryType="nt:unstructured" sling:resourceType="help/components/step">
                  <step_par jcr:primaryType="nt:unstructured"
                            sling:resourceType="help/components/procedure/step_parsys">
                     <text_818 jcr:primaryType="nt:unstructured"
                               sling:resourceType="help/components/article-3/text"
                               text="&lt;p&gt;Find the fields that you defined when creating your event by selecting &#xA;&lt;span class=&#34;uicontrol&#34;&gt;Transactional event&lt;/span&gt;&#xA; &gt; &#xA;&lt;span class=&#34;uicontrol&#34;&gt;Event context&lt;/span&gt;&#xA;. See &#xA;&#x9;&#x9;&#x9;&#x9;&#x9;&#xA;&lt;a href=&#34;/content/help/en/campaign/standard/channels/using/event-transactional-messages.html#personalizing-a-transactional-message&#34; target=&#34;_blank&#34;&gt;Personalizing a transactional message&lt;/a&gt;.&lt;/p&gt;&#xA;"
                               textIsRich="true"/>
                     <image_180 jcr:primaryType="nt:unstructured"
                                sling:resourceType="help/components/article-3/image"
                                jcr:title=""
                                alt=""
                                captionBottom=""
                                fileName="message-center_follow-up-personalization.png"
                                originalFileName="images/en/message-center_follow-up-personalization.png"
                                fileReference="/content/dam/help/en/campaign/standard/message-center_follow-up-personalization.png"
                                imageRotate="0"
                                originalHeight=""
                                originalWidth=""
                                scaleOption="toTemplate"
                                status="legacy"/>
                     <text_819 jcr:primaryType="nt:unstructured"
                               sling:resourceType="help/components/article-3/text"
                               text="&lt;p&gt;This means that you can leverage the same content, including enriched data, that was used the first time the event was sent, to create a personalized friendly reminder.&lt;/p&gt;&#xA;"
                               textIsRich="true"/>
                  </step_par>
               </step_373_0>
               <step_374_0 jcr:primaryType="nt:unstructured" sling:resourceType="help/components/step">
                  <step_par jcr:primaryType="nt:unstructured"
                            sling:resourceType="help/components/procedure/step_parsys">
                     <text_820 jcr:primaryType="nt:unstructured"
                               sling:resourceType="help/components/article-3/text"
                               text="&lt;p&gt;Save the activity and start the workflow.&lt;/p&gt;&#xA;"
                               textIsRich="true"/>
                  </step_par>
               </step_374_0>
            </proc_par>
         </procedure_45_10>
         <text_821 jcr:primaryType="nt:unstructured"
                   sling:resourceType="help/components/article-3/text"
                   text="&lt;p&gt;Once the workflow is started, every customer that received your cart abandonment notification three days ago but did not open it will receive a follow-up message based on the same data.&lt;/p&gt;&#xA;"
                   textIsRich="true"/>
         <note_39 jcr:primaryType="nt:unstructured"
                  sling:resourceType="help/components/article-3/note"
                  text="&lt;p&gt;&#xA;        If you selected the &#xA;&lt;span class=&#34;uicontrol&#34;&gt;Profile&lt;/span&gt;&#xA; targeting dimension when creating the event configuration, the follow-up message will also leverage the Adobe Campaign marketing database. See &#xA;&#x9;&#x9;&#x9;&#x9;&#x9;&#xA;&lt;a href=&#34;/content/help/en/campaign/standard/channels/using/profile-transactional-messages.html&#34; target=&#34;_blank&#34;&gt;Profile transactional messages&lt;/a&gt;.&#xA;      &lt;/p&gt;&#xA;"
                  textIsRich="true"
                  type="note"/>
    
      </main-pars>
      <hero jcr:primaryType="nt:unstructured"
            sling:resourceType="foundation/components/image"/>
      <thumbnail jcr:primaryType="nt:unstructured"
                 sling:resourceType="foundation/components/image"/>
      <publisherLogo jcr:primaryType="nt:unstructured"
                     sling:resourceType="foundation/components/image"/>
   </jcr:content>
</jcr:root>