<?xml version="1.0" encoding="UTF-8"?>
<jcr:root xmlns:nt="http://www.jcp.org/jcr/nt/1.0" xmlns:json="http://json.org/"
          xmlns:sling="http://sling.apache.org/jcr/sling/1.0"
          xmlns:cq="http://www.day.com/jcr/cq/1.0"
          xmlns:jcr="http://www.jcp.org/jcr/1.0"
          xmlns:mix="http://www.jcp.org/jcr/mix/1.0"
          jcr:primaryType="cq:Page">
   <jcr:content navTitle="Managing incoming SMS" jcr:primaryType="cq:PageContent"
                sling:resourceType="help/components/pages/article-3"
                heroGradient="light"
                jcr:language="en_us"
                cq:designPath="/etc/designs/help"
                cq:template="/apps/help/templates/article-3"
                jcr:mixinTypes="[mix:versionable]"
                jcr:title="Managing incoming SMS"
                jcr:description="Managing incoming SMS"
                seoDescription="Learn how to manage STOP SMS and store incoming SMS in Adobe Campaign."
                primaryProductTag="[products:SG_CAMPAIGN/STANDARD]"
                cq:tags="[products:SG_CAMPAIGN/STANDARD,audience:channels,content_type:reference,topic_tags:sms-messages]"
                primaryAudienceTag="[audience:channels]"
                contentOwner="sauviat"
                isReadyForLocalization="true"
                publishExternalDate="2019-01-09">
      <main-pars jcr:primaryType="nt:unstructured"
                 sling:resourceType="foundation/components/parsys">
        
        
            
        
        
            <header_25 jcr:primaryType="nt:unstructured" sling:resourceType="help/components/header"
                    id="managing-stop-sms"
                    level="2"
                    text="&lt;p&gt;Managing STOP SMS&lt;/p&gt;&#xA;"
                    textIsRich="'true'"/>
            <text_225 jcr:primaryType="nt:unstructured"
                   sling:resourceType="help/components/article-3/text"
                   text="&lt;p&gt;When a profile replies to an SMS message which was sent via Campaign, you can configure messages which are automatically sent back to him as well as the action to perform.&lt;/p&gt;&#xA;"
                   textIsRich="true"/>
            <text_226 jcr:primaryType="nt:unstructured"
                   sling:resourceType="help/components/article-3/text"
                   text="&lt;p&gt; This configuration is defined in the &#xA;&lt;span class=&#34;uicontrol&#34;&gt;Automatic reply sent to the MO&lt;/span&gt;&#xA; section of the &#xA;&#x9;&#x9;&#x9;&#x9;&#x9;&#x9;&#x9;&#x9;&#x9;&#x9;&#x9;&#xA;&#x9;&#x9;&#x9;&#x9;&#x9;&#x9;&#x9;&lt;a href=&#34;/content/help/en/campaign/standard/administration/using/configuring-sms-channel.html#defining-an-sms-routing&#34;&gt;SMS Routing external account&lt;/a&gt;. MO stands for 'Mobile Originated', which means that you can configure an auto-reply to the mobile who sent the SMS.&lt;/p&gt;&#xA;"
                   textIsRich="true"/>
            <text_227 jcr:primaryType="nt:unstructured"
                   sling:resourceType="help/components/article-3/text"
                   text="&lt;p&gt;To do so:&lt;/p&gt;&#xA;"
                   textIsRich="true"/>
            <procedure_8_10 jcr:primaryType="nt:unstructured"
                         sling:resourceType="help/components/procedure">
            <proc_par jcr:primaryType="nt:unstructured"
                      sling:resourceType="help/components/procedure/proc_parsys">
                <step_116_0 jcr:primaryType="nt:unstructured" sling:resourceType="help/components/step">
                  <step_par jcr:primaryType="nt:unstructured"
                            sling:resourceType="help/components/procedure/step_parsys">
                    <text_228 jcr:primaryType="nt:unstructured"
                               sling:resourceType="help/components/article-3/text"
                               text="&lt;p&gt;From the advanced menu, via the Adobe Campaign logo, select &#xA;&lt;span class=&#34;uicontrol&#34;&gt;Administration &gt; Application settings &gt; External accounts&lt;/span&gt;&#xA; then the &#xA;&lt;span class=&#34;uicontrol&#34;&gt;SMS routing via SMPP&lt;/span&gt;&#xA; external account.&lt;/p&gt;&#xA;"
                               textIsRich="true"/>
                  </step_par>
               </step_116_0>
                <step_117_0 jcr:primaryType="nt:unstructured" sling:resourceType="help/components/step">
                  <step_par jcr:primaryType="nt:unstructured"
                            sling:resourceType="help/components/procedure/step_parsys">
                    <text_229 jcr:primaryType="nt:unstructured"
                               sling:resourceType="help/components/article-3/text"
                               text="&lt;p&gt;Under the &#xA;&lt;span class=&#34;uicontrol&#34;&gt;Automatic reply sent to the MO&lt;/span&gt;&#xA; category, click &#xA;&lt;span class=&#34;uicontrol&#34;&gt;Create element&lt;/span&gt;&#xA; to start configuring your automatic reply.&lt;/p&gt;&#xA;"
                               textIsRich="true"/>
                    <image_28 jcr:primaryType="nt:unstructured"
                               sling:resourceType="help/components/article-3/image"
                               jcr:title=""
                               alt=""
                               captionBottom=""
                               fileName="sms_mo_1.png"
                               originalFileName="images/en/sms_mo_1.png"
                               fileReference="/content/dam/help/en/campaign/standard/sms_mo_1.png"
                               imageRotate="0"
                               originalHeight=""
                               originalWidth=""
                               scaleOption="toTemplate"
                               status="legacy"/>
                  </step_par>
               </step_117_0>
                <step_118_0 jcr:primaryType="nt:unstructured" sling:resourceType="help/components/step">
                  <step_par jcr:primaryType="nt:unstructured"
                            sling:resourceType="help/components/procedure/step_parsys">
                    <text_230 jcr:primaryType="nt:unstructured"
                               sling:resourceType="help/components/article-3/text"
                               text="&lt;p&gt;Choose the keyword that will trigger this automatic reply. The keywords are not case-sensitive. For example, here, if recipients send the keyword &#34;STOP&#34;, they will receive the automatic reply.&lt;/p&gt;&#xA;"
                               textIsRich="true"/>
                    <text_231 jcr:primaryType="nt:unstructured"
                               sling:resourceType="help/components/article-3/text"
                               text="&lt;p&gt;Leave this column empty if you want to send the same reply no matter what the keyword is.&lt;/p&gt;&#xA;"
                               textIsRich="true"/>
                    <image_29 jcr:primaryType="nt:unstructured"
                               sling:resourceType="help/components/article-3/image"
                               jcr:title=""
                               alt=""
                               captionBottom=""
                               fileName="sms_mo_2.png"
                               originalFileName="images/en/sms_mo_2.png"
                               fileReference="/content/dam/help/en/campaign/standard/sms_mo_2.png"
                               imageRotate="0"
                               originalHeight=""
                               originalWidth=""
                               scaleOption="toTemplate"
                               status="legacy"/>
                  </step_par>
               </step_118_0>
                <step_119_0 jcr:primaryType="nt:unstructured" sling:resourceType="help/components/step">
                  <step_par jcr:primaryType="nt:unstructured"
                            sling:resourceType="help/components/procedure/step_parsys">
                    <text_232 jcr:primaryType="nt:unstructured"
                               sling:resourceType="help/components/article-3/text"
                               text="&lt;p&gt;In the &#xA;&lt;span class=&#34;uicontrol&#34;&gt;Short code&lt;/span&gt;&#xA; field, specify a number that is usually used to send deliveries and will serve as a sender name. You can also decide to leave the &#xA;&lt;span class=&#34;uicontrol&#34;&gt;Short code&lt;/span&gt;&#xA; column empty, to send the same reply no matter what the short code.&lt;/p&gt;&#xA;"
                               textIsRich="true"/>
                    <image_30 jcr:primaryType="nt:unstructured"
                               sling:resourceType="help/components/article-3/image"
                               jcr:title=""
                               alt=""
                               captionBottom=""
                               fileName="sms_mo_4.png"
                               originalFileName="images/en/sms_mo_4.png"
                               fileReference="/content/dam/help/en/campaign/standard/sms_mo_4.png"
                               imageRotate="0"
                               originalHeight=""
                               originalWidth=""
                               scaleOption="toTemplate"
                               status="legacy"/>
                  </step_par>
               </step_119_0>
                <step_120_0 jcr:primaryType="nt:unstructured" sling:resourceType="help/components/step">
                  <step_par jcr:primaryType="nt:unstructured"
                            sling:resourceType="help/components/procedure/step_parsys">
                    <text_233 jcr:primaryType="nt:unstructured"
                               sling:resourceType="help/components/article-3/text"
                               text="&lt;p&gt;Type in the answer you want to send to your recipients in the field &#xA;&lt;span class=&#34;uicontrol&#34;&gt;Answer&lt;/span&gt;&#xA;.&lt;/p&gt;&#xA;"
                               textIsRich="true"/>
                    <text_234 jcr:primaryType="nt:unstructured"
                               sling:resourceType="help/components/article-3/text"
                               text="&lt;p&gt;To carry out an action without sending a reply, leave the &#xA;&lt;span class=&#34;uicontrol&#34;&gt;Answer&lt;/span&gt;&#xA; column empty. For example, this allows you to remove from quarantine the phone number of a user who replies with a message other than &#34;STOP&#34;.&lt;/p&gt;&#xA;"
                               textIsRich="true"/>
                    <image_31 jcr:primaryType="nt:unstructured"
                               sling:resourceType="help/components/article-3/image"
                               jcr:title=""
                               alt=""
                               captionBottom=""
                               fileName="sms_mo_3.png"
                               originalFileName="images/en/sms_mo_3.png"
                               fileReference="/content/dam/help/en/campaign/standard/sms_mo_3.png"
                               imageRotate="0"
                               originalHeight=""
                               originalWidth=""
                               scaleOption="toTemplate"
                               status="legacy"/>
                  </step_par>
               </step_120_0>
                <step_121_0 jcr:primaryType="nt:unstructured" sling:resourceType="help/components/step">
                  <step_par jcr:primaryType="nt:unstructured"
                            sling:resourceType="help/components/procedure/step_parsys">
                    <text_235 jcr:primaryType="nt:unstructured"
                               sling:resourceType="help/components/article-3/text"
                               text="&lt;p&gt;In the &#xA;&lt;span class=&#34;uicontrol&#34;&gt;Additional action&lt;/span&gt;&#xA; field, link an action to your automatic reply:&lt;/p&gt;&#xA;"
                               textIsRich="true"/>
                    <procedure_20 jcr:primaryType="nt:unstructured"
                                   sling:resourceType="help/components/procedure"
                                   isBulleted="true">
                        <proc_par jcr:primaryType="nt:unstructured"
                                  sling:resourceType="help/components/procedure/proc_parsys">
                           <step_121_20 jcr:primaryType="nt:unstructured" sling:resourceType="help/components/step">
                              <step_par jcr:primaryType="nt:unstructured"
                                        sling:resourceType="help/components/procedure/step_parsys">
                                 <text_236 jcr:primaryType="nt:unstructured"
                                           sling:resourceType="help/components/article-3/text"
                                           text="&lt;p&gt;The &#xA;&lt;span class=&#34;uicontrol&#34;&gt;Blacklist&lt;/span&gt;&#xA; action automatically quarantines the profile phone number.&lt;/p&gt;&#xA;"
                                           textIsRich="true"/>
                              </step_par>
                           </step_121_20>
                           <step_122_20 jcr:primaryType="nt:unstructured" sling:resourceType="help/components/step">
                              <step_par jcr:primaryType="nt:unstructured"
                                        sling:resourceType="help/components/procedure/step_parsys">
                                 <text_237 jcr:primaryType="nt:unstructured"
                                           sling:resourceType="help/components/article-3/text"
                                           text="&lt;p&gt;The &#xA;&lt;span class=&#34;uicontrol&#34;&gt;Unblacklist&lt;/span&gt;&#xA; action removes the profile phone number from quarantine.&lt;/p&gt;&#xA;"
                                           textIsRich="true"/>
                              </step_par>
                           </step_122_20>
                           <step_123_20 jcr:primaryType="nt:unstructured" sling:resourceType="help/components/step">
                              <step_par jcr:primaryType="nt:unstructured"
                                        sling:resourceType="help/components/procedure/step_parsys">
                                 <text_238 jcr:primaryType="nt:unstructured"
                                           sling:resourceType="help/components/article-3/text"
                                           text="&lt;p&gt;The &#xA;&lt;span class=&#34;uicontrol&#34;&gt;None&lt;/span&gt;&#xA; action allows you to only send the message to your recipients without carrying an action.&lt;/p&gt;&#xA;"
                                           textIsRich="true"/>
                              </step_par>
                           </step_123_20>
                        </proc_par>
                     </procedure_20>
                    <text_239 jcr:primaryType="nt:unstructured"
                               sling:resourceType="help/components/article-3/text"
                               text="&lt;p&gt;For example, in the configuration below, if recipients send the keyword &#34;STOP&#34;, they will automatically receive an unsubscription confirmation and their phone number will be sent to quarantine with the &#xA;&lt;span class=&#34;uicontrol&#34;&gt;Blacklisted&lt;/span&gt;&#xA; status. This status refers to the phone number only, the profile is not blacklisted so that the user continues receiving email messages.&lt;/p&gt;&#xA;"
                               textIsRich="true"/>
                    <image_32 jcr:primaryType="nt:unstructured"
                               sling:resourceType="help/components/article-3/image"
                               jcr:title=""
                               alt=""
                               captionBottom=""
                               fileName="sms_mo.png"
                               originalFileName="images/en/sms_mo.png"
                               fileReference="/content/dam/help/en/campaign/standard/sms_mo.png"
                               imageRotate="0"
                               originalHeight=""
                               originalWidth=""
                               scaleOption="toTemplate"
                               status="legacy"/>
                  </step_par>
               </step_121_0>
            </proc_par>
         </procedure_8_10>
            <text_240 jcr:primaryType="nt:unstructured"
                   sling:resourceType="help/components/article-3/text"
                   text="&lt;p&gt;Your recipients can now be automatically unsubscribed to your messages and sent to quarantine with this automatic reply. The quarantined recipients are listed in the &#xA;&lt;span class=&#34;uicontrol&#34;&gt;Addresses&lt;/span&gt;&#xA; table available through the &#xA;&lt;span class=&#34;uicontrol&#34;&gt;Administration&lt;/span&gt;&#xA; &gt; &#xA;&lt;span class=&#34;uicontrol&#34;&gt;Channels&lt;/span&gt;&#xA; &gt; &#xA;&lt;span class=&#34;uicontrol&#34;&gt;Quarantines&lt;/span&gt;&#xA; menu. For more information on quarantines, refer to this &#xA;&#x9;&#x9;&#x9;&#x9;&#x9;&#x9;&#x9;&#x9;&#x9;&#x9;&#x9;&#xA;&#x9;&#x9;&#x9;&#x9;&#x9;&#x9;&#x9;&lt;a href=&#34;/content/help/en/campaign/standard/sending/using/understanding-quarantine-management.html&#34;&gt;section&lt;/a&gt;.&lt;/p&gt;&#xA;"
                   textIsRich="true"/>
            <text_241 jcr:primaryType="nt:unstructured"
                   sling:resourceType="help/components/article-3/text"
                   text="&lt;p&gt;These incoming SMS can be stored if needed. For more information on this, refer to this &#xA;&#x9;&#x9;&#x9;&#x9;&#x9;&#x9;&#x9;&#x9;&#x9;&#x9;&#x9;&#xA;&#x9;&#x9;&#x9;&#x9;&#x9;&#x9;&#x9;&lt;a href=&#34;/content/help/en/campaign/standard/channels/using/managing-incoming-sms.html#storing-incoming-sms&#34;&gt;section&lt;/a&gt;.&lt;/p&gt;&#xA;"
                   textIsRich="true"/>
        
        
            <header_26 jcr:primaryType="nt:unstructured" sling:resourceType="help/components/header"
                    id="storing-incoming-sms"
                    level="2"
                    text="&lt;p&gt;Storing incoming SMS&lt;/p&gt;&#xA;"
                    textIsRich="'true'"/>
            <text_242 jcr:primaryType="nt:unstructured"
                   sling:resourceType="help/components/article-3/text"
                   text="&lt;p&gt;In the &#xA;&lt;span class=&#34;uicontrol&#34;&gt;SMS routing via SMPP&lt;/span&gt;&#xA; external account, you can choose to store incoming messages for example when a subscriber replies &#34;STOP&#34; to an SMS message in order to be removed from your recipient lists.&lt;/p&gt;&#xA;"
                   textIsRich="true"/>
            <image_33 jcr:primaryType="nt:unstructured"
                   sling:resourceType="help/components/article-3/image"
                   jcr:title=""
                   alt=""
                   captionBottom=""
                   fileName="sms_config_mo_1.png"
                   originalFileName="images/en/sms_config_mo_1.png"
                   fileReference="/content/dam/help/en/campaign/standard/sms_config_mo_1.png"
                   imageRotate="0"
                   originalHeight=""
                   originalWidth=""
                   scaleOption="toTemplate"
                   status="legacy"/>
            <text_243 jcr:primaryType="nt:unstructured"
                   sling:resourceType="help/components/article-3/text"
                   text="&lt;p&gt;By checking &#xA;&lt;span class=&#34;uicontrol&#34;&gt;Store incoming MO in the database&lt;/span&gt;&#xA; in the &#xA;&lt;span class=&#34;uicontrol&#34;&gt;SMPP channel settings&lt;/span&gt;&#xA; category, all SMS will be stored in the inSMS table and can be retrieved via a query activity in a workflow.&lt;/p&gt;&#xA;"
                   textIsRich="true"/>
            <text_244 jcr:primaryType="nt:unstructured"
                   sling:resourceType="help/components/article-3/text"
                   text="&lt;p&gt;To do so:&lt;/p&gt;&#xA;"
                   textIsRich="true"/>
            <procedure_9_10 jcr:primaryType="nt:unstructured"
                         sling:resourceType="help/components/procedure">
            <proc_par jcr:primaryType="nt:unstructured"
                      sling:resourceType="help/components/procedure/proc_parsys">
                <step_125_0 jcr:primaryType="nt:unstructured" sling:resourceType="help/components/step">
                  <step_par jcr:primaryType="nt:unstructured"
                            sling:resourceType="help/components/procedure/step_parsys">
                    <text_245 jcr:primaryType="nt:unstructured"
                               sling:resourceType="help/components/article-3/text"
                               text="&lt;p&gt;In the &#xA;&lt;span class=&#34;uicontrol&#34;&gt;SMPP channel settings&lt;/span&gt;&#xA; field, check &#xA;&lt;span class=&#34;uicontrol&#34;&gt;Store incoming MO in the database&lt;/span&gt;&#xA;.&lt;/p&gt;&#xA;"
                               textIsRich="true"/>
                    <image_34 jcr:primaryType="nt:unstructured"
                               sling:resourceType="help/components/article-3/image"
                               jcr:title=""
                               alt=""
                               captionBottom=""
                               fileName="sms_config_mo_2.png"
                               originalFileName="images/en/sms_config_mo_2.png"
                               fileReference="/content/dam/help/en/campaign/standard/sms_config_mo_2.png"
                               imageRotate="0"
                               originalHeight=""
                               originalWidth=""
                               scaleOption="toTemplate"
                               status="legacy"/>
                  </step_par>
               </step_125_0>
                <step_126_0 jcr:primaryType="nt:unstructured" sling:resourceType="help/components/step">
                  <step_par jcr:primaryType="nt:unstructured"
                            sling:resourceType="help/components/procedure/step_parsys">
                    <text_246 jcr:primaryType="nt:unstructured"
                               sling:resourceType="help/components/article-3/text"
                               text="&lt;p&gt;In the &#xA;&lt;span class=&#34;uicontrol&#34;&gt;Marketing activities&lt;/span&gt;&#xA; tab, click &#xA;&lt;span class=&#34;uicontrol&#34;&gt;Create&lt;/span&gt;&#xA; then select &#xA;&lt;span class=&#34;uicontrol&#34;&gt;Workflow&lt;/span&gt;&#xA;.&lt;/p&gt;&#xA;"
                               textIsRich="true"/>
                    <image_35 jcr:primaryType="nt:unstructured"
                               sling:resourceType="help/components/article-3/image"
                               jcr:title=""
                               alt=""
                               captionBottom=""
                               fileName="sms_config_mo_3.png"
                               originalFileName="images/en/sms_config_mo_3.png"
                               fileReference="/content/dam/help/en/campaign/standard/sms_config_mo_3.png"
                               imageRotate="0"
                               originalHeight=""
                               originalWidth=""
                               scaleOption="toTemplate"
                               status="legacy"/>
                  </step_par>
               </step_126_0>
                <step_127_0 jcr:primaryType="nt:unstructured" sling:resourceType="help/components/step">
                  <step_par jcr:primaryType="nt:unstructured"
                            sling:resourceType="help/components/procedure/step_parsys">
                    <text_247 jcr:primaryType="nt:unstructured"
                               sling:resourceType="help/components/article-3/text"
                               text="&lt;p&gt;Select your workflow type.&lt;/p&gt;&#xA;"
                               textIsRich="true"/>
                  </step_par>
               </step_127_0>
                <step_128_0 jcr:primaryType="nt:unstructured" sling:resourceType="help/components/step">
                  <step_par jcr:primaryType="nt:unstructured"
                            sling:resourceType="help/components/procedure/step_parsys">
                    <text_248 jcr:primaryType="nt:unstructured"
                               sling:resourceType="help/components/article-3/text"
                               text="&lt;p&gt;Edit the properties of your workflow, then click &#xA;&lt;span class=&#34;uicontrol&#34;&gt;Create&lt;/span&gt;&#xA;. For more on workflows creation, refer to this &#xA;&#x9;&#x9;&#x9;&#x9;&#x9;&#x9;&#x9;&#x9;&#x9;&#x9;&#x9;&#xA;&#x9;&#x9;&#x9;&#x9;&#x9;&#x9;&#x9;&lt;a href=&#34;/content/help/en/campaign/standard/automating/using/building-a-workflow.html&#34;&gt;section&lt;/a&gt;.&lt;/p&gt;&#xA;"
                               textIsRich="true"/>
                  </step_par>
               </step_128_0>
                <step_129_0 jcr:primaryType="nt:unstructured" sling:resourceType="help/components/step">
                  <step_par jcr:primaryType="nt:unstructured"
                            sling:resourceType="help/components/procedure/step_parsys">
                    <text_249 jcr:primaryType="nt:unstructured"
                               sling:resourceType="help/components/article-3/text"
                               text="&lt;p&gt;Drag and drop a &#xA;&lt;span class=&#34;uicontrol&#34;&gt;Query&lt;/span&gt;&#xA; activity and double-click the activity.&lt;/p&gt;&#xA;"
                               textIsRich="true"/>
                  </step_par>
               </step_129_0>
                <step_130_0 jcr:primaryType="nt:unstructured" sling:resourceType="help/components/step">
                  <step_par jcr:primaryType="nt:unstructured"
                            sling:resourceType="help/components/procedure/step_parsys">
                    <text_250 jcr:primaryType="nt:unstructured"
                               sling:resourceType="help/components/article-3/text"
                               text="&lt;p&gt;In the &#xA;&lt;span class=&#34;uicontrol&#34;&gt;Properties&lt;/span&gt;&#xA; tab of the query, choose &#xA;&lt;span class=&#34;uicontrol&#34;&gt;Incoming SMS (inSMS)&lt;/span&gt;&#xA; in the &#xA;&lt;span class=&#34;uicontrol&#34;&gt;Resource&lt;/span&gt;&#xA; field.&lt;/p&gt;&#xA;"
                               textIsRich="true"/>
                    <image_36 jcr:primaryType="nt:unstructured"
                               sling:resourceType="help/components/article-3/image"
                               jcr:title=""
                               alt=""
                               captionBottom=""
                               fileName="sms_config_mo_4.png"
                               originalFileName="images/en/sms_config_mo_4.png"
                               fileReference="/content/dam/help/en/campaign/standard/sms_config_mo_4.png"
                               imageRotate="0"
                               originalHeight=""
                               originalWidth=""
                               scaleOption="toTemplate"
                               status="legacy"/>
                  </step_par>
               </step_130_0>
                <step_131_0 jcr:primaryType="nt:unstructured" sling:resourceType="help/components/step">
                  <step_par jcr:primaryType="nt:unstructured"
                            sling:resourceType="help/components/procedure/step_parsys">
                    <text_251 jcr:primaryType="nt:unstructured"
                               sling:resourceType="help/components/article-3/text"
                               text="&lt;p&gt;Then, in the &#xA;&lt;span class=&#34;uicontrol&#34;&gt;Target&lt;/span&gt;&#xA; tab, drag and drop the &#xA;&lt;span class=&#34;uicontrol&#34;&gt;Incoming SMS attributes&lt;/span&gt;&#xA; rule.&lt;/p&gt;&#xA;"
                               textIsRich="true"/>
                    <image_37 jcr:primaryType="nt:unstructured"
                               sling:resourceType="help/components/article-3/image"
                               jcr:title=""
                               alt=""
                               captionBottom=""
                               fileName="sms_config_mo_5.png"
                               originalFileName="images/en/sms_config_mo_5.png"
                               fileReference="/content/dam/help/en/campaign/standard/sms_config_mo_5.png"
                               imageRotate="0"
                               originalHeight=""
                               originalWidth=""
                               scaleOption="toTemplate"
                               status="legacy"/>
                  </step_par>
               </step_131_0>
                <step_132_0 jcr:primaryType="nt:unstructured" sling:resourceType="help/components/step">
                  <step_par jcr:primaryType="nt:unstructured"
                            sling:resourceType="help/components/procedure/step_parsys">
                    <text_252 jcr:primaryType="nt:unstructured"
                               sling:resourceType="help/components/article-3/text"
                               text="&lt;p&gt;Here, we want to target every incoming message from the day before. In the &#xA;&lt;span class=&#34;uicontrol&#34;&gt;Field&lt;/span&gt;&#xA; category, select &#xA;&lt;span class=&#34;uicontrol&#34;&gt;Creation date (created)&lt;/span&gt;&#xA;.&lt;/p&gt;&#xA;"
                               textIsRich="true"/>
                  </step_par>
               </step_132_0>
                <step_133_0 jcr:primaryType="nt:unstructured" sling:resourceType="help/components/step">
                  <step_par jcr:primaryType="nt:unstructured"
                            sling:resourceType="help/components/procedure/step_parsys">
                    <text_253 jcr:primaryType="nt:unstructured"
                               sling:resourceType="help/components/article-3/text"
                               text="&lt;p&gt;In &#xA;&lt;span class=&#34;uicontrol&#34;&gt;Filter type&lt;/span&gt;&#xA;, select &#xA;&lt;span class=&#34;uicontrol&#34;&gt;Relative&lt;/span&gt;&#xA; then in &#xA;&lt;span class=&#34;uicontrol&#34;&gt;Level of precision&lt;/span&gt;&#xA;, choose &#xA;&lt;span class=&#34;uicontrol&#34;&gt;Day&lt;/span&gt;&#xA;.&lt;/p&gt;&#xA;"
                               textIsRich="true"/>
                    <image_38 jcr:primaryType="nt:unstructured"
                               sling:resourceType="help/components/article-3/image"
                               jcr:title=""
                               alt=""
                               captionBottom=""
                               fileName="sms_config_mo_6.png"
                               originalFileName="images/en/sms_config_mo_6.png"
                               fileReference="/content/dam/help/en/campaign/standard/sms_config_mo_6.png"
                               imageRotate="0"
                               originalHeight=""
                               originalWidth=""
                               scaleOption="toTemplate"
                               status="legacy"/>
                  </step_par>
               </step_133_0>
                <step_134_0 jcr:primaryType="nt:unstructured" sling:resourceType="help/components/step">
                  <step_par jcr:primaryType="nt:unstructured"
                            sling:resourceType="help/components/procedure/step_parsys">
                    <text_254 jcr:primaryType="nt:unstructured"
                               sling:resourceType="help/components/article-3/text"
                               text="&lt;p&gt;You can then choose to retrieve data from today, the day before or the last few days. Click &#xA;&lt;span class=&#34;uicontrol&#34;&gt;Confirm&lt;/span&gt;&#xA; when your query is configured.&lt;/p&gt;&#xA;"
                               textIsRich="true"/>
                  </step_par>
               </step_134_0>
            </proc_par>
         </procedure_9_10>
            <text_255 jcr:primaryType="nt:unstructured"
                   sling:resourceType="help/components/article-3/text"
                   text="&lt;p&gt;This query will retrieve every STOP message received depending on the chosen time range. &lt;/p&gt;&#xA;"
                   textIsRich="true"/>
            <text_256 jcr:primaryType="nt:unstructured"
                   sling:resourceType="help/components/article-3/text"
                   text="&lt;p&gt;The activity allows you for example to build a population and better personalize your deliveries.&lt;/p&gt;&#xA;"
                   textIsRich="true"/>
        
      </main-pars>
      <hero jcr:primaryType="nt:unstructured"
            sling:resourceType="foundation/components/image"/>
      <thumbnail jcr:primaryType="nt:unstructured"
                 sling:resourceType="foundation/components/image"/>
      <publisherLogo jcr:primaryType="nt:unstructured"
                     sling:resourceType="foundation/components/image"/>
   </jcr:content>
</jcr:root>