<?xml version="1.0" encoding="UTF-8"?>
<jcr:root xmlns:nt="http://www.jcp.org/jcr/nt/1.0" xmlns:json="http://json.org/"
          xmlns:sling="http://sling.apache.org/jcr/sling/1.0"
          xmlns:cq="http://www.day.com/jcr/cq/1.0"
          xmlns:jcr="http://www.jcp.org/jcr/1.0"
          xmlns:mix="http://www.jcp.org/jcr/mix/1.0"
          jcr:primaryType="cq:Page">
   <jcr:content navTitle="Preparing and sending an In-App message"
                jcr:primaryType="cq:PageContent"
                sling:resourceType="help/components/pages/article-3"
                heroGradient="light"
                jcr:language="en_us"
                cq:designPath="/etc/designs/help"
                cq:template="/apps/help/templates/article-3"
                jcr:mixinTypes="[mix:versionable]"
                jcr:title="Preparing and sending an In-App message"
                jcr:description="Preparing and sending an In-App message"
                seoDescription="Create In-app message to target your application subscribers with specific content."
                primaryProductTag="[products:SG_CAMPAIGN/STANDARD]"
                cq:tags="[products:SG_CAMPAIGN/STANDARD,audience:channels,content_type:reference,topic_tags:in-app-messaging]"
                primaryAudienceTag="[audience:channels]"
                contentOwner="sauviat"
                isReadyForLocalization="true"
                publishExternalDate="2019-01-09">
      <main-pars jcr:primaryType="nt:unstructured"
                 sling:resourceType="foundation/components/parsys">
        
        
            
        
        
            <header_51 jcr:primaryType="nt:unstructured" sling:resourceType="help/components/header"
                    id="preparing-your-in-app-message"
                    level="2"
                    text="&lt;p&gt;Preparing your In-App message&lt;/p&gt;&#xA;"
                    textIsRich="'true'"/>
            <text_440 jcr:primaryType="nt:unstructured"
                   sling:resourceType="help/components/article-3/text"
                   text="&lt;p&gt;The steps for creating a standalone In-App message with Adobe Campaign are:&lt;/p&gt;&#xA;"
                   textIsRich="true"/>
            <procedure_24_10 jcr:primaryType="nt:unstructured"
                          sling:resourceType="help/components/procedure">
            <proc_par jcr:primaryType="nt:unstructured"
                      sling:resourceType="help/components/procedure/proc_parsys">
                <step_221_0 jcr:primaryType="nt:unstructured" sling:resourceType="help/components/step">
                  <step_par jcr:primaryType="nt:unstructured"
                            sling:resourceType="help/components/procedure/step_parsys">
                    <text_441 jcr:primaryType="nt:unstructured"
                               sling:resourceType="help/components/article-3/text"
                               text="&lt;p&gt;From Adobe Campaign home page, click the &#xA;&lt;span class=&#34;uicontrol&#34;&gt;In-App messaging&lt;/span&gt;&#xA; card.&lt;/p&gt;&#xA;"
                               textIsRich="true"/>
                    <text_442 jcr:primaryType="nt:unstructured"
                               sling:resourceType="help/components/article-3/text"
                               text="&lt;p&gt;You can also create an In-app from the &lt;strong&gt;Marketing activities&lt;/strong&gt; tab, by clicking the&#xA;&lt;span class=&#34;uicontrol&#34;&gt; Create&lt;/span&gt;&#xA; button.&lt;/p&gt;&#xA;"
                               textIsRich="true"/>
                    <text_443 jcr:primaryType="nt:unstructured"
                               sling:resourceType="help/components/article-3/text"
                               text="&lt;p&gt;Note that an In-App message can also be created from a campaign or from the Adobe Campaign home page or in a workflow.&lt;/p&gt;&#xA;"
                               textIsRich="true"/>
                  </step_par>
               </step_221_0>
                <step_222_0 jcr:primaryType="nt:unstructured" sling:resourceType="help/components/step">
                  <step_par jcr:primaryType="nt:unstructured"
                            sling:resourceType="help/components/procedure/step_parsys">
                    <text_444 jcr:primaryType="nt:unstructured"
                               sling:resourceType="help/components/article-3/text"
                               text="&lt;p&gt;Select &lt;strong&gt;In-App message&lt;/strong&gt;.&lt;/p&gt;&#xA;"
                               textIsRich="true"/>
                    <image_77 jcr:primaryType="nt:unstructured"
                               sling:resourceType="help/components/article-3/image"
                               jcr:title=""
                               alt=""
                               captionBottom=""
                               fileName="inapp_creating.png"
                               originalFileName="images/en/inapp_creating.png"
                               fileReference="/content/dam/help/en/campaign/standard/inapp_creating.png"
                               imageRotate="0"
                               originalHeight=""
                               originalWidth=""
                               scaleOption="toTemplate"
                               status="legacy"/>
                  </step_par>
               </step_222_0>
                <step_223_0 jcr:primaryType="nt:unstructured" sling:resourceType="help/components/step">
                  <step_par jcr:primaryType="nt:unstructured"
                            sling:resourceType="help/components/procedure/step_parsys">
                    <text_445 jcr:primaryType="nt:unstructured"
                               sling:resourceType="help/components/article-3/text"
                               text="&lt;p&gt;Select an appropriate template based on your audience targeting needs.&lt;/p&gt;&#xA;"
                               textIsRich="true"/>
                    <image_78 jcr:primaryType="nt:unstructured"
                               sling:resourceType="help/components/article-3/image"
                               jcr:title=""
                               alt=""
                               captionBottom=""
                               fileName="inapp_creating_2.png"
                               originalFileName="images/en/inapp_creating_2.png"
                               fileReference="/content/dam/help/en/campaign/standard/inapp_creating_2.png"
                               imageRotate="0"
                               originalHeight=""
                               originalWidth=""
                               scaleOption="toTemplate"
                               status="legacy"/>
                    <text_446 jcr:primaryType="nt:unstructured"
                               sling:resourceType="help/components/article-3/text"
                               text="&lt;p&gt;By default, you can select one of the following three out-of-the-box templates:&lt;/p&gt;&#xA;"
                               textIsRich="true"/>
                    <procedure_28 jcr:primaryType="nt:unstructured"
                                   sling:resourceType="help/components/procedure"
                                   isBulleted="true">
                        <proc_par jcr:primaryType="nt:unstructured"
                                  sling:resourceType="help/components/procedure/proc_parsys">
                           <step_223_28 jcr:primaryType="nt:unstructured" sling:resourceType="help/components/step">
                              <step_par jcr:primaryType="nt:unstructured"
                                        sling:resourceType="help/components/procedure/step_parsys">
                                 <text_447 jcr:primaryType="nt:unstructured"
                                           sling:resourceType="help/components/article-3/text"
                                           text="&lt;p&gt;&#xA;&lt;span class=&#34;uicontrol&#34;&gt;Target users based on their Campaign CRM profile (inAppProfile)&lt;/span&gt;&#xA;&lt;/p&gt;&#xA;"
                                           textIsRich="true"/>
                              </step_par>
                           </step_223_28>
                           <step_224_28 jcr:primaryType="nt:unstructured" sling:resourceType="help/components/step">
                              <step_par jcr:primaryType="nt:unstructured"
                                        sling:resourceType="help/components/procedure/step_parsys">
                                 <text_448 jcr:primaryType="nt:unstructured"
                                           sling:resourceType="help/components/article-3/text"
                                           text="&lt;p&gt;&#xA;&lt;span class=&#34;uicontrol&#34;&gt;Target all users of a Mobile app (inAppBroadcast)&lt;/span&gt;&#xA;&lt;/p&gt;&#xA;"
                                           textIsRich="true"/>
                              </step_par>
                           </step_224_28>
                           <step_225_28 jcr:primaryType="nt:unstructured" sling:resourceType="help/components/step">
                              <step_par jcr:primaryType="nt:unstructured"
                                        sling:resourceType="help/components/procedure/step_parsys">
                                 <text_449 jcr:primaryType="nt:unstructured"
                                           sling:resourceType="help/components/article-3/text"
                                           text="&lt;p&gt;&#xA;&lt;span class=&#34;uicontrol&#34;&gt;Target users based on their Mobile profile (inApp)&lt;/span&gt;&#xA;&lt;/p&gt;&#xA;"
                                           textIsRich="true"/>
                              </step_par>
                           </step_225_28>
                        </proc_par>
                     </procedure_28>
                    <text_450 jcr:primaryType="nt:unstructured"
                               sling:resourceType="help/components/article-3/text"
                               text="&lt;p&gt;For more information on templates, refer to &#xA;&#x9;&#x9;&#x9;&#x9;&#x9;&#xA;&lt;a href=&#34;/content/help/en/campaign/standard/channels/using/about-in-app-messaging.html&#34; target=&#34;_blank&#34;&gt;About In-App messaging&lt;/a&gt;.&lt;/p&gt;&#xA;"
                               textIsRich="true"/>
                  </step_par>
               </step_223_0>
                <step_227_0 jcr:primaryType="nt:unstructured" sling:resourceType="help/components/step">
                  <step_par jcr:primaryType="nt:unstructured"
                            sling:resourceType="help/components/procedure/step_parsys">
                    <text_451 jcr:primaryType="nt:unstructured"
                               sling:resourceType="help/components/article-3/text"
                               text="&lt;p&gt;Enter the In-App message properties and select your mobile app in the &#xA;&lt;span class=&#34;uicontrol&#34;&gt;Associate a Mobile App to a delivery&lt;/span&gt;&#xA; field.&lt;/p&gt;&#xA;"
                               textIsRich="true"/>
                    <image_79 jcr:primaryType="nt:unstructured"
                               sling:resourceType="help/components/article-3/image"
                               jcr:title=""
                               alt=""
                               captionBottom=""
                               fileName="inapp_creating_3.png"
                               originalFileName="images/en/inapp_creating_3.png"
                               fileReference="/content/dam/help/en/campaign/standard/inapp_creating_3.png"
                               imageRotate="0"
                               originalHeight=""
                               originalWidth=""
                               scaleOption="toTemplate"
                               status="legacy"/>
                  </step_par>
               </step_227_0>
                <step_228_0 jcr:primaryType="nt:unstructured" sling:resourceType="help/components/step">
                  <step_par jcr:primaryType="nt:unstructured"
                            sling:resourceType="help/components/procedure/step_parsys">
                    <text_452 jcr:primaryType="nt:unstructured"
                               sling:resourceType="help/components/article-3/text"
                               text="&lt;p&gt;Select the audience you want to target for you In-App message. Your audience is prefiltered depending on the mobile application associated to this delivery.&lt;/p&gt;&#xA;"
                               textIsRich="true"/>
                    <text_453 jcr:primaryType="nt:unstructured"
                               sling:resourceType="help/components/article-3/text"
                               text="&lt;p&gt;Note that this step is not needed with the &#xA;&lt;span class=&#34;uicontrol&#34;&gt;Broadcast an In-App message (inAppBroadcast)&lt;/span&gt;&#xA; since it targets all users of a mobile application.&lt;/p&gt;&#xA;"
                               textIsRich="true"/>
                    <image_80 jcr:primaryType="nt:unstructured"
                               sling:resourceType="help/components/article-3/image"
                               jcr:title=""
                               alt=""
                               captionBottom=""
                               fileName="inapp_creating_8.png"
                               originalFileName="images/en/inapp_creating_8.png"
                               fileReference="/content/dam/help/en/campaign/standard/inapp_creating_8.png"
                               imageRotate="0"
                               originalHeight=""
                               originalWidth=""
                               scaleOption="toTemplate"
                               status="legacy"/>
                  </step_par>
               </step_228_0>
                <step_229_0 jcr:primaryType="nt:unstructured" sling:resourceType="help/components/step">
                  <step_par jcr:primaryType="nt:unstructured"
                            sling:resourceType="help/components/procedure/step_parsys">
                    <text_454 jcr:primaryType="nt:unstructured"
                               sling:resourceType="help/components/article-3/text"
                               text="&lt;p&gt;In the &#xA;&lt;span class=&#34;uicontrol&#34;&gt;Triggers&lt;/span&gt;&#xA; tab, drag and drop the event that will trigger your message. By choosing a trigger, you choose an action done by users which will cause the In-App message to be displayed.&lt;/p&gt;&#xA;"
                               textIsRich="true"/>
                    <text_455 jcr:primaryType="nt:unstructured"
                               sling:resourceType="help/components/article-3/text"
                               text="&lt;p&gt;Please note that these events are only available if you have an Adobe Analytics license.&lt;/p&gt;&#xA;"
                               textIsRich="true"/>
                    <text_456 jcr:primaryType="nt:unstructured"
                               sling:resourceType="help/components/article-3/text"
                               text="&lt;p&gt;Three categories of events are available:&lt;/p&gt;&#xA;"
                               textIsRich="true"/>
                    <procedure_29 jcr:primaryType="nt:unstructured"
                                   sling:resourceType="help/components/procedure"
                                   isBulleted="true">
                        <proc_par jcr:primaryType="nt:unstructured"
                                  sling:resourceType="help/components/procedure/proc_parsys">
                           <step_229_29 jcr:primaryType="nt:unstructured" sling:resourceType="help/components/step">
                              <step_par jcr:primaryType="nt:unstructured"
                                        sling:resourceType="help/components/procedure/step_parsys">
                                 <text_457 jcr:primaryType="nt:unstructured"
                                           sling:resourceType="help/components/article-3/text"
                                           text="&lt;p&gt;&#xA;&lt;span class=&#34;uicontrol&#34;&gt;Mobile Application events&lt;/span&gt;&#xA;: Custom events implemented in your mobile application. &lt;/p&gt;&#xA;"
                                           textIsRich="true"/>
                                 <text_458 jcr:primaryType="nt:unstructured"
                                           sling:resourceType="help/components/article-3/text"
                                           text="&lt;p&gt;For more on events creations, refer to this &#xA;&lt;a href=&#34;https://helpx.adobe.com/campaign/kb/configuring-app-sdk.html&#34;&gt;page&lt;/a&gt;.&lt;/p&gt;&#xA;"
                                           textIsRich="true"/>
                              </step_par>
                           </step_229_29>
                           <step_230_29 jcr:primaryType="nt:unstructured" sling:resourceType="help/components/step">
                              <step_par jcr:primaryType="nt:unstructured"
                                        sling:resourceType="help/components/procedure/step_parsys">
                                 <text_459 jcr:primaryType="nt:unstructured"
                                           sling:resourceType="help/components/article-3/text"
                                           text="&lt;p&gt;&#xA;&lt;span class=&#34;uicontrol&#34;&gt;Life Cycle events&lt;/span&gt;&#xA;: Out-of-the-box life cycle events supported by Adobe Mobile SDK.&lt;/p&gt;&#xA;"
                                           textIsRich="true"/>
                                 <text_460 jcr:primaryType="nt:unstructured"
                                           sling:resourceType="help/components/article-3/text"
                                           text="&lt;p&gt;For more on life cycle events, refer to this &#xA;&lt;a href=&#34;https://marketing.adobe.com/resources/help/en_US/mobile/android/metrics.html&#34;&gt;page&lt;/a&gt;.&lt;/p&gt;&#xA;"
                                           textIsRich="true"/>
                              </step_par>
                           </step_230_29>
                           <step_231_29 jcr:primaryType="nt:unstructured" sling:resourceType="help/components/step">
                              <step_par jcr:primaryType="nt:unstructured"
                                        sling:resourceType="help/components/procedure/step_parsys">
                                 <text_461 jcr:primaryType="nt:unstructured"
                                           sling:resourceType="help/components/article-3/text"
                                           text="&lt;p&gt;&#xA;&lt;span class=&#34;uicontrol&#34;&gt;Analytics Events&lt;/span&gt;&#xA;: The following three categories are supported depending on what is instrumented in your mobile app: Adobe Analytics, Context data or View state.&lt;/p&gt;&#xA;"
                                           textIsRich="true"/>
                              </step_par>
                           </step_231_29>
                        </proc_par>
                     </procedure_29>
                    <image_81 jcr:primaryType="nt:unstructured"
                               sling:resourceType="help/components/article-3/image"
                               jcr:title=""
                               alt=""
                               captionBottom=""
                               fileName="inapp_creating_4.png"
                               originalFileName="images/en/inapp_creating_4.png"
                               fileReference="/content/dam/help/en/campaign/standard/inapp_creating_4.png"
                               imageRotate="0"
                               originalHeight=""
                               originalWidth=""
                               scaleOption="toTemplate"
                               status="legacy"/>
                  </step_par>
               </step_229_0>
                <step_233_0 jcr:primaryType="nt:unstructured" sling:resourceType="help/components/step">
                  <step_par jcr:primaryType="nt:unstructured"
                            sling:resourceType="help/components/procedure/step_parsys">
                    <text_462 jcr:primaryType="nt:unstructured"
                               sling:resourceType="help/components/article-3/text"
                               text="&lt;p&gt;If you use an &#xA;&lt;span class=&#34;uicontrol&#34;&gt;Analytics Events&lt;/span&gt;&#xA;, Adobe Analytics and View state events will be automatically populated based on the report suites configured in the Analytics extension in Adobe Launch whereas Context data events have to be manually added.&lt;/p&gt;&#xA;"
                               textIsRich="true"/>
                    <text_463 jcr:primaryType="nt:unstructured"
                               sling:resourceType="help/components/article-3/text"
                               text="&lt;p&gt;Please note that these events are only available if you have an Adobe Analytics licence.&lt;/p&gt;&#xA;"
                               textIsRich="true"/>
                    <image_82 jcr:primaryType="nt:unstructured"
                               sling:resourceType="help/components/article-3/image"
                               jcr:title=""
                               alt=""
                               captionBottom=""
                               fileName="inapp_creating_7.png"
                               originalFileName="images/en/inapp_creating_7.png"
                               fileReference="/content/dam/help/en/campaign/standard/inapp_creating_7.png"
                               imageRotate="0"
                               originalHeight=""
                               originalWidth=""
                               scaleOption="toTemplate"
                               status="legacy"/>
                  </step_par>
               </step_233_0>
                <step_234_0 jcr:primaryType="nt:unstructured" sling:resourceType="help/components/step">
                  <step_par jcr:primaryType="nt:unstructured"
                            sling:resourceType="help/components/procedure/step_parsys">
                    <text_464 jcr:primaryType="nt:unstructured"
                               sling:resourceType="help/components/article-3/text"
                               text="&lt;p&gt;In the &#xA;&lt;span class=&#34;uicontrol&#34;&gt;Frequency &amp; duration&lt;/span&gt;&#xA; tab, choose the frequency for your trigger, the start and end date, day of the week and time of the day when your In-App message will be active.&lt;/p&gt;&#xA;"
                               textIsRich="true"/>
                    <image_83 jcr:primaryType="nt:unstructured"
                               sling:resourceType="help/components/article-3/image"
                               jcr:title=""
                               alt=""
                               captionBottom=""
                               fileName="inapp_creating_5.png"
                               originalFileName="images/en/inapp_creating_5.png"
                               fileReference="/content/dam/help/en/campaign/standard/inapp_creating_5.png"
                               imageRotate="0"
                               originalHeight=""
                               originalWidth=""
                               scaleOption="toTemplate"
                               status="legacy"/>
                  </step_par>
               </step_234_0>
                <step_235_0 jcr:primaryType="nt:unstructured" sling:resourceType="help/components/step">
                  <step_par jcr:primaryType="nt:unstructured"
                            sling:resourceType="help/components/procedure/step_parsys">
                    <text_465 jcr:primaryType="nt:unstructured"
                               sling:resourceType="help/components/article-3/text"
                               text="&lt;p&gt;Edit the content of your message and define the advanced options. See &#xA;&lt;a href=&#34;https://helpx.adobe.com/campaign/standard/channels/using/customizing-a-push-notification.html&#34;&gt;Customizing an In-App message&lt;/a&gt;.&lt;/p&gt;&#xA;"
                               textIsRich="true"/>
                    <image_84 jcr:primaryType="nt:unstructured"
                               sling:resourceType="help/components/article-3/image"
                               jcr:title=""
                               alt=""
                               captionBottom=""
                               fileName="inapp_creating_6.png"
                               originalFileName="images/en/inapp_creating_6.png"
                               fileReference="/content/dam/help/en/campaign/standard/inapp_creating_6.png"
                               imageRotate="0"
                               originalHeight=""
                               originalWidth=""
                               scaleOption="toTemplate"
                               status="legacy"/>
                  </step_par>
               </step_235_0>
                <step_236_0 jcr:primaryType="nt:unstructured" sling:resourceType="help/components/step">
                  <step_par jcr:primaryType="nt:unstructured"
                            sling:resourceType="help/components/procedure/step_parsys">
                    <text_466 jcr:primaryType="nt:unstructured"
                               sling:resourceType="help/components/article-3/text"
                               text="&lt;p&gt;Click &#xA;&lt;span class=&#34;uicontrol&#34;&gt;Create&lt;/span&gt;&#xA;.&lt;/p&gt;&#xA;"
                               textIsRich="true"/>
                  </step_par>
               </step_236_0>
            </proc_par>
         </procedure_24_10>
            <text_467 jcr:primaryType="nt:unstructured"
                   sling:resourceType="help/components/article-3/text"
                   text="&lt;p&gt;Your In-App message is now ready to be sent to your targeted audience.&lt;/p&gt;&#xA;"
                   textIsRich="true"/>
        
        
            <header_52 jcr:primaryType="nt:unstructured" sling:resourceType="help/components/header"
                    id="sending-your-in-app-message"
                    level="2"
                    text="&lt;p&gt;Sending your In-App message&lt;/p&gt;&#xA;"
                    textIsRich="'true'"/>
            <text_468 jcr:primaryType="nt:unstructured"
                   sling:resourceType="help/components/article-3/text"
                   text="&lt;p&gt;Once you have finished preparing your delivery and the approval steps have been carried out, you can send your message.&lt;/p&gt;&#xA;"
                   textIsRich="true"/>
            <procedure_25_10 jcr:primaryType="nt:unstructured"
                          sling:resourceType="help/components/procedure">
            <proc_par jcr:primaryType="nt:unstructured"
                      sling:resourceType="help/components/procedure/proc_parsys">
                <step_237_0 jcr:primaryType="nt:unstructured" sling:resourceType="help/components/step">
                  <step_par jcr:primaryType="nt:unstructured"
                            sling:resourceType="help/components/procedure/step_parsys">
                    <text_469 jcr:primaryType="nt:unstructured"
                               sling:resourceType="help/components/article-3/text"
                               text="&lt;p&gt;Click &#xA;&lt;span class=&#34;uicontrol&#34;&gt;Prepare&lt;/span&gt;&#xA; to compute the target and generate the messages.&lt;/p&gt;&#xA;"
                               textIsRich="true"/>
                    <image_85 jcr:primaryType="nt:unstructured"
                               sling:resourceType="help/components/article-3/image"
                               jcr:title=""
                               alt=""
                               captionBottom=""
                               fileName="inapp_sending_4.png"
                               originalFileName="images/en/inapp_sending_4.png"
                               fileReference="/content/dam/help/en/campaign/standard/inapp_sending_4.png"
                               imageRotate="0"
                               originalHeight=""
                               originalWidth=""
                               scaleOption="toTemplate"
                               status="legacy"/>
                  </step_par>
               </step_237_0>
                <step_238_0 jcr:primaryType="nt:unstructured" sling:resourceType="help/components/step">
                  <step_par jcr:primaryType="nt:unstructured"
                            sling:resourceType="help/components/procedure/step_parsys">
                    <text_470 jcr:primaryType="nt:unstructured"
                               sling:resourceType="help/components/article-3/text"
                               text="&lt;p&gt;Once the preparation has finished successfully, the &lt;strong&gt;Deployment&lt;/strong&gt; window presents the following KPIs: &lt;strong&gt;Target&lt;/strong&gt; and &lt;strong&gt;To deliver&lt;/strong&gt;. &lt;/p&gt;&#xA;"
                               textIsRich="true"/>
                    <text_471 jcr:primaryType="nt:unstructured"
                               sling:resourceType="help/components/article-3/text"
                               text="&lt;p&gt;You can check the Deployment window by clicking the &#xA;&#x9;&lt;img height=&#34;21px&#34; src=&#34;/content/dam/help/en/campaign/standard/lp_link_properties.png&#34; /&gt;&#xA;&#x9;&#xA; button for potential exclusions or errors in your delivery.&lt;/p&gt;&#xA;"
                               textIsRich="true"/>
                    <image_86 jcr:primaryType="nt:unstructured"
                               sling:resourceType="help/components/article-3/image"
                               jcr:title=""
                               alt=""
                               captionBottom=""
                               fileName="inapp_sending_5.png"
                               originalFileName="images/en/inapp_sending_5.png"
                               fileReference="/content/dam/help/en/campaign/standard/inapp_sending_5.png"
                               imageRotate="0"
                               originalHeight=""
                               originalWidth=""
                               scaleOption="toTemplate"
                               status="legacy"/>
                  </step_par>
               </step_238_0>
                <step_239_0 jcr:primaryType="nt:unstructured" sling:resourceType="help/components/step">
                  <step_par jcr:primaryType="nt:unstructured"
                            sling:resourceType="help/components/procedure/step_parsys">
                    <text_472 jcr:primaryType="nt:unstructured"
                               sling:resourceType="help/components/article-3/text"
                               text="&lt;p&gt;Click &#xA;&lt;span class=&#34;uicontrol&#34;&gt;Confirm&lt;/span&gt;&#xA; to start sending your In-App message.&lt;/p&gt;&#xA;"
                               textIsRich="true"/>
                    <image_87 jcr:primaryType="nt:unstructured"
                               sling:resourceType="help/components/article-3/image"
                               jcr:title=""
                               alt=""
                               captionBottom=""
                               fileName="inapp_sending_6.png"
                               originalFileName="images/en/inapp_sending_6.png"
                               fileReference="/content/dam/help/en/campaign/standard/inapp_sending_6.png"
                               imageRotate="0"
                               originalHeight=""
                               originalWidth=""
                               scaleOption="toTemplate"
                               status="legacy"/>
                  </step_par>
               </step_239_0>
                <step_240_0 jcr:primaryType="nt:unstructured" sling:resourceType="help/components/step">
                  <step_par jcr:primaryType="nt:unstructured"
                            sling:resourceType="help/components/procedure/step_parsys">
                    <text_473 jcr:primaryType="nt:unstructured"
                               sling:resourceType="help/components/article-3/text"
                               text="&lt;p&gt;Check the status of your delivery through the message dashboard and logs. For more on this, refer to this &#xA;&#x9;&#x9;&#x9;&#x9;&#x9;&#x9;&#x9;&#x9;&#x9;&#x9;&#x9;&#xA;&#x9;&#x9;&#x9;&#x9;&#x9;&#x9;&#x9;&lt;a href=&#34;/content/help/en/campaign/standard/sending/using/monitoring-a-delivery.html&#34;&gt;section&lt;/a&gt;.&lt;/p&gt;&#xA;"
                               textIsRich="true"/>
                    <text_474 jcr:primaryType="nt:unstructured"
                               sling:resourceType="help/components/article-3/text"
                               text="&lt;p&gt;&#xA;&lt;span class=&#34;uicontrol&#34;&gt;Delivered&lt;/span&gt;&#xA; and &#xA;&lt;span class=&#34;uicontrol&#34;&gt;Sent&lt;/span&gt;&#xA; KPIs counts are based on what is successfully sent out from Campaign to Message delivery service. Please note that these KPIs are not an indication of the count of mobile devices that received or downloaded the message successfully from Message delivery service.&lt;/p&gt;&#xA;"
                               textIsRich="true"/>
                    <image_88 jcr:primaryType="nt:unstructured"
                               sling:resourceType="help/components/article-3/image"
                               jcr:title=""
                               alt=""
                               captionBottom=""
                               fileName="inapp_sending_7.png"
                               originalFileName="images/en/inapp_sending_7.png"
                               fileReference="/content/dam/help/en/campaign/standard/inapp_sending_7.png"
                               imageRotate="0"
                               originalHeight=""
                               originalWidth=""
                               scaleOption="toTemplate"
                               status="legacy"/>
                  </step_par>
               </step_240_0>
            </proc_par>
         </procedure_25_10>
        
      </main-pars>
      <hero jcr:primaryType="nt:unstructured"
            sling:resourceType="foundation/components/image"/>
      <thumbnail jcr:primaryType="nt:unstructured"
                 sling:resourceType="foundation/components/image"/>
      <publisherLogo jcr:primaryType="nt:unstructured"
                     sling:resourceType="foundation/components/image"/>
   </jcr:content>
</jcr:root>