<?xml version="1.0" encoding="UTF-8"?>
<jcr:root xmlns:nt="http://www.jcp.org/jcr/nt/1.0" xmlns:json="http://json.org/"
          xmlns:sling="http://sling.apache.org/jcr/sling/1.0"
          xmlns:cq="http://www.day.com/jcr/cq/1.0"
          xmlns:jcr="http://www.jcp.org/jcr/1.0"
          xmlns:mix="http://www.jcp.org/jcr/mix/1.0"
          jcr:primaryType="cq:Page">
   <jcr:content navTitle="Setting up a double opt-in process" jcr:primaryType="cq:PageContent"
                sling:resourceType="help/components/pages/article-3"
                heroGradient="light"
                jcr:language="en_us"
                cq:designPath="/etc/designs/help"
                cq:template="/apps/help/templates/article-3"
                jcr:mixinTypes="[mix:versionable]"
                jcr:title="Setting up a double opt-in process"
                jcr:description="Setting up a double opt-in process"
                seoDescription="Follow these steps to set up a double opt-in process using landing pages in Adobe Campaign."
                primaryProductTag="[products:SG_CAMPAIGN/STANDARD]"
                cq:tags="[products:SG_CAMPAIGN/STANDARD,audience:channels,content_type:reference,topic_tags:landing-pages]"
                primaryAudienceTag="[audience:channels]"
                contentOwner="sauviat"
                isReadyForLocalization="true"
                publishExternalDate="2019-01-09">
      <main-pars jcr:primaryType="nt:unstructured"
                 sling:resourceType="foundation/components/parsys">
        
        
            
        
        
            <header_120 jcr:primaryType="nt:unstructured" sling:resourceType="help/components/header"
                     id="about-double-opt-in"
                     level="2"
                     text="&lt;p&gt;About double opt-in&lt;/p&gt;&#xA;"
                     textIsRich="'true'"/>
            <text_909 jcr:primaryType="nt:unstructured"
                   sling:resourceType="help/components/article-3/text"
                   text="&lt;p&gt;Double opt-in mechanism is a best practice when sending emails. It protects the platform from wrong or invalid email addresses, spambots, and prevents possible spam complaints. &lt;/p&gt;&#xA;"
                   textIsRich="true"/>
            <text_910 jcr:primaryType="nt:unstructured"
                   sling:resourceType="help/components/article-3/text"
                   text="&lt;p&gt;The principle is to send an email to confirm the visitor's agreement before storing them as ‘profiles' into your Campaign database: the visitor fills out an online landing page, then receives an email and has to click in the confirmation link to finalize its subscription.&lt;/p&gt;&#xA;"
                   textIsRich="true"/>
            <image_196 jcr:primaryType="nt:unstructured"
                    sling:resourceType="help/components/article-3/image"
                    jcr:title=""
                    alt=""
                    captionBottom=""
                    fileName="optin_mechanism.png"
                    originalFileName="images/en/optin_mechanism.png"
                    fileReference="/content/dam/help/en/campaign/standard/optin_mechanism.png"
                    imageRotate="0"
                    originalHeight=""
                    originalWidth=""
                    scaleOption="toTemplate"
                    status="legacy"/>
            <text_911 jcr:primaryType="nt:unstructured"
                   sling:resourceType="help/components/article-3/text"
                   text="&lt;p&gt;To set this up, you need to: &lt;/p&gt;&#xA;"
                   textIsRich="true"/>
            <procedure_56_10 jcr:primaryType="nt:unstructured"
                          sling:resourceType="help/components/procedure">
            <proc_par jcr:primaryType="nt:unstructured"
                      sling:resourceType="help/components/procedure/proc_parsys">
                <step_419_0 jcr:primaryType="nt:unstructured" sling:resourceType="help/components/step">
                  <step_par jcr:primaryType="nt:unstructured"
                            sling:resourceType="help/components/procedure/step_parsys">
                    <text_912 jcr:primaryType="nt:unstructured"
                               sling:resourceType="help/components/article-3/text"
                               text="&lt;p&gt;Create and publish a landing page so that the visitors can register and subscribe. This landing page will be available from a website. Visitors who fill in and submit this landing page will be stored in the database but ‘blacklisted', in order not to receive any communication before the final validation (see &#xA;&#x9;&#x9;&#x9;&#x9;&#x9;&#x9;&#x9;&#x9;&#x9;&#x9;&#x9;&#xA;&#x9;&#x9;&#x9;&#x9;&#x9;&#x9;&#x9;&lt;a href=&#34;/content/help/en/campaign/standard/audiences/using/about-opt-in-and-opt-out-in-campaign.html&#34;&gt;Managing blacklisting in Campaign&lt;/a&gt;). &lt;/p&gt;&#xA;"
                               textIsRich="true"/>
                  </step_par>
               </step_419_0>
                <step_420_0 jcr:primaryType="nt:unstructured" sling:resourceType="help/components/step">
                  <step_par jcr:primaryType="nt:unstructured"
                            sling:resourceType="help/components/procedure/step_parsys">
                    <text_913 jcr:primaryType="nt:unstructured"
                               sling:resourceType="help/components/article-3/text"
                               text="&lt;p&gt;Create and send automatically the opt-in email, with a confirmation link. This email will target population who submitted the landing page. It will be based on an email template which allows to target ‘opt-out’ profiles. &lt;/p&gt;&#xA;"
                               textIsRich="true"/>
                  </step_par>
               </step_420_0>
                <step_421_0 jcr:primaryType="nt:unstructured" sling:resourceType="help/components/step">
                  <step_par jcr:primaryType="nt:unstructured"
                            sling:resourceType="help/components/procedure/step_parsys">
                    <text_914 jcr:primaryType="nt:unstructured"
                               sling:resourceType="help/components/article-3/text"
                               text="&lt;p&gt;Redirect to a confirmation landing page. This final landing page will propose a confirmation button: the visitors has to click it. You can design a welcome email to be sent as confirmation is done, and for example add a special offer in the email for new recipients. &lt;/p&gt;&#xA;"
                               textIsRich="true"/>
                  </step_par>
               </step_421_0>
            </proc_par>
         </procedure_56_10>
            <text_915 jcr:primaryType="nt:unstructured"
                   sling:resourceType="help/components/article-3/text"
                   text="&lt;p&gt;These steps have to be set up in Adobe Campaign in a specific order to have all parameters enabled properly.&lt;/p&gt;&#xA;"
                   textIsRich="true"/>
        
        
            <header_121 jcr:primaryType="nt:unstructured" sling:resourceType="help/components/header"
                     id="step-1--create-the-confirmation-landing-page"
                     level="2"
                     text="&lt;p&gt;Step 1: Create the confirmation landing page&lt;/p&gt;&#xA;"
                     textIsRich="'true'"/>
            <text_916 jcr:primaryType="nt:unstructured"
                   sling:resourceType="help/components/article-3/text"
                   text="&lt;p&gt;The process to setup double opt-in mechanism starts with the creation of the confirmation landing page: this page will be displayed when the visitors clicked on the confirmation email in order to register. &lt;/p&gt;&#xA;"
                   textIsRich="true"/>
            <text_917 jcr:primaryType="nt:unstructured"
                   sling:resourceType="help/components/article-3/text"
                   text="&lt;p&gt;To create and configure this landing page, you need to:&lt;/p&gt;&#xA;"
                   textIsRich="true"/>
            <procedure_57_10 jcr:primaryType="nt:unstructured"
                          sling:resourceType="help/components/procedure">
            <proc_par jcr:primaryType="nt:unstructured"
                      sling:resourceType="help/components/procedure/proc_parsys">
                <step_422_0 jcr:primaryType="nt:unstructured" sling:resourceType="help/components/step">
                  <step_par jcr:primaryType="nt:unstructured"
                            sling:resourceType="help/components/procedure/step_parsys">
                    <text_918 jcr:primaryType="nt:unstructured"
                               sling:resourceType="help/components/article-3/text"
                               text="&lt;p&gt;Design a &#xA;&#x9;&#x9;&#x9;&#x9;&#x9;&#x9;&#x9;&#x9;&#x9;&#x9;&#x9;&#xA;&#x9;&#x9;&#x9;&#x9;&#x9;&#x9;&#x9;&lt;a href=&#34;/content/help/en/campaign/standard/channels/using/about-landing-pages.html&#34;&gt;new landing page&lt;/a&gt; based on the &#xA;&lt;span class=&#34;uicontrol&#34;&gt;Profile acquisition (acquisition)&lt;/span&gt;&#xA; template. Enter the label '&lt;strong&gt;CONFIRMATION&lt;/strong&gt;'.&lt;/p&gt;&#xA;"
                               textIsRich="true"/>
                    <text_919 jcr:primaryType="nt:unstructured"
                               sling:resourceType="help/components/article-3/text"
                               text="&lt;p&gt;If you need to use &#xA;&#x9;&#x9;&#x9;&#x9;&#x9;&#x9;&#x9;&#x9;&#x9;&#x9;&#x9;&#xA;&#x9;&#x9;&#x9;&#x9;&#x9;&#x9;&#x9;&lt;a href=&#34;/content/help/en/campaign/standard/audiences/using/about-subscriptions.html&#34;&gt;services&lt;/a&gt;, you can also use the &#xA;&lt;span class=&#34;uicontrol&#34;&gt;Subscription (sub)&lt;/span&gt;&#xA; template.&lt;/p&gt;&#xA;"
                               textIsRich="true"/>
                  </step_par>
               </step_422_0>
                <step_423_0 jcr:primaryType="nt:unstructured" sling:resourceType="help/components/step">
                  <step_par jcr:primaryType="nt:unstructured"
                            sling:resourceType="help/components/procedure/step_parsys">
                    <text_920 jcr:primaryType="nt:unstructured"
                               sling:resourceType="help/components/article-3/text"
                               text="&lt;p&gt;Edit the landing page properties and under the &#xA;&lt;span class=&#34;uicontrol&#34;&gt;Access and loading&lt;/span&gt;&#xA; section, unselect the option &#xA;&lt;span class=&#34;uicontrol&#34;&gt;Authorize unidentified visitors&lt;/span&gt;&#xA;, select &#xA;&lt;span class=&#34;uicontrol&#34;&gt;Preload visitor data&lt;/span&gt;&#xA; (this one is not mandatory).&lt;/p&gt;&#xA;"
                               textIsRich="true"/>
                    <image_197 jcr:primaryType="nt:unstructured"
                                sling:resourceType="help/components/article-3/image"
                                jcr:title=""
                                alt=""
                                captionBottom=""
                                fileName="optin_confirmLP_param.png"
                                originalFileName="images/en/optin_confirmLP_param.png"
                                fileReference="/content/dam/help/en/campaign/standard/optin_confirmLP_param.png"
                                imageRotate="0"
                                originalHeight=""
                                originalWidth=""
                                scaleOption="toTemplate"
                                status="legacy"/>
                  </step_par>
               </step_423_0>
                <step_424_0 jcr:primaryType="nt:unstructured" sling:resourceType="help/components/step">
                  <step_par jcr:primaryType="nt:unstructured"
                            sling:resourceType="help/components/procedure/step_parsys">
                    <text_921 jcr:primaryType="nt:unstructured"
                               sling:resourceType="help/components/article-3/text"
                               text="&lt;p&gt;In the &#xA;&lt;span class=&#34;uicontrol&#34;&gt;Job&lt;/span&gt;&#xA; &gt; &#xA;&lt;span class=&#34;uicontrol&#34;&gt;Form parameter mapping&lt;/span&gt;&#xA; section, click &#xA;&lt;span class=&#34;uicontrol&#34;&gt;Add an element&lt;/span&gt;&#xA; and enter the following context path:&lt;/p&gt;&#xA;"
                               textIsRich="true"/>
                    <text_922 jcr:primaryType="nt:unstructured"
                               sling:resourceType="help/components/article-3/text"
                               text="&lt;p&gt;/context/profile/blackList&lt;/p&gt;&#xA;"
                               textIsRich="true"/>
                    <text_923 jcr:primaryType="nt:unstructured"
                               sling:resourceType="help/components/article-3/text"
                               text="&lt;p&gt;Set the value to &lt;strong&gt;false&lt;/strong&gt; and click &#xA;&lt;span class=&#34;uicontrol&#34;&gt;Add&lt;/span&gt;&#xA;.&lt;/p&gt;&#xA;"
                               textIsRich="true"/>
                    <image_198 jcr:primaryType="nt:unstructured"
                                sling:resourceType="help/components/article-3/image"
                                jcr:title=""
                                alt=""
                                captionBottom=""
                                fileName="optin_confirmLP_newElement.png"
                                originalFileName="images/en/optin_confirmLP_newElement.png"
                                fileReference="/content/dam/help/en/campaign/standard/optin_confirmLP_newElement.png"
                                imageRotate="0"
                                originalHeight=""
                                originalWidth=""
                                scaleOption="toTemplate"
                                status="legacy"/>
                    <text_924 jcr:primaryType="nt:unstructured"
                               sling:resourceType="help/components/article-3/text"
                               text="&lt;p&gt;This context removes the blacklist field, in order to be able to send emails. We will see later that the first landing page was setting this field to &lt;strong&gt;true&lt;/strong&gt; before confirmation, to prevent from sending emails to non-confirmed profiles.&lt;/p&gt;&#xA;"
                               textIsRich="true"/>
                  </step_par>
               </step_424_0>
                <step_425_0 jcr:primaryType="nt:unstructured" sling:resourceType="help/components/step">
                  <step_par jcr:primaryType="nt:unstructured"
                            sling:resourceType="help/components/procedure/step_parsys">
                    <text_925 jcr:primaryType="nt:unstructured"
                               sling:resourceType="help/components/article-3/text"
                               text="&lt;p&gt;Customize the content of the landing page: you can display personalized data and change the label of the confirmation button to ‘Click here to confirm my subscription’ for example.&lt;/p&gt;&#xA;"
                               textIsRich="true"/>
                    <image_199 jcr:primaryType="nt:unstructured"
                                sling:resourceType="help/components/article-3/image"
                                jcr:title=""
                                alt=""
                                captionBottom=""
                                fileName="optin_confirmLP_design.png"
                                originalFileName="images/en/optin_confirmLP_design.png"
                                fileReference="/content/dam/help/en/campaign/standard/optin_confirmLP_design.png"
                                imageRotate="0"
                                originalHeight=""
                                originalWidth=""
                                scaleOption="toTemplate"
                                status="legacy"/>
                  </step_par>
               </step_425_0>
                <step_426_0 jcr:primaryType="nt:unstructured" sling:resourceType="help/components/step">
                  <step_par jcr:primaryType="nt:unstructured"
                            sling:resourceType="help/components/procedure/step_parsys">
                    <text_926 jcr:primaryType="nt:unstructured"
                               sling:resourceType="help/components/article-3/text"
                               text="&lt;p&gt;Adapt the content of the confirmation page to inform your subscribers that they are now registered.&lt;/p&gt;&#xA;"
                               textIsRich="true"/>
                    <image_200 jcr:primaryType="nt:unstructured"
                                sling:resourceType="help/components/article-3/image"
                                jcr:title=""
                                alt=""
                                captionBottom=""
                                fileName="optin_confimLP_page2.png"
                                originalFileName="images/en/optin_confimLP_page2.png"
                                fileReference="/content/dam/help/en/campaign/standard/optin_confimLP_page2.png"
                                imageRotate="0"
                                originalHeight=""
                                originalWidth=""
                                scaleOption="toTemplate"
                                status="legacy"/>
                  </step_par>
               </step_426_0>
                <step_427_0 jcr:primaryType="nt:unstructured" sling:resourceType="help/components/step">
                  <step_par jcr:primaryType="nt:unstructured"
                            sling:resourceType="help/components/procedure/step_parsys">
                    <text_927 jcr:primaryType="nt:unstructured"
                               sling:resourceType="help/components/article-3/text"
                               text="&lt;p&gt;&#xA;&#x9;&#x9;&#x9;&#x9;&#x9;&#x9;&#x9;&#x9;&#x9;&#x9;&#x9;&#xA;&#x9;&#x9;&#x9;&#x9;&#x9;&#x9;&#x9;&lt;a href=&#34;/content/help/en/campaign/standard/channels/using/sharing-a-landing-page.html&#34;&gt;Test and publish&lt;/a&gt; the landing page.&lt;/p&gt;&#xA;"
                               textIsRich="true"/>
                  </step_par>
               </step_427_0>
            </proc_par>
         </procedure_57_10>
        
        
            <header_122 jcr:primaryType="nt:unstructured" sling:resourceType="help/components/header"
                     id="step-2--create-the-confirmation-email"
                     level="2"
                     text="&lt;p&gt;Step 2: Create the confirmation email&lt;/p&gt;&#xA;"
                     textIsRich="'true'"/>
            <text_928 jcr:primaryType="nt:unstructured"
                   sling:resourceType="help/components/article-3/text"
                   text="&lt;p&gt;Once the confirmation landing page is created, you can design the confirmation email: this email will be automatically sent to every visitor who validates the acquisition landing page. This validation is considered as an event and the email is a transactional message, linked to a specific typology rule which allows to target opt-out populations.&lt;/p&gt;&#xA;"
                   textIsRich="true"/>
            <text_929 jcr:primaryType="nt:unstructured"
                   sling:resourceType="help/components/article-3/text"
                   text="&lt;p&gt;Steps to create these elements are described below. You need to follow them before creating the acquisition landing page itself as this email template will be referenced in it.&lt;/p&gt;&#xA;"
                   textIsRich="true"/>
            
                <header_123 jcr:primaryType="nt:unstructured" sling:resourceType="help/components/header"
                     id="create-the-event"
                     level="3"
                     text="&lt;p&gt;Create the event&lt;/p&gt;&#xA;"
                     textIsRich="'true'"/>
                <text_930 jcr:primaryType="nt:unstructured"
                   sling:resourceType="help/components/article-3/text"
                   text="&lt;p&gt;The confirmation email is a &#xA;&#x9;&#x9;&#x9;&#x9;&#x9;&#x9;&#x9;&#x9;&#x9;&#x9;&#x9;&#xA;&#x9;&#x9;&#x9;&#x9;&#x9;&#x9;&#x9;&lt;a href=&#34;/content/help/en/campaign/standard/channels/using/about-transactional-messaging.html&#34;&gt;transactional message&lt;/a&gt; as it reacts to an event: the validation of the form. You must first create the event and then create the template of the transactional message.&lt;/p&gt;&#xA;"
                   textIsRich="true"/>
                <procedure_58_10 jcr:primaryType="nt:unstructured"
                          sling:resourceType="help/components/procedure">
            <proc_par jcr:primaryType="nt:unstructured"
                      sling:resourceType="help/components/procedure/proc_parsys">
                    <step_428_0 jcr:primaryType="nt:unstructured" sling:resourceType="help/components/step">
                  <step_par jcr:primaryType="nt:unstructured"
                            sling:resourceType="help/components/procedure/step_parsys">
                        <text_931 jcr:primaryType="nt:unstructured"
                               sling:resourceType="help/components/article-3/text"
                               text="&lt;p&gt;Create an event, from the &#xA;&lt;span class=&#34;uicontrol&#34;&gt;Marketing plans&lt;/span&gt;&#xA; &gt; &#xA;&lt;span class=&#34;uicontrol&#34;&gt;Transactional messages&lt;/span&gt;&#xA; &gt; &#xA;&lt;span class=&#34;uicontrol&#34;&gt;Event configuration&lt;/span&gt;&#xA; menu, accessible from the Adobe Campaign logo, and enter the label '&lt;strong&gt;CONFIRM&lt;/strong&gt;'.&lt;/p&gt;&#xA;"
                               textIsRich="true"/>
                    </step_par>
               </step_428_0>
                    <step_429_0 jcr:primaryType="nt:unstructured" sling:resourceType="help/components/step">
                  <step_par jcr:primaryType="nt:unstructured"
                            sling:resourceType="help/components/procedure/step_parsys">
                        <text_932 jcr:primaryType="nt:unstructured"
                               sling:resourceType="help/components/article-3/text"
                               text="&lt;p&gt;Select the &#xA;&lt;span class=&#34;uicontrol&#34;&gt;Profile&lt;/span&gt;&#xA; targeting dimension and click &#xA;&lt;span class=&#34;uicontrol&#34;&gt;Create&lt;/span&gt;&#xA;.&lt;/p&gt;&#xA;"
                               textIsRich="true"/>
                        <image_201 jcr:primaryType="nt:unstructured"
                                sling:resourceType="help/components/article-3/image"
                                jcr:title=""
                                alt=""
                                captionBottom=""
                                fileName="optin_eventCreate.png"
                                originalFileName="images/en/optin_eventCreate.png"
                                fileReference="/content/dam/help/en/campaign/standard/optin_eventCreate.png"
                                imageRotate="0"
                                originalHeight=""
                                originalWidth=""
                                scaleOption="toTemplate"
                                status="legacy"/>
                    </step_par>
               </step_429_0>
                    <step_430_0 jcr:primaryType="nt:unstructured" sling:resourceType="help/components/step">
                  <step_par jcr:primaryType="nt:unstructured"
                            sling:resourceType="help/components/procedure/step_parsys">
                        <text_933 jcr:primaryType="nt:unstructured"
                               sling:resourceType="help/components/article-3/text"
                               text="&lt;p&gt;In the &#xA;&lt;span class=&#34;uicontrol&#34;&gt;Fields&lt;/span&gt;&#xA; section, click &#xA;&lt;span class=&#34;uicontrol&#34;&gt;Create element&lt;/span&gt;&#xA; and add the &#xA;&lt;span class=&#34;uicontrol&#34;&gt;email&lt;/span&gt;&#xA; in the data structure to enable reconciliation.&lt;/p&gt;&#xA;"
                               textIsRich="true"/>
                    </step_par>
               </step_430_0>
                    <step_431_0 jcr:primaryType="nt:unstructured" sling:resourceType="help/components/step">
                  <step_par jcr:primaryType="nt:unstructured"
                            sling:resourceType="help/components/procedure/step_parsys">
                        <text_934 jcr:primaryType="nt:unstructured"
                               sling:resourceType="help/components/article-3/text"
                               text="&lt;p&gt;In the &#xA;&lt;span class=&#34;uicontrol&#34;&gt;Enrichment&lt;/span&gt;&#xA; section, click &#xA;&lt;span class=&#34;uicontrol&#34;&gt;Create element&lt;/span&gt;&#xA; and select the target resource &#xA;&lt;span class=&#34;uicontrol&#34;&gt;Profile&lt;/span&gt;&#xA;. You can then map on the &#xA;&lt;span class=&#34;uicontrol&#34;&gt;email&lt;/span&gt;&#xA; in the &#xA;&lt;span class=&#34;uicontrol&#34;&gt;Join definition&lt;/span&gt;&#xA; section, or any other composite reconciliation key, depending on your needs.&lt;/p&gt;&#xA;"
                               textIsRich="true"/>
                        <image_202 jcr:primaryType="nt:unstructured"
                                sling:resourceType="help/components/article-3/image"
                                jcr:title=""
                                alt=""
                                captionBottom=""
                                fileName="optin_eventCreate_join.png"
                                originalFileName="images/en/optin_eventCreate_join.png"
                                fileReference="/content/dam/help/en/campaign/standard/optin_eventCreate_join.png"
                                imageRotate="0"
                                originalHeight=""
                                originalWidth=""
                                scaleOption="toTemplate"
                                status="legacy"/>
                        <text_935 jcr:primaryType="nt:unstructured"
                               sling:resourceType="help/components/article-3/text"
                               text="&lt;p&gt;If you need to use services, you can also add the &#xA;&lt;span class=&#34;uicontrol&#34;&gt;serviceName&lt;/span&gt;&#xA;.&lt;/p&gt;&#xA;"
                               textIsRich="true"/>
                    </step_par>
               </step_431_0>
                    <step_432_0 jcr:primaryType="nt:unstructured" sling:resourceType="help/components/step">
                  <step_par jcr:primaryType="nt:unstructured"
                            sling:resourceType="help/components/procedure/step_parsys">
                        <text_936 jcr:primaryType="nt:unstructured"
                               sling:resourceType="help/components/article-3/text"
                               text="&lt;p&gt;Select &#xA;&lt;span class=&#34;uicontrol&#34;&gt;Profile&lt;/span&gt;&#xA; as the &#xA;&lt;span class=&#34;uicontrol&#34;&gt;Targeting enrichment&lt;/span&gt;&#xA; in the dropdown list.&lt;/p&gt;&#xA;"
                               textIsRich="true"/>
                    </step_par>
               </step_432_0>
                    <step_433_0 jcr:primaryType="nt:unstructured" sling:resourceType="help/components/step">
                  <step_par jcr:primaryType="nt:unstructured"
                            sling:resourceType="help/components/procedure/step_parsys">
                        <text_937 jcr:primaryType="nt:unstructured"
                               sling:resourceType="help/components/article-3/text"
                               text="&lt;p&gt;Click &#xA;&lt;span class=&#34;uicontrol&#34;&gt;Publish&lt;/span&gt;&#xA; to publish the event.&lt;/p&gt;&#xA;"
                               textIsRich="true"/>
                    </step_par>
               </step_433_0>
                </proc_par>
         </procedure_58_10>
                <text_938 jcr:primaryType="nt:unstructured"
                   sling:resourceType="help/components/article-3/text"
                   text="&lt;p&gt;The event is ready. You can now design the email template. This template must include a link to the &lt;strong&gt;CONFIRMATION&lt;/strong&gt; landing page created before.&lt;/p&gt;&#xA;"
                   textIsRich="true"/>
            
            
                <header_124 jcr:primaryType="nt:unstructured" sling:resourceType="help/components/header"
                     id="create-the-typology-rule"
                     level="3"
                     text="&lt;p&gt;Create the typology rule&lt;/p&gt;&#xA;"
                     textIsRich="'true'"/>
                <text_939 jcr:primaryType="nt:unstructured"
                   sling:resourceType="help/components/article-3/text"
                   text="&lt;p&gt;You need to create a specific &#xA;&#x9;&#x9;&#x9;&#x9;&#x9;&#x9;&#x9;&#x9;&#x9;&#x9;&#x9;&#xA;&#x9;&#x9;&#x9;&#x9;&#x9;&#x9;&#x9;&lt;a href=&#34;/content/help/en/campaign/standard/administration/using/about-typology-rules.html&#34;&gt;typology rule&lt;/a&gt;, by duplicating an out-of-box one. This rule will allow to send messages to profiles who did not confirm their agreement yet and are still blacklisted. By default, typology rules exclude opt-out (i.e. blacklisted) profiles. To create this typology rule, follow these steps:&lt;/p&gt;&#xA;"
                   textIsRich="true"/>
                <procedure_59_10 jcr:primaryType="nt:unstructured"
                          sling:resourceType="help/components/procedure">
            <proc_par jcr:primaryType="nt:unstructured"
                      sling:resourceType="help/components/procedure/proc_parsys">
                    <step_434_0 jcr:primaryType="nt:unstructured" sling:resourceType="help/components/step">
                  <step_par jcr:primaryType="nt:unstructured"
                            sling:resourceType="help/components/procedure/step_parsys">
                        <text_940 jcr:primaryType="nt:unstructured"
                               sling:resourceType="help/components/article-3/text"
                               text="&lt;p&gt;From the Adobe Campaign logo, select &#xA;&lt;span class=&#34;uicontrol&#34;&gt;Administration&lt;/span&gt;&#xA; &gt; &#xA;&lt;span class=&#34;uicontrol&#34;&gt;Channels&lt;/span&gt;&#xA; &gt; &#xA;&lt;span class=&#34;uicontrol&#34;&gt;Typologies&lt;/span&gt;&#xA; and click &#xA;&lt;span class=&#34;uicontrol&#34;&gt;Typologies&lt;/span&gt;&#xA;.&lt;/p&gt;&#xA;"
                               textIsRich="true"/>
                    </step_par>
               </step_434_0>
                    <step_435_0 jcr:primaryType="nt:unstructured" sling:resourceType="help/components/step">
                  <step_par jcr:primaryType="nt:unstructured"
                            sling:resourceType="help/components/procedure/step_parsys">
                        <text_941 jcr:primaryType="nt:unstructured"
                               sling:resourceType="help/components/article-3/text"
                               text="&lt;p&gt;Duplicate the out-of-box typology &#xA;&lt;span class=&#34;uicontrol&#34;&gt;Transactional message on profile (mcTypologyProfile)&lt;/span&gt;&#xA;.&lt;/p&gt;&#xA;"
                               textIsRich="true"/>
                    </step_par>
               </step_435_0>
                    <step_436_0 jcr:primaryType="nt:unstructured" sling:resourceType="help/components/step">
                  <step_par jcr:primaryType="nt:unstructured"
                            sling:resourceType="help/components/procedure/step_parsys">
                        <text_942 jcr:primaryType="nt:unstructured"
                               sling:resourceType="help/components/article-3/text"
                               text="&lt;p&gt;Once duplication confirmed, edit the new typology and enter the label &lt;strong&gt;TYPOLOGY_PROFILE&lt;/strong&gt;.&lt;/p&gt;&#xA;"
                               textIsRich="true"/>
                    </step_par>
               </step_436_0>
                    <step_437_0 jcr:primaryType="nt:unstructured" sling:resourceType="help/components/step">
                  <step_par jcr:primaryType="nt:unstructured"
                            sling:resourceType="help/components/procedure/step_parsys">
                        <text_943 jcr:primaryType="nt:unstructured"
                               sling:resourceType="help/components/article-3/text"
                               text="&lt;p&gt;Click &#xA;&lt;span class=&#34;uicontrol&#34;&gt;Save&lt;/span&gt;&#xA;.&lt;/p&gt;&#xA;"
                               textIsRich="true"/>
                    </step_par>
               </step_437_0>
                </proc_par>
         </procedure_59_10>
                <text_944 jcr:primaryType="nt:unstructured"
                   sling:resourceType="help/components/article-3/text"
                   text="&lt;p&gt;This typology can now be associated to the confirmation email.&lt;/p&gt;&#xA;"
                   textIsRich="true"/>
            
            
                <header_125 jcr:primaryType="nt:unstructured" sling:resourceType="help/components/header"
                     id="design-the-confirmation-message"
                     level="3"
                     text="&lt;p&gt;Design the confirmation message&lt;/p&gt;&#xA;"
                     textIsRich="'true'"/>
                <text_945 jcr:primaryType="nt:unstructured"
                   sling:resourceType="help/components/article-3/text"
                   text="&lt;p&gt;The confirmation email is a transactional message based on the event created before. Follow the steps below to create this message:&lt;/p&gt;&#xA;"
                   textIsRich="true"/>
                <procedure_60_10 jcr:primaryType="nt:unstructured"
                          sling:resourceType="help/components/procedure">
            <proc_par jcr:primaryType="nt:unstructured"
                      sling:resourceType="help/components/procedure/proc_parsys">
                    <step_438_0 jcr:primaryType="nt:unstructured" sling:resourceType="help/components/step">
                  <step_par jcr:primaryType="nt:unstructured"
                            sling:resourceType="help/components/procedure/step_parsys">
                        <text_946 jcr:primaryType="nt:unstructured"
                               sling:resourceType="help/components/article-3/text"
                               text="&lt;p&gt;From the Adobe Campaign logo, select &#xA;&lt;span class=&#34;uicontrol&#34;&gt;Marketing plans&lt;/span&gt;&#xA; &gt; &#xA;&lt;span class=&#34;uicontrol&#34;&gt;Transactional messages&lt;/span&gt;&#xA; and click &#xA;&lt;span class=&#34;uicontrol&#34;&gt;Transactional messages&lt;/span&gt;&#xA;.&lt;/p&gt;&#xA;"
                               textIsRich="true"/>
                    </step_par>
               </step_438_0>
                    <step_439_0 jcr:primaryType="nt:unstructured" sling:resourceType="help/components/step">
                  <step_par jcr:primaryType="nt:unstructured"
                            sling:resourceType="help/components/procedure/step_parsys">
                        <text_947 jcr:primaryType="nt:unstructured"
                               sling:resourceType="help/components/article-3/text"
                               text="&lt;p&gt;Edit the &lt;strong&gt;CONFIRM&lt;/strong&gt; email template and personalize it. You can upload an existing content or use an out-of-box template.&lt;/p&gt;&#xA;"
                               textIsRich="true"/>
                    </step_par>
               </step_439_0>
                    <step_440_0 jcr:primaryType="nt:unstructured" sling:resourceType="help/components/step">
                  <step_par jcr:primaryType="nt:unstructured"
                            sling:resourceType="help/components/procedure/step_parsys">
                        <text_948 jcr:primaryType="nt:unstructured"
                               sling:resourceType="help/components/article-3/text"
                               text="&lt;p&gt;Add a link to the &lt;strong&gt;CONFIRMATION&lt;/strong&gt; landing page, and click &#xA;&lt;span class=&#34;uicontrol&#34;&gt;Confirm&lt;/span&gt;&#xA; to save modifications.&lt;/p&gt;&#xA;"
                               textIsRich="true"/>
                        <image_203 jcr:primaryType="nt:unstructured"
                                sling:resourceType="help/components/article-3/image"
                                jcr:title=""
                                alt=""
                                captionBottom=""
                                fileName="optin_email_selectLP.png"
                                originalFileName="images/en/optin_email_selectLP.png"
                                fileReference="/content/dam/help/en/campaign/standard/optin_email_selectLP.png"
                                imageRotate="0"
                                originalHeight=""
                                originalWidth=""
                                scaleOption="toTemplate"
                                status="legacy"/>
                    </step_par>
               </step_440_0>
                    <step_441_0 jcr:primaryType="nt:unstructured" sling:resourceType="help/components/step">
                  <step_par jcr:primaryType="nt:unstructured"
                            sling:resourceType="help/components/procedure/step_parsys">
                        <text_949 jcr:primaryType="nt:unstructured"
                               sling:resourceType="help/components/article-3/text"
                               text="&lt;p&gt;Edit the email template properties. In the &#xA;&lt;span class=&#34;uicontrol&#34;&gt;Advanced parameters&lt;/span&gt;&#xA; &gt; &#xA;&lt;span class=&#34;uicontrol&#34;&gt;Preparation&lt;/span&gt;&#xA; section, select the &lt;strong&gt;TYPOLOGY_PROFILE&lt;/strong&gt; typology created before.&lt;/p&gt;&#xA;"
                               textIsRich="true"/>
                    </step_par>
               </step_441_0>
                    <step_442_0 jcr:primaryType="nt:unstructured" sling:resourceType="help/components/step">
                  <step_par jcr:primaryType="nt:unstructured"
                            sling:resourceType="help/components/procedure/step_parsys">
                        <text_950 jcr:primaryType="nt:unstructured"
                               sling:resourceType="help/components/article-3/text"
                               text="&lt;p&gt;Save and publish the transactional message.&lt;/p&gt;&#xA;"
                               textIsRich="true"/>
                    </step_par>
               </step_442_0>
                </proc_par>
         </procedure_60_10>
            
        
        
            <header_126 jcr:primaryType="nt:unstructured" sling:resourceType="help/components/header"
                     id="step-3--create-the-acquisition-landing-page"
                     level="2"
                     text="&lt;p&gt;Step 3: Create the acquisition landing page&lt;/p&gt;&#xA;"
                     textIsRich="'true'"/>
            <text_951 jcr:primaryType="nt:unstructured"
                   sling:resourceType="help/components/article-3/text"
                   text="&lt;p&gt;You have to create the initial acquisition landing page: this op-in form will be published on your website.&lt;/p&gt;&#xA;"
                   textIsRich="true"/>
            <text_952 jcr:primaryType="nt:unstructured"
                   sling:resourceType="help/components/article-3/text"
                   text="&lt;p&gt;To create and configure this landing page, you need to:&lt;/p&gt;&#xA;"
                   textIsRich="true"/>
            <procedure_61_10 jcr:primaryType="nt:unstructured"
                          sling:resourceType="help/components/procedure">
            <proc_par jcr:primaryType="nt:unstructured"
                      sling:resourceType="help/components/procedure/proc_parsys">
                <step_443_0 jcr:primaryType="nt:unstructured" sling:resourceType="help/components/step">
                  <step_par jcr:primaryType="nt:unstructured"
                            sling:resourceType="help/components/procedure/step_parsys">
                    <text_953 jcr:primaryType="nt:unstructured"
                               sling:resourceType="help/components/article-3/text"
                               text="&lt;p&gt;Design a &#xA;&#x9;&#x9;&#x9;&#x9;&#x9;&#x9;&#x9;&#x9;&#x9;&#x9;&#x9;&#xA;&#x9;&#x9;&#x9;&#x9;&#x9;&#x9;&#x9;&lt;a href=&#34;/content/help/en/campaign/standard/channels/using/about-landing-pages.html&#34;&gt;new landing page&lt;/a&gt; based on the &#xA;&lt;span class=&#34;uicontrol&#34;&gt;Profile acquisition (acquisition)&lt;/span&gt;&#xA; template. Enter the label '&lt;strong&gt;ACQUISITION&lt;/strong&gt;'.&lt;/p&gt;&#xA;"
                               textIsRich="true"/>
                  </step_par>
               </step_443_0>
                <step_444_0 jcr:primaryType="nt:unstructured" sling:resourceType="help/components/step">
                  <step_par jcr:primaryType="nt:unstructured"
                            sling:resourceType="help/components/procedure/step_parsys">
                    <text_954 jcr:primaryType="nt:unstructured"
                               sling:resourceType="help/components/article-3/text"
                               text="&lt;p&gt;Edit the landing page properties: in the &#xA;&lt;span class=&#34;uicontrol&#34;&gt;Job&lt;/span&gt;&#xA; &gt; &#xA;&lt;span class=&#34;uicontrol&#34;&gt;Form parameter mapping&lt;/span&gt;&#xA; section, click &#xA;&lt;span class=&#34;uicontrol&#34;&gt;Add an element&lt;/span&gt;&#xA; and enter the following context path:&lt;/p&gt;&#xA;"
                               textIsRich="true"/>
                    <text_955 jcr:primaryType="nt:unstructured"
                               sling:resourceType="help/components/article-3/text"
                               text="&lt;p&gt;/context/profile/blackList&lt;/p&gt;&#xA;"
                               textIsRich="true"/>
                    <text_956 jcr:primaryType="nt:unstructured"
                               sling:resourceType="help/components/article-3/text"
                               text="&lt;p&gt;and set the value to &lt;strong&gt;true&lt;/strong&gt;. &lt;/p&gt;&#xA;"
                               textIsRich="true"/>
                    <text_957 jcr:primaryType="nt:unstructured"
                               sling:resourceType="help/components/article-3/text"
                               text="&lt;p&gt;This is mandatory to force blacklist and avoid sending messages to visitors who did not confirm their agreement. The validation of the CONFIRMATION landing page will set this field to &lt;strong&gt;false&lt;/strong&gt; after confirmation.&lt;/p&gt;&#xA;"
                               textIsRich="true"/>
                  </step_par>
               </step_444_0>
                <step_445_0 jcr:primaryType="nt:unstructured" sling:resourceType="help/components/step">
                  <step_par jcr:primaryType="nt:unstructured"
                            sling:resourceType="help/components/procedure/step_parsys">
                    <text_958 jcr:primaryType="nt:unstructured"
                               sling:resourceType="help/components/article-3/text"
                               text="&lt;p&gt; In the &#xA;&lt;span class=&#34;uicontrol&#34;&gt;Job&lt;/span&gt;&#xA; &gt; &#xA;&lt;span class=&#34;uicontrol&#34;&gt;Specific actions&lt;/span&gt;&#xA; section, select the option &#xA;&lt;span class=&#34;uicontrol&#34;&gt;Start sending messages&lt;/span&gt;&#xA;.&lt;/p&gt;&#xA;"
                               textIsRich="true"/>
                  </step_par>
               </step_445_0>
                <step_446_0 jcr:primaryType="nt:unstructured" sling:resourceType="help/components/step">
                  <step_par jcr:primaryType="nt:unstructured"
                            sling:resourceType="help/components/procedure/step_parsys">
                    <text_959 jcr:primaryType="nt:unstructured"
                               sling:resourceType="help/components/article-3/text"
                               text="&lt;p&gt;In the associated drop-down list, choose the &lt;strong&gt;CONFIRM&lt;/strong&gt; transactional message template you created.&lt;/p&gt;&#xA;"
                               textIsRich="true"/>
                    <image_204 jcr:primaryType="nt:unstructured"
                                sling:resourceType="help/components/article-3/image"
                                jcr:title=""
                                alt=""
                                captionBottom=""
                                fileName="optin_acquisition_startoption.png"
                                originalFileName="images/en/optin_acquisition_startoption.png"
                                fileReference="/content/dam/help/en/campaign/standard/optin_acquisition_startoption.png"
                                imageRotate="0"
                                originalHeight=""
                                originalWidth=""
                                scaleOption="toTemplate"
                                status="legacy"/>
                  </step_par>
               </step_446_0>
                <step_447_0 jcr:primaryType="nt:unstructured" sling:resourceType="help/components/step">
                  <step_par jcr:primaryType="nt:unstructured"
                            sling:resourceType="help/components/procedure/step_parsys">
                    <text_960 jcr:primaryType="nt:unstructured"
                               sling:resourceType="help/components/article-3/text"
                               text="&lt;p&gt;Customize the content of the landing page, depending on your brand and on data you need to acquire. You can display personalized data and change the label of the confirmation button to &lt;strong&gt;Confirm my subscription&lt;/strong&gt; for example.&lt;/p&gt;&#xA;"
                               textIsRich="true"/>
                    <image_205 jcr:primaryType="nt:unstructured"
                                sling:resourceType="help/components/article-3/image"
                                jcr:title=""
                                alt=""
                                captionBottom=""
                                fileName="optin_acquisition_page1.png"
                                originalFileName="images/en/optin_acquisition_page1.png"
                                fileReference="/content/dam/help/en/campaign/standard/optin_acquisition_page1.png"
                                imageRotate="0"
                                originalHeight=""
                                originalWidth=""
                                scaleOption="toTemplate"
                                status="legacy"/>
                  </step_par>
               </step_447_0>
                <step_448_0 jcr:primaryType="nt:unstructured" sling:resourceType="help/components/step">
                  <step_par jcr:primaryType="nt:unstructured"
                            sling:resourceType="help/components/procedure/step_parsys">
                    <text_961 jcr:primaryType="nt:unstructured"
                               sling:resourceType="help/components/article-3/text"
                               text="&lt;p&gt;Customize the confirmation page to inform the new subscriber that he needs to validate his subscription.&lt;/p&gt;&#xA;"
                               textIsRich="true"/>
                    <image_206 jcr:primaryType="nt:unstructured"
                                sling:resourceType="help/components/article-3/image"
                                jcr:title=""
                                alt=""
                                captionBottom=""
                                fileName="optin_acquisition_page2.png"
                                originalFileName="images/en/optin_acquisition_page2.png"
                                fileReference="/content/dam/help/en/campaign/standard/optin_acquisition_page2.png"
                                imageRotate="0"
                                originalHeight=""
                                originalWidth=""
                                scaleOption="toTemplate"
                                status="legacy"/>
                  </step_par>
               </step_448_0>
                <step_449_0 jcr:primaryType="nt:unstructured" sling:resourceType="help/components/step">
                  <step_par jcr:primaryType="nt:unstructured"
                            sling:resourceType="help/components/procedure/step_parsys">
                    <text_962 jcr:primaryType="nt:unstructured"
                               sling:resourceType="help/components/article-3/text"
                               text="&lt;p&gt;&#xA;&#x9;&#x9;&#x9;&#x9;&#x9;&#x9;&#x9;&#x9;&#x9;&#x9;&#x9;&#xA;&#x9;&#x9;&#x9;&#x9;&#x9;&#x9;&#x9;&lt;a href=&#34;/content/help/en/campaign/standard/channels/using/sharing-a-landing-page.html&#34;&gt;Test and publish&lt;/a&gt; the landing page.&lt;/p&gt;&#xA;"
                               textIsRich="true"/>
                  </step_par>
               </step_449_0>
            </proc_par>
         </procedure_61_10>
            <text_963 jcr:primaryType="nt:unstructured"
                   sling:resourceType="help/components/article-3/text"
                   text="&lt;p&gt;Double opt-in mechanism is now configured. You can run and test the procedure from end to end, starting from the public URL of this &#xA;&lt;span class=&#34;uicontrol&#34;&gt;ACQUISITION&lt;/span&gt;&#xA; landing page. This URL is displayed in the landing page dashboard.&lt;/p&gt;&#xA;"
                   textIsRich="true"/>
        
      </main-pars>
      <hero jcr:primaryType="nt:unstructured"
            sling:resourceType="foundation/components/image"/>
      <thumbnail jcr:primaryType="nt:unstructured"
                 sling:resourceType="foundation/components/image"/>
      <publisherLogo jcr:primaryType="nt:unstructured"
                     sling:resourceType="foundation/components/image"/>
   </jcr:content>
</jcr:root>