<?xml version="1.0" encoding="UTF-8"?>
<jcr:root xmlns:nt="http://www.jcp.org/jcr/nt/1.0" xmlns:json="http://json.org/"
          xmlns:sling="http://sling.apache.org/jcr/sling/1.0"
          xmlns:cq="http://www.day.com/jcr/cq/1.0"
          xmlns:jcr="http://www.jcp.org/jcr/1.0"
          xmlns:mix="http://www.jcp.org/jcr/mix/1.0"
          jcr:primaryType="cq:Page">
   <jcr:content cq:designPath="/etc/designs/help" cq:template="/apps/help/templates/morehelp"
                jcr:language="en_us"
                jcr:primaryType="cq:PageContent"
                jcr:title="Landing pages"
                sling:resourceType="help/components/morehelp"
                heroGradient="light"
                isContainer="true"
                contentOwner="sauviat"
                pageLayout="video"
                sideColumn="left"
                noIndex="true"
                preview="false"
                primaryProductTag="[products:SG_CAMPAIGN/STANDARD]"
                primaryAudienceTag="[audience:channels]"
                isReadyForLocalization="true">
      <main-pars jcr:primaryType="nt:unstructured">
         <dynamicpod jcr:primaryType="nt:unstructured"
                     sling:resourceType="help/components/dynamicpod"
                     keywordTags="[topic_tags:landing-pages]"
                     searchRoot="/content/help/en/campaign/standard/channels/using"
                     highlightArticles="[&#xA;&#x9;&#x9;&#x9;&#x9;&#x9;&#x9;&#x9;&#x9;&#x9;&#xA;&#x9;&#x9;&#x9;&#x9;&#x9;&#x9;&#x9;&#x9;&#x9;/content/help/en/campaign/standard/channels/using/setting-up-a-double-opt-in-process,/content/help/en/campaign/standard/channels/using/about-landing-pages,&#xA;&#x9;&#x9;&#x9;&#x9;&#x9;&#x9;&#x9;&#x9;&#x9;&#x9;&#x9;&#x9;/content/help/en/campaign/standard/channels/using/designing-a-landing-page,&#xA;&#x9;&#x9;&#x9;&#x9;&#x9;&#x9;&#x9;&#x9;&#x9;&#x9;&#x9;&#x9;/content/help/en/campaign/standard/channels/using/sharing-a-landing-page,&#xA;&#x9;&#x9;&#x9;&#x9;&#x9;&#x9;&#x9;&#x9;&#x9;&#x9;&#x9;&#x9;/content/help/en/campaign/standard/channels/using/data-storage-and-reconciliation,&#xA;&#x9;&#x9;&#x9;&#x9;&#x9;&#x9;&#x9;&#x9;&#x9;&#x9;&#x9;&#x9;]"
                     pathsFromQuery="[&#xA;&#x9;&#x9;&#x9;&#x9;&#x9;&#x9;&#x9;&#x9;&#x9;&#xA;&#x9;&#x9;&#x9;&#x9;&#x9;&#x9;&#x9;&#x9;&#x9;&#xA;&#x9;&#x9;&#x9;&#x9;&#x9;&#x9;&#x9;&#x9;&#x9;/content/help/en/campaign/standard/channels/using/setting-up-a-double-opt-in-process,/content/help/en/campaign/standard/channels/using/about-landing-pages,&#xA;&#x9;&#x9;&#x9;&#x9;&#x9;&#x9;&#x9;&#x9;&#x9;&#x9;&#x9;&#x9;/content/help/en/campaign/standard/channels/using/designing-a-landing-page,&#xA;&#x9;&#x9;&#x9;&#x9;&#x9;&#x9;&#x9;&#x9;&#x9;&#x9;&#x9;&#x9;/content/help/en/campaign/standard/channels/using/sharing-a-landing-page,&#xA;&#x9;&#x9;&#x9;&#x9;&#x9;&#x9;&#x9;&#x9;&#x9;&#x9;&#x9;&#x9;/content/help/en/campaign/standard/channels/using/data-storage-and-reconciliation,&#xA;&#x9;&#x9;&#x9;&#x9;&#x9;&#x9;&#x9;&#x9;&#x9;&#x9;&#x9;&#x9;]"/>
         <text jcr:primaryType="nt:unstructured" sling:resourceType="help/components/text"
               text="&lt;p&gt;Learn how to create and use landing pages to capture your audience's information and grow your database with Adobe Campaign.&lt;/p&gt;&#xA;"
               textIsRich="true"/>
      </main-pars>
      <hero jcr:primaryType="nt:unstructured"
            sling:resourceType="foundation/components/image"/>
      <thumbnail jcr:primaryType="nt:unstructured"
                 sling:resourceType="foundation/components/image"/>
      <publisherLogo jcr:primaryType="nt:unstructured"
                     sling:resourceType="foundation/components/image"/>
   </jcr:content>
</jcr:root>