<?xml version="1.0" encoding="UTF-8"?>
<jcr:root xmlns:nt="http://www.jcp.org/jcr/nt/1.0" xmlns:json="http://json.org/"
          xmlns:sling="http://sling.apache.org/jcr/sling/1.0"
          xmlns:cq="http://www.day.com/jcr/cq/1.0"
          xmlns:jcr="http://www.jcp.org/jcr/1.0"
          xmlns:mix="http://www.jcp.org/jcr/mix/1.0"
          jcr:primaryType="cq:Page">
   <jcr:content navTitle="About profiles and audiences" jcr:primaryType="cq:PageContent"
                sling:resourceType="help/components/pages/article-3"
                heroGradient="light"
                jcr:language="en_us"
                cq:designPath="/etc/designs/help"
                cq:template="/apps/help/templates/article-3"
                jcr:mixinTypes="[mix:versionable]"
                jcr:title="About profiles and audiences"
                jcr:description="About profiles and audiences"
                seoDescription="Learn about profiles and audiences management within Adobe Campaign: define targeted populations, select audiences, filter recipients, collect data and update profiles."
                primaryProductTag="[products:SG_CAMPAIGN/STANDARD]"
                cq:tags="[products:SG_CAMPAIGN/STANDARD,audience:audiences,content_type:reference,topic_tags:about-profiles-and-audiences]"
                primaryAudienceTag="[audience:audiences]"
                contentOwner="sauviat"
                isReadyForLocalization="true"
                publishExternalDate="2019-01-09">
      <main-pars jcr:primaryType="nt:unstructured"
                 sling:resourceType="foundation/components/parsys">
    
    
        <text_7 jcr:primaryType="nt:unstructured"
                 sling:resourceType="help/components/article-3/text"
                 text="&lt;p&gt;When you create campaigns or messages, you can specify the target of the deliveries by selecting from contacts in Campaign database, using simple or advanced criteria, or selecting audiences. &lt;/p&gt;&#xA;"
                 textIsRich="true"/>
        <text_8 jcr:primaryType="nt:unstructured"
                 sling:resourceType="help/components/article-3/text"
                 text="&lt;p&gt;Adobe Campaign builds rich customer profiles in real time, allowing you to deliver more relevant and personalized offers as your customer’s preferences change. In addition, Adobe Campaign integrates advanced analysis, data management and targeting functionalities to build audiences. &lt;/p&gt;&#xA;"
                 textIsRich="true"/>
        <procedure_0 jcr:primaryType="nt:unstructured"
                      sling:resourceType="help/components/procedure"
                      isBulleted="true">
            <proc_par jcr:primaryType="nt:unstructured"
                      sling:resourceType="help/components/procedure/proc_parsys">
               <step_0_0 jcr:primaryType="nt:unstructured" sling:resourceType="help/components/step">
                  <step_par jcr:primaryType="nt:unstructured"
                            sling:resourceType="help/components/procedure/step_parsys">
                     <text_9 jcr:primaryType="nt:unstructured"
                             sling:resourceType="help/components/article-3/text"
                             text="&lt;p&gt;Profiles are individual contacts stored in the database.&lt;/p&gt;&#xA;"
                             textIsRich="true"/>
                     <text_10 jcr:primaryType="nt:unstructured"
                              sling:resourceType="help/components/article-3/text"
                              text="&lt;p&gt; Each profile corresponds to one entry in the database which contains the necessary information for that profile to be targeted, qualified and individually tracked: Adobe Campaign can track every interaction from both online and offline channels and merge it into a single profile.&lt;/p&gt;&#xA;"
                              textIsRich="true"/>
                  </step_par>
               </step_0_0>
               <step_1_0 jcr:primaryType="nt:unstructured" sling:resourceType="help/components/step">
                  <step_par jcr:primaryType="nt:unstructured"
                            sling:resourceType="help/components/procedure/step_parsys">
                     <text_11 jcr:primaryType="nt:unstructured"
                              sling:resourceType="help/components/article-3/text"
                              text="&lt;p&gt;Audiences are lists of profiles built on a specific criteria, or set of criteria.&lt;/p&gt;&#xA;"
                              textIsRich="true"/>
                     <text_12 jcr:primaryType="nt:unstructured"
                              sling:resourceType="help/components/article-3/text"
                              text="&lt;p&gt;Using workflows and the query editor, you can construct audiences that will be targeted by your marketing campaigns, depending on the information that you have on them, their activities, and their marketing history. This allows you to filter subscribed profiles, sample, or create target audiences on an unlimited number of criteria.&lt;/p&gt;&#xA;"
                              textIsRich="true"/>
                  </step_par>
               </step_1_0>
            </proc_par>
         </procedure_0>
        <text_13 jcr:primaryType="nt:unstructured"
                  sling:resourceType="help/components/article-3/text"
                  text="&lt;p&gt;Before starting sending messages to a contact, you need to make sure that you get their permission. If not, your emails might be marked as a spam and this will impact your platform deliverability. To make sure to build a healthy profile database, secure this permission as a first step. With Campaign, we recommend you to use easy opt-in and opt-out mechanisms through &#xA;&#x9;&#x9;&#x9;&#x9;&#x9;&#x9;&#x9;&#x9;&#x9;&#x9;&#x9;&#xA;&#x9;&#x9;&#x9;&#x9;&#x9;&#x9;&#x9;&lt;a href=&#34;/content/help/en/campaign/standard/audiences/using/creating-a-service.html&#34;&gt;services&lt;/a&gt;, and &#xA;&#x9;&#x9;&#x9;&#x9;&#x9;&#x9;&#x9;&#x9;&#x9;&#x9;&#x9;&#xA;&#x9;&#x9;&#x9;&#x9;&#x9;&#x9;&#x9;&lt;a href=&#34;/content/help/en/campaign/standard/channels/using/about-landing-pages.html&#34;&gt;landing pages&lt;/a&gt; to update your contact information and grow your database.&lt;/p&gt;&#xA;"
                  textIsRich="true"/>
         <text_14 jcr:primaryType="nt:unstructured"
                  sling:resourceType="help/components/article-3/text"
                  text="&lt;p&gt;Providing unsubscription links in your messages will enable Profiles to be blacklisted, when necessary, and therefore to improve your platform deliverability. For more on blacklisting, refer to &#xA;&#x9;&#x9;&#x9;&#x9;&#x9;&#xA;&lt;a href=&#34;/content/help/en/campaign/standard/audiences/using/about-opt-in-and-opt-out-in-campaign.html&#34; target=&#34;_blank&#34;&gt;About opt-in and opt-out in Campaign&lt;/a&gt;.&lt;/p&gt;&#xA;"
                  textIsRich="true"/>
        <text_15 jcr:primaryType="nt:unstructured"
                  sling:resourceType="help/components/article-3/text"
                  text="&lt;p&gt;Identify customers more effectively across all your channels using integrated customer profiles and customized segments. When you know your customers, interests, demographics, and channel preferences, it’s easier to create personalized experiences that get noticed.&lt;/p&gt;&#xA;"
                  textIsRich="true"/>
         <caution_0 jcr:primaryType="nt:unstructured"
                    sling:resourceType="help/components/article-3/note"
                    text="&lt;p&gt;&#xA;        You must always respect &#xA;&lt;a href=&#34;http://www.adobe.com/legal/terms/aup.html&#34;&gt;Adobe Campaign acceptable use policy&lt;/a&gt;.&#xA;    &lt;/p&gt;&#xA;"
                    textIsRich="true"
                    type="caution"/>
         <text_17 jcr:primaryType="nt:unstructured"
                  sling:resourceType="help/components/article-3/text"
                  text="&lt;p&gt;GDPR is the European Union’s (EU) new privacy law that harmonizes and modernizes data protection requirements. GDPR applies to Adobe Campaign customers who hold data for Data Subjects residing in the EU. In addition to the privacy capabilities already available in Adobe Campaign (including consent management, data retention settings, and user roles), we are taking this opportunity in our role as a Data Processor to include additional capabilities, to help facilitate your readiness as a Data Controller for certain GDPR requests.&lt;/p&gt;&#xA;"
                  textIsRich="true"/>
         <text_18 jcr:primaryType="nt:unstructured"
                  sling:resourceType="help/components/article-3/text"
                  text="&lt;p&gt;Refer to this &#xA;&lt;a href=&#34;https://docs.campaign.adobe.com/doc/standard/getting_started/en/ACS_GDPR.html&#34;&gt;guide&lt;/a&gt; to learn more about the tools and functionalities that Adobe Campaign provides to help you become GDPR compliant.&lt;/p&gt;&#xA;"
                  textIsRich="true"/>
        <text_19 jcr:primaryType="nt:unstructured"
                  sling:resourceType="help/components/article-3/text"
                  text="&lt;p&gt;&lt;strong&gt;Related topics:&lt;/strong&gt;&lt;/p&gt;&#xA;"
                  textIsRich="true"/>
        <procedure_1 jcr:primaryType="nt:unstructured"
                      sling:resourceType="help/components/procedure"
                      isBulleted="true">
            <proc_par jcr:primaryType="nt:unstructured"
                      sling:resourceType="help/components/procedure/proc_parsys">
               <step_2_1 jcr:primaryType="nt:unstructured" sling:resourceType="help/components/step">
                  <step_par jcr:primaryType="nt:unstructured"
                            sling:resourceType="help/components/procedure/step_parsys">
                     <text_20 jcr:primaryType="nt:unstructured"
                              sling:resourceType="help/components/article-3/text"
                              text="&lt;p&gt;&#xA;&#x9;&#x9;&#x9;&#x9;&#x9;&#x9;&#x9;&#x9;&#x9;&#x9;&#x9;&#xA;&#x9;&#x9;&#x9;&#x9;&#x9;&#x9;&#x9;&lt;a href=&#34;/content/help/en/campaign/standard/audiences/using/creating-audiences.html&#34;&gt;Creating audiences&lt;/a&gt;&lt;/p&gt;&#xA;"
                              textIsRich="true"/>
                  </step_par>
               </step_2_1>
               <step_3_1 jcr:primaryType="nt:unstructured" sling:resourceType="help/components/step">
                  <step_par jcr:primaryType="nt:unstructured"
                            sling:resourceType="help/components/procedure/step_parsys">
                     <text_21 jcr:primaryType="nt:unstructured"
                              sling:resourceType="help/components/article-3/text"
                              text="&lt;p&gt;&#xA;&#x9;&#x9;&#x9;&#x9;&#x9;&#x9;&#x9;&#x9;&#x9;&#x9;&#x9;&#xA;&#x9;&#x9;&#x9;&#x9;&#x9;&#x9;&#x9;&lt;a href=&#34;/content/help/en/campaign/standard/audiences/using/creating-profiles.html&#34;&gt;Creating profiles&lt;/a&gt;&lt;/p&gt;&#xA;"
                              textIsRich="true"/>
                  </step_par>
               </step_3_1>
               <step_4_1 jcr:primaryType="nt:unstructured" sling:resourceType="help/components/step">
                  <step_par jcr:primaryType="nt:unstructured"
                            sling:resourceType="help/components/procedure/step_parsys">
                     <text_22 jcr:primaryType="nt:unstructured"
                              sling:resourceType="help/components/article-3/text"
                              text="&lt;p&gt;&#xA;&#x9;&#x9;&#x9;&#x9;&#x9;&#x9;&#x9;&#x9;&#x9;&#x9;&#x9;&#xA;&#x9;&#x9;&#x9;&#x9;&#x9;&#x9;&#x9;&lt;a href=&#34;/content/help/en/campaign/standard/audiences/using/integrated-customer-profile.html&#34;&gt;Integrated customer profile&lt;/a&gt;&lt;/p&gt;&#xA;"
                              textIsRich="true"/>
                  </step_par>
               </step_4_1>
               <step_5_1 jcr:primaryType="nt:unstructured" sling:resourceType="help/components/step">
                  <step_par jcr:primaryType="nt:unstructured"
                            sling:resourceType="help/components/procedure/step_parsys">
                     <text_23 jcr:primaryType="nt:unstructured"
                              sling:resourceType="help/components/article-3/text"
                              text="&lt;p&gt;&#xA;&#x9;&#x9;&#x9;&#x9;&#x9;&#xA;&lt;a href=&#34;/content/help/en/campaign/standard/audiences/using/about-opt-in-and-opt-out-in-campaign.html&#34; target=&#34;_blank&#34;&gt;About opt-in and opt-out in Campaign&lt;/a&gt;&lt;/p&gt;&#xA;"
                              textIsRich="true"/>
                  </step_par>
               </step_5_1>
            </proc_par>
         </procedure_1>
      </main-pars>
      <hero jcr:primaryType="nt:unstructured"
            sling:resourceType="foundation/components/image"/>
      <thumbnail jcr:primaryType="nt:unstructured"
                 sling:resourceType="foundation/components/image"/>
      <publisherLogo jcr:primaryType="nt:unstructured"
                     sling:resourceType="foundation/components/image"/>
   </jcr:content>
</jcr:root>