<?xml version="1.0" encoding="UTF-8"?>
<jcr:root xmlns:nt="http://www.jcp.org/jcr/nt/1.0" xmlns:json="http://json.org/"
          xmlns:sling="http://sling.apache.org/jcr/sling/1.0"
          xmlns:cq="http://www.day.com/jcr/cq/1.0"
          xmlns:jcr="http://www.jcp.org/jcr/1.0"
          xmlns:mix="http://www.jcp.org/jcr/mix/1.0"
          jcr:primaryType="cq:Page">
   <jcr:content navTitle="Active profiles" jcr:primaryType="cq:PageContent"
                sling:resourceType="help/components/pages/article-3"
                heroGradient="light"
                jcr:language="en_us"
                cq:designPath="/etc/designs/help"
                cq:template="/apps/help/templates/article-3"
                jcr:mixinTypes="[mix:versionable]"
                jcr:title="Active profiles"
                jcr:description="Active profiles"
                seoDescription="You can access a dedicated report on customer metrics and visualize active profiles in your Campaign database."
                primaryProductTag="[products:SG_CAMPAIGN/STANDARD]"
                cq:tags="[products:SG_CAMPAIGN/STANDARD,audience:audiences,content_type:reference,topic_tags:managing-profiles]"
                primaryAudienceTag="[audience:audiences]"
                contentOwner="sauviat"
                isReadyForLocalization="true"
                publishExternalDate="2019-01-09">
      <main-pars jcr:primaryType="nt:unstructured"
                 sling:resourceType="foundation/components/parsys">
        
        
        <text_85 jcr:primaryType="nt:unstructured"
                  sling:resourceType="help/components/article-3/text"
                  text="&lt;p&gt;Adobe Campaign provides a report that displays the number of active profiles. This report is only informative, it doesn't have a direct impact on billing. Only administrators can access this report, under &#xA;&lt;span class=&#34;uicontrol&#34;&gt;Administration &gt; Customer metrics&lt;/span&gt;&#xA;. &lt;/p&gt;&#xA;"
                  textIsRich="true"/>
        <image_8 jcr:primaryType="nt:unstructured"
                  sling:resourceType="help/components/article-3/image"
                  jcr:title=""
                  alt=""
                  captionBottom=""
                  fileName="audience_active_profiles1.png"
                  originalFileName="images/en/audience_active_profiles1.png"
                  fileReference="/content/dam/help/en/campaign/standard/audience_active_profiles1.png"
                  imageRotate="0"
                  originalHeight=""
                  originalWidth=""
                  scaleOption="toTemplate"
                  status="legacy"/>
        <text_86 jcr:primaryType="nt:unstructured"
                  sling:resourceType="help/components/article-3/text"
                  text="&lt;p&gt;The &#xA;&lt;span class=&#34;uicontrol&#34;&gt;Billing&lt;/span&gt;&#xA; technical workflow generates every month a report containing the number of active profiles that were targeted during the last 12-month rolling period. &lt;/p&gt;&#xA;"
                  textIsRich="true"/>
        <text_87 jcr:primaryType="nt:unstructured"
                  sling:resourceType="help/components/article-3/text"
                  text="&lt;p&gt;The profiles that were excluded during delivery preparation (typology rules, quarantines) are not taken into account. A profile that has been targeted by several deliveries will only be counted once. At the bottom of the report, you will find the list of active profiles for each targeting dimension.&lt;/p&gt;&#xA;"
                  textIsRich="true"/>
        <image_9 jcr:primaryType="nt:unstructured"
                  sling:resourceType="help/components/article-3/image"
                  jcr:title=""
                  alt=""
                  captionBottom=""
                  fileName="audience_active_profiles2.png"
                  originalFileName="images/en/audience_active_profiles2.png"
                  fileReference="/content/dam/help/en/campaign/standard/audience_active_profiles2.png"
                  imageRotate="0"
                  originalHeight=""
                  originalWidth=""
                  scaleOption="toTemplate"
                  status="legacy"/>
      </main-pars>
      <hero jcr:primaryType="nt:unstructured"
            sling:resourceType="foundation/components/image"/>
      <thumbnail jcr:primaryType="nt:unstructured"
                 sling:resourceType="foundation/components/image"/>
      <publisherLogo jcr:primaryType="nt:unstructured"
                     sling:resourceType="foundation/components/image"/>
   </jcr:content>
</jcr:root>