<?xml version="1.0" encoding="UTF-8"?>
<jcr:root xmlns:nt="http://www.jcp.org/jcr/nt/1.0" xmlns:json="http://json.org/"
          xmlns:sling="http://sling.apache.org/jcr/sling/1.0"
          xmlns:cq="http://www.day.com/jcr/cq/1.0"
          xmlns:jcr="http://www.jcp.org/jcr/1.0"
          xmlns:mix="http://www.jcp.org/jcr/mix/1.0"
          jcr:primaryType="cq:Page">
   <jcr:content navTitle="Creating profiles" jcr:primaryType="cq:PageContent"
                sling:resourceType="help/components/pages/article-3"
                heroGradient="light"
                jcr:language="en_us"
                cq:designPath="/etc/designs/help"
                cq:template="/apps/help/templates/article-3"
                jcr:mixinTypes="[mix:versionable]"
                jcr:title="Creating profiles"
                jcr:description="Creating profiles"
                seoDescription="Learn how to create profiles and collect data on your contacts, using APIs, import capabilities, online acquisition, automatic or manual updates."
                primaryProductTag="[products:SG_CAMPAIGN/STANDARD]"
                cq:tags="[products:SG_CAMPAIGN/STANDARD,audience:audiences,content_type:reference,topic_tags:managing-profiles]"
                primaryAudienceTag="[audience:audiences]"
                contentOwner="sauviat"
                isReadyForLocalization="true"
                publishExternalDate="2019-01-09">
      <main-pars jcr:primaryType="nt:unstructured"
                 sling:resourceType="foundation/components/parsys">
            
            
            <text_31 jcr:primaryType="nt:unstructured"
                  sling:resourceType="help/components/article-3/text"
                  text="&lt;p&gt;In Adobe Campaign, profiles are used by default to define the main target of messages. &lt;/p&gt;&#xA;"
                  textIsRich="true"/>
        <text_32 jcr:primaryType="nt:unstructured"
                  sling:resourceType="help/components/article-3/text"
                  text="&lt;p&gt;To create or update a profile in Campaign, you can:&lt;/p&gt;&#xA;"
                  textIsRich="true"/> 
         <procedure_2 jcr:primaryType="nt:unstructured"
                      sling:resourceType="help/components/procedure"
                      isBulleted="true">
            <proc_par jcr:primaryType="nt:unstructured"
                      sling:resourceType="help/components/procedure/proc_parsys">
                <step_6_2 jcr:primaryType="nt:unstructured" sling:resourceType="help/components/step">
                  <step_par jcr:primaryType="nt:unstructured"
                            sling:resourceType="help/components/procedure/step_parsys">
                    <text_33 jcr:primaryType="nt:unstructured"
                              sling:resourceType="help/components/article-3/text"
                              text="&lt;p&gt;Import a profile list from a file, via a &#xA;&lt;a href=&#34;https://helpx.adobe.com/campaign/kt/acs/using/acs-importing-profiles-feature-video-using.html&#34;&gt;workflow&lt;/a&gt;&lt;/p&gt;&#xA;"
                              textIsRich="true"/>
                  </step_par>
               </step_6_2>
                <step_7_2 jcr:primaryType="nt:unstructured" sling:resourceType="help/components/step">
                  <step_par jcr:primaryType="nt:unstructured"
                            sling:resourceType="help/components/procedure/step_parsys">
                    <text_34 jcr:primaryType="nt:unstructured"
                              sling:resourceType="help/components/article-3/text"
                              text="&lt;p&gt;Collect data online, via &#xA;&lt;a href=&#34;https://docs.campaign.adobe.com/doc/standard/getting_started/en/ACS_CreateLandingPage.html&#34;&gt;landing pages&lt;/a&gt;&lt;/p&gt;&#xA;"
                              textIsRich="true"/>
                  </step_par>
               </step_7_2>
                <step_8_2 jcr:primaryType="nt:unstructured" sling:resourceType="help/components/step">
                  <step_par jcr:primaryType="nt:unstructured"
                            sling:resourceType="help/components/procedure/step_parsys">
                    <text_35 jcr:primaryType="nt:unstructured"
                              sling:resourceType="help/components/article-3/text"
                              text="&lt;p&gt;Create bulk via &#xA;&lt;a href=&#34;http://docs.campaign.adobe.com/doc/standard/en/api/ACS_API.html&#34;&gt;REST API&lt;/a&gt;&lt;/p&gt;&#xA;"
                              textIsRich="true"/>
                  </step_par>
               </step_8_2>
               <step_9_2 jcr:primaryType="nt:unstructured" sling:resourceType="help/components/step">
                  <step_par jcr:primaryType="nt:unstructured"
                            sling:resourceType="help/components/procedure/step_parsys">
                     <text_36 jcr:primaryType="nt:unstructured"
                              sling:resourceType="help/components/article-3/text"
                              text="&lt;p&gt;Enter data using the graphical interface screens, as explained below&lt;/p&gt;&#xA;"
                              textIsRich="true"/>
                  </step_par>
               </step_9_2>
            </proc_par>
         </procedure_2>
            <text_37 jcr:primaryType="nt:unstructured"
                  sling:resourceType="help/components/article-3/text"
                  text="&lt;p&gt;As an example, to create a new profile directly in the user interface, follow the steps below:&lt;/p&gt;&#xA;"
                  textIsRich="true"/>
            <procedure_0_10 jcr:primaryType="nt:unstructured"
                         sling:resourceType="help/components/procedure">
            <proc_par jcr:primaryType="nt:unstructured"
                      sling:resourceType="help/components/procedure/proc_parsys">
                <step_10_0 jcr:primaryType="nt:unstructured" sling:resourceType="help/components/step">
                  <step_par jcr:primaryType="nt:unstructured"
                            sling:resourceType="help/components/procedure/step_parsys">
                    <text_38 jcr:primaryType="nt:unstructured"
                              sling:resourceType="help/components/article-3/text"
                              text="&lt;p&gt;From the Adobe Campaign home page, click the &lt;strong&gt;Customer Profiles&lt;/strong&gt; card or the &lt;strong&gt;Profiles&lt;/strong&gt; tab to access the list of profiles.&lt;/p&gt;&#xA;"
                              textIsRich="true"/>
                    <image_1 jcr:primaryType="nt:unstructured"
                              sling:resourceType="help/components/article-3/image"
                              jcr:title=""
                              alt=""
                              captionBottom=""
                              fileName="profile_creation_1.png"
                              originalFileName="images/en/profile_creation_1.png"
                              fileReference="/content/dam/help/en/campaign/standard/profile_creation_1.png"
                              imageRotate="0"
                              originalHeight=""
                              originalWidth=""
                              scaleOption="toTemplate"
                              status="legacy"/>
                  </step_par>
               </step_10_0>
                <step_11_0 jcr:primaryType="nt:unstructured" sling:resourceType="help/components/step">
                  <step_par jcr:primaryType="nt:unstructured"
                            sling:resourceType="help/components/procedure/step_parsys">
                    <text_39 jcr:primaryType="nt:unstructured"
                              sling:resourceType="help/components/article-3/text"
                              text="&lt;p&gt;Then click &#xA;&lt;span class=&#34;uicontrol&#34;&gt;Create&lt;/span&gt;&#xA;.&lt;/p&gt;&#xA;"
                              textIsRich="true"/>
                    <image_2 jcr:primaryType="nt:unstructured"
                              sling:resourceType="help/components/article-3/image"
                              jcr:title=""
                              alt=""
                              captionBottom=""
                              fileName="profile_creation.png"
                              originalFileName="images/en/profile_creation.png"
                              fileReference="/content/dam/help/en/campaign/standard/profile_creation.png"
                              imageRotate="0"
                              originalHeight=""
                              originalWidth=""
                              scaleOption="toTemplate"
                              status="legacy"/>
                  </step_par>
               </step_11_0>
                <step_12_0 jcr:primaryType="nt:unstructured" sling:resourceType="help/components/step">
                  <step_par jcr:primaryType="nt:unstructured"
                            sling:resourceType="help/components/procedure/step_parsys">
                    <text_40 jcr:primaryType="nt:unstructured"
                              sling:resourceType="help/components/article-3/text"
                              text="&lt;p&gt;Enter the profile data.&lt;/p&gt;&#xA;"
                              textIsRich="true"/>
                    <image_3 jcr:primaryType="nt:unstructured"
                              sling:resourceType="help/components/article-3/image"
                              jcr:title=""
                              alt=""
                              captionBottom=""
                              fileName="profile_creation1.png"
                              originalFileName="images/en/profile_creation1.png"
                              fileReference="/content/dam/help/en/campaign/standard/profile_creation1.png"
                              imageRotate="0"
                              originalHeight=""
                              originalWidth=""
                              scaleOption="toTemplate"
                              status="legacy"/>
                     <procedure_3 jcr:primaryType="nt:unstructured"
                                  sling:resourceType="help/components/procedure"
                                  isBulleted="true">
                        <proc_par jcr:primaryType="nt:unstructured"
                                  sling:resourceType="help/components/procedure/proc_parsys">
                           <step_12_3 jcr:primaryType="nt:unstructured" sling:resourceType="help/components/step">
                              <step_par jcr:primaryType="nt:unstructured"
                                        sling:resourceType="help/components/procedure/step_parsys">
                                 <text_41 jcr:primaryType="nt:unstructured"
                                          sling:resourceType="help/components/article-3/text"
                                          text="&lt;p&gt;The contact information, such as first name, last name, gender, date of birth, photo, preferred language (for &#xA;&#x9;&#x9;&#x9;&#x9;&#x9;&#x9;&#x9;&#x9;&#x9;&#x9;&#x9;&#xA;&#x9;&#x9;&#x9;&#x9;&#x9;&#x9;&#x9;&lt;a href=&#34;/content/help/en/campaign/standard/channels/using/creating-a-multilingual-email.html&#34;&gt;multilingual emails&lt;/a&gt;) helps better personalize deliveries.&lt;/p&gt;&#xA;"
                                          textIsRich="true"/>
                              </step_par>
                           </step_12_3>
                           <step_13_3 jcr:primaryType="nt:unstructured" sling:resourceType="help/components/step">
                              <step_par jcr:primaryType="nt:unstructured"
                                        sling:resourceType="help/components/procedure/step_parsys">
                                 <text_42 jcr:primaryType="nt:unstructured"
                                          sling:resourceType="help/components/article-3/text"
                                          text="&lt;p&gt;The &#xA;&lt;span class=&#34;uicontrol&#34;&gt;Channels&lt;/span&gt;&#xA; category, which contains the email address, mobile phone number, opt-out information, lets you know on which channel the profile is reachable.&lt;/p&gt;&#xA;"
                                          textIsRich="true"/>
                              </step_par>
                           </step_13_3>
                           <step_14_3 jcr:primaryType="nt:unstructured" sling:resourceType="help/components/step">
                              <step_par jcr:primaryType="nt:unstructured"
                                        sling:resourceType="help/components/procedure/step_parsys">
                                 <text_43 jcr:primaryType="nt:unstructured"
                                          sling:resourceType="help/components/article-3/text"
                                          text="&lt;p&gt;The &#xA;&lt;span class=&#34;uicontrol&#34;&gt;No longer contact&lt;/span&gt;&#xA; category is updated as soon as the profile unsubscribe to a channel.&lt;/p&gt;&#xA;"
                                          textIsRich="true"/>
                              </step_par>
                           </step_14_3>
                           <step_15_3 jcr:primaryType="nt:unstructured" sling:resourceType="help/components/step">
                              <step_par jcr:primaryType="nt:unstructured"
                                        sling:resourceType="help/components/procedure/step_parsys">
                                 <text_44 jcr:primaryType="nt:unstructured"
                                          sling:resourceType="help/components/article-3/text"
                                          text="&lt;p&gt;The &#xA;&lt;span class=&#34;uicontrol&#34;&gt;Address&lt;/span&gt;&#xA; category contains the postal address that needs to be filled along with the &#xA;&lt;span class=&#34;uicontrol&#34;&gt;Address specified&lt;/span&gt;&#xA; option to send &#xA;&#x9;&#x9;&#x9;&#x9;&#x9;&#x9;&#x9;&#x9;&#x9;&#x9;&#x9;&#xA;&#x9;&#x9;&#x9;&#x9;&#x9;&#x9;&#x9;&lt;a href=&#34;/content/help/en/campaign/standard/channels/using/about-direct-mail.html&#34;&gt;direct mail&lt;/a&gt; to this profile. If the &#xA;&lt;span class=&#34;uicontrol&#34;&gt;Address specified &lt;/span&gt;&#xA;option is not checked, this profile will be excluded from every direct mail delivery. &lt;/p&gt;&#xA;"
                                          textIsRich="true"/>
                                 <text_45 jcr:primaryType="nt:unstructured"
                                          sling:resourceType="help/components/article-3/text"
                                          text="&lt;p&gt;The profile's &#xA;&lt;span class=&#34;uicontrol&#34;&gt;Time zone&lt;/span&gt;&#xA; is used to send deliveries at the profile's time zone. For more on this, refer to this &#xA;&#x9;&#x9;&#x9;&#x9;&#x9;&#x9;&#x9;&#x9;&#x9;&#x9;&#x9;&#xA;&#x9;&#x9;&#x9;&#x9;&#x9;&#x9;&#x9;&lt;a href=&#34;/content/help/en/campaign/standard/sending/using/sending-messages-at-the-recipient-s-time-zone.html&#34;&gt;section&lt;/a&gt;. &lt;/p&gt;&#xA;"
                                          textIsRich="true"/>
                              </step_par>
                           </step_15_3>
                           <step_16_3 jcr:primaryType="nt:unstructured" sling:resourceType="help/components/step">
                              <step_par jcr:primaryType="nt:unstructured"
                                        sling:resourceType="help/components/procedure/step_parsys">
                                 <text_46 jcr:primaryType="nt:unstructured"
                                          sling:resourceType="help/components/article-3/text"
                                          text="&lt;p&gt;The &#xA;&lt;span class=&#34;uicontrol&#34;&gt;Access authorization&lt;/span&gt;&#xA; category indicates the profile's organizational units (to &#xA;&#x9;&#x9;&#x9;&#x9;&#x9;&#x9;&#x9;&#x9;&#x9;&#x9;&#x9;&#xA;&#x9;&#x9;&#x9;&#x9;&#x9;&#x9;&#x9;&lt;a href=&#34;/content/help/en/campaign/standard/administration/using/about-access-management.html&#34;&gt;manage permissions&lt;/a&gt;). See also &#xA;&#x9;&#x9;&#x9;&#x9;&#x9;&#x9;&#x9;&#x9;&#x9;&#x9;&#x9;&#xA;&#x9;&#x9;&#x9;&#x9;&#x9;&#x9;&#x9;&lt;a href=&#34;/content/help/en/campaign/standard/administration/using/organizational-units.html#partitioning-profiles&#34;&gt;Partitioning profiles&lt;/a&gt;.&lt;/p&gt;&#xA;"
                                          textIsRich="true"/>
                              </step_par>
                           </step_16_3>
                           <step_17_3 jcr:primaryType="nt:unstructured" sling:resourceType="help/components/step">
                              <step_par jcr:primaryType="nt:unstructured"
                                        sling:resourceType="help/components/procedure/step_parsys">
                                 <text_47 jcr:primaryType="nt:unstructured"
                                          sling:resourceType="help/components/article-3/text"
                                          text="&lt;p&gt;The &#xA;&lt;span class=&#34;uicontrol&#34;&gt;Traceability&lt;/span&gt;&#xA; category automatically updates with information concerning the user who created or modified the profile.&lt;/p&gt;&#xA;"
                                          textIsRich="true"/>
                              </step_par>
                           </step_17_3>
                        </proc_par>
                     </procedure_3>
                  </step_par>
               </step_12_0>
                <step_19_0 jcr:primaryType="nt:unstructured" sling:resourceType="help/components/step">
                  <step_par jcr:primaryType="nt:unstructured"
                            sling:resourceType="help/components/procedure/step_parsys">
                    <text_48 jcr:primaryType="nt:unstructured"
                              sling:resourceType="help/components/article-3/text"
                              text="&lt;p&gt;Click &#xA;&lt;span class=&#34;uicontrol&#34;&gt;Create&lt;/span&gt;&#xA; to save the profile.&lt;/p&gt;&#xA;"
                              textIsRich="true"/>
                  </step_par>
               </step_19_0>
            </proc_par>
         </procedure_0_10>
            <text_49 jcr:primaryType="nt:unstructured"
                  sling:resourceType="help/components/article-3/text"
                  text="&lt;p&gt;The profile will now appear in the list.&lt;/p&gt;&#xA;"
                  textIsRich="true"/>
         <text_50 jcr:primaryType="nt:unstructured"
                  sling:resourceType="help/components/article-3/text"
                  text="&lt;p&gt;Profiles can also be partitioned depending on their organizational units. To add the organizational fields to your profiles, refer to the &#xA;&#x9;&#x9;&#x9;&#x9;&#x9;&#x9;&#x9;&#x9;&#x9;&#x9;&#x9;&#xA;&#x9;&#x9;&#x9;&#x9;&#x9;&#x9;&#x9;&lt;a href=&#34;/content/help/en/campaign/standard/administration/using/organizational-units.html#partitioning-profiles&#34;&gt;Partitioning profiles&lt;/a&gt; section.&lt;/p&gt;&#xA;"
                  textIsRich="true"/>
            <note_0 jcr:primaryType="nt:unstructured"
                 sling:resourceType="help/components/article-3/note"
                 text="&lt;p&gt;&#xA;      The preferred language field is used to select the language when sending multilingual messages. For more information about the multilingual messages &#xA;&#x9;&#x9;&#x9;&#x9;&#x9;&#x9;&#x9;&#x9;&#x9;&#x9;&#x9;&#xA;&#x9;&#x9;&#x9;&#x9;&#x9;&#x9;&#x9;&lt;a href=&#34;/content/help/en/campaign/standard/channels/using/creating-a-multilingual-email.html&#34;&gt;refer to this page&lt;/a&gt;.&#xA;            &lt;/p&gt;&#xA;"
                 textIsRich="true"
                 type="note"/>
            <text_52 jcr:primaryType="nt:unstructured"
                  sling:resourceType="help/components/article-3/text"
                  text="&lt;p&gt;&lt;strong&gt;Related topics:&lt;/strong&gt;&lt;/p&gt;&#xA;"
                  textIsRich="true"/>
            <procedure_4 jcr:primaryType="nt:unstructured"
                      sling:resourceType="help/components/procedure"
                      isBulleted="true">
            <proc_par jcr:primaryType="nt:unstructured"
                      sling:resourceType="help/components/procedure/proc_parsys">
                <step_20_4 jcr:primaryType="nt:unstructured" sling:resourceType="help/components/step">
                  <step_par jcr:primaryType="nt:unstructured"
                            sling:resourceType="help/components/procedure/step_parsys">
                     <text_53 jcr:primaryType="nt:unstructured"
                              sling:resourceType="help/components/article-3/text"
                              text="&lt;p&gt;&#xA;&lt;a href=&#34;https://docs.campaign.adobe.com/doc/standard/getting_started/en/ACS_CreateLandingPage.html&#34;&gt;Creating a landing page&lt;/a&gt; step-by-step guide&lt;/p&gt;&#xA;"
                              textIsRich="true"/>
                  </step_par>
               </step_20_4>
                <step_21_4 jcr:primaryType="nt:unstructured" sling:resourceType="help/components/step">
                  <step_par jcr:primaryType="nt:unstructured"
                            sling:resourceType="help/components/procedure/step_parsys">
                     <text_54 jcr:primaryType="nt:unstructured"
                              sling:resourceType="help/components/article-3/text"
                              text="&lt;p&gt;&#xA;&lt;a href=&#34;https://helpx.adobe.com/campaign/kt/acs/using/acs-importing-profiles-feature-video-using.html&#34;&gt;Importing profiles&lt;/a&gt;&lt;/p&gt;&#xA;"
                              textIsRich="true"/>
                  </step_par>
               </step_21_4>
                <step_22_4 jcr:primaryType="nt:unstructured" sling:resourceType="help/components/step">
                  <step_par jcr:primaryType="nt:unstructured"
                            sling:resourceType="help/components/procedure/step_parsys">
                     <text_55 jcr:primaryType="nt:unstructured"
                              sling:resourceType="help/components/article-3/text"
                              text="&lt;p&gt;&#xA;&lt;a href=&#34;http://docs.campaign.adobe.com/doc/standard/en/api/ACS_API.html&#34;&gt;Adobe Campaign REST API Documentation&lt;/a&gt; (&#xA;&lt;span class=&#34;uicontrol&#34;&gt;Quick Starts&lt;/span&gt;&#xA; &gt; &#xA;&lt;span class=&#34;uicontrol&#34;&gt;How to create a profile&lt;/span&gt;&#xA;)&lt;/p&gt;&#xA;"
                              textIsRich="true"/>
                  </step_par>
               </step_22_4>
            </proc_par>
         </procedure_4>           
        </main-pars>
      <hero jcr:primaryType="nt:unstructured"
            sling:resourceType="foundation/components/image"/>
      <thumbnail jcr:primaryType="nt:unstructured"
                 sling:resourceType="foundation/components/image"/>
      <publisherLogo jcr:primaryType="nt:unstructured"
                     sling:resourceType="foundation/components/image"/>
   </jcr:content>
</jcr:root>