<?xml version="1.0" encoding="UTF-8"?>
<jcr:root xmlns:nt="http://www.jcp.org/jcr/nt/1.0" xmlns:json="http://json.org/"
          xmlns:sling="http://sling.apache.org/jcr/sling/1.0"
          xmlns:cq="http://www.day.com/jcr/cq/1.0"
          xmlns:jcr="http://www.jcp.org/jcr/1.0"
          xmlns:mix="http://www.jcp.org/jcr/mix/1.0"
          jcr:primaryType="cq:Page">
   <jcr:content navTitle="About email content design" jcr:primaryType="cq:PageContent"
                sling:resourceType="help/components/pages/article-3"
                heroGradient="light"
                jcr:language="en_us"
                cq:designPath="/etc/designs/help"
                cq:template="/apps/help/templates/article-3"
                jcr:mixinTypes="[mix:versionable]"
                jcr:title="About email content design"
                jcr:description="About email content design"
                seoDescription="Discover the Email Designer that enables you to design content for your emails."
                primaryProductTag="[products:SG_CAMPAIGN/STANDARD]"
                cq:tags="[products:SG_CAMPAIGN/STANDARD,audience:designing,content_type:reference,topic_tags:editing-email-content]"
                primaryAudienceTag="[audience:designing]"
                contentOwner="sauviat"
                isReadyForLocalization="true"
                publishExternalDate="2019-01-09">
      <main-pars jcr:primaryType="nt:unstructured"
                 sling:resourceType="foundation/components/parsys">
        
        
            
        
        <text_35 jcr:primaryType="nt:unstructured"
                  sling:resourceType="help/components/article-3/text"
                  text="&lt;p&gt;Use the Email Designer drag-and-drop interface to create and modify the content of your emails in Adobe Campaign.&lt;/p&gt;&#xA;"
                  textIsRich="true"/>
        <text_36 jcr:primaryType="nt:unstructured"
                  sling:resourceType="help/components/article-3/text"
                  text="&lt;p&gt;This section describes the specificities of the Email Designer:&lt;/p&gt;&#xA;"
                  textIsRich="true"/>
        <procedure_4 jcr:primaryType="nt:unstructured"
                      sling:resourceType="help/components/procedure"
                      isBulleted="true">
            <proc_par jcr:primaryType="nt:unstructured"
                      sling:resourceType="help/components/procedure/proc_parsys">
               <step_13_4 jcr:primaryType="nt:unstructured" sling:resourceType="help/components/step">
                  <step_par jcr:primaryType="nt:unstructured"
                            sling:resourceType="help/components/procedure/step_parsys">
                     <text_37 jcr:primaryType="nt:unstructured"
                              sling:resourceType="help/components/article-3/text"
                              text="&lt;p&gt;&#xA;&#x9;&#x9;&#x9;&#x9;&#x9;&#xA;&lt;a href=&#34;/content/help/en/campaign/standard/designing/using/about-email-content-design.html#about-the-email-designer&#34; target=&#34;_blank&#34;&gt;About the Email Designer&lt;/a&gt;&lt;/p&gt;&#xA;"
                              textIsRich="true"/>
                  </step_par>
               </step_13_4>
               <step_14_4 jcr:primaryType="nt:unstructured" sling:resourceType="help/components/step">
                  <step_par jcr:primaryType="nt:unstructured"
                            sling:resourceType="help/components/procedure/step_parsys">
                     <text_38 jcr:primaryType="nt:unstructured"
                              sling:resourceType="help/components/article-3/text"
                              text="&lt;p&gt;&#xA;&#x9;&#x9;&#x9;&#x9;&#x9;&#xA;&lt;a href=&#34;/content/help/en/campaign/standard/designing/using/defining-the-email-structure.html&#34; target=&#34;_blank&#34;&gt;Defining the email structure&lt;/a&gt;&lt;/p&gt;&#xA;"
                              textIsRich="true"/>
                  </step_par>
               </step_14_4>
               <step_15_4 jcr:primaryType="nt:unstructured" sling:resourceType="help/components/step">
                  <step_par jcr:primaryType="nt:unstructured"
                            sling:resourceType="help/components/procedure/step_parsys">
                     <text_39 jcr:primaryType="nt:unstructured"
                              sling:resourceType="help/components/article-3/text"
                              text="&lt;p&gt;&#xA;&#x9;&#x9;&#x9;&#x9;&#x9;&#xA;&lt;a href=&#34;/content/help/en/campaign/standard/designing/using/editing-email-styles.html&#34; target=&#34;_blank&#34;&gt;Editing email styles&lt;/a&gt;&lt;/p&gt;&#xA;"
                              textIsRich="true"/>
                  </step_par>
               </step_15_4>
            </proc_par>
         </procedure_4>
        <text_40 jcr:primaryType="nt:unstructured"
                  sling:resourceType="help/components/article-3/text"
                  text="&lt;p&gt;To know more about actions that are common to one or more marketing activities, refer to the following sections:&lt;/p&gt;&#xA;"
                  textIsRich="true"/>
        <procedure_5 jcr:primaryType="nt:unstructured"
                      sling:resourceType="help/components/procedure"
                      isBulleted="true">
            <proc_par jcr:primaryType="nt:unstructured"
                      sling:resourceType="help/components/procedure/proc_parsys">
               <step_16_5 jcr:primaryType="nt:unstructured" sling:resourceType="help/components/step">
                  <step_par jcr:primaryType="nt:unstructured"
                            sling:resourceType="help/components/procedure/step_parsys">
                     <text_41 jcr:primaryType="nt:unstructured"
                              sling:resourceType="help/components/article-3/text"
                              text="&lt;p&gt;For more on personalizing an email content, see &#xA;&#x9;&#x9;&#x9;&#x9;&#x9;&#xA;&lt;a href=&#34;/content/help/en/campaign/standard/designing/using/inserting-a-personalization-field.html&#34; target=&#34;_blank&#34;&gt;Inserting a personalization field&lt;/a&gt; and &#xA;&#x9;&#x9;&#x9;&#x9;&#x9;&#xA;&lt;a href=&#34;/content/help/en/campaign/standard/designing/using/adding-a-content-block.html&#34; target=&#34;_blank&#34;&gt;Adding a content block&lt;/a&gt;.&lt;/p&gt;&#xA;"
                              textIsRich="true"/>
                  </step_par>
               </step_16_5>
               <step_17_5 jcr:primaryType="nt:unstructured" sling:resourceType="help/components/step">
                  <step_par jcr:primaryType="nt:unstructured"
                            sling:resourceType="help/components/procedure/step_parsys">
                     <text_42 jcr:primaryType="nt:unstructured"
                              sling:resourceType="help/components/article-3/text"
                              text="&lt;p&gt;For more on importing another email content, see &#xA;&#x9;&#x9;&#x9;&#x9;&#x9;&#xA;&lt;a href=&#34;/content/help/en/campaign/standard/designing/using/selecting-an-existing-content.html&#34; target=&#34;_blank&#34;&gt;Selecting an existing content&lt;/a&gt;.&lt;/p&gt;&#xA;"
                              textIsRich="true"/>
                  </step_par>
               </step_17_5>
               <step_18_5 jcr:primaryType="nt:unstructured" sling:resourceType="help/components/step">
                  <step_par jcr:primaryType="nt:unstructured"
                            sling:resourceType="help/components/procedure/step_parsys">
                     <text_43 jcr:primaryType="nt:unstructured"
                              sling:resourceType="help/components/article-3/text"
                              text="&lt;p&gt;For more on defining dynamic content in an email, see &#xA;&#x9;&#x9;&#x9;&#x9;&#x9;&#xA;&lt;a href=&#34;/content/help/en/campaign/standard/designing/using/defining-dynamic-content-in-an-email.html&#34; target=&#34;_blank&#34;&gt;Defining dynamic content in an email&lt;/a&gt;.&lt;/p&gt;&#xA;"
                              textIsRich="true"/>
                  </step_par>
               </step_18_5>
               <step_19_5 jcr:primaryType="nt:unstructured" sling:resourceType="help/components/step">
                  <step_par jcr:primaryType="nt:unstructured"
                            sling:resourceType="help/components/procedure/step_parsys">
                     <text_44 jcr:primaryType="nt:unstructured"
                              sling:resourceType="help/components/article-3/text"
                              text="&lt;p&gt;For more on inserting links in an email, see &#xA;&#x9;&#x9;&#x9;&#x9;&#x9;&#xA;&lt;a href=&#34;/content/help/en/campaign/standard/designing/using/inserting-a-link.html&#34; target=&#34;_blank&#34;&gt;Inserting a link&lt;/a&gt;.&lt;/p&gt;&#xA;"
                              textIsRich="true"/>
                  </step_par>
               </step_19_5>
               <step_20_5 jcr:primaryType="nt:unstructured" sling:resourceType="help/components/step">
                  <step_par jcr:primaryType="nt:unstructured"
                            sling:resourceType="help/components/procedure/step_parsys">
                     <text_45 jcr:primaryType="nt:unstructured"
                              sling:resourceType="help/components/article-3/text"
                              text="&lt;p&gt;For more on inserting images in an email, see &#xA;&#x9;&#x9;&#x9;&#x9;&#x9;&#xA;&lt;a href=&#34;/content/help/en/campaign/standard/designing/using/inserting-images.html&#34; target=&#34;_blank&#34;&gt;Inserting images&lt;/a&gt;.&lt;/p&gt;&#xA;"
                              textIsRich="true"/>
                  </step_par>
               </step_20_5>
            </proc_par>
         </procedure_5>
        <text_46 jcr:primaryType="nt:unstructured"
                  sling:resourceType="help/components/article-3/text"
                  text="&lt;p&gt;Also check the &#xA;&#x9;&#x9;&#x9;&#x9;&#x9;&#x9;&#x9;&#x9;&#x9;&#x9;&#x9;&#xA;&#x9;&#x9;&#x9;&#x9;&#x9;&#x9;&#x9;&lt;a href=&#34;/content/help/en/campaign/standard/designing/using/content-design-best-practices.html&#34;&gt;general best practices for content design&lt;/a&gt;.&lt;/p&gt;&#xA;"
                  textIsRich="true"/>
        
        
            <header_6 jcr:primaryType="nt:unstructured" sling:resourceType="help/components/header"
                   id="about-the-email-designer"
                   level="2"
                   text="&lt;p&gt;About the Email Designer&lt;/p&gt;&#xA;"
                   textIsRich="'true'"/>
            
                
            
            <text_48 jcr:primaryType="nt:unstructured"
                  sling:resourceType="help/components/article-3/text"
                  text="&lt;p&gt;The Email Designer allows you to create email content and email content templates. It is compatible with simple emails, transactional emails, A/B test emails, multilingual emails, and recurring emails.&lt;/p&gt;&#xA;"
                  textIsRich="true"/>
            <text_49 jcr:primaryType="nt:unstructured"
                  sling:resourceType="help/components/article-3/text"
                  text="&lt;p&gt;To learn how to design an email from scratch using the Email Designer, watch this &#xA;&lt;a href=&#34;https://video.tv.adobe.com/v/22771/?autoplay=true&amp;hidetitle=true&#34;&gt;introduction video&lt;/a&gt;.&lt;/p&gt;&#xA;"
                  textIsRich="true"/>
            
                <header_7 jcr:primaryType="nt:unstructured" sling:resourceType="help/components/header"
                   id="email-designer-interface"
                   level="3"
                   text="&lt;p&gt;Email Designer interface&lt;/p&gt;&#xA;"
                   textIsRich="'true'"/>
                <text_50 jcr:primaryType="nt:unstructured"
                  sling:resourceType="help/components/article-3/text"
                  text="&lt;p&gt;The Email Designer provides many options that allow you to create, edit and customize every aspect of your content.&lt;/p&gt;&#xA;"
                  textIsRich="true"/>
                <text_51 jcr:primaryType="nt:unstructured"
                  sling:resourceType="help/components/article-3/text"
                  text="&lt;p&gt;The interface is composed of several areas offering different functionalities:&lt;/p&gt;&#xA;"
                  textIsRich="true"/>
                <image_0 jcr:primaryType="nt:unstructured"
                  sling:resourceType="help/components/article-3/image"
                  jcr:title=""
                  alt=""
                  captionBottom=""
                  fileName="email_designer_overview.png"
                  originalFileName="images/en/email_designer_overview.png"
                  fileReference="/content/dam/help/en/campaign/standard/email_designer_overview.png"
                  imageRotate="0"
                  originalHeight=""
                  originalWidth=""
                  scaleOption="toTemplate"
                  status="legacy"/>
                <text_52 jcr:primaryType="nt:unstructured"
                  sling:resourceType="help/components/article-3/text"
                  text="&lt;p&gt;From the elements available in the &lt;strong&gt;Palette&lt;/strong&gt; (3), drag and drop structure components and content fragments in the main &lt;strong&gt;Workspace&lt;/strong&gt; (1). Select a component or element in the &lt;strong&gt;Workspace&lt;/strong&gt; (1) and customize its main styling and display characteristics from the &lt;strong&gt;Settings&lt;/strong&gt; pane (2). &lt;/p&gt;&#xA;"
                  textIsRich="true"/>
                <text_53 jcr:primaryType="nt:unstructured"
                  sling:resourceType="help/components/article-3/text"
                  text="&lt;p&gt;Access more general options and settings from the main &lt;strong&gt;Toolbar&lt;/strong&gt; (4).&lt;/p&gt;&#xA;"
                  textIsRich="true"/>
                <note_0 jcr:primaryType="nt:unstructured"
                 sling:resourceType="help/components/article-3/note"
                 text="&lt;p&gt;&#xA;                    The &lt;strong&gt;Settings&lt;/strong&gt; pane can move to the left according to your screen resolution and display.&#xA;                &lt;/p&gt;&#xA;"
                 textIsRich="true"
                 type="note"/>
                <text_55 jcr:primaryType="nt:unstructured"
                  sling:resourceType="help/components/article-3/text"
                  text="&lt;p&gt;The &lt;strong&gt;Contextual toolbar&lt;/strong&gt; of the editor interface offers various functionalities depending on the zone selected. It contains action buttons and buttons that allow you to change the style of the text. The modifications carried out always apply to the zone selected.&lt;/p&gt;&#xA;"
                  textIsRich="true"/>
                
                
            
            
                <header_8 jcr:primaryType="nt:unstructured" sling:resourceType="help/components/header"
                   id="general-recommendations-for-using-the-email-designer"
                   level="3"
                   text="&lt;p&gt;General recommendations for using the Email Designer&lt;/p&gt;&#xA;"
                   textIsRich="'true'"/>
                <text_56 jcr:primaryType="nt:unstructured"
                  sling:resourceType="help/components/article-3/text"
                  text="&lt;p&gt;To make proper use of the Email Designer and create the best emails as simply as possible, we recommend applying the following principles:&lt;/p&gt;&#xA;"
                  textIsRich="true"/>
                <procedure_6 jcr:primaryType="nt:unstructured"
                      sling:resourceType="help/components/procedure"
                      isBulleted="true">
            <proc_par jcr:primaryType="nt:unstructured"
                      sling:resourceType="help/components/procedure/proc_parsys">
                    <step_21_6 jcr:primaryType="nt:unstructured" sling:resourceType="help/components/step">
                  <step_par jcr:primaryType="nt:unstructured"
                            sling:resourceType="help/components/procedure/step_parsys">
                        <text_57 jcr:primaryType="nt:unstructured"
                              sling:resourceType="help/components/article-3/text"
                              text="&lt;p&gt;Use inline styling rather than a separate CSS and CSS in the &amp;lt;head&amp;gt; section of the HTML. By using inline styling, you can optimize content fragment save and reuse.&lt;/p&gt;&#xA;"
                              textIsRich="true"/>
                        <text_58 jcr:primaryType="nt:unstructured"
                              sling:resourceType="help/components/article-3/text"
                              text="&lt;p&gt;See &#xA;&#x9;&#x9;&#x9;&#x9;&#x9;&#xA;&lt;a href=&#34;/content/help/en/campaign/standard/designing/using/editing-email-styles.html#adding-inline-styling-attributes&#34; target=&#34;_blank&#34;&gt;Adding inline styling attributes&lt;/a&gt;.&lt;/p&gt;&#xA;"
                              textIsRich="true"/>
                    </step_par>
               </step_21_6>
                    <step_22_6 jcr:primaryType="nt:unstructured" sling:resourceType="help/components/step">
                  <step_par jcr:primaryType="nt:unstructured"
                            sling:resourceType="help/components/procedure/step_parsys">
                        <text_59 jcr:primaryType="nt:unstructured"
                              sling:resourceType="help/components/article-3/text"
                              text="&lt;p&gt;Settle your branding easily by creating and reusing content fragments to keep consistency across your marketing campaigns.&lt;/p&gt;&#xA;"
                              textIsRich="true"/>
                        <text_60 jcr:primaryType="nt:unstructured"
                              sling:resourceType="help/components/article-3/text"
                              text="&lt;p&gt;See &#xA;&#x9;&#x9;&#x9;&#x9;&#x9;&#xA;&lt;a href=&#34;/content/help/en/campaign/standard/designing/using/defining-the-email-structure.html#creating-a-content-fragment&#34; target=&#34;_blank&#34;&gt;Creating a content fragment&lt;/a&gt;.&lt;/p&gt;&#xA;"
                              textIsRich="true"/>
                    </step_par>
               </step_22_6>
                </proc_par>
         </procedure_6>
                <text_61 jcr:primaryType="nt:unstructured"
                  sling:resourceType="help/components/article-3/text"
                  text="&lt;p&gt;Also check the &#xA;&#x9;&#x9;&#x9;&#x9;&#x9;&#x9;&#x9;&#x9;&#x9;&#x9;&#x9;&#xA;&#x9;&#x9;&#x9;&#x9;&#x9;&#x9;&#x9;&lt;a href=&#34;/content/help/en/campaign/standard/designing/using/content-design-best-practices.html&#34;&gt;general best practices for content design&lt;/a&gt;.&lt;/p&gt;&#xA;"
                  textIsRich="true"/>
            
            
                <header_9 jcr:primaryType="nt:unstructured" sling:resourceType="help/components/header"
                   id="email-designer-compatibility-mode"
                   level="3"
                   text="&lt;p&gt;Email Designer compatibility mode&lt;/p&gt;&#xA;"
                   textIsRich="'true'"/>
                <text_62 jcr:primaryType="nt:unstructured"
                  sling:resourceType="help/components/article-3/text"
                  text="&lt;p&gt;When you upload a content, it must contain specific tagging to be fully compliant and editable with the WYSIWYG editor of the Email Designer. For more on this specific tagging, see &#xA;&#x9;&#x9;&#x9;&#x9;&#x9;&#x9;&#x9;&#x9;&#x9;&#x9;&#x9;&#xA;&#x9;&#x9;&#x9;&#x9;&#x9;&#x9;&#x9;&lt;a href=&#34;/content/help/en/campaign/standard/designing/using/editing-existing-contents-with-the-email-designer.html#html-tagging-to-ensure-compatibility-with-the-email-designer&#34;&gt;this section&lt;/a&gt;.&lt;/p&gt;&#xA;"
                  textIsRich="true"/>
                <text_63 jcr:primaryType="nt:unstructured"
                  sling:resourceType="help/components/article-3/text"
                  text="&lt;p&gt;If all or part of the uploaded HTML is not compliant with the expected tagging, the content is then loaded in 'compatibility mode', which limits the edition possibilities through the UI.&lt;/p&gt;&#xA;"
                  textIsRich="true"/>
                <text_64 jcr:primaryType="nt:unstructured"
                  sling:resourceType="help/components/article-3/text"
                  text="&lt;p&gt;When a content is loaded in compatibility mode, you can still perform the following modifications through the interface (unavailable actions are hidden):&lt;/p&gt;&#xA;"
                  textIsRich="true"/>
                <procedure_7 jcr:primaryType="nt:unstructured"
                      sling:resourceType="help/components/procedure"
                      isBulleted="true">
            <proc_par jcr:primaryType="nt:unstructured"
                      sling:resourceType="help/components/procedure/proc_parsys">
                    <step_23_7 jcr:primaryType="nt:unstructured" sling:resourceType="help/components/step">
                  <step_par jcr:primaryType="nt:unstructured"
                            sling:resourceType="help/components/procedure/step_parsys">
                        <text_65 jcr:primaryType="nt:unstructured"
                              sling:resourceType="help/components/article-3/text"
                              text="&lt;p&gt;Changing the text or changing an image&lt;/p&gt;&#xA;"
                              textIsRich="true"/>
                    </step_par>
               </step_23_7>
                    <step_24_7 jcr:primaryType="nt:unstructured" sling:resourceType="help/components/step">
                  <step_par jcr:primaryType="nt:unstructured"
                            sling:resourceType="help/components/procedure/step_parsys">
                        <text_66 jcr:primaryType="nt:unstructured"
                              sling:resourceType="help/components/article-3/text"
                              text="&lt;p&gt;Inserting links and personalization fields&lt;/p&gt;&#xA;"
                              textIsRich="true"/>
                    </step_par>
               </step_24_7>
                    <step_25_7 jcr:primaryType="nt:unstructured" sling:resourceType="help/components/step">
                  <step_par jcr:primaryType="nt:unstructured"
                            sling:resourceType="help/components/procedure/step_parsys">
                        <text_67 jcr:primaryType="nt:unstructured"
                              sling:resourceType="help/components/article-3/text"
                              text="&lt;p&gt;Edit some styling options on the selected HTML block&lt;/p&gt;&#xA;"
                              textIsRich="true"/>
                    </step_par>
               </step_25_7>
                    <step_26_7 jcr:primaryType="nt:unstructured" sling:resourceType="help/components/step">
                  <step_par jcr:primaryType="nt:unstructured"
                            sling:resourceType="help/components/procedure/step_parsys">
                        <text_68 jcr:primaryType="nt:unstructured"
                              sling:resourceType="help/components/article-3/text"
                              text="&lt;p&gt;Defining conditional content&lt;/p&gt;&#xA;"
                              textIsRich="true"/>
                    </step_par>
               </step_26_7>
                </proc_par>
         </procedure_7>
                
                <image_1 jcr:primaryType="nt:unstructured"
                  sling:resourceType="help/components/article-3/image"
                  jcr:title=""
                  alt=""
                  captionBottom=""
                  fileName="email_designer_compatibility.png"
                  originalFileName="images/en/email_designer_compatibility.png"
                  fileReference="/content/dam/help/en/campaign/standard/email_designer_compatibility.png"
                  imageRotate="0"
                  originalHeight=""
                  originalWidth=""
                  scaleOption="toTemplate"
                  status="legacy"/>
                <text_69 jcr:primaryType="nt:unstructured"
                  sling:resourceType="help/components/article-3/text"
                  text="&lt;p&gt;Other modifications such as adding new sections to your email or advanced styling must be done directly in the source code of the email via the HTML mode.&lt;/p&gt;&#xA;"
                  textIsRich="true"/>
                
            
        
        
            <header_10 jcr:primaryType="nt:unstructured" sling:resourceType="help/components/header"
                    id="designing-an-email-content-from-scratch"
                    level="2"
                    text="&lt;p&gt;Designing an email content from scratch&lt;/p&gt;&#xA;"
                    textIsRich="'true'"/>
            <text_70 jcr:primaryType="nt:unstructured"
                  sling:resourceType="help/components/article-3/text"
                  text="&lt;p&gt;Here are the main steps to create and design an email content from scratch using the Email Designer:&lt;/p&gt;&#xA;"
                  textIsRich="true"/>
            <procedure_0_10 jcr:primaryType="nt:unstructured"
                         sling:resourceType="help/components/procedure">
            <proc_par jcr:primaryType="nt:unstructured"
                      sling:resourceType="help/components/procedure/proc_parsys">
                <step_27_0 jcr:primaryType="nt:unstructured" sling:resourceType="help/components/step">
                  <step_par jcr:primaryType="nt:unstructured"
                            sling:resourceType="help/components/procedure/step_parsys">
                    <text_71 jcr:primaryType="nt:unstructured"
                              sling:resourceType="help/components/article-3/text"
                              text="&lt;p&gt;Create an email and open its content.&lt;/p&gt;&#xA;"
                              textIsRich="true"/>
                  </step_par>
               </step_27_0>
                <step_28_0 jcr:primaryType="nt:unstructured" sling:resourceType="help/components/step">
                  <step_par jcr:primaryType="nt:unstructured"
                            sling:resourceType="help/components/procedure/step_parsys">
                    <text_72 jcr:primaryType="nt:unstructured"
                              sling:resourceType="help/components/article-3/text"
                              text="&lt;p&gt;Add structure components to shape the email. See &#xA;&#x9;&#x9;&#x9;&#x9;&#x9;&#xA;&lt;a href=&#34;/content/help/en/campaign/standard/designing/using/defining-the-email-structure.html#editing-the-email-structure&#34; target=&#34;_blank&#34;&gt;Editing the email structure&lt;/a&gt;.&lt;/p&gt;&#xA;"
                              textIsRich="true"/>
                  </step_par>
               </step_28_0>
                <step_29_0 jcr:primaryType="nt:unstructured" sling:resourceType="help/components/step">
                  <step_par jcr:primaryType="nt:unstructured"
                            sling:resourceType="help/components/procedure/step_parsys">
                    <text_73 jcr:primaryType="nt:unstructured"
                              sling:resourceType="help/components/article-3/text"
                              text="&lt;p&gt;Insert content components and fragments in the structure components. See &#xA;&#x9;&#x9;&#x9;&#x9;&#x9;&#xA;&lt;a href=&#34;/content/help/en/campaign/standard/designing/using/defining-the-email-structure.html#adding-fragments-and-content-components&#34; target=&#34;_blank&#34;&gt;Adding fragments and content components&lt;/a&gt;.&lt;/p&gt;&#xA;"
                              textIsRich="true"/>
                  </step_par>
               </step_29_0>
                <step_30_0 jcr:primaryType="nt:unstructured" sling:resourceType="help/components/step">
                  <step_par jcr:primaryType="nt:unstructured"
                            sling:resourceType="help/components/procedure/step_parsys">
                    <text_74 jcr:primaryType="nt:unstructured"
                              sling:resourceType="help/components/article-3/text"
                              text="&lt;p&gt;Add images and edit the text of the email. See &#xA;&#x9;&#x9;&#x9;&#x9;&#x9;&#xA;&lt;a href=&#34;/content/help/en/campaign/standard/designing/using/inserting-images.html&#34; target=&#34;_blank&#34;&gt;Inserting images&lt;/a&gt;.&lt;/p&gt;&#xA;"
                              textIsRich="true"/>
                  </step_par>
               </step_30_0>
                <step_31_0 jcr:primaryType="nt:unstructured" sling:resourceType="help/components/step">
                  <step_par jcr:primaryType="nt:unstructured"
                            sling:resourceType="help/components/procedure/step_parsys">
                    <text_75 jcr:primaryType="nt:unstructured"
                              sling:resourceType="help/components/article-3/text"
                              text="&lt;p&gt;Personalize your email by adding personalization fields, links, and so on. See &#xA;&#x9;&#x9;&#x9;&#x9;&#x9;&#xA;&lt;a href=&#34;/content/help/en/campaign/standard/designing/using/inserting-a-personalization-field.html&#34; target=&#34;_blank&#34;&gt;Inserting a personalization field&lt;/a&gt;, &#xA;&#x9;&#x9;&#x9;&#x9;&#x9;&#xA;&lt;a href=&#34;/content/help/en/campaign/standard/designing/using/inserting-a-link.html&#34; target=&#34;_blank&#34;&gt;Inserting a link&lt;/a&gt; and &#xA;&#x9;&#x9;&#x9;&#x9;&#x9;&#xA;&lt;a href=&#34;/content/help/en/campaign/standard/designing/using/defining-dynamic-content-in-an-email.html&#34; target=&#34;_blank&#34;&gt;Defining dynamic content in an email&lt;/a&gt;.&lt;/p&gt;&#xA;"
                              textIsRich="true"/>
                  </step_par>
               </step_31_0>
                <step_32_0 jcr:primaryType="nt:unstructured" sling:resourceType="help/components/step">
                  <step_par jcr:primaryType="nt:unstructured"
                            sling:resourceType="help/components/procedure/step_parsys">
                    <text_76 jcr:primaryType="nt:unstructured"
                              sling:resourceType="help/components/article-3/text"
                              text="&lt;p&gt;Define the subject line of your email. See &#xA;&#x9;&#x9;&#x9;&#x9;&#x9;&#xA;&lt;a href=&#34;/content/help/en/campaign/standard/designing/using/personalizing-the-subject-line-of-an-email.html&#34; target=&#34;_blank&#34;&gt;Personalizing the subject line of an email&lt;/a&gt;.&lt;/p&gt;&#xA;"
                              textIsRich="true"/>
                  </step_par>
               </step_32_0>
                <step_33_0 jcr:primaryType="nt:unstructured" sling:resourceType="help/components/step">
                  <step_par jcr:primaryType="nt:unstructured"
                            sling:resourceType="help/components/procedure/step_parsys">
                    <text_77 jcr:primaryType="nt:unstructured"
                              sling:resourceType="help/components/article-3/text"
                              text="&lt;p&gt;Preview your email.&lt;/p&gt;&#xA;"
                              textIsRich="true"/>
                  </step_par>
               </step_33_0>
                <step_34_0 jcr:primaryType="nt:unstructured" sling:resourceType="help/components/step">
                  <step_par jcr:primaryType="nt:unstructured"
                            sling:resourceType="help/components/procedure/step_parsys">
                    <text_78 jcr:primaryType="nt:unstructured"
                              sling:resourceType="help/components/article-3/text"
                              text="&lt;p&gt;Save your content, and proceed with your message after making sure that you have defined an audience and properly scheduled the sending.&lt;/p&gt;&#xA;"
                              textIsRich="true"/>
                  </step_par>
               </step_34_0>
            </proc_par>
         </procedure_0_10>
            <text_79 jcr:primaryType="nt:unstructured"
                  sling:resourceType="help/components/article-3/text"
                  text="&lt;p&gt;You can also check out this &#xA;&lt;a href=&#34;https://video.tv.adobe.com/v/22771/?autoplay=true&amp;hidetitle=true&#34;&gt;introduction video&lt;/a&gt;.&lt;/p&gt;&#xA;"
                  textIsRich="true"/>
            <note_1 jcr:primaryType="nt:unstructured"
                 sling:resourceType="help/components/article-3/note"
                 text="&lt;p&gt;&#xA;                To avoid designing email content from scratch, you can use out-of-the-box content templates. For more on this, see &#xA;&#x9;&#x9;&#x9;&#x9;&#x9;&#x9;&#x9;&#x9;&#x9;&#x9;&#x9;&#xA;&#x9;&#x9;&#x9;&#x9;&#x9;&#x9;&#x9;&lt;a href=&#34;/content/help/en/campaign/standard/start/using/about-templates.html#content-templates&#34;&gt;Content templates&lt;/a&gt;.&#xA;            &lt;/p&gt;&#xA;"
                 textIsRich="true"
                 type="note"/>
            <text_81 jcr:primaryType="nt:unstructured"
                  sling:resourceType="help/components/article-3/text"
                  text="&lt;p&gt;&lt;strong&gt;Related topics&lt;/strong&gt;:&lt;/p&gt;&#xA;"
                  textIsRich="true"/>
            <procedure_8 jcr:primaryType="nt:unstructured"
                      sling:resourceType="help/components/procedure"
                      isBulleted="true">
            <proc_par jcr:primaryType="nt:unstructured"
                      sling:resourceType="help/components/procedure/proc_parsys">
                <step_35_8 jcr:primaryType="nt:unstructured" sling:resourceType="help/components/step">
                  <step_par jcr:primaryType="nt:unstructured"
                            sling:resourceType="help/components/procedure/step_parsys">
                    <text_82 jcr:primaryType="nt:unstructured"
                              sling:resourceType="help/components/article-3/text"
                              text="&lt;p&gt;&#xA;&#x9;&#x9;&#x9;&#x9;&#x9;&#x9;&#x9;&#x9;&#x9;&#x9;&#x9;&#xA;&#x9;&#x9;&#x9;&#x9;&#x9;&#x9;&#x9;&lt;a href=&#34;/content/help/en/campaign/standard/channels/using/creating-an-email.html&#34;&gt;Creating an email&lt;/a&gt;&lt;/p&gt;&#xA;"
                              textIsRich="true"/>
                  </step_par>
               </step_35_8>
                <step_36_8 jcr:primaryType="nt:unstructured" sling:resourceType="help/components/step">
                  <step_par jcr:primaryType="nt:unstructured"
                            sling:resourceType="help/components/procedure/step_parsys">
                    <text_83 jcr:primaryType="nt:unstructured"
                              sling:resourceType="help/components/article-3/text"
                              text="&lt;p&gt;&#xA;&#x9;&#x9;&#x9;&#x9;&#x9;&#x9;&#x9;&#x9;&#x9;&#x9;&#x9;&#xA;&#x9;&#x9;&#x9;&#x9;&#x9;&#x9;&#x9;&lt;a href=&#34;/content/help/en/campaign/standard/designing/using/selecting-an-existing-content.html&#34;&gt;Selecting an existing content&lt;/a&gt;&lt;/p&gt;&#xA;"
                              textIsRich="true"/>
                  </step_par>
               </step_36_8>
                <step_37_8 jcr:primaryType="nt:unstructured" sling:resourceType="help/components/step">
                  <step_par jcr:primaryType="nt:unstructured"
                            sling:resourceType="help/components/procedure/step_parsys">
                    <text_84 jcr:primaryType="nt:unstructured"
                              sling:resourceType="help/components/article-3/text"
                              text="&lt;p&gt;&#xA;&#x9;&#x9;&#x9;&#x9;&#x9;&#x9;&#x9;&#x9;&#x9;&#x9;&#x9;&#xA;&#x9;&#x9;&#x9;&#x9;&#x9;&#x9;&#x9;&lt;a href=&#34;/content/help/en/campaign/standard/audiences/using/selecting-an-audience-in-a-message.html&#34;&gt;Selecting an audience in a message&lt;/a&gt;&lt;/p&gt;&#xA;"
                              textIsRich="true"/>
                  </step_par>
               </step_37_8>
                <step_38_8 jcr:primaryType="nt:unstructured" sling:resourceType="help/components/step">
                  <step_par jcr:primaryType="nt:unstructured"
                            sling:resourceType="help/components/procedure/step_parsys">
                    <text_85 jcr:primaryType="nt:unstructured"
                              sling:resourceType="help/components/article-3/text"
                              text="&lt;p&gt;&#xA;&#x9;&#x9;&#x9;&#x9;&#x9;&#x9;&#x9;&#x9;&#x9;&#x9;&#x9;&#xA;&#x9;&#x9;&#x9;&#x9;&#x9;&#x9;&#x9;&lt;a href=&#34;/content/help/en/campaign/standard/sending/using/about-scheduling-messages.html&#34;&gt;Scheduling messages&lt;/a&gt;&lt;/p&gt;&#xA;"
                              textIsRich="true"/>
                  </step_par>
               </step_38_8>
                <step_39_8 jcr:primaryType="nt:unstructured" sling:resourceType="help/components/step">
                  <step_par jcr:primaryType="nt:unstructured"
                            sling:resourceType="help/components/procedure/step_parsys">
                    <text_86 jcr:primaryType="nt:unstructured"
                              sling:resourceType="help/components/article-3/text"
                              text="&lt;p&gt;&#xA;&#x9;&#x9;&#x9;&#x9;&#x9;&#x9;&#x9;&#x9;&#x9;&#x9;&#x9;&#xA;&#x9;&#x9;&#x9;&#x9;&#x9;&#x9;&#x9;&lt;a href=&#34;/content/help/en/campaign/standard/sending/using/previewing-messages.html&#34;&gt;Previewing messages&lt;/a&gt;&lt;/p&gt;&#xA;"
                              textIsRich="true"/>
                  </step_par>
               </step_39_8>
                <step_40_8 jcr:primaryType="nt:unstructured" sling:resourceType="help/components/step">
                  <step_par jcr:primaryType="nt:unstructured"
                            sling:resourceType="help/components/procedure/step_parsys">
                    <text_87 jcr:primaryType="nt:unstructured"
                              sling:resourceType="help/components/article-3/text"
                              text="&lt;p&gt;&#xA;&#x9;&#x9;&#x9;&#x9;&#x9;&#x9;&#x9;&#x9;&#x9;&#x9;&#x9;&#xA;&#x9;&#x9;&#x9;&#x9;&#x9;&#x9;&#x9;&lt;a href=&#34;/content/help/en/campaign/standard/sending/using/email-rendering.html&#34;&gt;Email rendering&lt;/a&gt;&lt;/p&gt;&#xA;"
                              textIsRich="true"/>
                  </step_par>
               </step_40_8>
            </proc_par>
         </procedure_8>
        
        
            <header_11 jcr:primaryType="nt:unstructured" sling:resourceType="help/components/header"
                    id="switching-to-mobile-view"
                    level="2"
                    text="&lt;p&gt;Switching to mobile view&lt;/p&gt;&#xA;"
                    textIsRich="'true'"/>
            <text_88 jcr:primaryType="nt:unstructured"
                  sling:resourceType="help/components/article-3/text"
                  text="&lt;p&gt;You can fine-tune the responsive design of an email by separately editing all style options for mobile display. For example, you can adapt margins and padding, use smaller or bigger font sizes or apply different background colors that will be specific to the mobile version of your email.&lt;/p&gt;&#xA;"
                  textIsRich="true"/>
            <text_89 jcr:primaryType="nt:unstructured"
                  sling:resourceType="help/components/article-3/text"
                  text="&lt;p&gt;All style options are available in mobile view. The Email Designer style settings are presented in the &#xA;&#x9;&#x9;&#x9;&#x9;&#x9;&#x9;&#x9;&#x9;&#x9;&#x9;&#x9;&#xA;&#x9;&#x9;&#x9;&#x9;&#x9;&#x9;&#x9;&lt;a href=&#34;/content/help/en/campaign/standard/designing/using/editing-email-styles.html&#34;&gt;Editing email styles&lt;/a&gt; section.&lt;/p&gt;&#xA;"
                  textIsRich="true"/>
            <procedure_1_10 jcr:primaryType="nt:unstructured"
                         sling:resourceType="help/components/procedure">
            <proc_par jcr:primaryType="nt:unstructured"
                      sling:resourceType="help/components/procedure/proc_parsys">
                <step_41_0 jcr:primaryType="nt:unstructured" sling:resourceType="help/components/step">
                  <step_par jcr:primaryType="nt:unstructured"
                            sling:resourceType="help/components/procedure/step_parsys">
                    <text_90 jcr:primaryType="nt:unstructured"
                              sling:resourceType="help/components/article-3/text"
                              text="&lt;p&gt;Create an email and start editing the content. For more on this, see &#xA;&#x9;&#x9;&#x9;&#x9;&#x9;&#xA;&lt;a href=&#34;/content/help/en/campaign/standard/designing/using/about-email-content-design.html#designing-an-email-content-from-scratch&#34; target=&#34;_blank&#34;&gt;Designing an email content from scratch&lt;/a&gt;.&lt;/p&gt;&#xA;"
                              textIsRich="true"/>
                  </step_par>
               </step_41_0>
                <step_42_0 jcr:primaryType="nt:unstructured" sling:resourceType="help/components/step">
                  <step_par jcr:primaryType="nt:unstructured"
                            sling:resourceType="help/components/procedure/step_parsys">
                    <text_91 jcr:primaryType="nt:unstructured"
                              sling:resourceType="help/components/article-3/text"
                              text="&lt;p&gt;To access the dedicated mobile view, select the &#xA;&lt;span class=&#34;uicontrol&#34;&gt;Switch to mobile view&lt;/span&gt;&#xA; button.&lt;/p&gt;&#xA;"
                              textIsRich="true"/>
                    <image_2 jcr:primaryType="nt:unstructured"
                              sling:resourceType="help/components/article-3/image"
                              jcr:title=""
                              alt=""
                              captionBottom=""
                              fileName="email_designer_mobile_view_switch.png"
                              originalFileName="images/en/email_designer_mobile_view_switch.png"
                              fileReference="/content/dam/help/en/campaign/standard/email_designer_mobile_view_switch.png"
                              imageRotate="0"
                              originalHeight=""
                              originalWidth=""
                              scaleOption="toTemplate"
                              status="legacy"/>
                    <text_92 jcr:primaryType="nt:unstructured"
                              sling:resourceType="help/components/article-3/text"
                              text="&lt;p&gt;The mobile version of the email is displayed. It contains all the components and styles that were defined in desktop view.&lt;/p&gt;&#xA;"
                              textIsRich="true"/>
                    <image_3 jcr:primaryType="nt:unstructured"
                              sling:resourceType="help/components/article-3/image"
                              jcr:title=""
                              alt=""
                              captionBottom=""
                              fileName="email_designer_mobile_view.png"
                              originalFileName="images/en/email_designer_mobile_view.png"
                              fileReference="/content/dam/help/en/campaign/standard/email_designer_mobile_view.png"
                              imageRotate="0"
                              originalHeight=""
                              originalWidth=""
                              scaleOption="toTemplate"
                              status="legacy"/>
                  </step_par>
               </step_42_0>
                <step_43_0 jcr:primaryType="nt:unstructured" sling:resourceType="help/components/step">
                  <step_par jcr:primaryType="nt:unstructured"
                            sling:resourceType="help/components/procedure/step_parsys">
                    <text_93 jcr:primaryType="nt:unstructured"
                              sling:resourceType="help/components/article-3/text"
                              text="&lt;p&gt;You can edit independently all style settings such as background color, alignment, padding, margin, font family, text color, and so on.&lt;/p&gt;&#xA;"
                              textIsRich="true"/>
                  </step_par>
               </step_43_0>
                <step_44_0 jcr:primaryType="nt:unstructured" sling:resourceType="help/components/step">
                  <step_par jcr:primaryType="nt:unstructured"
                            sling:resourceType="help/components/procedure/step_parsys">
                    <text_94 jcr:primaryType="nt:unstructured"
                              sling:resourceType="help/components/article-3/text"
                              text="&lt;p&gt;When editing any style setting in mobile view, the modifications are only applied to the mobile display.&lt;/p&gt;&#xA;"
                              textIsRich="true"/>
                    <text_95 jcr:primaryType="nt:unstructured"
                              sling:resourceType="help/components/article-3/text"
                              text="&lt;p&gt;For example, reduce the size of an image, add a green background and change the padding in mobile view.&lt;/p&gt;&#xA;"
                              textIsRich="true"/>
                    <image_4 jcr:primaryType="nt:unstructured"
                              sling:resourceType="help/components/article-3/image"
                              jcr:title=""
                              alt=""
                              captionBottom=""
                              fileName="email_designer_mobile_view_change.png"
                              originalFileName="images/en/email_designer_mobile_view_change.png"
                              fileReference="/content/dam/help/en/campaign/standard/email_designer_mobile_view_change.png"
                              imageRotate="0"
                              originalHeight=""
                              originalWidth=""
                              scaleOption="toTemplate"
                              status="legacy"/>
                  </step_par>
               </step_44_0>
                <step_45_0 jcr:primaryType="nt:unstructured" sling:resourceType="help/components/step">
                  <step_par jcr:primaryType="nt:unstructured"
                            sling:resourceType="help/components/procedure/step_parsys">
                    <text_96 jcr:primaryType="nt:unstructured"
                              sling:resourceType="help/components/article-3/text"
                              text="&lt;p&gt;Click again the &#xA;&lt;span class=&#34;uicontrol&#34;&gt;Switch to mobile view&lt;/span&gt;&#xA; button to go back to the standard desktop view. The style changes you just made are not reflected.&lt;/p&gt;&#xA;"
                              textIsRich="true"/>
                    <image_5 jcr:primaryType="nt:unstructured"
                              sling:resourceType="help/components/article-3/image"
                              jcr:title=""
                              alt=""
                              captionBottom=""
                              fileName="email_designer_mobile_view_desktop_no-change.png"
                              originalFileName="images/en/email_designer_mobile_view_desktop_no-change.png"
                              fileReference="/content/dam/help/en/campaign/standard/email_designer_mobile_view_desktop_no-change.png"
                              imageRotate="0"
                              originalHeight=""
                              originalWidth=""
                              scaleOption="toTemplate"
                              status="legacy"/>
                    <note_2 jcr:primaryType="nt:unstructured"
                             sling:resourceType="help/components/article-3/note"
                             text="&lt;p&gt;&#xA;                        The only exception is the &#xA;&lt;span class=&#34;uicontrol&#34;&gt;Style inline&lt;/span&gt;&#xA; settings. Any style inline setting change is also applied to the standard desktop view.&#xA;                    &lt;/p&gt;&#xA;"
                             textIsRich="true"
                             type="note"/>
                  </step_par>
               </step_45_0>
                <step_46_0 jcr:primaryType="nt:unstructured" sling:resourceType="help/components/step">
                  <step_par jcr:primaryType="nt:unstructured"
                            sling:resourceType="help/components/procedure/step_parsys">
                    <text_98 jcr:primaryType="nt:unstructured"
                              sling:resourceType="help/components/article-3/text"
                              text="&lt;p&gt;However, any other change to the structure or the content of the email such as text edits, uploading a new image, adding a new component, etc. is also applied to the standard view.&lt;/p&gt;&#xA;"
                              textIsRich="true"/>
                    <text_99 jcr:primaryType="nt:unstructured"
                              sling:resourceType="help/components/article-3/text"
                              text="&lt;p&gt;For example, switch back to mobile view, edit some text and replace an image.&lt;/p&gt;&#xA;"
                              textIsRich="true"/>
                    <image_6 jcr:primaryType="nt:unstructured"
                              sling:resourceType="help/components/article-3/image"
                              jcr:title=""
                              alt=""
                              captionBottom=""
                              fileName="email_designer_mobile_view_change_content.png"
                              originalFileName="images/en/email_designer_mobile_view_change_content.png"
                              fileReference="/content/dam/help/en/campaign/standard/email_designer_mobile_view_change_content.png"
                              imageRotate="0"
                              originalHeight=""
                              originalWidth=""
                              scaleOption="toTemplate"
                              status="legacy"/>
                    <text_100 jcr:primaryType="nt:unstructured"
                               sling:resourceType="help/components/article-3/text"
                               text="&lt;p&gt;Click again the &#xA;&lt;span class=&#34;uicontrol&#34;&gt;Switch to mobile view&lt;/span&gt;&#xA; button to go back to the standard desktop view. The changes are reflected.&lt;/p&gt;&#xA;"
                               textIsRich="true"/>
                    <image_7 jcr:primaryType="nt:unstructured"
                              sling:resourceType="help/components/article-3/image"
                              jcr:title=""
                              alt=""
                              captionBottom=""
                              fileName="email_designer_mobile_view_desktop_content-change.png"
                              originalFileName="images/en/email_designer_mobile_view_desktop_content-change.png"
                              fileReference="/content/dam/help/en/campaign/standard/email_designer_mobile_view_desktop_content-change.png"
                              imageRotate="0"
                              originalHeight=""
                              originalWidth=""
                              scaleOption="toTemplate"
                              status="legacy"/>
                  </step_par>
               </step_46_0>
                <step_47_0 jcr:primaryType="nt:unstructured" sling:resourceType="help/components/step">
                  <step_par jcr:primaryType="nt:unstructured"
                            sling:resourceType="help/components/procedure/step_parsys">
                    <text_101 jcr:primaryType="nt:unstructured"
                               sling:resourceType="help/components/article-3/text"
                               text="&lt;p&gt;Removing a style in mobile view takes you back to the style that was applied in desktop mode.&lt;/p&gt;&#xA;"
                               textIsRich="true"/>
                    <text_102 jcr:primaryType="nt:unstructured"
                               sling:resourceType="help/components/article-3/text"
                               text="&lt;p&gt;For example, in desktop view, apply a grey background color to a button.&lt;/p&gt;&#xA;"
                               textIsRich="true"/>
                    <image_8 jcr:primaryType="nt:unstructured"
                              sling:resourceType="help/components/article-3/image"
                              jcr:title=""
                              alt=""
                              captionBottom=""
                              fileName="email_designer_mobile_view_background_desktop.png"
                              originalFileName="images/en/email_designer_mobile_view_background_desktop.png"
                              fileReference="/content/dam/help/en/campaign/standard/email_designer_mobile_view_background_desktop.png"
                              imageRotate="0"
                              originalHeight=""
                              originalWidth=""
                              scaleOption="toTemplate"
                              status="legacy"/>
                  </step_par>
               </step_47_0>
                <step_48_0 jcr:primaryType="nt:unstructured" sling:resourceType="help/components/step">
                  <step_par jcr:primaryType="nt:unstructured"
                            sling:resourceType="help/components/procedure/step_parsys">
                    <text_103 jcr:primaryType="nt:unstructured"
                               sling:resourceType="help/components/article-3/text"
                               text="&lt;p&gt;Switch to mobile view and apply a green background to the same button.&lt;/p&gt;&#xA;"
                               textIsRich="true"/>
                    <image_9 jcr:primaryType="nt:unstructured"
                              sling:resourceType="help/components/article-3/image"
                              jcr:title=""
                              alt=""
                              captionBottom=""
                              fileName="email_designer_mobile_view_background_mobile.png"
                              originalFileName="images/en/email_designer_mobile_view_background_mobile.png"
                              fileReference="/content/dam/help/en/campaign/standard/email_designer_mobile_view_background_mobile.png"
                              imageRotate="0"
                              originalHeight=""
                              originalWidth=""
                              scaleOption="toTemplate"
                              status="legacy"/>
                  </step_par>
               </step_48_0>
                <step_49_0 jcr:primaryType="nt:unstructured" sling:resourceType="help/components/step">
                  <step_par jcr:primaryType="nt:unstructured"
                            sling:resourceType="help/components/procedure/step_parsys">
                    <text_104 jcr:primaryType="nt:unstructured"
                               sling:resourceType="help/components/article-3/text"
                               text="&lt;p&gt;While still in mobile view, now disable the &#xA;&lt;span class=&#34;uicontrol&#34;&gt;Background color&lt;/span&gt;&#xA; setting.&lt;/p&gt;&#xA;"
                               textIsRich="true"/>
                    <image_10 jcr:primaryType="nt:unstructured"
                               sling:resourceType="help/components/article-3/image"
                               jcr:title=""
                               alt=""
                               captionBottom=""
                               fileName="email_designer_mobile_view_background_mobile_disabled.png"
                               originalFileName="images/en/email_designer_mobile_view_background_mobile_disabled.png"
                               fileReference="/content/dam/help/en/campaign/standard/email_designer_mobile_view_background_mobile_disabled.png"
                               imageRotate="0"
                               originalHeight=""
                               originalWidth=""
                               scaleOption="toTemplate"
                               status="legacy"/>
                    <text_105 jcr:primaryType="nt:unstructured"
                               sling:resourceType="help/components/article-3/text"
                               text="&lt;p&gt;The background color defined in desktop view is still applied: it turns grey (not blank).&lt;/p&gt;&#xA;"
                               textIsRich="true"/>
                    <text_106 jcr:primaryType="nt:unstructured"
                               sling:resourceType="help/components/article-3/text"
                               text="&lt;p&gt;&#xA;                        &#xA;                            The only exception is the &#xA;&lt;span class=&#34;uicontrol&#34;&gt;Border color&lt;/span&gt;&#xA; setting. When disabled in mobile view, no border is applied anymore, even if a border color is defined in desktop view.&#xA;                        &#xA;                    &lt;/p&gt;&#xA;"
                               textIsRich="true"/>
                  </step_par>
               </step_49_0>
            </proc_par>
         </procedure_1_10>
        
        
            <header_12 jcr:primaryType="nt:unstructured" sling:resourceType="help/components/header"
                    id="plain-text-and-html-modes"
                    level="2"
                    text="&lt;p&gt;Plain text and HTML modes&lt;/p&gt;&#xA;"
                    textIsRich="'true'"/>
            
                <header_13 jcr:primaryType="nt:unstructured" sling:resourceType="help/components/header"
                    id="generating-a-text-version-of-the-email"
                    level="3"
                    text="&lt;p&gt;Generating a text version of the email&lt;/p&gt;&#xA;"
                    textIsRich="'true'"/>
                <text_108 jcr:primaryType="nt:unstructured"
                   sling:resourceType="help/components/article-3/text"
                   text="&lt;p&gt;By default, the &#xA;&lt;span class=&#34;uicontrol&#34;&gt;Plain text&lt;/span&gt;&#xA; version of your email is automatically generated and synchronized with the &#xA;&lt;span class=&#34;uicontrol&#34;&gt;Edit&lt;/span&gt;&#xA; version.&lt;/p&gt;&#xA;"
                   textIsRich="true"/>
                <text_109 jcr:primaryType="nt:unstructured"
                   sling:resourceType="help/components/article-3/text"
                   text="&lt;p&gt;You can disable this synchronization by clicking the &#xA;&lt;span class=&#34;uicontrol&#34;&gt;Sync with HTML&lt;/span&gt;&#xA; switch from the Plain text view of your email.&lt;/p&gt;&#xA;"
                   textIsRich="true"/>
                <image_11 jcr:primaryType="nt:unstructured"
                   sling:resourceType="help/components/article-3/image"
                   jcr:title=""
                   alt=""
                   captionBottom=""
                   fileName="email_designer_textversion.png"
                   originalFileName="images/en/email_designer_textversion.png"
                   fileReference="/content/dam/help/en/campaign/standard/email_designer_textversion.png"
                   imageRotate="0"
                   originalHeight=""
                   originalWidth=""
                   scaleOption="toTemplate"
                   status="legacy"/>
                <text_110 jcr:primaryType="nt:unstructured"
                   sling:resourceType="help/components/article-3/text"
                   text="&lt;p&gt;Personalization fields added to the HTML version are also synchronized with the plain text version.&lt;/p&gt;&#xA;"
                   textIsRich="true"/>
            
            
                <header_14 jcr:primaryType="nt:unstructured" sling:resourceType="help/components/header"
                    id="editing-an-email-content-source-in-html"
                    level="3"
                    text="&lt;p&gt;Editing an email content source in HTML&lt;/p&gt;&#xA;"
                    textIsRich="'true'"/>
                <text_111 jcr:primaryType="nt:unstructured"
                   sling:resourceType="help/components/article-3/text"
                   text="&lt;p&gt;For the most advanced users and debugging, you can view and edit the email content directly in HTML.&lt;/p&gt;&#xA;"
                   textIsRich="true"/>
                <text_112 jcr:primaryType="nt:unstructured"
                   sling:resourceType="help/components/article-3/text"
                   text="&lt;p&gt;You have two ways to edit the HTML version of the email:&lt;/p&gt;&#xA;"
                   textIsRich="true"/>
                <procedure_9 jcr:primaryType="nt:unstructured"
                      sling:resourceType="help/components/procedure"
                      isBulleted="true">
            <proc_par jcr:primaryType="nt:unstructured"
                      sling:resourceType="help/components/procedure/proc_parsys">
                    <step_50_9 jcr:primaryType="nt:unstructured" sling:resourceType="help/components/step">
                  <step_par jcr:primaryType="nt:unstructured"
                            sling:resourceType="help/components/procedure/step_parsys">
                        <text_113 jcr:primaryType="nt:unstructured"
                               sling:resourceType="help/components/article-3/text"
                               text="&lt;p&gt;Select &#xA;&lt;span class=&#34;uicontrol&#34;&gt;Edit&lt;/span&gt;&#xA; &gt; &#xA;&lt;span class=&#34;uicontrol&#34;&gt;HTML&lt;/span&gt;&#xA; to open the HTML version of the entire email.&lt;/p&gt;&#xA;"
                               textIsRich="true"/>
                        <image_12 jcr:primaryType="nt:unstructured"
                               sling:resourceType="help/components/article-3/image"
                               jcr:title=""
                               alt=""
                               captionBottom=""
                               fileName="email_designer_html1.png"
                               originalFileName="images/en/email_designer_html1.png"
                               fileReference="/content/dam/help/en/campaign/standard/email_designer_html1.png"
                               imageRotate="0"
                               originalHeight=""
                               originalWidth=""
                               scaleOption="toTemplate"
                               status="legacy"/>
                    </step_par>
               </step_50_9>
                    <step_51_9 jcr:primaryType="nt:unstructured" sling:resourceType="help/components/step">
                  <step_par jcr:primaryType="nt:unstructured"
                            sling:resourceType="help/components/procedure/step_parsys">
                        <text_114 jcr:primaryType="nt:unstructured"
                               sling:resourceType="help/components/article-3/text"
                               text="&lt;p&gt;From the WYSIWYG interface, select an element and click the &#xA;&lt;span class=&#34;uicontrol&#34;&gt;Source code&lt;/span&gt;&#xA; icon.&lt;/p&gt;&#xA;"
                               textIsRich="true"/>
                        <text_115 jcr:primaryType="nt:unstructured"
                               sling:resourceType="help/components/article-3/text"
                               text="&lt;p&gt;Only the source of the selected element is displayed. You can edit the source code if the selected element is a &#xA;&lt;span class=&#34;uicontrol&#34;&gt;HTML&lt;/span&gt;&#xA; content component. Other components are in read-only mode, but can still be edited in the full HTML version of the email.&lt;/p&gt;&#xA;"
                               textIsRich="true"/>
                        <image_13 jcr:primaryType="nt:unstructured"
                               sling:resourceType="help/components/article-3/image"
                               jcr:title=""
                               alt=""
                               captionBottom=""
                               fileName="email_designer_html2.png"
                               originalFileName="images/en/email_designer_html2.png"
                               fileReference="/content/dam/help/en/campaign/standard/email_designer_html2.png"
                               imageRotate="0"
                               originalHeight=""
                               originalWidth=""
                               scaleOption="toTemplate"
                               status="legacy"/>
                    </step_par>
               </step_51_9>
                </proc_par>
         </procedure_9>
                <text_116 jcr:primaryType="nt:unstructured"
                   sling:resourceType="help/components/article-3/text"
                   text="&lt;p&gt;If you modify the HTML the code, the responsiveness of the email could be broken. Make sure to test it using the &#xA;&lt;span class=&#34;uicontrol&#34;&gt;Preview&lt;/span&gt;&#xA; button. See &#xA;&#x9;&#x9;&#x9;&#x9;&#x9;&#x9;&#x9;&#x9;&#x9;&#x9;&#x9;&#xA;&#x9;&#x9;&#x9;&#x9;&#x9;&#x9;&#x9;&lt;a href=&#34;/content/help/en/campaign/standard/sending/using/previewing-messages.html#previewing-messages-with-the-email-designer&#34;&gt;Previewing messages with the Email Designer&lt;/a&gt;.&lt;/p&gt;&#xA;"
                   textIsRich="true"/>
            
        
        
            <header_15 jcr:primaryType="nt:unstructured" sling:resourceType="help/components/header"
                    id="design-through-adobe-campaign-integrations"
                    level="2"
                    text="&lt;p&gt;Design through Adobe Campaign integrations&lt;/p&gt;&#xA;"
                    textIsRich="'true'"/>
            
                
            
            
                <header_16 jcr:primaryType="nt:unstructured" sling:resourceType="help/components/header"
                    id="editing-content-in-dreamweaver"
                    level="3"
                    text="&lt;p&gt;Editing content in Dreamweaver&lt;/p&gt;&#xA;"
                    textIsRich="'true'"/>
                <text_118 jcr:primaryType="nt:unstructured"
                   sling:resourceType="help/components/article-3/text"
                   text="&lt;p&gt;The Adobe Campaign Standard integration with Dreamweaver lets you edit an email's content in the Dreamweaver interface. You have access to the powerful interface of Dreamweaver to design and develop responsive email content.&lt;/p&gt;&#xA;"
                   textIsRich="true"/>
                <text_119 jcr:primaryType="nt:unstructured"
                   sling:resourceType="help/components/article-3/text"
                   text="&lt;p&gt;This feature is detailed in the Dreamweaver Documentation accessible &#xA;&lt;a href=&#34;https://helpx.adobe.com/dreamweaver/using/working-with-dreamweaver-and-campaign.html&#34;&gt;here&lt;/a&gt;. A demonstration &#xA;&lt;a href=&#34;https://docs.campaign.adobe.com/doc/standard/en/Videos/ACS_Dreamweaver.mp4&#34;&gt;video&lt;/a&gt; is also available.&lt;/p&gt;&#xA;"
                   textIsRich="true"/>
            
            
                <header_17 jcr:primaryType="nt:unstructured" sling:resourceType="help/components/header"
                    id="editing-content-in-experience-manager"
                    level="3"
                    text="&lt;p&gt;Editing content in Experience Manager&lt;/p&gt;&#xA;"
                    textIsRich="'true'"/>
                <text_120 jcr:primaryType="nt:unstructured"
                   sling:resourceType="help/components/article-3/text"
                   text="&lt;p&gt;Email content can be edited in Experience Manager and then used for one or several email messages in Adobe Campaign. Refer to &#xA;&#x9;&#x9;&#x9;&#x9;&#x9;&#x9;&#x9;&#x9;&#x9;&#x9;&#x9;&#xA;&#x9;&#x9;&#x9;&#x9;&#x9;&#x9;&#x9;&lt;a href=&#34;/content/help/en/campaign/standard/integrating/using/integrating-with-experience-manager.html&#34;&gt;this document&lt;/a&gt;.&lt;/p&gt;&#xA;"
                   textIsRich="true"/>
            
            
        
      </main-pars>
      <hero jcr:primaryType="nt:unstructured"
            sling:resourceType="foundation/components/image"/>
      <thumbnail jcr:primaryType="nt:unstructured"
                 sling:resourceType="foundation/components/image"/>
      <publisherLogo jcr:primaryType="nt:unstructured"
                     sling:resourceType="foundation/components/image"/>
   </jcr:content>
</jcr:root>