<?xml version="1.0" encoding="UTF-8"?>
<jcr:root xmlns:nt="http://www.jcp.org/jcr/nt/1.0" xmlns:json="http://json.org/"
          xmlns:sling="http://sling.apache.org/jcr/sling/1.0"
          xmlns:cq="http://www.day.com/jcr/cq/1.0"
          xmlns:jcr="http://www.jcp.org/jcr/1.0"
          xmlns:mix="http://www.jcp.org/jcr/mix/1.0"
          jcr:primaryType="cq:Page">
   <jcr:content navTitle="Adding a content block" jcr:primaryType="cq:PageContent"
                sling:resourceType="help/components/pages/article-3"
                heroGradient="light"
                jcr:language="en_us"
                cq:designPath="/etc/designs/help"
                cq:template="/apps/help/templates/article-3"
                jcr:mixinTypes="[mix:versionable]"
                jcr:title="Adding a content block"
                jcr:description="Adding a content block"
                seoDescription="Discover the various out-of-the-box dynamic content blocks you can use to personalize your messages and learn how to create custom content blocks."
                primaryProductTag="[products:SG_CAMPAIGN/STANDARD]"
                cq:tags="[products:SG_CAMPAIGN/STANDARD,audience:designing,content_type:reference,topic_tags:personalizing-content]"
                primaryAudienceTag="[audience:designing]"
                contentOwner="sauviat"
                isReadyForLocalization="true"
                publishExternalDate="2019-01-09">
      <main-pars jcr:primaryType="nt:unstructured"
                 sling:resourceType="foundation/components/parsys">
        
        
            
        
        <text_612 jcr:primaryType="nt:unstructured"
                   sling:resourceType="help/components/article-3/text"
                   text="&lt;p&gt;Adobe Campaign offers a list of pre-configured content blocks. These content blocks are dynamic, personalized and have a specific rendering. For example, you can add a greeting or a link to the mirror page.&lt;/p&gt;&#xA;"
                   textIsRich="true"/>
        <note_26 jcr:primaryType="nt:unstructured"
                  sling:resourceType="help/components/article-3/note"
                  text="&lt;p&gt;&#xA;            The images below show how to insert a content block using the &#xA;&#x9;&#x9;&#x9;&#x9;&#x9;&#x9;&#x9;&#x9;&#x9;&#x9;&#x9;&#xA;&#x9;&#x9;&#x9;&#x9;&#x9;&#x9;&#x9;&lt;a href=&#34;/content/help/en/campaign/standard/designing/using/about-email-content-design.html#about-the-email-designer&#34;&gt;Email Designer&lt;/a&gt; for an email.&#xA;        &lt;/p&gt;&#xA;"
                  textIsRich="true"
                  type="note"/>
        <text_614 jcr:primaryType="nt:unstructured"
                   sling:resourceType="help/components/article-3/text"
                   text="&lt;p&gt;To add a content block:&lt;/p&gt;&#xA;"
                   textIsRich="true"/>
        <procedure_24_10 jcr:primaryType="nt:unstructured"
                          sling:resourceType="help/components/procedure">
            <proc_par jcr:primaryType="nt:unstructured"
                      sling:resourceType="help/components/procedure/proc_parsys">
               <step_223_0 jcr:primaryType="nt:unstructured" sling:resourceType="help/components/step">
                  <step_par jcr:primaryType="nt:unstructured"
                            sling:resourceType="help/components/procedure/step_parsys">
                     <text_615 jcr:primaryType="nt:unstructured"
                               sling:resourceType="help/components/article-3/text"
                               text="&lt;p&gt;Click inside a text block, click the &#xA;&lt;span class=&#34;uicontrol&#34;&gt;Personalize&lt;/span&gt;&#xA; icon from the contextual toolbar and select &#xA;&lt;span class=&#34;uicontrol&#34;&gt;Insert content block&lt;/span&gt;&#xA;. For more on the Email Designer interface, see &#xA;&#x9;&#x9;&#x9;&#x9;&#x9;&#x9;&#x9;&#x9;&#x9;&#x9;&#x9;&#xA;&#x9;&#x9;&#x9;&#x9;&#x9;&#x9;&#x9;&lt;a href=&#34;/content/help/en/campaign/standard/designing/using/about-email-content-design.html#email-designer-interface&#34;&gt;this section&lt;/a&gt;.&lt;/p&gt;&#xA;"
                               textIsRich="true"/>
                     <image_76 jcr:primaryType="nt:unstructured"
                               sling:resourceType="help/components/article-3/image"
                               jcr:title=""
                               alt=""
                               captionBottom=""
                               fileName="email_content_block_1.png"
                               originalFileName="images/en/email_content_block_1.png"
                               fileReference="/content/dam/help/en/campaign/standard/email_content_block_1.png"
                               imageRotate="0"
                               originalHeight=""
                               originalWidth=""
                               scaleOption="toTemplate"
                               status="legacy"/>
                  </step_par>
               </step_223_0>
               <step_224_0 jcr:primaryType="nt:unstructured" sling:resourceType="help/components/step">
                  <step_par jcr:primaryType="nt:unstructured"
                            sling:resourceType="help/components/procedure/step_parsys">
                     <text_616 jcr:primaryType="nt:unstructured"
                               sling:resourceType="help/components/article-3/text"
                               text="&lt;p&gt;Select the content block that you would like to insert. The blocks available vary depending on the context (email or landing page).&lt;/p&gt;&#xA;"
                               textIsRich="true"/>
                     <image_77 jcr:primaryType="nt:unstructured"
                               sling:resourceType="help/components/article-3/image"
                               jcr:title=""
                               alt=""
                               captionBottom=""
                               fileName="email_content_block_2.png"
                               originalFileName="images/en/email_content_block_2.png"
                               fileReference="/content/dam/help/en/campaign/standard/email_content_block_2.png"
                               imageRotate="0"
                               originalHeight=""
                               originalWidth=""
                               scaleOption="toTemplate"
                               status="legacy"/>
                  </step_par>
               </step_224_0>
               <step_225_0 jcr:primaryType="nt:unstructured" sling:resourceType="help/components/step">
                  <step_par jcr:primaryType="nt:unstructured"
                            sling:resourceType="help/components/procedure/step_parsys">
                     <text_617 jcr:primaryType="nt:unstructured"
                               sling:resourceType="help/components/article-3/text"
                               text="&lt;p&gt;Click &#xA;&lt;span class=&#34;uicontrol&#34;&gt;Save&lt;/span&gt;&#xA;.&lt;/p&gt;&#xA;"
                               textIsRich="true"/>
                  </step_par>
               </step_225_0>
            </proc_par>
         </procedure_24_10>
        <text_618 jcr:primaryType="nt:unstructured"
                   sling:resourceType="help/components/article-3/text"
                   text="&lt;p&gt;The name of the content block appears in the editor and it is highlighted in yellow. It will automatically adapt to the profile when the personalization is generated.&lt;/p&gt;&#xA;"
                   textIsRich="true"/>
        <image_78 jcr:primaryType="nt:unstructured"
                   sling:resourceType="help/components/article-3/image"
                   jcr:title=""
                   alt=""
                   captionBottom=""
                   fileName="email_content_block_3.png"
                   originalFileName="images/en/email_content_block_3.png"
                   fileReference="/content/dam/help/en/campaign/standard/email_content_block_3.png"
                   imageRotate="0"
                   originalHeight=""
                   originalWidth=""
                   scaleOption="toTemplate"
                   status="legacy"/>
        <text_619 jcr:primaryType="nt:unstructured"
                   sling:resourceType="help/components/article-3/text"
                   text="&lt;p&gt;The out-of-the-box content blocks are:&lt;/p&gt;&#xA;"
                   textIsRich="true"/>
        <procedure_34 jcr:primaryType="nt:unstructured"
                       sling:resourceType="help/components/procedure"
                       isBulleted="true">
            <proc_par jcr:primaryType="nt:unstructured"
                      sling:resourceType="help/components/procedure/proc_parsys">
               <step_226_34 jcr:primaryType="nt:unstructured" sling:resourceType="help/components/step">
                  <step_par jcr:primaryType="nt:unstructured"
                            sling:resourceType="help/components/procedure/step_parsys">
                     <text_620 jcr:primaryType="nt:unstructured"
                               sling:resourceType="help/components/article-3/text"
                               text="&lt;p&gt;Database URL in emails (EmailUrlBase): This content block can only be used in a &lt;strong&gt;delivery&lt;/strong&gt;.&lt;/p&gt;&#xA;"
                               textIsRich="true"/>
                  </step_par>
               </step_226_34>
               <step_227_34 jcr:primaryType="nt:unstructured" sling:resourceType="help/components/step">
                  <step_par jcr:primaryType="nt:unstructured"
                            sling:resourceType="help/components/procedure/step_parsys">
                     <text_621 jcr:primaryType="nt:unstructured"
                               sling:resourceType="help/components/article-3/text"
                               text="&lt;p&gt;Mirror page URL (MirrorPageUrl): This content block can only be used in a &lt;strong&gt;delivery&lt;/strong&gt;.&lt;/p&gt;&#xA;"
                               textIsRich="true"/>
                  </step_par>
               </step_227_34>
               <step_228_34 jcr:primaryType="nt:unstructured" sling:resourceType="help/components/step">
                  <step_par jcr:primaryType="nt:unstructured"
                            sling:resourceType="help/components/procedure/step_parsys">
                     <text_622 jcr:primaryType="nt:unstructured"
                               sling:resourceType="help/components/article-3/text"
                               text="&lt;p&gt;Link to mirror page (MirrorPage): This content block can only be used in a &lt;strong&gt;delivery&lt;/strong&gt;.&lt;/p&gt;&#xA;"
                               textIsRich="true"/>
                  </step_par>
               </step_228_34>
               <step_229_34 jcr:primaryType="nt:unstructured" sling:resourceType="help/components/step">
                  <step_par jcr:primaryType="nt:unstructured"
                            sling:resourceType="help/components/procedure/step_parsys">
                     <text_623 jcr:primaryType="nt:unstructured"
                               sling:resourceType="help/components/article-3/text"
                               text="&lt;p&gt;Greetings&lt;/p&gt;&#xA;"
                               textIsRich="true"/>
                  </step_par>
               </step_229_34>
               <step_230_34 jcr:primaryType="nt:unstructured" sling:resourceType="help/components/step">
                  <step_par jcr:primaryType="nt:unstructured"
                            sling:resourceType="help/components/procedure/step_parsys">
                     <text_624 jcr:primaryType="nt:unstructured"
                               sling:resourceType="help/components/article-3/text"
                               text="&lt;p&gt;Unsubscription link (UnsubscriptionLink): This content block can only be used in a &lt;strong&gt;delivery&lt;/strong&gt;.&lt;/p&gt;&#xA;"
                               textIsRich="true"/>
                  </step_par>
               </step_230_34>
               <step_231_34 jcr:primaryType="nt:unstructured" sling:resourceType="help/components/step">
                  <step_par jcr:primaryType="nt:unstructured"
                            sling:resourceType="help/components/procedure/step_parsys">
                     <text_625 jcr:primaryType="nt:unstructured"
                               sling:resourceType="help/components/article-3/text"
                               text="&lt;p&gt;Social network sharing links (LandingPageViralLinks): This content block can only be used in a &lt;strong&gt;landing page&lt;/strong&gt;.&lt;/p&gt;&#xA;"
                               textIsRich="true"/>
                  </step_par>
               </step_231_34>
               <step_232_34 jcr:primaryType="nt:unstructured" sling:resourceType="help/components/step">
                  <step_par jcr:primaryType="nt:unstructured"
                            sling:resourceType="help/components/procedure/step_parsys">
                     <text_626 jcr:primaryType="nt:unstructured"
                               sling:resourceType="help/components/article-3/text"
                               text="&lt;p&gt;Default sender name (DefaultSenderName): This content block can only be used in a &lt;strong&gt;delivery&lt;/strong&gt;.&lt;/p&gt;&#xA;"
                               textIsRich="true"/>
                  </step_par>
               </step_232_34>
               <step_233_34 jcr:primaryType="nt:unstructured" sling:resourceType="help/components/step">
                  <step_par jcr:primaryType="nt:unstructured"
                            sling:resourceType="help/components/procedure/step_parsys">
                     <text_627 jcr:primaryType="nt:unstructured"
                               sling:resourceType="help/components/article-3/text"
                               text="&lt;p&gt;Name of default reply-to email address (DefaultReplyName): This content block can only be used in a &lt;strong&gt;delivery&lt;/strong&gt;.&lt;/p&gt;&#xA;"
                               textIsRich="true"/>
                  </step_par>
               </step_233_34>
               <step_234_34 jcr:primaryType="nt:unstructured" sling:resourceType="help/components/step">
                  <step_par jcr:primaryType="nt:unstructured"
                            sling:resourceType="help/components/procedure/step_parsys">
                     <text_628 jcr:primaryType="nt:unstructured"
                               sling:resourceType="help/components/article-3/text"
                               text="&lt;p&gt;Email address of default sender (DefaultSenderAddress): This content block can only be used in a &lt;strong&gt;delivery&lt;/strong&gt;.&lt;/p&gt;&#xA;"
                               textIsRich="true"/>
                  </step_par>
               </step_234_34>
               <step_235_34 jcr:primaryType="nt:unstructured" sling:resourceType="help/components/step">
                  <step_par jcr:primaryType="nt:unstructured"
                            sling:resourceType="help/components/procedure/step_parsys">
                     <text_629 jcr:primaryType="nt:unstructured"
                               sling:resourceType="help/components/article-3/text"
                               text="&lt;p&gt;Default error email address (DefaultErrorAddress): This content block can only be used in a &lt;strong&gt;delivery&lt;/strong&gt;.&lt;/p&gt;&#xA;"
                               textIsRich="true"/>
                  </step_par>
               </step_235_34>
               <step_236_34 jcr:primaryType="nt:unstructured" sling:resourceType="help/components/step">
                  <step_par jcr:primaryType="nt:unstructured"
                            sling:resourceType="help/components/procedure/step_parsys">
                     <text_630 jcr:primaryType="nt:unstructured"
                               sling:resourceType="help/components/article-3/text"
                               text="&lt;p&gt;Default reply-to email address (DefaultReplyAddress): This content block can only be used in a &lt;strong&gt;delivery&lt;/strong&gt;.&lt;/p&gt;&#xA;"
                               textIsRich="true"/>
                  </step_par>
               </step_236_34>
               <step_237_34 jcr:primaryType="nt:unstructured" sling:resourceType="help/components/step">
                  <step_par jcr:primaryType="nt:unstructured"
                            sling:resourceType="help/components/procedure/step_parsys">
                     <text_631 jcr:primaryType="nt:unstructured"
                               sling:resourceType="help/components/article-3/text"
                               text="&lt;p&gt;Brand name (BrandingUsualName)&lt;/p&gt;&#xA;"
                               textIsRich="true"/>
                  </step_par>
               </step_237_34>
               <step_238_34 jcr:primaryType="nt:unstructured" sling:resourceType="help/components/step">
                  <step_par jcr:primaryType="nt:unstructured"
                            sling:resourceType="help/components/procedure/step_parsys">
                     <text_632 jcr:primaryType="nt:unstructured"
                               sling:resourceType="help/components/article-3/text"
                               text="&lt;p&gt;Link to the brand website (BrandingWebSiteLink)&lt;/p&gt;&#xA;"
                               textIsRich="true"/>
                  </step_par>
               </step_238_34>
               <step_239_34 jcr:primaryType="nt:unstructured" sling:resourceType="help/components/step">
                  <step_par jcr:primaryType="nt:unstructured"
                            sling:resourceType="help/components/procedure/step_parsys">
                     <text_633 jcr:primaryType="nt:unstructured"
                               sling:resourceType="help/components/article-3/text"
                               text="&lt;p&gt;Brand logo (BrandingLogo)&lt;/p&gt;&#xA;"
                               textIsRich="true"/>
                  </step_par>
               </step_239_34>
               <step_240_34 jcr:primaryType="nt:unstructured" sling:resourceType="help/components/step">
                  <step_par jcr:primaryType="nt:unstructured"
                            sling:resourceType="help/components/procedure/step_parsys">
                     <text_634 jcr:primaryType="nt:unstructured"
                               sling:resourceType="help/components/article-3/text"
                               text="&lt;p&gt;Notification style (notificationStyle)&lt;/p&gt;&#xA;"
                               textIsRich="true"/>
                  </step_par>
               </step_240_34>
            </proc_par>
         </procedure_34>
        
            <header_75 jcr:primaryType="nt:unstructured" sling:resourceType="help/components/header"
                    id="creating-custom-content-blocks"
                    level="2"
                    text="&lt;p&gt;Creating custom content blocks&lt;/p&gt;&#xA;"
                    textIsRich="'true'"/>
            <text_635 jcr:primaryType="nt:unstructured"
                   sling:resourceType="help/components/article-3/text"
                   text="&lt;p&gt;You can define new content blocks that will be inserted into a message or landing page.&lt;/p&gt;&#xA;"
                   textIsRich="true"/>
            <text_636 jcr:primaryType="nt:unstructured"
                   sling:resourceType="help/components/article-3/text"
                   text="&lt;p&gt;To create a content block, follow these steps:&lt;/p&gt;&#xA;"
                   textIsRich="true"/>
            <procedure_25_10 jcr:primaryType="nt:unstructured"
                          sling:resourceType="help/components/procedure">
            <proc_par jcr:primaryType="nt:unstructured"
                      sling:resourceType="help/components/procedure/proc_parsys">
                <step_241_0 jcr:primaryType="nt:unstructured" sling:resourceType="help/components/step">
                  <step_par jcr:primaryType="nt:unstructured"
                            sling:resourceType="help/components/procedure/step_parsys">
                    <text_637 jcr:primaryType="nt:unstructured"
                               sling:resourceType="help/components/article-3/text"
                               text="&lt;p&gt;Click &#xA;&lt;span class=&#34;uicontrol&#34;&gt;Resources &gt; Content blocks&lt;/span&gt;&#xA; from the advanced menu to access the list of content blocks.&lt;/p&gt;&#xA;"
                               textIsRich="true"/>
                  </step_par>
               </step_241_0>
                <step_242_0 jcr:primaryType="nt:unstructured" sling:resourceType="help/components/step">
                  <step_par jcr:primaryType="nt:unstructured"
                            sling:resourceType="help/components/procedure/step_parsys">
                    <text_638 jcr:primaryType="nt:unstructured"
                               sling:resourceType="help/components/article-3/text"
                               text="&lt;p&gt;Click the &#xA;&lt;span class=&#34;uicontrol&#34;&gt;Create&lt;/span&gt;&#xA; button or duplicate a pre-existing content block.&lt;/p&gt;&#xA;"
                               textIsRich="true"/>
                    <image_79 jcr:primaryType="nt:unstructured"
                               sling:resourceType="help/components/article-3/image"
                               jcr:title=""
                               alt=""
                               captionBottom=""
                               fileName="content_bloc_01.png"
                               originalFileName="images/en/content_bloc_01.png"
                               fileReference="/content/dam/help/en/campaign/standard/content_bloc_01.png"
                               imageRotate="0"
                               originalHeight=""
                               originalWidth=""
                               scaleOption="toTemplate"
                               status="legacy"/>
                  </step_par>
               </step_242_0>
                <step_243_0 jcr:primaryType="nt:unstructured" sling:resourceType="help/components/step">
                  <step_par jcr:primaryType="nt:unstructured"
                            sling:resourceType="help/components/procedure/step_parsys">
                    <text_639 jcr:primaryType="nt:unstructured"
                               sling:resourceType="help/components/article-3/text"
                               text="&lt;p&gt;Enter the block label.&lt;/p&gt;&#xA;"
                               textIsRich="true"/>
                  </step_par>
               </step_243_0>
                <step_244_0 jcr:primaryType="nt:unstructured" sling:resourceType="help/components/step">
                  <step_par jcr:primaryType="nt:unstructured"
                            sling:resourceType="help/components/procedure/step_parsys">
                    <text_640 jcr:primaryType="nt:unstructured"
                               sling:resourceType="help/components/article-3/text"
                               text="&lt;p&gt;Select the block's &#xA;&lt;span class=&#34;uicontrol&#34;&gt;Content type&lt;/span&gt;&#xA;. There are three options available:&lt;/p&gt;&#xA;"
                               textIsRich="true"/>
                    <procedure_35 jcr:primaryType="nt:unstructured"
                                   sling:resourceType="help/components/procedure"
                                   isBulleted="true">
                        <proc_par jcr:primaryType="nt:unstructured"
                                  sling:resourceType="help/components/procedure/proc_parsys">
                           <step_244_35 jcr:primaryType="nt:unstructured" sling:resourceType="help/components/step">
                              <step_par jcr:primaryType="nt:unstructured"
                                        sling:resourceType="help/components/procedure/step_parsys">
                                 <text_641 jcr:primaryType="nt:unstructured"
                                           sling:resourceType="help/components/article-3/text"
                                           text="&lt;p&gt;&#xA;&lt;span class=&#34;uicontrol&#34;&gt;Shared&lt;/span&gt;&#xA;: The content block can be used in a delivery or a landing page.&lt;/p&gt;&#xA;"
                                           textIsRich="true"/>
                              </step_par>
                           </step_244_35>
                           <step_245_35 jcr:primaryType="nt:unstructured" sling:resourceType="help/components/step">
                              <step_par jcr:primaryType="nt:unstructured"
                                        sling:resourceType="help/components/procedure/step_parsys">
                                 <text_642 jcr:primaryType="nt:unstructured"
                                           sling:resourceType="help/components/article-3/text"
                                           text="&lt;p&gt;&#xA;&lt;span class=&#34;uicontrol&#34;&gt;Delivery&lt;/span&gt;&#xA;: The content block can only be used in a delivery.&lt;/p&gt;&#xA;"
                                           textIsRich="true"/>
                              </step_par>
                           </step_245_35>
                           <step_246_35 jcr:primaryType="nt:unstructured" sling:resourceType="help/components/step">
                              <step_par jcr:primaryType="nt:unstructured"
                                        sling:resourceType="help/components/procedure/step_parsys">
                                 <text_643 jcr:primaryType="nt:unstructured"
                                           sling:resourceType="help/components/article-3/text"
                                           text="&lt;p&gt;&#xA;&lt;span class=&#34;uicontrol&#34;&gt;Landing page&lt;/span&gt;&#xA;: The content block can only be used in a landing page.&lt;/p&gt;&#xA;"
                                           textIsRich="true"/>
                              </step_par>
                           </step_246_35>
                        </proc_par>
                     </procedure_35>
                    <image_80 jcr:primaryType="nt:unstructured"
                               sling:resourceType="help/components/article-3/image"
                               jcr:title=""
                               alt=""
                               captionBottom=""
                               fileName="content_bloc_02.png"
                               originalFileName="images/en/content_bloc_02.png"
                               fileReference="/content/dam/help/en/campaign/standard/content_bloc_02.png"
                               imageRotate="0"
                               originalHeight=""
                               originalWidth=""
                               scaleOption="toTemplate"
                               status="legacy"/>
                  </step_par>
               </step_244_0>
                <step_248_0 jcr:primaryType="nt:unstructured" sling:resourceType="help/components/step">
                  <step_par jcr:primaryType="nt:unstructured"
                            sling:resourceType="help/components/procedure/step_parsys">
                    <text_644 jcr:primaryType="nt:unstructured"
                               sling:resourceType="help/components/article-3/text"
                               text="&lt;p&gt;You can select the &#xA;&lt;span class=&#34;uicontrol&#34;&gt;Depends on format&lt;/span&gt;&#xA; option to define two different blocks for HTML emails and those that are in text format. Two tabs will then be displayed in the editor (HTML and Text) to define the corresponding contents.&lt;/p&gt;&#xA;"
                               textIsRich="true"/>
                    <image_81 jcr:primaryType="nt:unstructured"
                               sling:resourceType="help/components/article-3/image"
                               jcr:title=""
                               alt=""
                               captionBottom=""
                               fileName="content_bloc_03.png"
                               originalFileName="images/en/content_bloc_03.png"
                               fileReference="/content/dam/help/en/campaign/standard/content_bloc_03.png"
                               imageRotate="0"
                               originalHeight=""
                               originalWidth=""
                               scaleOption="toTemplate"
                               status="legacy"/>
                  </step_par>
               </step_248_0>
                <step_249_0 jcr:primaryType="nt:unstructured" sling:resourceType="help/components/step">
                  <step_par jcr:primaryType="nt:unstructured"
                            sling:resourceType="help/components/procedure/step_parsys">
                    <text_645 jcr:primaryType="nt:unstructured"
                               sling:resourceType="help/components/article-3/text"
                               text="&lt;p&gt;Enter the content of the content block(s), and click the &#xA;&lt;span class=&#34;uicontrol&#34;&gt;Create&lt;/span&gt;&#xA; button.&lt;/p&gt;&#xA;"
                               textIsRich="true"/>
                    <text_646 jcr:primaryType="nt:unstructured"
                               sling:resourceType="help/components/article-3/text"
                               text="&lt;p&gt;Your content block can now be used in the content editor of a delivery or a landing page.&lt;/p&gt;&#xA;"
                               textIsRich="true"/>
                  </step_par>
               </step_249_0>
            </proc_par>
         </procedure_25_10>
        
      </main-pars>
      <hero jcr:primaryType="nt:unstructured"
            sling:resourceType="foundation/components/image"/>
      <thumbnail jcr:primaryType="nt:unstructured"
                 sling:resourceType="foundation/components/image"/>
      <publisherLogo jcr:primaryType="nt:unstructured"
                     sling:resourceType="foundation/components/image"/>
   </jcr:content>
</jcr:root>