<?xml version="1.0" encoding="UTF-8"?>
<jcr:root xmlns:nt="http://www.jcp.org/jcr/nt/1.0" xmlns:json="http://json.org/"
          xmlns:sling="http://sling.apache.org/jcr/sling/1.0"
          xmlns:cq="http://www.day.com/jcr/cq/1.0"
          xmlns:jcr="http://www.jcp.org/jcr/1.0"
          xmlns:mix="http://www.jcp.org/jcr/mix/1.0"
          jcr:primaryType="cq:Page">
   <jcr:content navTitle="Content design best practices" jcr:primaryType="cq:PageContent"
                sling:resourceType="help/components/pages/article-3"
                heroGradient="light"
                jcr:language="en_us"
                cq:designPath="/etc/designs/help"
                cq:template="/apps/help/templates/article-3"
                jcr:mixinTypes="[mix:versionable]"
                jcr:title="Content design best practices"
                jcr:description="Content design best practices"
                seoDescription="Read about these guidelines to ensure the editor's optimal operation."
                primaryProductTag="[products:SG_CAMPAIGN/STANDARD]"
                cq:tags="[products:SG_CAMPAIGN/STANDARD,audience:designing,content_type:reference,topic_tags:about-content-design]"
                primaryAudienceTag="[audience:designing]"
                contentOwner="sauviat"
                isReadyForLocalization="true"
                publishExternalDate="2019-01-09">
      <main-pars jcr:primaryType="nt:unstructured"
                 sling:resourceType="foundation/components/parsys">
        
        
            
        
        <text_22 jcr:primaryType="nt:unstructured"
                  sling:resourceType="help/components/article-3/text"
                  text="&lt;p&gt;To ensure the editor's optimal operation, we recommend observing the following guidelines: &lt;/p&gt;&#xA;"
                  textIsRich="true"/>
        <procedure_2 jcr:primaryType="nt:unstructured"
                      sling:resourceType="help/components/procedure"
                      isBulleted="true">
            <proc_par jcr:primaryType="nt:unstructured"
                      sling:resourceType="help/components/procedure/proc_parsys">
               <step_7_2 jcr:primaryType="nt:unstructured" sling:resourceType="help/components/step">
                  <step_par jcr:primaryType="nt:unstructured"
                            sling:resourceType="help/components/procedure/step_parsys">
                     <text_23 jcr:primaryType="nt:unstructured"
                              sling:resourceType="help/components/article-3/text"
                              text="&lt;p&gt;SCSS style sheets are not supported. Use regular CSS if you import ZIP files containing your HTML content.&lt;/p&gt;&#xA;"
                              textIsRich="true"/>
                  </step_par>
               </step_7_2>
               <step_8_2 jcr:primaryType="nt:unstructured" sling:resourceType="help/components/step">
                  <step_par jcr:primaryType="nt:unstructured"
                            sling:resourceType="help/components/procedure/step_parsys">
                     <text_24 jcr:primaryType="nt:unstructured"
                              sling:resourceType="help/components/article-3/text"
                              text="&lt;p&gt;When editing &lt;strong&gt;email content&lt;/strong&gt;:&lt;/p&gt;&#xA;"
                              textIsRich="true"/>
                     <text_25 jcr:primaryType="nt:unstructured"
                              sling:resourceType="help/components/article-3/text"
                              text="&lt;p&gt;Preview your messages before sending them. Adobe Campaign offers a way to test email rendering using Litmus. For more on this, see &#xA;&#x9;&#x9;&#x9;&#x9;&#x9;&#x9;&#x9;&#x9;&#x9;&#x9;&#x9;&#xA;&#x9;&#x9;&#x9;&#x9;&#x9;&#x9;&#x9;&lt;a href=&#34;/content/help/en/campaign/standard/sending/using/email-rendering.html&#34;&gt;Email rendering&lt;/a&gt;.&lt;/p&gt;&#xA;"
                              textIsRich="true"/>
                  </step_par>
               </step_8_2>
               <step_9_2 jcr:primaryType="nt:unstructured" sling:resourceType="help/components/step">
                  <step_par jcr:primaryType="nt:unstructured"
                            sling:resourceType="help/components/procedure/step_parsys">
                     <text_26 jcr:primaryType="nt:unstructured"
                              sling:resourceType="help/components/article-3/text"
                              text="&lt;p&gt;When editing &lt;strong&gt;landing page content&lt;/strong&gt;:&lt;/p&gt;&#xA;"
                              textIsRich="true"/>
                     <procedure_2 jcr:primaryType="nt:unstructured"
                                  sling:resourceType="help/components/procedure"
                                  isBulleted="true">
                        <proc_par jcr:primaryType="nt:unstructured"
                                  sling:resourceType="help/components/procedure/proc_parsys">
                           <step_9_2 jcr:primaryType="nt:unstructured" sling:resourceType="help/components/step">
                              <step_par jcr:primaryType="nt:unstructured"
                                        sling:resourceType="help/components/procedure/step_parsys">
                                 <text_27 jcr:primaryType="nt:unstructured"
                                          sling:resourceType="help/components/article-3/text"
                                          text="&lt;p&gt;Before importing an HTML page template in Adobe Campaign, please make sure the template opens and displays correctly in the various browsers.&lt;/p&gt;&#xA;"
                                          textIsRich="true"/>
                              </step_par>
                           </step_9_2>
                           <step_10_2 jcr:primaryType="nt:unstructured" sling:resourceType="help/components/step">
                              <step_par jcr:primaryType="nt:unstructured"
                                        sling:resourceType="help/components/procedure/step_parsys">
                                 <text_28 jcr:primaryType="nt:unstructured"
                                          sling:resourceType="help/components/article-3/text"
                                          text="&lt;p&gt;If the HTML page contains JavaScript scripts, they need to execute without errors outside of the editor. In general, avoid using scripts in message content to make sure it is correctly processed by email clients.&lt;/p&gt;&#xA;"
                                          textIsRich="true"/>
                              </step_par>
                           </step_10_2>
                           <step_11_2 jcr:primaryType="nt:unstructured" sling:resourceType="help/components/step">
                              <step_par jcr:primaryType="nt:unstructured"
                                        sling:resourceType="help/components/procedure/step_parsys">
                                 <text_29 jcr:primaryType="nt:unstructured"
                                          sling:resourceType="help/components/article-3/text"
                                          text="&lt;p&gt;When building a template, we recommend adding a &lt;strong&gt;'type'&lt;/strong&gt; attribute to &lt;input&gt; tags. This information will be processed by the editor and help the user to link a database field to the form field when configuring the web application.&lt;/p&gt;&#xA;"
                                          textIsRich="true"/>
                                 <text_30 jcr:primaryType="nt:unstructured"
                                          sling:resourceType="help/components/article-3/text"
                                          text="&lt;p&gt;Example of HTML code in the template: &lt;/p&gt;&#xA;"
                                          textIsRich="true"/>
                                 <codelisting_sh0 jcr:primaryType="nt:unstructured"
                                                  sling:resourceType="help/components/codeblock"
                                                  codeLanguage="html"
                                                  gutter="true"
                                                  text="\&#xA;&lt;input id=&#34;email&#34; type=&#34;email&#34; name=&#34;email&#34;/&gt;&#xA;&#x9;&#x9;&#x9;"/>
                                 <text_31 jcr:primaryType="nt:unstructured"
                                          sling:resourceType="help/components/article-3/text"
                                          text="&lt;p&gt;The official list of 'type' attributes is available at the following address: &#xA;&lt;a href=&#34;http://www.w3schools.com/tags/att_input_type.asp&#34;&gt;http://www.w3schools.com/tags/att_input_type.asp&lt;/a&gt;&lt;/p&gt;&#xA;"
                                          textIsRich="true"/>
                              </step_par>
                           </step_11_2>
                        </proc_par>
                     </procedure_2>
                  </step_par>
               </step_9_2>
            </proc_par>
         </procedure_2>
        <text_32 jcr:primaryType="nt:unstructured"
                  sling:resourceType="help/components/article-3/text"
                  text="&lt;p&gt;More design and general best practices regarding messages are presented in the following Adobe Campaign step-by-step guide: &#xA;&lt;a href=&#34;https://docs.campaign.adobe.com/doc/standard/getting_started/en/ACS_DeliveryBestPractices.html &#34;&gt;Delivery best practices with Adobe Campaign&lt;/a&gt;.&lt;/p&gt;&#xA;"
                  textIsRich="true"/>
      </main-pars>
      <hero jcr:primaryType="nt:unstructured"
            sling:resourceType="foundation/components/image"/>
      <thumbnail jcr:primaryType="nt:unstructured"
                 sling:resourceType="foundation/components/image"/>
      <publisherLogo jcr:primaryType="nt:unstructured"
                     sling:resourceType="foundation/components/image"/>
   </jcr:content>
</jcr:root>