<?xml version="1.0" encoding="UTF-8"?>
<jcr:root xmlns:nt="http://www.jcp.org/jcr/nt/1.0" xmlns:json="http://json.org/"
          xmlns:sling="http://sling.apache.org/jcr/sling/1.0"
          xmlns:cq="http://www.day.com/jcr/cq/1.0"
          xmlns:jcr="http://www.jcp.org/jcr/1.0"
          xmlns:mix="http://www.jcp.org/jcr/mix/1.0"
          jcr:primaryType="cq:Page">
   <jcr:content navTitle="Defining a visibility condition" jcr:primaryType="cq:PageContent"
                sling:resourceType="help/components/pages/article-3"
                heroGradient="light"
                jcr:language="en_us"
                cq:designPath="/etc/designs/help"
                cq:template="/apps/help/templates/article-3"
                jcr:mixinTypes="[mix:versionable]"
                jcr:title="Defining a visibility condition"
                jcr:description="Defining a visibility condition"
                seoDescription="Make a web page element visible only if a certain condition is respected."
                primaryProductTag="[products:SG_CAMPAIGN/STANDARD]"
                cq:tags="[products:SG_CAMPAIGN/STANDARD,audience:designing,content_type:reference,topic_tags:defining-conditional-content]"
                primaryAudienceTag="[audience:designing]"
                contentOwner="sauviat"
                isReadyForLocalization="true"
                publishExternalDate="2019-01-09">
      <main-pars jcr:primaryType="nt:unstructured"
                 sling:resourceType="foundation/components/parsys">
        
        
            
        
        <text_746 jcr:primaryType="nt:unstructured"
                   sling:resourceType="help/components/article-3/text"
                   text="&lt;p&gt;You can specify a visibility condition on any element. It will only be visible if the condition is respected.&lt;/p&gt;&#xA;"
                   textIsRich="true"/>
        <text_747 jcr:primaryType="nt:unstructured"
                   sling:resourceType="help/components/article-3/text"
                   text="&lt;p&gt;To add a visibility condition, select a block and enter the condition to be respected in the &#xA;&lt;span class=&#34;uicontrol&#34;&gt;Visibility condition&lt;/span&gt;&#xA; field of its settings.&lt;/p&gt;&#xA;"
                   textIsRich="true"/>
        <image_99 jcr:primaryType="nt:unstructured"
                   sling:resourceType="help/components/article-3/image"
                   jcr:title=""
                   alt=""
                   captionBottom=""
                   fileName="delivery_content_5.png"
                   originalFileName="images/en/delivery_content_5.png"
                   fileReference="/content/dam/help/en/campaign/standard/delivery_content_5.png"
                   imageRotate="0"
                   originalHeight=""
                   originalWidth=""
                   scaleOption="toTemplate"
                   status="legacy"/>
        <text_748 jcr:primaryType="nt:unstructured"
                   sling:resourceType="help/components/article-3/text"
                   text="&lt;p&gt;This option is only available for the following elements: ADDRESS, BLOCKQUOTE, CENTER, DIR, DIV, DL, FIELDSET, FORM, H1, H2, H3, H4, H5, H6, NOSCRIPT, OL, P, PRE, UL, TR, TD.&lt;/p&gt;&#xA;"
                   textIsRich="true"/>
        <text_749 jcr:primaryType="nt:unstructured"
                   sling:resourceType="help/components/article-3/text"
                   text="&lt;p&gt;The expression editor is presented in the &#xA;&#x9;&#x9;&#x9;&#x9;&#x9;&#x9;&#x9;&#x9;&#x9;&#x9;&#x9;&#xA;&#x9;&#x9;&#x9;&#x9;&#x9;&#x9;&#x9;&lt;a href=&#34;/content/help/en/campaign/standard/automating/using/editing-queries.html#about-query-editor&#34;&gt;Advanced expression editing&lt;/a&gt; section.&lt;/p&gt;&#xA;"
                   textIsRich="true"/>
        <text_750 jcr:primaryType="nt:unstructured"
                   sling:resourceType="help/components/article-3/text"
                   text="&lt;p&gt;These conditions adopt the XTK expression syntax (e.g. &lt;strong&gt;context.profile.email !=''&lt;/strong&gt; or &lt;strong&gt;context.profile.status='0'&lt;/strong&gt;). By default, all fields are visible.&lt;/p&gt;&#xA;"
                   textIsRich="true"/>
        <note_33 jcr:primaryType="nt:unstructured"
                  sling:resourceType="help/components/article-3/note"
                  text="&lt;p&gt;&#xA;            A condition cannot be defined for a block that already contains a sub-element with a dynamic content or a block that already makes up a dynamic content.&#xA;            Non-visible dynamic blocks like drop-down lists cannot be edited.&#xA;        &lt;/p&gt;&#xA;"
                  textIsRich="true"
                  type="note"/>
      </main-pars>
      <hero jcr:primaryType="nt:unstructured"
            sling:resourceType="foundation/components/image"/>
      <thumbnail jcr:primaryType="nt:unstructured"
                 sling:resourceType="foundation/components/image"/>
      <publisherLogo jcr:primaryType="nt:unstructured"
                     sling:resourceType="foundation/components/image"/>
   </jcr:content>
</jcr:root>