<?xml version="1.0" encoding="UTF-8"?>
<jcr:root xmlns:nt="http://www.jcp.org/jcr/nt/1.0" xmlns:json="http://json.org/"
          xmlns:sling="http://sling.apache.org/jcr/sling/1.0"
          xmlns:cq="http://www.day.com/jcr/cq/1.0"
          xmlns:jcr="http://www.jcp.org/jcr/1.0"
          xmlns:mix="http://www.jcp.org/jcr/mix/1.0"
          jcr:primaryType="cq:Page">
   <jcr:content navTitle="Defining dynamic content in a landing page"
                jcr:primaryType="cq:PageContent"
                sling:resourceType="help/components/pages/article-3"
                heroGradient="light"
                jcr:language="en_us"
                cq:designPath="/etc/designs/help"
                cq:template="/apps/help/templates/article-3"
                jcr:mixinTypes="[mix:versionable]"
                jcr:title="Defining dynamic content in a landing page"
                jcr:description="Defining dynamic content in a landing page"
                seoDescription="Follow these steps to display different contents dynamically in a landing page according to the conditions defined through the Adobe Campaign expression editor."
                primaryProductTag="[products:SG_CAMPAIGN/STANDARD]"
                cq:tags="[products:SG_CAMPAIGN/STANDARD,audience:designing,content_type:reference,topic_tags:defining-conditional-content]"
                primaryAudienceTag="[audience:designing]"
                contentOwner="sauviat"
                isReadyForLocalization="true"
                publishExternalDate="2019-01-09">
      <main-pars jcr:primaryType="nt:unstructured"
                 sling:resourceType="foundation/components/parsys">
        
        
            
        
        <text_783 jcr:primaryType="nt:unstructured"
                   sling:resourceType="help/components/article-3/text"
                   text="&lt;p&gt;To define dynamic content in a landing page, select a block using the breadcrumb or by directly clicking an element.&lt;/p&gt;&#xA;"
                   textIsRich="true"/>
        <image_111 jcr:primaryType="nt:unstructured"
                    sling:resourceType="help/components/article-3/image"
                    jcr:title=""
                    alt=""
                    captionBottom=""
                    fileName="dynamic_content_LP_1.png"
                    originalFileName="images/en/dynamic_content_LP_1.png"
                    fileReference="/content/dam/help/en/campaign/standard/dynamic_content_LP_1.png"
                    imageRotate="0"
                    originalHeight=""
                    originalWidth=""
                    scaleOption="toTemplate"
                    status="legacy"/>
        <text_784 jcr:primaryType="nt:unstructured"
                   sling:resourceType="help/components/article-3/text"
                   text="&lt;p&gt;Certain blocks, such as images, cannot be directly selected. In this case, select the parent block using the breadcrumb. You can then modify all of the elements included in this parent element, including images. The condition will be applied to all child elements within the parent block.&lt;/p&gt;&#xA;"
                   textIsRich="true"/>
        <text_785 jcr:primaryType="nt:unstructured"
                   sling:resourceType="help/components/article-3/text"
                   text="&lt;p&gt;The breadcrumb is presented in the &#xA;&#x9;&#x9;&#x9;&#x9;&#x9;&#x9;&#x9;&#x9;&#x9;&#x9;&#x9;&#xA;&#x9;&#x9;&#x9;&#x9;&#x9;&#x9;&#x9;&lt;a href=&#34;/content/help/en/campaign/standard/designing/using/managing-landing-page-structure-and-style.html&#34;&gt;Managing blocks&lt;/a&gt; section.&lt;/p&gt;&#xA;"
                   textIsRich="true"/>
        <text_786 jcr:primaryType="nt:unstructured"
                   sling:resourceType="help/components/article-3/text"
                   text="&lt;p&gt;The next steps for defining dynamic content in a landing page are similar to the steps to follow for an email. See &#xA;&#x9;&#x9;&#x9;&#x9;&#x9;&#x9;&#x9;&#x9;&#x9;&#x9;&#x9;&#xA;&#x9;&#x9;&#x9;&#x9;&#x9;&#x9;&#x9;&lt;a href=&#34;/content/help/en/campaign/standard/designing/using/defining-dynamic-content-in-an-email.html&#34;&gt;this section&lt;/a&gt;.&lt;/p&gt;&#xA;"
                   textIsRich="true"/>
        <note_35 jcr:primaryType="nt:unstructured"
                  sling:resourceType="help/components/article-3/note"
                  text="&lt;p&gt;&#xA;            If a variant element is outlined in red, this means that an expression has not yet been defined.&#xA;        &lt;/p&gt;&#xA;"
                  textIsRich="true"
                  type="note"/>
        
            <header_93 jcr:primaryType="nt:unstructured" sling:resourceType="help/components/header"
                    id="previewing-dynamic-content-in-a-landing-page"
                    level="2"
                    text="&lt;p&gt;Previewing dynamic content in a landing page&lt;/p&gt;&#xA;"
                    textIsRich="'true'"/>
            <text_788 jcr:primaryType="nt:unstructured"
                   sling:resourceType="help/components/article-3/text"
                   text="&lt;p&gt;You can navigate between the different dynamic contents of a block. To do this:&lt;/p&gt;&#xA;"
                   textIsRich="true"/>
            <procedure_33_10 jcr:primaryType="nt:unstructured"
                          sling:resourceType="help/components/procedure">
            <proc_par jcr:primaryType="nt:unstructured"
                      sling:resourceType="help/components/procedure/proc_parsys">
                <step_309_0 jcr:primaryType="nt:unstructured" sling:resourceType="help/components/step">
                  <step_par jcr:primaryType="nt:unstructured"
                            sling:resourceType="help/components/procedure/step_parsys">
                    <text_789 jcr:primaryType="nt:unstructured"
                               sling:resourceType="help/components/article-3/text"
                               text="&lt;p&gt;Select the block.&lt;/p&gt;&#xA;"
                               textIsRich="true"/>
                    <text_790 jcr:primaryType="nt:unstructured"
                               sling:resourceType="help/components/article-3/text"
                               text="&lt;p&gt;Arrows appear on the right- and left-hand sides of the image.&lt;/p&gt;&#xA;"
                               textIsRich="true"/>
                  </step_par>
               </step_309_0>
                <step_310_0 jcr:primaryType="nt:unstructured" sling:resourceType="help/components/step">
                  <step_par jcr:primaryType="nt:unstructured"
                            sling:resourceType="help/components/procedure/step_parsys">
                    <text_791 jcr:primaryType="nt:unstructured"
                               sling:resourceType="help/components/article-3/text"
                               text="&lt;p&gt;Click the right arrow to browse through the available dynamic contents.&lt;/p&gt;&#xA;"
                               textIsRich="true"/>
                    <image_112 jcr:primaryType="nt:unstructured"
                                sling:resourceType="help/components/article-3/image"
                                jcr:title=""
                                alt=""
                                captionBottom=""
                                fileName="dynamic_content_LP_2.png"
                                originalFileName="images/en/dynamic_content_LP_2.png"
                                fileReference="/content/dam/help/en/campaign/standard/dynamic_content_LP_2.png"
                                imageRotate="0"
                                originalHeight=""
                                originalWidth=""
                                scaleOption="toTemplate"
                                status="legacy"/>
                    <text_792 jcr:primaryType="nt:unstructured"
                               sling:resourceType="help/components/article-3/text"
                               text="&lt;p&gt;The arrows on each side dim according to whether you have reached the last or first available dynamic contents.&lt;/p&gt;&#xA;"
                               textIsRich="true"/>
                    <image_113 jcr:primaryType="nt:unstructured"
                                sling:resourceType="help/components/article-3/image"
                                jcr:title=""
                                alt=""
                                captionBottom=""
                                fileName="dynamic_content_LP_3.png"
                                originalFileName="images/en/dynamic_content_LP_3.png"
                                fileReference="/content/dam/help/en/campaign/standard/dynamic_content_LP_3.png"
                                imageRotate="0"
                                originalHeight=""
                                originalWidth=""
                                scaleOption="toTemplate"
                                status="legacy"/>
                  </step_par>
               </step_310_0>
                <step_311_0 jcr:primaryType="nt:unstructured" sling:resourceType="help/components/step">
                  <step_par jcr:primaryType="nt:unstructured"
                            sling:resourceType="help/components/procedure/step_parsys">
                    <text_793 jcr:primaryType="nt:unstructured"
                               sling:resourceType="help/components/article-3/text"
                               text="&lt;p&gt;To delete all the conditions applied to a block, select that block and click the &#xA;&lt;span class=&#34;uicontrol&#34;&gt;Disable dynamic content&lt;/span&gt;&#xA; icon.&lt;/p&gt;&#xA;"
                               textIsRich="true"/>
                  </step_par>
               </step_311_0>
                <step_312_0 jcr:primaryType="nt:unstructured" sling:resourceType="help/components/step">
                  <step_par jcr:primaryType="nt:unstructured"
                            sling:resourceType="help/components/procedure/step_parsys">
                    <text_794 jcr:primaryType="nt:unstructured"
                               sling:resourceType="help/components/article-3/text"
                               text="&lt;p&gt;Select the dynamic content that you would like to keep.&lt;/p&gt;&#xA;"
                               textIsRich="true"/>
                    <image_114 jcr:primaryType="nt:unstructured"
                                sling:resourceType="help/components/article-3/image"
                                jcr:title=""
                                alt=""
                                captionBottom=""
                                fileName="dynamic_content_LP_5.png"
                                originalFileName="images/en/dynamic_content_LP_5.png"
                                fileReference="/content/dam/help/en/campaign/standard/dynamic_content_LP_5.png"
                                imageRotate="0"
                                originalHeight=""
                                originalWidth=""
                                scaleOption="toTemplate"
                                status="legacy"/>
                  </step_par>
               </step_312_0>
            </proc_par>
         </procedure_33_10>
            <text_795 jcr:primaryType="nt:unstructured"
                   sling:resourceType="help/components/article-3/text"
                   text="&lt;p&gt;In the palette:&lt;/p&gt;&#xA;"
                   textIsRich="true"/>
            <procedure_45 jcr:primaryType="nt:unstructured"
                       sling:resourceType="help/components/procedure"
                       isBulleted="true">
            <proc_par jcr:primaryType="nt:unstructured"
                      sling:resourceType="help/components/procedure/proc_parsys">
                <step_313_45 jcr:primaryType="nt:unstructured" sling:resourceType="help/components/step">
                  <step_par jcr:primaryType="nt:unstructured"
                            sling:resourceType="help/components/procedure/step_parsys">
                    <text_796 jcr:primaryType="nt:unstructured"
                               sling:resourceType="help/components/article-3/text"
                               text="&lt;p&gt;The contents which have an expression entered are no longer outlined in red, they are shown in gray.&lt;/p&gt;&#xA;"
                               textIsRich="true"/>
                  </step_par>
               </step_313_45>
                <step_314_45 jcr:primaryType="nt:unstructured" sling:resourceType="help/components/step">
                  <step_par jcr:primaryType="nt:unstructured"
                            sling:resourceType="help/components/procedure/step_parsys">
                    <text_797 jcr:primaryType="nt:unstructured"
                               sling:resourceType="help/components/article-3/text"
                               text="&lt;p&gt;The content that is currently selected appears in blue.&lt;/p&gt;&#xA;"
                               textIsRich="true"/>
                  </step_par>
               </step_314_45>
            </proc_par>
         </procedure_45>
            <image_115 jcr:primaryType="nt:unstructured"
                    sling:resourceType="help/components/article-3/image"
                    jcr:title=""
                    alt=""
                    captionBottom=""
                    fileName="dynamic_content_LP_4.png"
                    originalFileName="images/en/dynamic_content_LP_4.png"
                    fileReference="/content/dam/help/en/campaign/standard/dynamic_content_LP_4.png"
                    imageRotate="0"
                    originalHeight=""
                    originalWidth=""
                    scaleOption="toTemplate"
                    status="legacy"/>
        
      </main-pars>
      <hero jcr:primaryType="nt:unstructured"
            sling:resourceType="foundation/components/image"/>
      <thumbnail jcr:primaryType="nt:unstructured"
                 sling:resourceType="foundation/components/image"/>
      <publisherLogo jcr:primaryType="nt:unstructured"
                     sling:resourceType="foundation/components/image"/>
   </jcr:content>
</jcr:root>