<?xml version="1.0" encoding="UTF-8"?>
<jcr:root xmlns:nt="http://www.jcp.org/jcr/nt/1.0" xmlns:json="http://json.org/"
          xmlns:sling="http://sling.apache.org/jcr/sling/1.0"
          xmlns:cq="http://www.day.com/jcr/cq/1.0"
          xmlns:jcr="http://www.jcp.org/jcr/1.0"
          xmlns:mix="http://www.jcp.org/jcr/mix/1.0"
          jcr:primaryType="cq:Page">
   <jcr:content navTitle="Example: Email personalization" jcr:primaryType="cq:PageContent"
                sling:resourceType="help/components/pages/article-3"
                heroGradient="light"
                jcr:language="en_us"
                cq:designPath="/etc/designs/help"
                cq:template="/apps/help/templates/article-3"
                jcr:mixinTypes="[mix:versionable]"
                jcr:title="Example: Email personalization"
                jcr:description="Example: Email personalization"
                seoDescription="See a full example of personalizing an email with dynamic content and text according to the profiles' ages."
                primaryProductTag="[products:SG_CAMPAIGN/STANDARD]"
                cq:tags="[products:SG_CAMPAIGN/STANDARD,audience:designing,content_type:reference,topic_tags:personalizing-content]"
                primaryAudienceTag="[audience:designing]"
                contentOwner="sauviat"
                isReadyForLocalization="true"
                publishExternalDate="2019-01-09">
      <main-pars jcr:primaryType="nt:unstructured"
                 sling:resourceType="foundation/components/parsys">
        
        
            
        
        <text_700 jcr:primaryType="nt:unstructured"
                   sling:resourceType="help/components/article-3/text"
                   text="&lt;p&gt;In this example, a member of the marketing service team has created an email to inform some of his clients that there is a special offer just for them. The team member decided to personalize the email according to the clients' respective ages. Clients aged between 18 and 27 years old will receive an email containing a different image and slogan to those that the clients older than 27 will receive.&lt;/p&gt;&#xA;"
                   textIsRich="true"/>
        <text_701 jcr:primaryType="nt:unstructured"
                   sling:resourceType="help/components/article-3/text"
                   text="&lt;p&gt;The email is created as follows:&lt;/p&gt;&#xA;"
                   textIsRich="true"/>
        <procedure_42 jcr:primaryType="nt:unstructured"
                       sling:resourceType="help/components/procedure"
                       isBulleted="true">
            <proc_par jcr:primaryType="nt:unstructured"
                      sling:resourceType="help/components/procedure/proc_parsys">
               <step_273_42 jcr:primaryType="nt:unstructured" sling:resourceType="help/components/step">
                  <step_par jcr:primaryType="nt:unstructured"
                            sling:resourceType="help/components/procedure/step_parsys">
                     <text_702 jcr:primaryType="nt:unstructured"
                               sling:resourceType="help/components/article-3/text"
                               text="&lt;p&gt;Dynamic contents are applied to the image and these dynamic contents are configured according to age range.&lt;/p&gt;&#xA;"
                               textIsRich="true"/>
                     <image_86 jcr:primaryType="nt:unstructured"
                               sling:resourceType="help/components/article-3/image"
                               jcr:title=""
                               alt=""
                               captionBottom=""
                               fileName="delivery_content_43.png"
                               originalFileName="images/en/delivery_content_43.png"
                               fileReference="/content/dam/help/en/campaign/standard/delivery_content_43.png"
                               imageRotate="0"
                               originalHeight=""
                               originalWidth=""
                               scaleOption="toTemplate"
                               status="legacy"/>
                     <text_703 jcr:primaryType="nt:unstructured"
                               sling:resourceType="help/components/article-3/text"
                               text="&lt;p&gt;Adding and configuring dynamic content is detailed in the &#xA;&#x9;&#x9;&#x9;&#x9;&#x9;&#xA;&lt;a href=&#34;/content/help/en/campaign/standard/designing/using/defining-dynamic-content-in-an-email.html&#34; target=&#34;_blank&#34;&gt;Defining dynamic content in an email&lt;/a&gt; section.&lt;/p&gt;&#xA;"
                               textIsRich="true"/>
                  </step_par>
               </step_273_42>
               <step_274_42 jcr:primaryType="nt:unstructured" sling:resourceType="help/components/step">
                  <step_par jcr:primaryType="nt:unstructured"
                            sling:resourceType="help/components/procedure/step_parsys">
                     <text_704 jcr:primaryType="nt:unstructured"
                               sling:resourceType="help/components/article-3/text"
                               text="&lt;p&gt;Personalization fields and dynamic contents are applied to the text. Depending on the age range of the profile, the email starts with either the profile's first name, or the profile's title and last name.&lt;/p&gt;&#xA;"
                               textIsRich="true"/>
                     <image_87 jcr:primaryType="nt:unstructured"
                               sling:resourceType="help/components/article-3/image"
                               jcr:title=""
                               alt=""
                               captionBottom=""
                               fileName="delivery_content_44.png"
                               originalFileName="images/en/delivery_content_44.png"
                               fileReference="/content/dam/help/en/campaign/standard/delivery_content_44.png"
                               imageRotate="0"
                               originalHeight=""
                               originalWidth=""
                               scaleOption="toTemplate"
                               status="legacy"/>
                     <text_705 jcr:primaryType="nt:unstructured"
                               sling:resourceType="help/components/article-3/text"
                               text="&lt;p&gt;Adding and configuring the personalization fields is detailed in the &#xA;&#x9;&#x9;&#x9;&#x9;&#x9;&#xA;&lt;a href=&#34;/content/help/en/campaign/standard/designing/using/inserting-a-personalization-field.html&#34; target=&#34;_blank&#34;&gt;Inserting a personalization field&lt;/a&gt; section.&lt;/p&gt;&#xA;"
                               textIsRich="true"/>
                  </step_par>
               </step_274_42>
            </proc_par>
         </procedure_42>
        
            <header_85 jcr:primaryType="nt:unstructured" sling:resourceType="help/components/header"
                    id="configuring-images"
                    level="2"
                    text="&lt;p&gt;Configuring images&lt;/p&gt;&#xA;"
                    textIsRich="'true'"/>
            <text_706 jcr:primaryType="nt:unstructured"
                   sling:resourceType="help/components/article-3/text"
                   text="&lt;p&gt;In this example, the dynamic contents applied to the images are configured as follows:&lt;/p&gt;&#xA;"
                   textIsRich="true"/>
            <text_707 jcr:primaryType="nt:unstructured"
                   sling:resourceType="help/components/article-3/text"
                   text="&lt;p&gt;&lt;strong&gt;To target 18-27-year-old:&lt;/strong&gt;&lt;/p&gt;&#xA;"
                   textIsRich="true"/>
            <procedure_27_10 jcr:primaryType="nt:unstructured"
                          sling:resourceType="help/components/procedure">
            <proc_par jcr:primaryType="nt:unstructured"
                      sling:resourceType="help/components/procedure/proc_parsys">
                <step_275_0 jcr:primaryType="nt:unstructured" sling:resourceType="help/components/step">
                  <step_par jcr:primaryType="nt:unstructured"
                            sling:resourceType="help/components/procedure/step_parsys">
                    <text_708 jcr:primaryType="nt:unstructured"
                               sling:resourceType="help/components/article-3/text"
                               text="&lt;p&gt;Select the dynamic content in the &#xA;&lt;span class=&#34;uicontrol&#34;&gt;Properties&lt;/span&gt;&#xA; palette and click the &#xA;&lt;span class=&#34;uicontrol&#34;&gt;Edit&lt;/span&gt;&#xA; button.&lt;/p&gt;&#xA;"
                               textIsRich="true"/>
                    <image_88 jcr:primaryType="nt:unstructured"
                               sling:resourceType="help/components/article-3/image"
                               jcr:title=""
                               alt=""
                               captionBottom=""
                               fileName="delivery_content_48.png"
                               originalFileName="images/en/delivery_content_48.png"
                               fileReference="/content/dam/help/en/campaign/standard/delivery_content_48.png"
                               imageRotate="0"
                               originalHeight=""
                               originalWidth=""
                               scaleOption="toTemplate"
                               status="legacy"/>
                  </step_par>
               </step_275_0>
                <step_276_0 jcr:primaryType="nt:unstructured" sling:resourceType="help/components/step">
                  <step_par jcr:primaryType="nt:unstructured"
                            sling:resourceType="help/components/procedure/step_parsys">
                    <text_709 jcr:primaryType="nt:unstructured"
                               sling:resourceType="help/components/article-3/text"
                               text="&lt;p&gt;Edit the label then select the &#xA;&lt;span class=&#34;uicontrol&#34;&gt;Age&lt;/span&gt;&#xA; field from the &#xA;&lt;span class=&#34;uicontrol&#34;&gt;Profile&lt;/span&gt;&#xA; node.&lt;/p&gt;&#xA;"
                               textIsRich="true"/>
                    <image_89 jcr:primaryType="nt:unstructured"
                               sling:resourceType="help/components/article-3/image"
                               jcr:title=""
                               alt=""
                               captionBottom=""
                               fileName="delivery_content_49.png"
                               originalFileName="images/en/delivery_content_49.png"
                               fileReference="/content/dam/help/en/campaign/standard/delivery_content_49.png"
                               imageRotate="0"
                               originalHeight=""
                               originalWidth=""
                               scaleOption="toTemplate"
                               status="legacy"/>
                  </step_par>
               </step_276_0>
                <step_277_0 jcr:primaryType="nt:unstructured" sling:resourceType="help/components/step">
                  <step_par jcr:primaryType="nt:unstructured"
                            sling:resourceType="help/components/procedure/step_parsys">
                    <text_710 jcr:primaryType="nt:unstructured"
                               sling:resourceType="help/components/article-3/text"
                               text="&lt;p&gt;Select the &lt;strong&gt;Greater than or equal to&lt;/strong&gt; operator then enter &lt;strong&gt;18&lt;/strong&gt; to create the &lt;strong&gt;older than 18&lt;/strong&gt; expression.&lt;/p&gt;&#xA;"
                               textIsRich="true"/>
                    <image_90 jcr:primaryType="nt:unstructured"
                               sling:resourceType="help/components/article-3/image"
                               jcr:title=""
                               alt=""
                               captionBottom=""
                               fileName="delivery_content_50.png"
                               originalFileName="images/en/delivery_content_50.png"
                               fileReference="/content/dam/help/en/campaign/standard/delivery_content_50.png"
                               imageRotate="0"
                               originalHeight=""
                               originalWidth=""
                               scaleOption="toTemplate"
                               status="legacy"/>
                  </step_par>
               </step_277_0>
                <step_278_0 jcr:primaryType="nt:unstructured" sling:resourceType="help/components/step">
                  <step_par jcr:primaryType="nt:unstructured"
                            sling:resourceType="help/components/procedure/step_parsys">
                    <text_711 jcr:primaryType="nt:unstructured"
                               sling:resourceType="help/components/article-3/text"
                               text="&lt;p&gt;Add a new &#xA;&lt;span class=&#34;uicontrol&#34;&gt;Age&lt;/span&gt;&#xA; condition.&lt;/p&gt;&#xA;"
                               textIsRich="true"/>
                    <text_712 jcr:primaryType="nt:unstructured"
                               sling:resourceType="help/components/article-3/text"
                               text="&lt;p&gt;Select the &lt;strong&gt;Less than or equal to&lt;/strong&gt; operator followed by 27 in the value field to create the &lt;strong&gt;younger than 27&lt;/strong&gt; expression.&lt;/p&gt;&#xA;"
                               textIsRich="true"/>
                    <image_91 jcr:primaryType="nt:unstructured"
                               sling:resourceType="help/components/article-3/image"
                               jcr:title=""
                               alt=""
                               captionBottom=""
                               fileName="delivery_content_51.png"
                               originalFileName="images/en/delivery_content_51.png"
                               fileReference="/content/dam/help/en/campaign/standard/delivery_content_51.png"
                               imageRotate="0"
                               originalHeight=""
                               originalWidth=""
                               scaleOption="toTemplate"
                               status="legacy"/>
                  </step_par>
               </step_278_0>
                <step_279_0 jcr:primaryType="nt:unstructured" sling:resourceType="help/components/step">
                  <step_par jcr:primaryType="nt:unstructured"
                            sling:resourceType="help/components/procedure/step_parsys">
                    <text_713 jcr:primaryType="nt:unstructured"
                               sling:resourceType="help/components/article-3/text"
                               text="&lt;p&gt;Confirm your changes.&lt;/p&gt;&#xA;"
                               textIsRich="true"/>
                  </step_par>
               </step_279_0>
            </proc_par>
         </procedure_27_10>
            <text_714 jcr:primaryType="nt:unstructured"
                   sling:resourceType="help/components/article-3/text"
                   text="&lt;p&gt;&lt;strong&gt;To target profiles aged 27 and above:&lt;/strong&gt;&lt;/p&gt;&#xA;"
                   textIsRich="true"/>
            <procedure_28_10 jcr:primaryType="nt:unstructured"
                          sling:resourceType="help/components/procedure">
            <proc_par jcr:primaryType="nt:unstructured"
                      sling:resourceType="help/components/procedure/proc_parsys">
                <step_280_0 jcr:primaryType="nt:unstructured" sling:resourceType="help/components/step">
                  <step_par jcr:primaryType="nt:unstructured"
                            sling:resourceType="help/components/procedure/step_parsys">
                    <text_715 jcr:primaryType="nt:unstructured"
                               sling:resourceType="help/components/article-3/text"
                               text="&lt;p&gt;Select the dynamic content from the palette and edit it.&lt;/p&gt;&#xA;"
                               textIsRich="true"/>
                  </step_par>
               </step_280_0>
                <step_281_0 jcr:primaryType="nt:unstructured" sling:resourceType="help/components/step">
                  <step_par jcr:primaryType="nt:unstructured"
                            sling:resourceType="help/components/procedure/step_parsys">
                    <text_716 jcr:primaryType="nt:unstructured"
                               sling:resourceType="help/components/article-3/text"
                               text="&lt;p&gt;Edit the label then select the &#xA;&lt;span class=&#34;uicontrol&#34;&gt;Age&lt;/span&gt;&#xA; field from the &#xA;&lt;span class=&#34;uicontrol&#34;&gt;Profile&lt;/span&gt;&#xA; node.&lt;/p&gt;&#xA;"
                               textIsRich="true"/>
                  </step_par>
               </step_281_0>
                <step_282_0 jcr:primaryType="nt:unstructured" sling:resourceType="help/components/step">
                  <step_par jcr:primaryType="nt:unstructured"
                            sling:resourceType="help/components/procedure/step_parsys">
                    <text_717 jcr:primaryType="nt:unstructured"
                               sling:resourceType="help/components/article-3/text"
                               text="&lt;p&gt;Add the &lt;strong&gt;Greater than&lt;/strong&gt; operator followed by 27 in the value field to create the &lt;strong&gt;older than 27&lt;/strong&gt; expression.&lt;/p&gt;&#xA;"
                               textIsRich="true"/>
                    <image_92 jcr:primaryType="nt:unstructured"
                               sling:resourceType="help/components/article-3/image"
                               jcr:title=""
                               alt=""
                               captionBottom=""
                               fileName="delivery_content_52.png"
                               originalFileName="images/en/delivery_content_52.png"
                               fileReference="/content/dam/help/en/campaign/standard/delivery_content_52.png"
                               imageRotate="0"
                               originalHeight=""
                               originalWidth=""
                               scaleOption="toTemplate"
                               status="legacy"/>
                  </step_par>
               </step_282_0>
                <step_283_0 jcr:primaryType="nt:unstructured" sling:resourceType="help/components/step">
                  <step_par jcr:primaryType="nt:unstructured"
                            sling:resourceType="help/components/procedure/step_parsys">
                    <text_718 jcr:primaryType="nt:unstructured"
                               sling:resourceType="help/components/article-3/text"
                               text="&lt;p&gt;Confirm your changes.&lt;/p&gt;&#xA;"
                               textIsRich="true"/>
                  </step_par>
               </step_283_0>
            </proc_par>
         </procedure_28_10>
            <text_719 jcr:primaryType="nt:unstructured"
                   sling:resourceType="help/components/article-3/text"
                   text="&lt;p&gt;Your dynamic contents are correctly configured.&lt;/p&gt;&#xA;"
                   textIsRich="true"/>
        
        
            <header_86 jcr:primaryType="nt:unstructured" sling:resourceType="help/components/header"
                    id="configuring-text"
                    level="2"
                    text="&lt;p&gt;Configuring text&lt;/p&gt;&#xA;"
                    textIsRich="'true'"/>
            <text_720 jcr:primaryType="nt:unstructured"
                   sling:resourceType="help/components/article-3/text"
                   text="&lt;p&gt;In this example, the dynamic contents applied to the texts are configured as follows:&lt;/p&gt;&#xA;"
                   textIsRich="true"/>
            <text_721 jcr:primaryType="nt:unstructured"
                   sling:resourceType="help/components/article-3/text"
                   text="&lt;p&gt;&lt;strong&gt;To target profiles aged between 18-27:&lt;/strong&gt;&lt;/p&gt;&#xA;"
                   textIsRich="true"/>
            <procedure_29_10 jcr:primaryType="nt:unstructured"
                          sling:resourceType="help/components/procedure">
            <proc_par jcr:primaryType="nt:unstructured"
                      sling:resourceType="help/components/procedure/proc_parsys">
                <step_284_0 jcr:primaryType="nt:unstructured" sling:resourceType="help/components/step">
                  <step_par jcr:primaryType="nt:unstructured"
                            sling:resourceType="help/components/procedure/step_parsys">
                    <text_722 jcr:primaryType="nt:unstructured"
                               sling:resourceType="help/components/article-3/text"
                               text="&lt;p&gt;Select the structure component you want and add a dynamic content.&lt;/p&gt;&#xA;"
                               textIsRich="true"/>
                  </step_par>
               </step_284_0>
                <step_285_0 jcr:primaryType="nt:unstructured" sling:resourceType="help/components/step">
                  <step_par jcr:primaryType="nt:unstructured"
                            sling:resourceType="help/components/procedure/step_parsys">
                    <text_723 jcr:primaryType="nt:unstructured"
                               sling:resourceType="help/components/article-3/text"
                               text="&lt;p&gt;Edit the dynamic content and configure the targeting expressions. Refer to &#xA;&#x9;&#x9;&#x9;&#x9;&#x9;&#xA;&lt;a href=&#34;/content/help/en/campaign/standard/designing/using/example--email-personalization.html#configuring-images&#34; target=&#34;_blank&#34;&gt;Configuring images&lt;/a&gt;.&lt;/p&gt;&#xA;"
                               textIsRich="true"/>
                  </step_par>
               </step_285_0>
                <step_286_0 jcr:primaryType="nt:unstructured" sling:resourceType="help/components/step">
                  <step_par jcr:primaryType="nt:unstructured"
                            sling:resourceType="help/components/procedure/step_parsys">
                    <text_724 jcr:primaryType="nt:unstructured"
                               sling:resourceType="help/components/article-3/text"
                               text="&lt;p&gt;In the structure component, at the desired position, click the &#xA;&lt;span class=&#34;uicontrol&#34;&gt;Personalize&lt;/span&gt;&#xA; icon from the contextual toolbar and select &#xA;&lt;span class=&#34;uicontrol&#34;&gt;Insert personalization field&lt;/span&gt;&#xA;.&lt;/p&gt;&#xA;"
                               textIsRich="true"/>
                    <image_93 jcr:primaryType="nt:unstructured"
                               sling:resourceType="help/components/article-3/image"
                               jcr:title=""
                               alt=""
                               captionBottom=""
                               fileName="delivery_content_53.png"
                               originalFileName="images/en/delivery_content_53.png"
                               fileReference="/content/dam/help/en/campaign/standard/delivery_content_53.png"
                               imageRotate="0"
                               originalHeight=""
                               originalWidth=""
                               scaleOption="toTemplate"
                               status="legacy"/>
                  </step_par>
               </step_286_0>
                <step_287_0 jcr:primaryType="nt:unstructured" sling:resourceType="help/components/step">
                  <step_par jcr:primaryType="nt:unstructured"
                            sling:resourceType="help/components/procedure/step_parsys">
                    <text_725 jcr:primaryType="nt:unstructured"
                               sling:resourceType="help/components/article-3/text"
                               text="&lt;p&gt;In the list that appears, select the &#xA;&lt;span class=&#34;uicontrol&#34;&gt;First name&lt;/span&gt;&#xA; field and confirm.&lt;/p&gt;&#xA;"
                               textIsRich="true"/>
                    <image_94 jcr:primaryType="nt:unstructured"
                               sling:resourceType="help/components/article-3/image"
                               jcr:title=""
                               alt=""
                               captionBottom=""
                               fileName="delivery_content_54.png"
                               originalFileName="images/en/delivery_content_54.png"
                               fileReference="/content/dam/help/en/campaign/standard/delivery_content_54.png"
                               imageRotate="0"
                               originalHeight=""
                               originalWidth=""
                               scaleOption="toTemplate"
                               status="legacy"/>
                  </step_par>
               </step_287_0>
                <step_288_0 jcr:primaryType="nt:unstructured" sling:resourceType="help/components/step">
                  <step_par jcr:primaryType="nt:unstructured"
                            sling:resourceType="help/components/procedure/step_parsys">
                    <text_726 jcr:primaryType="nt:unstructured"
                               sling:resourceType="help/components/article-3/text"
                               text="&lt;p&gt;Your personalization field is then perfectly inserted into the dynamic content selected.&lt;/p&gt;&#xA;"
                               textIsRich="true"/>
                  </step_par>
               </step_288_0>
            </proc_par>
         </procedure_29_10>
            <text_727 jcr:primaryType="nt:unstructured"
                   sling:resourceType="help/components/article-3/text"
                   text="&lt;p&gt;&lt;strong&gt;To target profiles aged 27 and above:&lt;/strong&gt;&lt;/p&gt;&#xA;"
                   textIsRich="true"/>
            <procedure_30_10 jcr:primaryType="nt:unstructured"
                          sling:resourceType="help/components/procedure">
            <proc_par jcr:primaryType="nt:unstructured"
                      sling:resourceType="help/components/procedure/proc_parsys">
                <step_289_0 jcr:primaryType="nt:unstructured" sling:resourceType="help/components/step">
                  <step_par jcr:primaryType="nt:unstructured"
                            sling:resourceType="help/components/procedure/step_parsys">
                    <text_728 jcr:primaryType="nt:unstructured"
                               sling:resourceType="help/components/article-3/text"
                               text="&lt;p&gt;Select the structure component you want and add a dynamic content.&lt;/p&gt;&#xA;"
                               textIsRich="true"/>
                  </step_par>
               </step_289_0>
                <step_290_0 jcr:primaryType="nt:unstructured" sling:resourceType="help/components/step">
                  <step_par jcr:primaryType="nt:unstructured"
                            sling:resourceType="help/components/procedure/step_parsys">
                    <text_729 jcr:primaryType="nt:unstructured"
                               sling:resourceType="help/components/article-3/text"
                               text="&lt;p&gt;Edit the dynamic content and configure the targeting expressions. Refer to &#xA;&#x9;&#x9;&#x9;&#x9;&#x9;&#xA;&lt;a href=&#34;/content/help/en/campaign/standard/designing/using/example--email-personalization.html#configuring-images&#34; target=&#34;_blank&#34;&gt;Configuring images&lt;/a&gt;.&lt;/p&gt;&#xA;"
                               textIsRich="true"/>
                  </step_par>
               </step_290_0>
                <step_291_0 jcr:primaryType="nt:unstructured" sling:resourceType="help/components/step">
                  <step_par jcr:primaryType="nt:unstructured"
                            sling:resourceType="help/components/procedure/step_parsys">
                    <text_730 jcr:primaryType="nt:unstructured"
                               sling:resourceType="help/components/article-3/text"
                               text="&lt;p&gt;In the structure component, at the desired position, click the &#xA;&lt;span class=&#34;uicontrol&#34;&gt;Personalize&lt;/span&gt;&#xA; icon from the contextual toolbar and select &#xA;&lt;span class=&#34;uicontrol&#34;&gt;Insert personalization field&lt;/span&gt;&#xA;.&lt;/p&gt;&#xA;"
                               textIsRich="true"/>
                  </step_par>
               </step_291_0>
                <step_292_0 jcr:primaryType="nt:unstructured" sling:resourceType="help/components/step">
                  <step_par jcr:primaryType="nt:unstructured"
                            sling:resourceType="help/components/procedure/step_parsys">
                    <text_731 jcr:primaryType="nt:unstructured"
                               sling:resourceType="help/components/article-3/text"
                               text="&lt;p&gt;Select &#xA;&lt;span class=&#34;uicontrol&#34;&gt;Title&lt;/span&gt;&#xA; from the drop-down list.&lt;/p&gt;&#xA;"
                               textIsRich="true"/>
                  </step_par>
               </step_292_0>
                <step_293_0 jcr:primaryType="nt:unstructured" sling:resourceType="help/components/step">
                  <step_par jcr:primaryType="nt:unstructured"
                            sling:resourceType="help/components/procedure/step_parsys">
                    <text_732 jcr:primaryType="nt:unstructured"
                               sling:resourceType="help/components/article-3/text"
                               text="&lt;p&gt;Proceed similarly to add the &#xA;&lt;span class=&#34;uicontrol&#34;&gt;Last name&lt;/span&gt;&#xA; field.&lt;/p&gt;&#xA;"
                               textIsRich="true"/>
                    <image_95 jcr:primaryType="nt:unstructured"
                               sling:resourceType="help/components/article-3/image"
                               jcr:title=""
                               alt=""
                               captionBottom=""
                               fileName="delivery_content_56.png"
                               originalFileName="images/en/delivery_content_56.png"
                               fileReference="/content/dam/help/en/campaign/standard/delivery_content_56.png"
                               imageRotate="0"
                               originalHeight=""
                               originalWidth=""
                               scaleOption="toTemplate"
                               status="legacy"/>
                  </step_par>
               </step_293_0>
            </proc_par>
         </procedure_30_10>
            <text_733 jcr:primaryType="nt:unstructured"
                   sling:resourceType="help/components/article-3/text"
                   text="&lt;p&gt;Your personalization fields should now be perfectly inserted into the chosen dynamic content.&lt;/p&gt;&#xA;"
                   textIsRich="true"/>
        
        
            <header_87 jcr:primaryType="nt:unstructured" sling:resourceType="help/components/header"
                    id="previewing-emails"
                    level="2"
                    text="&lt;p&gt;Previewing emails&lt;/p&gt;&#xA;"
                    textIsRich="'true'"/>
            <text_734 jcr:primaryType="nt:unstructured"
                   sling:resourceType="help/components/article-3/text"
                   text="&lt;p&gt;Previewing allows you to check that the personalization fields and the dynamic contents are configured correctly before sending the &#xA;&lt;span class=&#34;uicontrol&#34;&gt;Proofs&lt;/span&gt;&#xA;. During the preview, you can select different test profiles corresponding to the email targets.&lt;/p&gt;&#xA;"
                   textIsRich="true"/>
            <text_735 jcr:primaryType="nt:unstructured"
                   sling:resourceType="help/components/article-3/text"
                   text="&lt;p&gt;Without test profiles, the email that appears by default is:&lt;/p&gt;&#xA;"
                   textIsRich="true"/>
            <image_96 jcr:primaryType="nt:unstructured"
                   sling:resourceType="help/components/article-3/image"
                   jcr:title=""
                   alt=""
                   captionBottom=""
                   fileName="delivery_content_45.png"
                   originalFileName="images/en/delivery_content_45.png"
                   fileReference="/content/dam/help/en/campaign/standard/delivery_content_45.png"
                   imageRotate="0"
                   originalHeight=""
                   originalWidth=""
                   scaleOption="toTemplate"
                   status="legacy"/>
            <text_736 jcr:primaryType="nt:unstructured"
                   sling:resourceType="help/components/article-3/text"
                   text="&lt;p&gt;The email does not have personalization fields in the slogan, and the default image is used.&lt;/p&gt;&#xA;"
                   textIsRich="true"/>
            <text_737 jcr:primaryType="nt:unstructured"
                   sling:resourceType="help/components/article-3/text"
                   text="&lt;p&gt;The first test profile corresponds to a client aged between 18 and 27. By selecting this profile, the following email appears:&lt;/p&gt;&#xA;"
                   textIsRich="true"/>
            <image_97 jcr:primaryType="nt:unstructured"
                   sling:resourceType="help/components/article-3/image"
                   jcr:title=""
                   alt=""
                   captionBottom=""
                   fileName="delivery_content_46.png"
                   originalFileName="images/en/delivery_content_46.png"
                   fileReference="/content/dam/help/en/campaign/standard/delivery_content_46.png"
                   imageRotate="0"
                   originalHeight=""
                   originalWidth=""
                   scaleOption="toTemplate"
                   status="legacy"/>
            <text_738 jcr:primaryType="nt:unstructured"
                   sling:resourceType="help/components/article-3/text"
                   text="&lt;p&gt;The personalization field that corresponds to the 18-27-year-old expression, specifically the profile's first name, is configured correctly and the image has also changed according to the profile.&lt;/p&gt;&#xA;"
                   textIsRich="true"/>
            <text_739 jcr:primaryType="nt:unstructured"
                   sling:resourceType="help/components/article-3/text"
                   text="&lt;p&gt;The second profile corresponds to a client aged over 27 and generates the following email:&lt;/p&gt;&#xA;"
                   textIsRich="true"/>
            <image_98 jcr:primaryType="nt:unstructured"
                   sling:resourceType="help/components/article-3/image"
                   jcr:title=""
                   alt=""
                   captionBottom=""
                   fileName="delivery_content_47.png"
                   originalFileName="images/en/delivery_content_47.png"
                   fileReference="/content/dam/help/en/campaign/standard/delivery_content_47.png"
                   imageRotate="0"
                   originalHeight=""
                   originalWidth=""
                   scaleOption="toTemplate"
                   status="legacy"/>
            <text_740 jcr:primaryType="nt:unstructured"
                   sling:resourceType="help/components/article-3/text"
                   text="&lt;p&gt;The image has changed thanks to the dynamic content, and the slogan that appears is the more formal slogan defined for this targeted public.&lt;/p&gt;&#xA;"
                   textIsRich="true"/>
            <text_741 jcr:primaryType="nt:unstructured"
                   sling:resourceType="help/components/article-3/text"
                   text="&lt;p&gt;&lt;strong&gt;Related topics:&lt;/strong&gt;&lt;/p&gt;&#xA;"
                   textIsRich="true"/>
            <procedure_43 jcr:primaryType="nt:unstructured"
                       sling:resourceType="help/components/procedure"
                       isBulleted="true">
            <proc_par jcr:primaryType="nt:unstructured"
                      sling:resourceType="help/components/procedure/proc_parsys">
                <step_294_43 jcr:primaryType="nt:unstructured" sling:resourceType="help/components/step">
                  <step_par jcr:primaryType="nt:unstructured"
                            sling:resourceType="help/components/procedure/step_parsys">
                    <text_742 jcr:primaryType="nt:unstructured"
                               sling:resourceType="help/components/article-3/text"
                               text="&lt;p&gt;&#xA;&#x9;&#x9;&#x9;&#x9;&#x9;&#x9;&#x9;&#x9;&#x9;&#x9;&#x9;&#xA;&#x9;&#x9;&#x9;&#x9;&#x9;&#x9;&#x9;&lt;a href=&#34;/content/help/en/campaign/standard/audiences/using/creating-audiences.html&#34;&gt;Creating audiences&lt;/a&gt;&lt;/p&gt;&#xA;"
                               textIsRich="true"/>
                  </step_par>
               </step_294_43>
                <step_295_43 jcr:primaryType="nt:unstructured" sling:resourceType="help/components/step">
                  <step_par jcr:primaryType="nt:unstructured"
                            sling:resourceType="help/components/procedure/step_parsys">
                    <text_743 jcr:primaryType="nt:unstructured"
                               sling:resourceType="help/components/article-3/text"
                               text="&lt;p&gt;&#xA;&#x9;&#x9;&#x9;&#x9;&#x9;&#x9;&#x9;&#x9;&#x9;&#x9;&#x9;&#xA;&#x9;&#x9;&#x9;&#x9;&#x9;&#x9;&#x9;&lt;a href=&#34;/content/help/en/campaign/standard/sending/using/preparing-the-send.html&#34;&gt;Preparing the send&lt;/a&gt;&lt;/p&gt;&#xA;"
                               textIsRich="true"/>
                  </step_par>
               </step_295_43>
            </proc_par>
         </procedure_43>
        
      </main-pars>
      <hero jcr:primaryType="nt:unstructured"
            sling:resourceType="foundation/components/image"/>
      <thumbnail jcr:primaryType="nt:unstructured"
                 sling:resourceType="foundation/components/image"/>
      <publisherLogo jcr:primaryType="nt:unstructured"
                     sling:resourceType="foundation/components/image"/>
   </jcr:content>
</jcr:root>