<?xml version="1.0" encoding="UTF-8"?>
<jcr:root xmlns:nt="http://www.jcp.org/jcr/nt/1.0" xmlns:json="http://json.org/"
          xmlns:sling="http://sling.apache.org/jcr/sling/1.0"
          xmlns:cq="http://www.day.com/jcr/cq/1.0"
          xmlns:jcr="http://www.jcp.org/jcr/1.0"
          xmlns:mix="http://www.jcp.org/jcr/mix/1.0"
          jcr:primaryType="cq:Page">
   <jcr:content navTitle="Importing content from a URL" jcr:primaryType="cq:PageContent"
                sling:resourceType="help/components/pages/article-3"
                heroGradient="light"
                jcr:language="en_us"
                cq:designPath="/etc/designs/help"
                cq:template="/apps/help/templates/article-3"
                jcr:mixinTypes="[mix:versionable]"
                jcr:title="Importing content from a URL"
                jcr:description="Importing content from a URL"
                seoDescription="Learn how to load content from an existing URL when creating an email."
                primaryProductTag="[products:SG_CAMPAIGN/STANDARD]"
                cq:tags="[products:SG_CAMPAIGN/STANDARD,audience:designing,content_type:reference,topic_tags:loading-content]"
                primaryAudienceTag="[audience:designing]"
                contentOwner="sauviat"
                isReadyForLocalization="true"
                publishExternalDate="2019-01-09">
      <main-pars jcr:primaryType="nt:unstructured"
                 sling:resourceType="foundation/components/parsys">
        
        
            
        
        <text_460 jcr:primaryType="nt:unstructured"
                   sling:resourceType="help/components/article-3/text"
                   text="&lt;p&gt;Before importing content from a URL, make sure it follows the requirements below:&lt;/p&gt;&#xA;"
                   textIsRich="true"/>
        <procedure_26 jcr:primaryType="nt:unstructured"
                       sling:resourceType="help/components/procedure"
                       isBulleted="true">
            <proc_par jcr:primaryType="nt:unstructured"
                      sling:resourceType="help/components/procedure/proc_parsys">
               <step_146_26 jcr:primaryType="nt:unstructured" sling:resourceType="help/components/step">
                  <step_par jcr:primaryType="nt:unstructured"
                            sling:resourceType="help/components/procedure/step_parsys">
                     <text_461 jcr:primaryType="nt:unstructured"
                               sling:resourceType="help/components/article-3/text"
                               text="&lt;p&gt;The content needs to be publicly available via this URL.&lt;/p&gt;&#xA;"
                               textIsRich="true"/>
                  </step_par>
               </step_146_26>
               <step_147_26 jcr:primaryType="nt:unstructured" sling:resourceType="help/components/step">
                  <step_par jcr:primaryType="nt:unstructured"
                            sling:resourceType="help/components/procedure/step_parsys">
                     <text_462 jcr:primaryType="nt:unstructured"
                               sling:resourceType="help/components/article-3/text"
                               text="&lt;p&gt;For security reasons, only URLs beginning with &#xA;&lt;span class=&#34;uicontrol&#34;&gt;https&lt;/span&gt;&#xA; are allowed.&lt;/p&gt;&#xA;"
                               textIsRich="true"/>
                  </step_par>
               </step_147_26>
               <step_148_26 jcr:primaryType="nt:unstructured" sling:resourceType="help/components/step">
                  <step_par jcr:primaryType="nt:unstructured"
                            sling:resourceType="help/components/procedure/step_parsys">
                     <text_463 jcr:primaryType="nt:unstructured"
                               sling:resourceType="help/components/article-3/text"
                               text="&lt;p&gt;Make sure that all resources (images, CSS) are set in absolute links and in HTTPS. Otherwise, after sending the email, the mirror page would be displayed without its resources. Here is an example of an absolute link definition:&lt;/p&gt;&#xA;"
                               textIsRich="true"/>
                     <codelisting_sh1 jcr:primaryType="nt:unstructured"
                                      sling:resourceType="help/components/codeblock"
                                      codeLanguage="html"
                                      gutter="true"
                                      text="\&lt;a href=&#34;https://www.mywebsite.com/images/myimage.png&#34;&gt;"/>
                  </step_par>
               </step_148_26>
            </proc_par>
         </procedure_26>
        <note_15 jcr:primaryType="nt:unstructured"
                  sling:resourceType="help/components/article-3/note"
                  text="&lt;p&gt;&#xA;            Loading content from a URL is available for the email channel only.&#xA;        &lt;/p&gt;&#xA;"
                  textIsRich="true"
                  type="note"/>
        <text_465 jcr:primaryType="nt:unstructured"
                   sling:resourceType="help/components/article-3/text"
                   text="&lt;p&gt;To retrieve existing content form a URL, follow the steps below:&lt;/p&gt;&#xA;"
                   textIsRich="true"/>
        <procedure_13_10 jcr:primaryType="nt:unstructured"
                          sling:resourceType="help/components/procedure">
            <proc_par jcr:primaryType="nt:unstructured"
                      sling:resourceType="help/components/procedure/proc_parsys">
               <step_149_0 jcr:primaryType="nt:unstructured" sling:resourceType="help/components/step">
                  <step_par jcr:primaryType="nt:unstructured"
                            sling:resourceType="help/components/procedure/step_parsys">
                     <text_466 jcr:primaryType="nt:unstructured"
                               sling:resourceType="help/components/article-3/text"
                               text="&lt;p&gt;Click the &#xA;&lt;span class=&#34;uicontrol&#34;&gt;Change content&lt;/span&gt;&#xA; icon, then select the &#xA;&lt;span class=&#34;uicontrol&#34;&gt;From URL&lt;/span&gt;&#xA; element.&lt;/p&gt;&#xA;"
                               textIsRich="true"/>
                     <image_47 jcr:primaryType="nt:unstructured"
                               sling:resourceType="help/components/article-3/image"
                               jcr:title=""
                               alt=""
                               captionBottom=""
                               fileName="email_designer_importfromurl.png"
                               originalFileName="images/en/email_designer_importfromurl.png"
                               fileReference="/content/dam/help/en/campaign/standard/email_designer_importfromurl.png"
                               imageRotate="0"
                               originalHeight=""
                               originalWidth=""
                               scaleOption="toTemplate"
                               status="legacy"/>
                  </step_par>
               </step_149_0>
               <step_150_0 jcr:primaryType="nt:unstructured" sling:resourceType="help/components/step">
                  <step_par jcr:primaryType="nt:unstructured"
                            sling:resourceType="help/components/procedure/step_parsys">
                     <text_467 jcr:primaryType="nt:unstructured"
                               sling:resourceType="help/components/article-3/text"
                               text="&lt;p&gt;Define the URL from which the content will be retrieved, then click &#xA;&lt;span class=&#34;uicontrol&#34;&gt;Confirm&lt;/span&gt;&#xA;.&lt;/p&gt;&#xA;"
                               textIsRich="true"/>
                     <image_48 jcr:primaryType="nt:unstructured"
                               sling:resourceType="help/components/article-3/image"
                               jcr:title=""
                               alt=""
                               captionBottom=""
                               fileName="email_designer_importfromurl1.png"
                               originalFileName="images/en/email_designer_importfromurl1.png"
                               fileReference="/content/dam/help/en/campaign/standard/email_designer_importfromurl1.png"
                               imageRotate="0"
                               originalHeight=""
                               originalWidth=""
                               scaleOption="toTemplate"
                               status="legacy"/>
                  </step_par>
               </step_150_0>
            </proc_par>
         </procedure_13_10>
        
            <header_52 jcr:primaryType="nt:unstructured" sling:resourceType="help/components/header"
                    id="retrieving-content-from-a-url-automatically-at-preparation-time"
                    level="2"
                    text="&lt;p&gt;Retrieving content from a URL automatically at preparation time&lt;/p&gt;&#xA;"
                    textIsRich="'true'"/>
            <text_468 jcr:primaryType="nt:unstructured"
                   sling:resourceType="help/components/article-3/text"
                   text="&lt;p&gt;Importing content from a URL during message preparation enables you to retrieve the latest HTML content each time the email is prepared. This way, the content of recurring emails is always up-to-date at the time of their sending. This feature also enables you to create a message scheduled at a specific date, even if the content is not ready yet.&lt;/p&gt;&#xA;"
                   textIsRich="true"/>
            <text_469 jcr:primaryType="nt:unstructured"
                   sling:resourceType="help/components/article-3/text"
                   text="&lt;p&gt;To retrieve content at preparation time, follow the steps below:&lt;/p&gt;&#xA;"
                   textIsRich="true"/>
            <procedure_14_10 jcr:primaryType="nt:unstructured"
                          sling:resourceType="help/components/procedure">
            <proc_par jcr:primaryType="nt:unstructured"
                      sling:resourceType="help/components/procedure/proc_parsys">
                <step_151_0 jcr:primaryType="nt:unstructured" sling:resourceType="help/components/step">
                  <step_par jcr:primaryType="nt:unstructured"
                            sling:resourceType="help/components/procedure/step_parsys">
                    <text_470 jcr:primaryType="nt:unstructured"
                               sling:resourceType="help/components/article-3/text"
                               text="&lt;p&gt;Select the &#xA;&lt;span class=&#34;uicontrol&#34;&gt;Content imported during preparation&lt;/span&gt;&#xA; option.&lt;/p&gt;&#xA;"
                               textIsRich="true"/>
                    <image_49 jcr:primaryType="nt:unstructured"
                               sling:resourceType="help/components/article-3/image"
                               jcr:title=""
                               alt=""
                               captionBottom=""
                               fileName="email_designer_importfromurl2.png"
                               originalFileName="images/en/email_designer_importfromurl2.png"
                               fileReference="/content/dam/help/en/campaign/standard/email_designer_importfromurl2.png"
                               imageRotate="0"
                               originalHeight=""
                               originalWidth=""
                               scaleOption="toTemplate"
                               status="legacy"/>
                  </step_par>
               </step_151_0>
                <step_152_0 jcr:primaryType="nt:unstructured" sling:resourceType="help/components/step">
                  <step_par jcr:primaryType="nt:unstructured"
                            sling:resourceType="help/components/procedure/step_parsys">
                    <text_471 jcr:primaryType="nt:unstructured"
                               sling:resourceType="help/components/article-3/text"
                               text="&lt;p&gt;The URL content displays in the editor as read-only.&lt;/p&gt;&#xA;"
                               textIsRich="true"/>
                    
                    
                    <caution_1 jcr:primaryType="nt:unstructured"
                                sling:resourceType="help/components/article-3/note"
                                text="&lt;p&gt;&#xA;                        At this step, the HTML display in the content editor should not be taken into account. It will be retrieved at the preparation phase.&#xA;                    &lt;/p&gt;&#xA;"
                                textIsRich="true"
                                type="caution"/>
                  </step_par>
               </step_152_0>
                <step_153_0 jcr:primaryType="nt:unstructured" sling:resourceType="help/components/step">
                  <step_par jcr:primaryType="nt:unstructured"
                            sling:resourceType="help/components/procedure/step_parsys">
                    <text_473 jcr:primaryType="nt:unstructured"
                               sling:resourceType="help/components/article-3/text"
                               text="&lt;p&gt;To preview the URL content that has been retrieved, open the message once it is created then click the &#xA;&lt;span class=&#34;uicontrol&#34;&gt;Preview&lt;/span&gt;&#xA; button.&lt;/p&gt;&#xA;"
                               textIsRich="true"/>
                  </step_par>
               </step_153_0>
            </proc_par>
         </procedure_14_10>
            <text_474 jcr:primaryType="nt:unstructured"
                   sling:resourceType="help/components/article-3/text"
                   text="&lt;p&gt;It is possible to personalize the remote URL from which the content will be retrieved. To do this, follow the steps below: &lt;/p&gt;&#xA;"
                   textIsRich="true"/>
            <procedure_15_10 jcr:primaryType="nt:unstructured"
                          sling:resourceType="help/components/procedure">
            <proc_par jcr:primaryType="nt:unstructured"
                      sling:resourceType="help/components/procedure/proc_parsys">
               <step_154_0 jcr:primaryType="nt:unstructured" sling:resourceType="help/components/step">
                  <step_par jcr:primaryType="nt:unstructured"
                            sling:resourceType="help/components/procedure/step_parsys">
                     <text_475 jcr:primaryType="nt:unstructured"
                               sling:resourceType="help/components/article-3/text"
                               text="&lt;p&gt;Click the &#xA;&lt;span class=&#34;uicontrol&#34;&gt;Email properties&lt;/span&gt;&#xA; button, then edit the &#xA;&lt;span class=&#34;uicontrol&#34;&gt;Remote URL&lt;/span&gt;&#xA; field.&lt;/p&gt;&#xA;"
                               textIsRich="true"/>
                     <image_50 jcr:primaryType="nt:unstructured"
                               sling:resourceType="help/components/article-3/image"
                               jcr:title=""
                               alt=""
                               captionBottom=""
                               fileName="email_designer_importfromurl4.png"
                               originalFileName="images/en/email_designer_importfromurl4.png"
                               fileReference="/content/dam/help/en/campaign/standard/email_designer_importfromurl4.png"
                               imageRotate="0"
                               originalHeight=""
                               originalWidth=""
                               scaleOption="toTemplate"
                               status="legacy"/>
                  </step_par>
               </step_154_0>
                
                <step_155_0 jcr:primaryType="nt:unstructured" sling:resourceType="help/components/step">
                  <step_par jcr:primaryType="nt:unstructured"
                            sling:resourceType="help/components/procedure/step_parsys">
                    <text_476 jcr:primaryType="nt:unstructured"
                               sling:resourceType="help/components/article-3/text"
                               text="&lt;p&gt;Insert the desired personalization field, content block or dynamic text then click &#xA;&lt;span class=&#34;uicontrol&#34;&gt;Save&lt;/span&gt;&#xA;.&lt;/p&gt;&#xA;"
                               textIsRich="true"/>
                    <text_477 jcr:primaryType="nt:unstructured"
                               sling:resourceType="help/components/article-3/text"
                               text="&lt;p&gt;The &#xA;&lt;span class=&#34;uicontrol&#34;&gt;Current date - YYYYMMDD&lt;/span&gt;&#xA; content block, for example, enables you to insert the date of the day.&lt;/p&gt;&#xA;"
                               textIsRich="true"/>
                    <note_16 jcr:primaryType="nt:unstructured"
                              sling:resourceType="help/components/article-3/note"
                              text="&lt;p&gt;&#xA;                        The available personalization fields are linked to &lt;strong&gt;Delivery&lt;/strong&gt; attributes only (email creation date, status, campaign label...).&#xA;                    &lt;/p&gt;&#xA;"
                              textIsRich="true"
                              type="note"/>
                    <image_51 jcr:primaryType="nt:unstructured"
                               sling:resourceType="help/components/article-3/image"
                               jcr:title=""
                               alt=""
                               captionBottom=""
                               fileName="email_designer_importfromurl5.png"
                               originalFileName="images/en/email_designer_importfromurl5.png"
                               fileReference="/content/dam/help/en/campaign/standard/email_designer_importfromurl5.png"
                               imageRotate="0"
                               originalHeight=""
                               originalWidth=""
                               scaleOption="toTemplate"
                               status="legacy"/>
                  </step_par>
               </step_155_0>
            </proc_par>
         </procedure_15_10>
        
      </main-pars>
      <hero jcr:primaryType="nt:unstructured"
            sling:resourceType="foundation/components/image"/>
      <thumbnail jcr:primaryType="nt:unstructured"
                 sling:resourceType="foundation/components/image"/>
      <publisherLogo jcr:primaryType="nt:unstructured"
                     sling:resourceType="foundation/components/image"/>
   </jcr:content>
</jcr:root>