<?xml version="1.0" encoding="UTF-8"?>
<jcr:root xmlns:nt="http://www.jcp.org/jcr/nt/1.0" xmlns:json="http://json.org/"
          xmlns:sling="http://sling.apache.org/jcr/sling/1.0"
          xmlns:cq="http://www.day.com/jcr/cq/1.0"
          xmlns:jcr="http://www.jcp.org/jcr/1.0"
          xmlns:mix="http://www.jcp.org/jcr/mix/1.0"
          jcr:primaryType="cq:Page">
   <jcr:content navTitle="Modifying images with the Adobe Creative SDK"
                jcr:primaryType="cq:PageContent"
                sling:resourceType="help/components/pages/article-3"
                heroGradient="light"
                jcr:language="en_us"
                cq:designPath="/etc/designs/help"
                cq:template="/apps/help/templates/article-3"
                jcr:mixinTypes="[mix:versionable]"
                jcr:title="Modifying images with the Adobe Creative SDK"
                jcr:description="Modifying images with the Adobe Creative SDK"
                seoDescription="Discover the complete set of features powered by the Adobe Creative SDK to enhance your images directly in the content editor."
                primaryProductTag="[products:SG_CAMPAIGN/STANDARD]"
                cq:tags="[products:SG_CAMPAIGN/STANDARD,audience:designing,content_type:reference,topic_tags:using-images]"
                primaryAudienceTag="[audience:designing]"
                contentOwner="sauviat"
                isReadyForLocalization="true"
                publishExternalDate="2019-01-09">
      <main-pars jcr:primaryType="nt:unstructured"
                 sling:resourceType="foundation/components/parsys">
        
        
            
        
        <text_576 jcr:primaryType="nt:unstructured"
                   sling:resourceType="help/components/article-3/text"
                   text="&lt;p&gt;You can edit images and use a complete set of features powered by the Adobe Creative SDK to enhance your images directly in the content editor when editing emails or landing pages.&lt;/p&gt;&#xA;"
                   textIsRich="true"/>
        <text_577 jcr:primaryType="nt:unstructured"
                   sling:resourceType="help/components/article-3/text"
                   text="&lt;p&gt;The image editor offers a powerful, full-featured image editing UI component that allows you to edit images and apply effects and frames, original high-quality stickers, beautiful overlays, fun features like tilt shift and color splash, pro-level adjustments and more.&lt;/p&gt;&#xA;"
                   textIsRich="true"/>
        <text_578 jcr:primaryType="nt:unstructured"
                   sling:resourceType="help/components/article-3/text"
                   text="&lt;p&gt;To modify an image with the Adobe Creative SDK:&lt;/p&gt;&#xA;"
                   textIsRich="true"/>
        <procedure_21_10 jcr:primaryType="nt:unstructured"
                          sling:resourceType="help/components/procedure">
            <proc_par jcr:primaryType="nt:unstructured"
                      sling:resourceType="help/components/procedure/proc_parsys">
               <step_206_0 jcr:primaryType="nt:unstructured" sling:resourceType="help/components/step">
                  <step_par jcr:primaryType="nt:unstructured"
                            sling:resourceType="help/components/procedure/step_parsys">
                     <text_579 jcr:primaryType="nt:unstructured"
                               sling:resourceType="help/components/article-3/text"
                               text="&lt;p&gt;Select the image.&lt;/p&gt;&#xA;"
                               textIsRich="true"/>
                  </step_par>
               </step_206_0>
               <step_207_0 jcr:primaryType="nt:unstructured" sling:resourceType="help/components/step">
                  <step_par jcr:primaryType="nt:unstructured"
                            sling:resourceType="help/components/procedure/step_parsys">
                     <text_580 jcr:primaryType="nt:unstructured"
                               sling:resourceType="help/components/article-3/text"
                               text="&lt;p&gt;In the toolbar, click the Creative Cloud icon.&lt;/p&gt;&#xA;"
                               textIsRich="true"/>
                     <image_69 jcr:primaryType="nt:unstructured"
                               sling:resourceType="help/components/article-3/image"
                               jcr:title=""
                               alt=""
                               captionBottom=""
                               fileName="des_creative_sdk_icon.png"
                               originalFileName="images/en/des_creative_sdk_icon.png"
                               fileReference="/content/dam/help/en/campaign/standard/des_creative_sdk_icon.png"
                               imageRotate="0"
                               originalHeight=""
                               originalWidth=""
                               scaleOption="toTemplate"
                               status="legacy"/>
                  </step_par>
               </step_207_0>
               <step_208_0 jcr:primaryType="nt:unstructured" sling:resourceType="help/components/step">
                  <step_par jcr:primaryType="nt:unstructured"
                            sling:resourceType="help/components/procedure/step_parsys">
                     <text_581 jcr:primaryType="nt:unstructured"
                               sling:resourceType="help/components/article-3/text"
                               text="&lt;p&gt;Select the tool you want to use through the icons on the top of the window to modify the image.&lt;/p&gt;&#xA;"
                               textIsRich="true"/>
                     <image_70 jcr:primaryType="nt:unstructured"
                               sling:resourceType="help/components/article-3/image"
                               jcr:title=""
                               alt=""
                               captionBottom=""
                               fileName="email_designer_ccSdkToolbar.png"
                               originalFileName="images/en/email_designer_ccSdkToolbar.png"
                               fileReference="/content/dam/help/en/campaign/standard/email_designer_ccSdkToolbar.png"
                               imageRotate="0"
                               originalHeight=""
                               originalWidth=""
                               scaleOption="toTemplate"
                               status="legacy"/>
                  </step_par>
               </step_208_0>
               <step_209_0 jcr:primaryType="nt:unstructured" sling:resourceType="help/components/step">
                  <step_par jcr:primaryType="nt:unstructured"
                            sling:resourceType="help/components/procedure/step_parsys">
                     <text_582 jcr:primaryType="nt:unstructured"
                               sling:resourceType="help/components/article-3/text"
                               text="&lt;p&gt;Click &#xA;&lt;span class=&#34;uicontrol&#34;&gt;Save&lt;/span&gt;&#xA; when modifications are done. The updated image is saved on Adobe Campaign server and ready to be used.&lt;/p&gt;&#xA;"
                               textIsRich="true"/>
                  </step_par>
               </step_209_0>
            </proc_par>
         </procedure_21_10>
        <note_22 jcr:primaryType="nt:unstructured"
                  sling:resourceType="help/components/article-3/note"
                  text="&lt;p&gt;&#xA;            Tools offered in the image editor cannot be customized.&#xA;        &lt;/p&gt;&#xA;"
                  textIsRich="true"
                  type="note"/>
      </main-pars>
      <hero jcr:primaryType="nt:unstructured"
            sling:resourceType="foundation/components/image"/>
      <thumbnail jcr:primaryType="nt:unstructured"
                 sling:resourceType="foundation/components/image"/>
      <publisherLogo jcr:primaryType="nt:unstructured"
                     sling:resourceType="foundation/components/image"/>
   </jcr:content>
</jcr:root>