<?xml version="1.0" encoding="UTF-8"?>
<jcr:root xmlns:nt="http://www.jcp.org/jcr/nt/1.0" xmlns:json="http://json.org/"
          xmlns:sling="http://sling.apache.org/jcr/sling/1.0"
          xmlns:cq="http://www.day.com/jcr/cq/1.0"
          xmlns:jcr="http://www.jcp.org/jcr/1.0"
          xmlns:mix="http://www.jcp.org/jcr/mix/1.0"
          jcr:primaryType="cq:Page">
   <jcr:content navTitle="Personalizing the subject line of an email"
                jcr:primaryType="cq:PageContent"
                sling:resourceType="help/components/pages/article-3"
                heroGradient="light"
                jcr:language="en_us"
                cq:designPath="/etc/designs/help"
                cq:template="/apps/help/templates/article-3"
                jcr:mixinTypes="[mix:versionable]"
                jcr:title="Personalizing the subject line of an email"
                jcr:description="Personalizing the subject line of an email"
                seoDescription="You can personalize the subject of an email, but also try out different subject lines and get an estimation of its open rate."
                primaryProductTag="[products:SG_CAMPAIGN/STANDARD]"
                cq:tags="[products:SG_CAMPAIGN/STANDARD,audience:designing,content_type:reference,topic_tags:personalizing-content]"
                primaryAudienceTag="[audience:designing]"
                contentOwner="sauviat"
                isReadyForLocalization="true"
                publishExternalDate="2019-01-09">
      <main-pars jcr:primaryType="nt:unstructured"
                 sling:resourceType="foundation/components/parsys">
        
        
            
        
        
            <header_80 jcr:primaryType="nt:unstructured" sling:resourceType="help/components/header"
                    id="personalizing-an-email-subject"
                    level="2"
                    text="&lt;p&gt;Personalizing an email subject&lt;/p&gt;&#xA;"
                    textIsRich="'true'"/>
            <text_660 jcr:primaryType="nt:unstructured"
                   sling:resourceType="help/components/article-3/text"
                   text="&lt;p&gt;The message subject is mandatory to prepare and send the message. It can be configured by clicking on the email label.&lt;/p&gt;&#xA;"
                   textIsRich="true"/>
            <image_84 jcr:primaryType="nt:unstructured"
                   sling:resourceType="help/components/article-3/image"
                   jcr:title=""
                   alt=""
                   captionBottom=""
                   fileName="email_designer_subject.png"
                   originalFileName="images/en/email_designer_subject.png"
                   fileReference="/content/dam/help/en/campaign/standard/email_designer_subject.png"
                   imageRotate="0"
                   originalHeight=""
                   originalWidth=""
                   scaleOption="toTemplate"
                   status="legacy"/>
            <text_661 jcr:primaryType="nt:unstructured"
                   sling:resourceType="help/components/article-3/text"
                   text="&lt;p&gt;By clicking the &#xA;&lt;span class=&#34;uicontrol&#34;&gt;Edit&lt;/span&gt;&#xA; button, you can also add personalization fields and dynamic content to the subject line.&lt;/p&gt;&#xA;"
                   textIsRich="true"/>
        
        
            <header_81 jcr:primaryType="nt:unstructured" sling:resourceType="help/components/header"
                    id="predictive-subject-line"
                    level="2"
                    text="&lt;p&gt;Predictive subject line&lt;/p&gt;&#xA;"
                    textIsRich="'true'"/>
            
            <text_662 jcr:primaryType="nt:unstructured"
                   sling:resourceType="help/components/article-3/text"
                   text="&lt;p&gt;When editing an email, you can try out different subject lines and get an estimation of its open rate before you send it.&lt;/p&gt;&#xA;"
                   textIsRich="true"/>
            <text_663 jcr:primaryType="nt:unstructured"
                   sling:resourceType="help/components/article-3/text"
                   text="&lt;p&gt;This feature is disabled by default. It is enabled when the first model is imported. A model is the result of training data sets specific to a given industry. Models allow the system to predict the open rate of the email when a new subject line is submitted.&lt;/p&gt;&#xA;"
                   textIsRich="true"/>
            <note_28 jcr:primaryType="nt:unstructured"
                  sling:resourceType="help/components/article-3/note"
                  text="&lt;p&gt;&#xA;                This feature is available for email messages and for databases that contain English contents only. The trained model will be inconsistent and will lead to erroneous results if your instance contains emails in other languages.&#xA;                The option that allows you to test a subject is only visible if a model is already available on your instance.&#xA;            &lt;/p&gt;&#xA;"
                  textIsRich="true"
                  type="note"/>
            
                <header_82 jcr:primaryType="nt:unstructured" sling:resourceType="help/components/header"
                    id="testing-a-subject"
                    level="3"
                    text="&lt;p&gt;Testing a subject&lt;/p&gt;&#xA;"
                    textIsRich="'true'"/>
                <text_666 jcr:primaryType="nt:unstructured"
                   sling:resourceType="help/components/article-3/text"
                   text="&lt;p&gt;To test your subject line:&lt;/p&gt;&#xA;"
                   textIsRich="true"/>
                <procedure_26_10 jcr:primaryType="nt:unstructured"
                          sling:resourceType="help/components/procedure">
            <proc_par jcr:primaryType="nt:unstructured"
                      sling:resourceType="help/components/procedure/proc_parsys">
                    <step_255_0 jcr:primaryType="nt:unstructured" sling:resourceType="help/components/step">
                  <step_par jcr:primaryType="nt:unstructured"
                            sling:resourceType="help/components/procedure/step_parsys">
                        <text_667 jcr:primaryType="nt:unstructured"
                               sling:resourceType="help/components/article-3/text"
                               text="&lt;p&gt;Create or open your email.&lt;/p&gt;&#xA;"
                               textIsRich="true"/>
                    </step_par>
               </step_255_0>
                    <step_256_0 jcr:primaryType="nt:unstructured" sling:resourceType="help/components/step">
                  <step_par jcr:primaryType="nt:unstructured"
                            sling:resourceType="help/components/procedure/step_parsys">
                        <text_668 jcr:primaryType="nt:unstructured"
                               sling:resourceType="help/components/article-3/text"
                               text="&lt;p&gt;Open the content and enter the subject of the email in the corresponding input field.&lt;/p&gt;&#xA;"
                               textIsRich="true"/>
                    </step_par>
               </step_256_0>
                    <step_257_0 jcr:primaryType="nt:unstructured" sling:resourceType="help/components/step">
                  <step_par jcr:primaryType="nt:unstructured"
                            sling:resourceType="help/components/procedure/step_parsys">
                        <text_669 jcr:primaryType="nt:unstructured"
                               sling:resourceType="help/components/article-3/text"
                               text="&lt;p&gt;Click the &#xA;&lt;span class=&#34;uicontrol&#34;&gt;Test subject&lt;/span&gt;&#xA; button to access the &#xA;&lt;span class=&#34;uicontrol&#34;&gt;Test your subject line&lt;/span&gt;&#xA; window. You can still edit the subject from this window.&lt;/p&gt;&#xA;"
                               textIsRich="true"/>
                    </step_par>
               </step_257_0>
                    <step_258_0 jcr:primaryType="nt:unstructured" sling:resourceType="help/components/step">
                  <step_par jcr:primaryType="nt:unstructured"
                            sling:resourceType="help/components/procedure/step_parsys">
                        <text_670 jcr:primaryType="nt:unstructured"
                               sling:resourceType="help/components/article-3/text"
                               text="&lt;p&gt;Select the correct model to be taken into account for the open rate prediction. Several models are available, each corresponding to a specific industry.&lt;/p&gt;&#xA;"
                               textIsRich="true"/>
                    </step_par>
               </step_258_0>
                    <step_259_0 jcr:primaryType="nt:unstructured" sling:resourceType="help/components/step">
                  <step_par jcr:primaryType="nt:unstructured"
                            sling:resourceType="help/components/procedure/step_parsys">
                        <text_671 jcr:primaryType="nt:unstructured"
                               sling:resourceType="help/components/article-3/text"
                               text="&lt;p&gt;Click &#xA;&lt;span class=&#34;uicontrol&#34;&gt;Test&lt;/span&gt;&#xA;.&lt;/p&gt;&#xA;"
                               textIsRich="true"/>
                    </step_par>
               </step_259_0>
                </proc_par>
         </procedure_26_10>
                <text_672 jcr:primaryType="nt:unstructured"
                   sling:resourceType="help/components/article-3/text"
                   text="&lt;p&gt;Your subject is then analyzed.&lt;/p&gt;&#xA;"
                   textIsRich="true"/>
                <note_29 jcr:primaryType="nt:unstructured"
                  sling:resourceType="help/components/article-3/note"
                  text="&lt;p&gt;&#xA;                    If the subject line is too short, it cannot be analyzed and an error message is displayed.&#xA;                &lt;/p&gt;&#xA;"
                  textIsRich="true"
                  type="note"/>
                <text_674 jcr:primaryType="nt:unstructured"
                   sling:resourceType="help/components/article-3/text"
                   text="&lt;p&gt;Several indicators are calculated and a set of tools are displayed to help you:&lt;/p&gt;&#xA;"
                   textIsRich="true"/>
                <procedure_38 jcr:primaryType="nt:unstructured"
                       sling:resourceType="help/components/procedure"
                       isBulleted="true">
            <proc_par jcr:primaryType="nt:unstructured"
                      sling:resourceType="help/components/procedure/proc_parsys">
                    <step_260_38 jcr:primaryType="nt:unstructured" sling:resourceType="help/components/step">
                  <step_par jcr:primaryType="nt:unstructured"
                            sling:resourceType="help/components/procedure/step_parsys">
                        <text_675 jcr:primaryType="nt:unstructured"
                               sling:resourceType="help/components/article-3/text"
                               text="&lt;p&gt;&lt;strong&gt;Predicted open rate&lt;/strong&gt;: This chart gives you an idea of the open rate you can expect for the email with its current subject.&lt;/p&gt;&#xA;"
                               textIsRich="true"/>
                    </step_par>
               </step_260_38>
                    <step_261_38 jcr:primaryType="nt:unstructured" sling:resourceType="help/components/step">
                  <step_par jcr:primaryType="nt:unstructured"
                            sling:resourceType="help/components/procedure/step_parsys">
                        <text_676 jcr:primaryType="nt:unstructured"
                               sling:resourceType="help/components/article-3/text"
                               text="&lt;p&gt;&lt;strong&gt;Subject length&lt;/strong&gt;: This indicator lets you see if the current length of the subject is correct or whether it would need to be longer or shorter.&lt;/p&gt;&#xA;"
                               textIsRich="true"/>
                    </step_par>
               </step_261_38>
                    <step_262_38 jcr:primaryType="nt:unstructured" sling:resourceType="help/components/step">
                  <step_par jcr:primaryType="nt:unstructured"
                            sling:resourceType="help/components/procedure/step_parsys">
                        <text_677 jcr:primaryType="nt:unstructured"
                               sling:resourceType="help/components/article-3/text"
                               text="&lt;p&gt;&lt;strong&gt;Colored words&lt;/strong&gt;: When testing the subject, words highlighted in green are the words that contribute the most to increasing the open rate prediction. Words highlighted in red are the words that contribute the least to increasing the open rate prediction. If you add or remove words in the subject, highlighted words will change.&lt;/p&gt;&#xA;"
                               textIsRich="true"/>
                    </step_par>
               </step_262_38>
                    <step_263_38 jcr:primaryType="nt:unstructured" sling:resourceType="help/components/step">
                  <step_par jcr:primaryType="nt:unstructured"
                            sling:resourceType="help/components/procedure/step_parsys">
                        <text_678 jcr:primaryType="nt:unstructured"
                               sling:resourceType="help/components/article-3/text"
                               text="&lt;p&gt;&lt;strong&gt;Categories and word suggestions&lt;/strong&gt;: Towards the lower part of the window, a number of relevant categories for the selected model are displayed. These categories are sorted by order of importance and they allow you to see whether your subject contains words that are associated with it via a check symbol. Each category contains a set of suggested words that could be used in your subject to make it more relevant and increase the open rate. These words are the words that are used the most often in a given category.&lt;/p&gt;&#xA;"
                               textIsRich="true"/>
                    </step_par>
               </step_263_38>
                </proc_par>
         </procedure_38>
                <note_30 jcr:primaryType="nt:unstructured"
                  sling:resourceType="help/components/article-3/note"
                  text="&lt;p&gt;&#xA;                    Personalization fields and punctuation marks are stripped from the subject analysis. In the case of dynamic/conditional text, all variants are considered as one subject line.&#xA;                &lt;/p&gt;&#xA;"
                  textIsRich="true"
                  type="note"/>
                <image_85 jcr:primaryType="nt:unstructured"
                   sling:resourceType="help/components/article-3/image"
                   jcr:title=""
                   alt=""
                   captionBottom=""
                   fileName="predictive_subject_line_example.png"
                   originalFileName="images/en/predictive_subject_line_example.png"
                   fileReference="/content/dam/help/en/campaign/standard/predictive_subject_line_example.png"
                   imageRotate="0"
                   originalHeight=""
                   originalWidth=""
                   scaleOption="toTemplate"
                   status="legacy"/>
            
            
                <header_83 jcr:primaryType="nt:unstructured" sling:resourceType="help/components/header"
                    id="importing-models"
                    level="3"
                    text="&lt;p&gt;Importing models&lt;/p&gt;&#xA;"
                    textIsRich="'true'"/>
                <text_680 jcr:primaryType="nt:unstructured"
                   sling:resourceType="help/components/article-3/text"
                   text="&lt;p&gt;By default, there is no model running on your Adobe Campaign server. There are two ways to get a model and activate the feature:&lt;/p&gt;&#xA;"
                   textIsRich="true"/>
                <procedure_39 jcr:primaryType="nt:unstructured"
                       sling:resourceType="help/components/procedure"
                       isBulleted="true">
            <proc_par jcr:primaryType="nt:unstructured"
                      sling:resourceType="help/components/procedure/proc_parsys">
                    <step_264_39 jcr:primaryType="nt:unstructured" sling:resourceType="help/components/step">
                  <step_par jcr:primaryType="nt:unstructured"
                            sling:resourceType="help/components/procedure/step_parsys">
                        <text_681 jcr:primaryType="nt:unstructured"
                               sling:resourceType="help/components/article-3/text"
                               text="&lt;p&gt;You can train a local model from the data of your previous email messages:&lt;/p&gt;&#xA;"
                               textIsRich="true"/>
                        <procedure_39 jcr:primaryType="nt:unstructured"
                                   sling:resourceType="help/components/procedure"
                                   isBulleted="true">
                        <proc_par jcr:primaryType="nt:unstructured"
                                  sling:resourceType="help/components/procedure/proc_parsys">
                            <step_264_39 jcr:primaryType="nt:unstructured" sling:resourceType="help/components/step">
                              <step_par jcr:primaryType="nt:unstructured"
                                        sling:resourceType="help/components/procedure/step_parsys">
                                <text_682 jcr:primaryType="nt:unstructured"
                                           sling:resourceType="help/components/article-3/text"
                                           text="&lt;p&gt;If you are already using Adobe Campaign, the local model will be automatically trained on the messages that you have already sent.&lt;/p&gt;&#xA;"
                                           textIsRich="true"/>
                              </step_par>
                           </step_264_39>
                            <step_265_39 jcr:primaryType="nt:unstructured" sling:resourceType="help/components/step">
                              <step_par jcr:primaryType="nt:unstructured"
                                        sling:resourceType="help/components/procedure/step_parsys">
                                <text_683 jcr:primaryType="nt:unstructured"
                                           sling:resourceType="help/components/article-3/text"
                                           text="&lt;p&gt;If you are new to Adobe Campaign, you can extract a CSV file from your previous system/ESP that contains 4 columns: date, subject, sent, opens. To do that, go to &#xA;&lt;span class=&#34;uicontrol&#34;&gt;Administration&lt;/span&gt;&#xA; &gt; &#xA;&lt;span class=&#34;uicontrol&#34;&gt;Channels&lt;/span&gt;&#xA; &gt; &#xA;&lt;span class=&#34;uicontrol&#34;&gt;Email&lt;/span&gt;&#xA; &gt; &#xA;&lt;span class=&#34;uicontrol&#34;&gt;Subject Line Import&lt;/span&gt;&#xA; and follow the instructions provided on the successive screens. When the subject upload is complete, import a local model as described below. The local model is automatically trained with the data you uploaded.&lt;/p&gt;&#xA;"
                                           textIsRich="true"/>
                              </step_par>
                           </step_265_39>
                            <step_266_39 jcr:primaryType="nt:unstructured" sling:resourceType="help/components/step">
                              <step_par jcr:primaryType="nt:unstructured"
                                        sling:resourceType="help/components/procedure/step_parsys">
                                <text_684 jcr:primaryType="nt:unstructured"
                                           sling:resourceType="help/components/article-3/text"
                                           text="&lt;p&gt;If you are new to Adobe Campaign and cannot get a CSV file as described above, you can use a pre-trained model or wait until you have enough delivery data in your system to train a local model. The system will automatically determine whether your current data set contains enough data to recognize patterns and to train the model.&lt;/p&gt;&#xA;"
                                           textIsRich="true"/>
                                <note_31 jcr:primaryType="nt:unstructured"
                                          sling:resourceType="help/components/article-3/note"
                                          text="&lt;p&gt;&#xA;                                    You need at least 400 subject lines in order to be able to train your own model. If there is not enough data to process, the system will not be able to train the model.&#xA;                                    You can only have one trained model on your instance.&#xA;                                &lt;/p&gt;&#xA;"
                                          textIsRich="true"
                                          type="note"/>
                              </step_par>
                           </step_266_39>
                        </proc_par>
                     </procedure_39>
                        <text_687 jcr:primaryType="nt:unstructured"
                               sling:resourceType="help/components/article-3/text"
                               text="&lt;p&gt;To train a local model, download the subjectLineTraining.xml from &#xA;&lt;a href=&#34;https://support.neolane.net/webApp/downloadCenter?__userConfig=psaDownloadCenter&#34;&gt;here&lt;/a&gt; and use the &#xA;&#x9;&#x9;&#x9;&#x9;&#x9;&#x9;&#x9;&#x9;&#x9;&#x9;&#x9;&#xA;&#x9;&#x9;&#x9;&#x9;&#x9;&#x9;&#x9;&lt;a href=&#34;/content/help/en/campaign/standard/automating/using/managing-packages.html&#34;&gt;package import&lt;/a&gt; feature to upload it to your Adobe Campaign instance. A technical workflow will automatically do the training for you. &lt;/p&gt;&#xA;"
                               textIsRich="true"/>
                        <text_688 jcr:primaryType="nt:unstructured"
                               sling:resourceType="help/components/article-3/text"
                               text="&lt;p&gt;The first time you want to train a model, an administrator can force the &#xA;&lt;span class=&#34;uicontrol&#34;&gt;SubjectLine Training workflow&lt;/span&gt;&#xA; to start from the &#xA;&lt;span class=&#34;uicontrol&#34;&gt;Administration&lt;/span&gt;&#xA; &gt; &#xA;&lt;span class=&#34;uicontrol&#34;&gt;Application settings&lt;/span&gt;&#xA; &gt; &#xA;&lt;span class=&#34;uicontrol&#34;&gt;Workflows&lt;/span&gt;&#xA; menu.&lt;/p&gt;&#xA;"
                               textIsRich="true"/>
                        <text_689 jcr:primaryType="nt:unstructured"
                               sling:resourceType="help/components/article-3/text"
                               text="&lt;p&gt;Once a model has been uploaded and trained, the feature is automatically activated and a new option appears next to the subject line field of your messages.&lt;/p&gt;&#xA;"
                               textIsRich="true"/>
                        <text_690 jcr:primaryType="nt:unstructured"
                               sling:resourceType="help/components/article-3/text"
                               text="&lt;p&gt;Then, the technical workflow will automatically continue to train your model every week.&lt;/p&gt;&#xA;"
                               textIsRich="true"/>
                    </step_par>
               </step_264_39>
                    <step_268_40 jcr:primaryType="nt:unstructured" sling:resourceType="help/components/step">
                  <step_par jcr:primaryType="nt:unstructured"
                            sling:resourceType="help/components/procedure/step_parsys">
                        <text_691 jcr:primaryType="nt:unstructured"
                               sling:resourceType="help/components/article-3/text"
                               text="&lt;p&gt;You can import pre-trained models that are specific to certain industries (medical, etc.) using the &#xA;&#x9;&#x9;&#x9;&#x9;&#x9;&#x9;&#x9;&#x9;&#x9;&#x9;&#x9;&#xA;&#x9;&#x9;&#x9;&#x9;&#x9;&#x9;&#x9;&lt;a href=&#34;/content/help/en/campaign/standard/automating/using/managing-packages.html&#34;&gt;package import&lt;/a&gt; feature. These models are available &#xA;&lt;a href=&#34;https://support.neolane.net/webApp/downloadCenter?__userConfig=psaDownloadCenter&#34;&gt;here&lt;/a&gt; and cannot be trained.&lt;/p&gt;&#xA;"
                               textIsRich="true"/>
                        <text_692 jcr:primaryType="nt:unstructured"
                               sling:resourceType="help/components/article-3/text"
                               text="&lt;p&gt;Once a model has been uploaded, the feature is automatically activated and a new option appears next to the subject line field of your messages.&lt;/p&gt;&#xA;"
                               textIsRich="true"/>
                    </step_par>
               </step_268_40>
                </proc_par>
         </procedure_39>
                <note_32 jcr:primaryType="nt:unstructured"
                  sling:resourceType="help/components/article-3/note"
                  text="&lt;p&gt;&#xA;                    Importing and generating trained models can only be performed by an administrator.&#xA;                &lt;/p&gt;&#xA;"
                  textIsRich="true"
                  type="note"/>
                <text_694 jcr:primaryType="nt:unstructured"
                   sling:resourceType="help/components/article-3/text"
                   text="&lt;p&gt;The models that are available for use are:&lt;/p&gt;&#xA;"
                   textIsRich="true"/>
                <procedure_41 jcr:primaryType="nt:unstructured"
                       sling:resourceType="help/components/procedure"
                       isBulleted="true">
            <proc_par jcr:primaryType="nt:unstructured"
                      sling:resourceType="help/components/procedure/proc_parsys">
                    <step_269_41 jcr:primaryType="nt:unstructured" sling:resourceType="help/components/step">
                  <step_par jcr:primaryType="nt:unstructured"
                            sling:resourceType="help/components/procedure/step_parsys">
                        <text_695 jcr:primaryType="nt:unstructured"
                               sling:resourceType="help/components/article-3/text"
                               text="&lt;p&gt;Cosmetic industry: subjectInsightCosmetic.xml&lt;/p&gt;&#xA;"
                               textIsRich="true"/>
                    </step_par>
               </step_269_41>
                    <step_270_41 jcr:primaryType="nt:unstructured" sling:resourceType="help/components/step">
                  <step_par jcr:primaryType="nt:unstructured"
                            sling:resourceType="help/components/procedure/step_parsys">
                        <text_696 jcr:primaryType="nt:unstructured"
                               sling:resourceType="help/components/article-3/text"
                               text="&lt;p&gt;Supermarket industry: subjectInsightSupermarket.xml&lt;/p&gt;&#xA;"
                               textIsRich="true"/>
                    </step_par>
               </step_270_41>
                    <step_271_41 jcr:primaryType="nt:unstructured" sling:resourceType="help/components/step">
                  <step_par jcr:primaryType="nt:unstructured"
                            sling:resourceType="help/components/procedure/step_parsys">
                        <text_697 jcr:primaryType="nt:unstructured"
                               sling:resourceType="help/components/article-3/text"
                               text="&lt;p&gt;Medical industry: subjectInsightMedical.xml&lt;/p&gt;&#xA;"
                               textIsRich="true"/>
                    </step_par>
               </step_271_41>
                    <step_272_41 jcr:primaryType="nt:unstructured" sling:resourceType="help/components/step">
                  <step_par jcr:primaryType="nt:unstructured"
                            sling:resourceType="help/components/procedure/step_parsys">
                        <text_698 jcr:primaryType="nt:unstructured"
                               sling:resourceType="help/components/article-3/text"
                               text="&lt;p&gt;Model to train: subjectlineTraining.xml.&lt;/p&gt;&#xA;"
                               textIsRich="true"/>
                    </step_par>
               </step_272_41>
                </proc_par>
         </procedure_41>
            
        
      </main-pars>
      <hero jcr:primaryType="nt:unstructured"
            sling:resourceType="foundation/components/image"/>
      <thumbnail jcr:primaryType="nt:unstructured"
                 sling:resourceType="foundation/components/image"/>
      <publisherLogo jcr:primaryType="nt:unstructured"
                     sling:resourceType="foundation/components/image"/>
   </jcr:content>
</jcr:root>