<?xml version="1.0" encoding="UTF-8"?>
<jcr:root xmlns:nt="http://www.jcp.org/jcr/nt/1.0" xmlns:json="http://json.org/"
          xmlns:sling="http://sling.apache.org/jcr/sling/1.0"
          xmlns:cq="http://www.day.com/jcr/cq/1.0"
          xmlns:jcr="http://www.jcp.org/jcr/1.0"
          xmlns:mix="http://www.jcp.org/jcr/mix/1.0"
          jcr:primaryType="cq:Page">
   <jcr:content navTitle="Adobe Campaign notifications" jcr:primaryType="cq:PageContent"
                sling:resourceType="help/components/pages/article-3"
                heroGradient="light"
                jcr:language="en_us"
                cq:designPath="/etc/designs/help"
                cq:template="/apps/help/templates/article-3"
                jcr:mixinTypes="[mix:versionable]"
                jcr:title="Adobe Campaign notifications"
                jcr:description="Adobe Campaign notifications"
                seoDescription="Learn how to send real-time system notifications to your Adobe Campaign users."
                primaryProductTag="[products:SG_CAMPAIGN/STANDARD]"
                cq:tags="[products:SG_CAMPAIGN/STANDARD,audience:administration,content_type:reference,topic_tags:application-settings]"
                primaryAudienceTag="[audience:administration]"
                contentOwner="sauviat"
                isReadyForLocalization="true"
                publishExternalDate="2018-09-04">
      <main-pars jcr:primaryType="nt:unstructured"
                 sling:resourceType="foundation/components/parsys">
        
        
            
        
        <text_1275 jcr:primaryType="nt:unstructured"
                    sling:resourceType="help/components/article-3/text"
                    text="&lt;p&gt;Adobe Campaign gives you the possibility to receive notifications regarding important system activities directly within the application. Real-time notifications keep relevant stakeholders informed and provide users with the ability to immediately and directly act on activity notifications from within the application. The result for teams is advanced agility, efficiency and smoother execution of campaigns.&lt;/p&gt;&#xA;"
                    textIsRich="true"/>
        <image_176 jcr:primaryType="nt:unstructured"
                    sling:resourceType="help/components/article-3/image"
                    jcr:title=""
                    alt=""
                    captionBottom=""
                    fileName="pulse_3.png"
                    originalFileName="images/en/pulse_3.png"
                    fileReference="/content/dam/help/en/campaign/standard/pulse_3.png"
                    imageRotate="0"
                    originalHeight=""
                    originalWidth=""
                    scaleOption="toTemplate"
                    status="legacy"/>
        <text_1276 jcr:primaryType="nt:unstructured"
                    sling:resourceType="help/components/article-3/text"
                    text="&lt;p&gt;You can configure notifications for the following objects:&lt;/p&gt;&#xA;"
                    textIsRich="true"/>
        <procedure_81 jcr:primaryType="nt:unstructured"
                       sling:resourceType="help/components/procedure"
                       isBulleted="true">
            <proc_par jcr:primaryType="nt:unstructured"
                      sling:resourceType="help/components/procedure/proc_parsys">
               <step_550_81 jcr:primaryType="nt:unstructured" sling:resourceType="help/components/step">
                  <step_par jcr:primaryType="nt:unstructured"
                            sling:resourceType="help/components/procedure/step_parsys">
                     <text_1277 jcr:primaryType="nt:unstructured"
                                sling:resourceType="help/components/article-3/text"
                                text="&lt;p&gt;&lt;strong&gt;A/B Test emails&lt;/strong&gt;: the email creator and modifier(s) are notified that a variant has been chosen (automatic mode) or that a variant needs to be chosen (manual mode). Clicking on the notification displays the corresponding email. Notifications are activated by default in the out-of-the-box A/B Test template. If you want to deactivate them, edit the properties of the email or the email template and uncheck the box located under &lt;strong&gt;General &gt; Notifications&lt;/strong&gt;. For more information on A/B Test emails, refer to &#xA;&#x9;&#x9;&#x9;&#x9;&#x9;&#x9;&#x9;&#x9;&#x9;&#x9;&#x9;&#xA;&#x9;&#x9;&#x9;&#x9;&#x9;&#x9;&#x9;&lt;a href=&#34;/content/help/en/campaign/standard/channels/using/designing-an-a-b-test-email.html&#34;&gt;Creating an AB Test&lt;/a&gt;. For more on email properties, refer to &#xA;&#x9;&#x9;&#x9;&#x9;&#x9;&#x9;&#x9;&#x9;&#x9;&#x9;&#x9;&#xA;&#x9;&#x9;&#x9;&#x9;&#x9;&#x9;&#x9;&lt;a href=&#34;/content/help/en/campaign/standard/administration/using/configuring-email-channel.html#list-of-email-properties&#34;&gt;List of email properties&lt;/a&gt;.&lt;/p&gt;&#xA;"
                                textIsRich="true"/>
                     <image_177 jcr:primaryType="nt:unstructured"
                                sling:resourceType="help/components/article-3/image"
                                jcr:title=""
                                alt=""
                                captionBottom=""
                                fileName="pulse_2.png"
                                originalFileName="images/en/pulse_2.png"
                                fileReference="/content/dam/help/en/campaign/standard/pulse_2.png"
                                imageRotate="0"
                                originalHeight=""
                                originalWidth=""
                                scaleOption="toTemplate"
                                status="legacy"/>
                  </step_par>
               </step_550_81>
               <step_551_81 jcr:primaryType="nt:unstructured" sling:resourceType="help/components/step">
                  <step_par jcr:primaryType="nt:unstructured"
                            sling:resourceType="help/components/procedure/step_parsys">
                     <text_1278 jcr:primaryType="nt:unstructured"
                                sling:resourceType="help/components/article-3/text"
                                text="&lt;p&gt;&lt;strong&gt;Workflows&lt;/strong&gt;: each member of the selected security group are notified (email and in-app notification) whenever a workflow is in error. Clicking on the notification or on the email link displays the corresponding workflow. Notifications are deactivated by default in the out-of-the-box workflow template. If you want to activate them, edit the properties of the workflow or workflow template and add a security group under &lt;strong&gt;General &gt; Execution &gt; Error management &gt; Supervisors&lt;/strong&gt;. For more information on security groups, refer to &#xA;&#x9;&#x9;&#x9;&#x9;&#x9;&#x9;&#x9;&#x9;&#x9;&#x9;&#x9;&#xA;&#x9;&#x9;&#x9;&#x9;&#x9;&#x9;&#x9;&lt;a href=&#34;/content/help/en/campaign/standard/administration/using/managing-groups-and-users.html&#34;&gt;Managing groups and users&lt;/a&gt;. For more on workflow properties, refer to &#xA;&#x9;&#x9;&#x9;&#x9;&#x9;&#x9;&#x9;&#x9;&#x9;&#x9;&#x9;&#xA;&#x9;&#x9;&#x9;&#x9;&#x9;&#x9;&#x9;&lt;a href=&#34;/content/help/en/campaign/standard/automating/using/executing-a-workflow.html#workflow-properties&#34;&gt;Workflow properties&lt;/a&gt;.&lt;/p&gt;&#xA;"
                                textIsRich="true"/>
                     <image_178 jcr:primaryType="nt:unstructured"
                                sling:resourceType="help/components/article-3/image"
                                jcr:title=""
                                alt=""
                                captionBottom=""
                                fileName="pulse_1.png"
                                originalFileName="images/en/pulse_1.png"
                                fileReference="/content/dam/help/en/campaign/standard/pulse_1.png"
                                imageRotate="0"
                                originalHeight=""
                                originalWidth=""
                                scaleOption="toTemplate"
                                status="legacy"/>
                  </step_par>
               </step_551_81>
            </proc_par>
         </procedure_81>
      </main-pars>
      <hero jcr:primaryType="nt:unstructured"
            sling:resourceType="foundation/components/image"/>
      <thumbnail jcr:primaryType="nt:unstructured"
                 sling:resourceType="foundation/components/image"/>
      <publisherLogo jcr:primaryType="nt:unstructured"
                     sling:resourceType="foundation/components/image"/>
   </jcr:content>
</jcr:root>