<?xml version="1.0" encoding="UTF-8"?>
<jcr:root xmlns:nt="http://www.jcp.org/jcr/nt/1.0" xmlns:json="http://json.org/"
          xmlns:sling="http://sling.apache.org/jcr/sling/1.0"
          xmlns:cq="http://www.day.com/jcr/cq/1.0"
          xmlns:jcr="http://www.jcp.org/jcr/1.0"
          xmlns:mix="http://www.jcp.org/jcr/mix/1.0"
          jcr:primaryType="cq:Page">
   <jcr:content navTitle="Branding" jcr:primaryType="cq:PageContent"
                sling:resourceType="help/components/pages/article-3"
                heroGradient="light"
                jcr:language="en_us"
                cq:designPath="/etc/designs/help"
                cq:template="/apps/help/templates/article-3"
                jcr:mixinTypes="[mix:versionable]"
                jcr:title="Branding"
                jcr:description="Branding"
                seoDescription="Discover all the tools available to manage your branding identities."
                primaryProductTag="[products:SG_CAMPAIGN/STANDARD]"
                cq:tags="[products:SG_CAMPAIGN/STANDARD,audience:administration,content_type:reference,topic_tags:application-settings]"
                primaryAudienceTag="[audience:administration]"
                contentOwner="sauviat"
                isReadyForLocalization="true"
                publishExternalDate="2018-09-04">
      <main-pars jcr:primaryType="nt:unstructured"
                 sling:resourceType="foundation/components/parsys">
        
        
        
            
        
        <text_1224 jcr:primaryType="nt:unstructured"
                    sling:resourceType="help/components/article-3/text"
                    text="&lt;p&gt;Technical administrators can define one or several brands to centrally enter the parameters that affect a brand's identity. This can include the brand logo, technical parameters such as the domain of the landing pages' access URL, as well as managing message tracking. Thus, Adobe Campaign allows you to create these brands and link them to delivery or landing page templates.&lt;/p&gt;&#xA;"
                    textIsRich="true"/>
        <text_1225 jcr:primaryType="nt:unstructured"
                    sling:resourceType="help/components/article-3/text"
                    text="&lt;p&gt;The main principle of configuring and using brands is to:&lt;/p&gt;&#xA;"
                    textIsRich="true"/>
        <procedure_42_10 jcr:primaryType="nt:unstructured"
                          sling:resourceType="help/components/procedure">
            <proc_par jcr:primaryType="nt:unstructured"
                      sling:resourceType="help/components/procedure/proc_parsys">
               <step_528_0 jcr:primaryType="nt:unstructured" sling:resourceType="help/components/step">
                  <step_par jcr:primaryType="nt:unstructured"
                            sling:resourceType="help/components/procedure/step_parsys">
                     <text_1226 jcr:primaryType="nt:unstructured"
                                sling:resourceType="help/components/article-3/text"
                                text="&lt;p&gt;Create and configure the brand - this operation is carried out by the Adobe Campaign technical administrator.&lt;/p&gt;&#xA;"
                                textIsRich="true"/>
                  </step_par>
               </step_528_0>
               <step_529_0 jcr:primaryType="nt:unstructured" sling:resourceType="help/components/step">
                  <step_par jcr:primaryType="nt:unstructured"
                            sling:resourceType="help/components/procedure/step_parsys">
                     <text_1227 jcr:primaryType="nt:unstructured"
                                sling:resourceType="help/components/article-3/text"
                                text="&lt;p&gt;Create one or several delivery and landing page templates for this brand. Refer to the &#xA;&#x9;&#x9;&#x9;&#x9;&#x9;&#x9;&#x9;&#x9;&#x9;&#x9;&#x9;&#xA;&#x9;&#x9;&#x9;&#x9;&#x9;&#x9;&#x9;&lt;a href=&#34;/content/help/en/campaign/standard/start/using/about-templates.html&#34;&gt;Creating a template&lt;/a&gt; section.&lt;/p&gt;&#xA;"
                                textIsRich="true"/>
                  </step_par>
               </step_529_0>
               <step_530_0 jcr:primaryType="nt:unstructured" sling:resourceType="help/components/step">
                  <step_par jcr:primaryType="nt:unstructured"
                            sling:resourceType="help/components/procedure/step_parsys">
                     <text_1228 jcr:primaryType="nt:unstructured"
                                sling:resourceType="help/components/article-3/text"
                                text="&lt;p&gt;Create deliveries and landing pages based on this template. Refer to the &#xA;&#x9;&#x9;&#x9;&#x9;&#x9;&#x9;&#x9;&#x9;&#x9;&#x9;&#x9;&#xA;&#x9;&#x9;&#x9;&#x9;&#x9;&#x9;&#x9;&lt;a href=&#34;/content/help/en/campaign/standard/channels/using/creating-an-email.html&#34;&gt;Creating an email&lt;/a&gt; and &#xA;&#x9;&#x9;&#x9;&#x9;&#x9;&#x9;&#x9;&#x9;&#x9;&#x9;&#x9;&#xA;&#x9;&#x9;&#x9;&#x9;&#x9;&#x9;&#x9;&lt;a href=&#34;/content/help/en/campaign/standard/channels/using/designing-a-landing-page.html&#34;&gt;Creating a landing page&lt;/a&gt; sections.&lt;/p&gt;&#xA;"
                                textIsRich="true"/>
                  </step_par>
               </step_530_0>
            </proc_par>
         </procedure_42_10>
        <text_1229 jcr:primaryType="nt:unstructured"
                    sling:resourceType="help/components/article-3/text"
                    text="&lt;p&gt;Brands can be found in the &lt;strong&gt;Administration &gt; Instance settings &gt; Brand configuration&lt;/strong&gt; menu.&lt;/p&gt;&#xA;"
                    textIsRich="true"/>
        <text_1230 jcr:primaryType="nt:unstructured"
                    sling:resourceType="help/components/article-3/text"
                    text="&lt;p&gt;By default, a newly created brand is visible only to users assigned with the corresponding rights by the administrator. &lt;/p&gt;&#xA;"
                    textIsRich="true"/>
        <text_1231 jcr:primaryType="nt:unstructured"
                    sling:resourceType="help/components/article-3/text"
                    text="&lt;p&gt;A &lt;strong&gt;Brand&lt;/strong&gt; is defined by the following characteristics:&lt;/p&gt;&#xA;"
                    textIsRich="true"/>
        <procedure_77 jcr:primaryType="nt:unstructured"
                       sling:resourceType="help/components/procedure"
                       isBulleted="true">
            <proc_par jcr:primaryType="nt:unstructured"
                      sling:resourceType="help/components/procedure/proc_parsys">
               <step_531_77 jcr:primaryType="nt:unstructured" sling:resourceType="help/components/step">
                  <step_par jcr:primaryType="nt:unstructured"
                            sling:resourceType="help/components/procedure/step_parsys">
                     <text_1232 jcr:primaryType="nt:unstructured"
                                sling:resourceType="help/components/article-3/text"
                                text="&lt;p&gt;An &lt;strong&gt;Identity&lt;/strong&gt;, which defines and personalizes your brand. This section contains the following fields:&lt;/p&gt;&#xA;"
                                textIsRich="true"/>
                     <image_160 jcr:primaryType="nt:unstructured"
                                sling:resourceType="help/components/article-3/image"
                                jcr:title=""
                                alt=""
                                captionBottom=""
                                fileName="branding_01.png"
                                originalFileName="images/en/branding_01.png"
                                fileReference="/content/dam/help/en/campaign/standard/branding_01.png"
                                imageRotate="0"
                                originalHeight=""
                                originalWidth=""
                                scaleOption="toTemplate"
                                status="legacy"/>
                     <procedure_77 jcr:primaryType="nt:unstructured"
                                   sling:resourceType="help/components/procedure"
                                   isBulleted="true">
                        <proc_par jcr:primaryType="nt:unstructured"
                                  sling:resourceType="help/components/procedure/proc_parsys">
                           <step_531_77 jcr:primaryType="nt:unstructured" sling:resourceType="help/components/step">
                              <step_par jcr:primaryType="nt:unstructured"
                                        sling:resourceType="help/components/procedure/step_parsys">
                                 <text_1233 jcr:primaryType="nt:unstructured"
                                            sling:resourceType="help/components/article-3/text"
                                            text="&lt;p&gt;&lt;strong&gt;Label&lt;/strong&gt; visible in the interface&lt;/p&gt;&#xA;"
                                            textIsRich="true"/>
                              </step_par>
                           </step_531_77>
                           <step_532_77 jcr:primaryType="nt:unstructured" sling:resourceType="help/components/step">
                              <step_par jcr:primaryType="nt:unstructured"
                                        sling:resourceType="help/components/procedure/step_parsys">
                                 <text_1234 jcr:primaryType="nt:unstructured"
                                            sling:resourceType="help/components/article-3/text"
                                            text="&lt;p&gt;&lt;strong&gt;Brand name&lt;/strong&gt;&lt;/p&gt;&#xA;"
                                            textIsRich="true"/>
                              </step_par>
                           </step_532_77>
                           <step_533_77 jcr:primaryType="nt:unstructured" sling:resourceType="help/components/step">
                              <step_par jcr:primaryType="nt:unstructured"
                                        sling:resourceType="help/components/procedure/step_parsys">
                                 <text_1235 jcr:primaryType="nt:unstructured"
                                            sling:resourceType="help/components/article-3/text"
                                            text="&lt;p&gt;&lt;strong&gt;Website URL&lt;/strong&gt; and &lt;strong&gt;Website label&lt;/strong&gt; of the brand&lt;/p&gt;&#xA;"
                                            textIsRich="true"/>
                              </step_par>
                           </step_533_77>
                           <step_534_77 jcr:primaryType="nt:unstructured" sling:resourceType="help/components/step">
                              <step_par jcr:primaryType="nt:unstructured"
                                        sling:resourceType="help/components/procedure/step_parsys">
                                 <text_1236 jcr:primaryType="nt:unstructured"
                                            sling:resourceType="help/components/article-3/text"
                                            text="&lt;p&gt;&lt;strong&gt;Brand logo&lt;/strong&gt;&lt;/p&gt;&#xA;"
                                            textIsRich="true"/>
                              </step_par>
                           </step_534_77>
                        </proc_par>
                     </procedure_77>
                  </step_par>
               </step_531_77>
               <step_536_78 jcr:primaryType="nt:unstructured" sling:resourceType="help/components/step">
                  <step_par jcr:primaryType="nt:unstructured"
                            sling:resourceType="help/components/procedure/step_parsys">
                     <text_1237 jcr:primaryType="nt:unstructured"
                                sling:resourceType="help/components/article-3/text"
                                text="&lt;p&gt;&lt;strong&gt;Header parameters of sent emails&lt;/strong&gt; which personalizes what the recipients of your campaigns will see. This section contains the following fields:&lt;/p&gt;&#xA;"
                                textIsRich="true"/>
                     <image_161 jcr:primaryType="nt:unstructured"
                                sling:resourceType="help/components/article-3/image"
                                jcr:title=""
                                alt=""
                                captionBottom=""
                                fileName="branding_04_header.png"
                                originalFileName="images/en/branding_04_header.png"
                                fileReference="/content/dam/help/en/campaign/standard/branding_04_header.png"
                                imageRotate="0"
                                originalHeight=""
                                originalWidth=""
                                scaleOption="toTemplate"
                                status="legacy"/>
                     <procedure_78 jcr:primaryType="nt:unstructured"
                                   sling:resourceType="help/components/procedure"
                                   isBulleted="true">
                        <proc_par jcr:primaryType="nt:unstructured"
                                  sling:resourceType="help/components/procedure/proc_parsys">
                           <step_536_78 jcr:primaryType="nt:unstructured" sling:resourceType="help/components/step">
                              <step_par jcr:primaryType="nt:unstructured"
                                        sling:resourceType="help/components/procedure/step_parsys">
                                 <text_1238 jcr:primaryType="nt:unstructured"
                                            sling:resourceType="help/components/article-3/text"
                                            text="&lt;p&gt;&lt;strong&gt;Sender (email address)&lt;/strong&gt; with the brand's email address.&lt;/p&gt;&#xA;"
                                            textIsRich="true"/>
                              </step_par>
                           </step_536_78>
                           <step_537_78 jcr:primaryType="nt:unstructured" sling:resourceType="help/components/step">
                              <step_par jcr:primaryType="nt:unstructured"
                                        sling:resourceType="help/components/procedure/step_parsys">
                                 <text_1239 jcr:primaryType="nt:unstructured"
                                            sling:resourceType="help/components/article-3/text"
                                            text="&lt;p&gt;&lt;strong&gt;Sender (name)&lt;/strong&gt; with the brand's name.&lt;/p&gt;&#xA;"
                                            textIsRich="true"/>
                              </step_par>
                           </step_537_78>
                           <step_538_78 jcr:primaryType="nt:unstructured" sling:resourceType="help/components/step">
                              <step_par jcr:primaryType="nt:unstructured"
                                        sling:resourceType="help/components/procedure/step_parsys">
                                 <text_1240 jcr:primaryType="nt:unstructured"
                                            sling:resourceType="help/components/article-3/text"
                                            text="&lt;p&gt;&lt;strong&gt;Reply to (email address)&lt;/strong&gt; with the email address the customer can reply to.&lt;/p&gt;&#xA;"
                                            textIsRich="true"/>
                              </step_par>
                           </step_538_78>
                           <step_539_78 jcr:primaryType="nt:unstructured" sling:resourceType="help/components/step">
                              <step_par jcr:primaryType="nt:unstructured"
                                        sling:resourceType="help/components/procedure/step_parsys">
                                 <text_1241 jcr:primaryType="nt:unstructured"
                                            sling:resourceType="help/components/article-3/text"
                                            text="&lt;p&gt;&lt;strong&gt;Reply to (name)&lt;/strong&gt; with the brand's name.&lt;/p&gt;&#xA;"
                                            textIsRich="true"/>
                              </step_par>
                           </step_539_78>
                           <step_540_78 jcr:primaryType="nt:unstructured" sling:resourceType="help/components/step">
                              <step_par jcr:primaryType="nt:unstructured"
                                        sling:resourceType="help/components/procedure/step_parsys">
                                 <text_1242 jcr:primaryType="nt:unstructured"
                                            sling:resourceType="help/components/article-3/text"
                                            text="&lt;p&gt;&lt;strong&gt;Error (email address)&lt;/strong&gt; with the email address to use in case of an error.&lt;/p&gt;&#xA;"
                                            textIsRich="true"/>
                              </step_par>
                           </step_540_78>
                        </proc_par>
                     </procedure_78>
                     <caution_22 jcr:primaryType="nt:unstructured"
                                 sling:resourceType="help/components/article-3/note"
                                 text="&lt;p&gt;&#xA;                    If, after having updated the header parameters of the emails, the name and email address of the sender have not changed in the email created from the template, check the template's advanced settings.&#xA;                &lt;/p&gt;&#xA;"
                                 textIsRich="true"
                                 type="caution"/>
                  </step_par>
               </step_536_78>
               <step_542_79 jcr:primaryType="nt:unstructured" sling:resourceType="help/components/step">
                  <step_par jcr:primaryType="nt:unstructured"
                            sling:resourceType="help/components/procedure/step_parsys">
                     <text_1244 jcr:primaryType="nt:unstructured"
                                sling:resourceType="help/components/article-3/text"
                                text="&lt;p&gt;&lt;strong&gt;Server(s) exposed on the internet&lt;/strong&gt; defines the servers used for tracking but also for landing page access. This section contains the following fields:&lt;/p&gt;&#xA;"
                                textIsRich="true"/>
                     <image_162 jcr:primaryType="nt:unstructured"
                                sling:resourceType="help/components/article-3/image"
                                jcr:title=""
                                alt=""
                                captionBottom=""
                                fileName="configure_branding_04.png"
                                originalFileName="images/en/configure_branding_04.png"
                                fileReference="/content/dam/help/en/campaign/standard/configure_branding_04.png"
                                imageRotate="0"
                                originalHeight=""
                                originalWidth=""
                                scaleOption="toTemplate"
                                status="legacy"/>
                     <procedure_79 jcr:primaryType="nt:unstructured"
                                   sling:resourceType="help/components/procedure"
                                   isBulleted="true">
                        <proc_par jcr:primaryType="nt:unstructured"
                                  sling:resourceType="help/components/procedure/proc_parsys">
                           <step_542_79 jcr:primaryType="nt:unstructured" sling:resourceType="help/components/step">
                              <step_par jcr:primaryType="nt:unstructured"
                                        sling:resourceType="help/components/procedure/step_parsys">
                                 <text_1245 jcr:primaryType="nt:unstructured"
                                            sling:resourceType="help/components/article-3/text"
                                            text="&lt;p&gt;&lt;strong&gt;External URL of the application server&lt;/strong&gt; used for hosting and accessing the different landing pages you create.&lt;/p&gt;&#xA;"
                                            textIsRich="true"/>
                              </step_par>
                           </step_542_79>
                           <step_543_79 jcr:primaryType="nt:unstructured" sling:resourceType="help/components/step">
                              <step_par jcr:primaryType="nt:unstructured"
                                        sling:resourceType="help/components/procedure/step_parsys">
                                 <text_1246 jcr:primaryType="nt:unstructured"
                                            sling:resourceType="help/components/article-3/text"
                                            text="&lt;p&gt;&#xA;                            &lt;strong&gt;External URL of the tracking server&lt;/strong&gt; used as the tracked URL during the deliveries.&lt;/p&gt;&#xA;"
                                            textIsRich="true"/>
                              </step_par>
                           </step_543_79>
                           <step_544_79 jcr:primaryType="nt:unstructured" sling:resourceType="help/components/step">
                              <step_par jcr:primaryType="nt:unstructured"
                                        sling:resourceType="help/components/procedure/step_parsys">
                                 <text_1247 jcr:primaryType="nt:unstructured"
                                            sling:resourceType="help/components/article-3/text"
                                            text="&lt;p&gt;&#xA;                            &lt;strong&gt;External URL of the mirror page server&lt;/strong&gt; used as the default mirror page in your deliveries.&lt;/p&gt;&#xA;"
                                            textIsRich="true"/>
                              </step_par>
                           </step_544_79>
                        </proc_par>
                     </procedure_79>
                  </step_par>
               </step_542_79>
               <step_546_80 jcr:primaryType="nt:unstructured" sling:resourceType="help/components/step">
                  <step_par jcr:primaryType="nt:unstructured"
                            sling:resourceType="help/components/procedure/step_parsys">
                     <text_1248 jcr:primaryType="nt:unstructured"
                                sling:resourceType="help/components/article-3/text"
                                text="&lt;p&gt;&lt;strong&gt;Tracking URL configuration (Web Analytics)&lt;/strong&gt;, which defines the configuration of the URLs tracking for your brand.&lt;/p&gt;&#xA;"
                                textIsRich="true"/>
                     <text_1249 jcr:primaryType="nt:unstructured"
                                sling:resourceType="help/components/article-3/text"
                                text="&lt;p&gt;The additional parameters that allow the links to be tracked on external systems such as Web Analytics tools like Adobe Analytics or Google Analytics are defined here.&lt;/p&gt;&#xA;"
                                textIsRich="true"/>
                     <image_163 jcr:primaryType="nt:unstructured"
                                sling:resourceType="help/components/article-3/image"
                                jcr:title=""
                                alt=""
                                captionBottom=""
                                fileName="branding_05.png"
                                originalFileName="images/en/branding_05.png"
                                fileReference="/content/dam/help/en/campaign/standard/branding_05.png"
                                imageRotate="0"
                                originalHeight=""
                                originalWidth=""
                                scaleOption="toTemplate"
                                status="legacy"/>
                  </step_par>
               </step_546_80>
            </proc_par>
         </procedure_77>
        
            <header_112 jcr:primaryType="nt:unstructured" sling:resourceType="help/components/header"
                     id="assigning-a-brand-to-an-email"
                     level="2"
                     text="&lt;p&gt;Assigning a brand to an email&lt;/p&gt;&#xA;"
                     textIsRich="'true'"/>
            <text_1250 jcr:primaryType="nt:unstructured"
                    sling:resourceType="help/components/article-3/text"
                    text="&lt;p&gt;Brands are created and configured by the Adobe Campaign technical administrator.&lt;/p&gt;&#xA;"
                    textIsRich="true"/>
            
                <header_113 jcr:primaryType="nt:unstructured" sling:resourceType="help/components/header"
                     id="linking-a-brand-to-a-template"
                     level="3"
                     text="&lt;p&gt;Linking a brand to a template&lt;/p&gt;&#xA;"
                     textIsRich="'true'"/>
                <text_1251 jcr:primaryType="nt:unstructured"
                    sling:resourceType="help/components/article-3/text"
                    text="&lt;p&gt;To use the parameters defined for a brand, it must be linked to a delivery or landing page template. To do this, you have to create or edit a template. &lt;/p&gt;&#xA;"
                    textIsRich="true"/>
                <note_47 jcr:primaryType="nt:unstructured"
                  sling:resourceType="help/components/article-3/note"
                  text="&lt;p&gt;&#xA;                    For more information about creating a template, refer to the &#xA;&#x9;&#x9;&#x9;&#x9;&#x9;&#x9;&#x9;&#x9;&#x9;&#x9;&#x9;&#xA;&#x9;&#x9;&#x9;&#x9;&#x9;&#x9;&#x9;&lt;a href=&#34;/content/help/en/campaign/standard/start/using/about-templates.html&#34;&gt;Creating a template&lt;/a&gt; section.&#xA;                &lt;/p&gt;&#xA;"
                  textIsRich="true"
                  type="note"/>
                <text_1253 jcr:primaryType="nt:unstructured"
                    sling:resourceType="help/components/article-3/text"
                    text="&lt;p&gt;Once your template has been created, you can link it to a brand. To do this:&lt;/p&gt;&#xA;"
                    textIsRich="true"/>
                <procedure_43_10 jcr:primaryType="nt:unstructured"
                          sling:resourceType="help/components/procedure">
            <proc_par jcr:primaryType="nt:unstructured"
                      sling:resourceType="help/components/procedure/proc_parsys">
                    <step_547_0 jcr:primaryType="nt:unstructured" sling:resourceType="help/components/step">
                  <step_par jcr:primaryType="nt:unstructured"
                            sling:resourceType="help/components/procedure/step_parsys">
                        <text_1254 jcr:primaryType="nt:unstructured"
                                sling:resourceType="help/components/article-3/text"
                                text="&lt;p&gt;Click the &lt;strong&gt;Edit properties&lt;/strong&gt; button to access the template properties.&lt;/p&gt;&#xA;"
                                textIsRich="true"/>
                        <image_164 jcr:primaryType="nt:unstructured"
                                sling:resourceType="help/components/article-3/image"
                                jcr:title=""
                                alt=""
                                captionBottom=""
                                fileName="branding_04.png"
                                originalFileName="images/en/branding_04.png"
                                fileReference="/content/dam/help/en/campaign/standard/branding_04.png"
                                imageRotate="0"
                                originalHeight=""
                                originalWidth=""
                                scaleOption="toTemplate"
                                status="legacy"/>
                    </step_par>
               </step_547_0>
                    <step_548_0 jcr:primaryType="nt:unstructured" sling:resourceType="help/components/step">
                  <step_par jcr:primaryType="nt:unstructured"
                            sling:resourceType="help/components/procedure/step_parsys">
                        <text_1255 jcr:primaryType="nt:unstructured"
                                sling:resourceType="help/components/article-3/text"
                                text="&lt;p&gt;Use the drop-down list to select the brand that you want to link to the template.&lt;/p&gt;&#xA;"
                                textIsRich="true"/>
                        <note_48 jcr:primaryType="nt:unstructured"
                              sling:resourceType="help/components/article-3/note"
                              text="&lt;p&gt;&#xA;                            By default, the &lt;strong&gt;Default brand (branding)&lt;/strong&gt; is selected.&#xA;                        &lt;/p&gt;&#xA;"
                              textIsRich="true"
                              type="note"/>
                        <image_165 jcr:primaryType="nt:unstructured"
                                sling:resourceType="help/components/article-3/image"
                                jcr:title=""
                                alt=""
                                captionBottom=""
                                fileName="branding_05.png"
                                originalFileName="images/en/branding_05.png"
                                fileReference="/content/dam/help/en/campaign/standard/branding_05.png"
                                imageRotate="0"
                                originalHeight=""
                                originalWidth=""
                                scaleOption="toTemplate"
                                status="legacy"/>
                        <text_1257 jcr:primaryType="nt:unstructured"
                                sling:resourceType="help/components/article-3/text"
                                text="&lt;p&gt;To view how the brand selected is configured, click the &lt;strong&gt;Navigate to the detail of the element selected&lt;/strong&gt; icon.&lt;/p&gt;&#xA;"
                                textIsRich="true"/>
                        <image_166 jcr:primaryType="nt:unstructured"
                                sling:resourceType="help/components/article-3/image"
                                jcr:title=""
                                alt=""
                                captionBottom=""
                                fileName="branding_06.png"
                                originalFileName="images/en/branding_06.png"
                                fileReference="/content/dam/help/en/campaign/standard/branding_06.png"
                                imageRotate="0"
                                originalHeight=""
                                originalWidth=""
                                scaleOption="toTemplate"
                                status="legacy"/>
                    </step_par>
               </step_548_0>
                    <step_549_0 jcr:primaryType="nt:unstructured" sling:resourceType="help/components/step">
                  <step_par jcr:primaryType="nt:unstructured"
                            sling:resourceType="help/components/procedure/step_parsys">
                        <text_1258 jcr:primaryType="nt:unstructured"
                                sling:resourceType="help/components/article-3/text"
                                text="&lt;p&gt;Confirm your selection and save your template.&lt;/p&gt;&#xA;"
                                textIsRich="true"/>
                    </step_par>
               </step_549_0>
                </proc_par>
         </procedure_43_10>
                <text_1259 jcr:primaryType="nt:unstructured"
                    sling:resourceType="help/components/article-3/text"
                    text="&lt;p&gt;Your template is linked to the brand. In the content editor, the elements such as the &lt;strong&gt;Email address of default sender&lt;/strong&gt;, the &lt;strong&gt;Default sender name&lt;/strong&gt;, or the &lt;strong&gt;Logo&lt;/strong&gt; will use the configured brand data.&lt;/p&gt;&#xA;"
                    textIsRich="true"/>
            
            
                <header_114 jcr:primaryType="nt:unstructured" sling:resourceType="help/components/header"
                     id="example-of-a-brand-linked-to-an-email-template"
                     level="3"
                     text="&lt;p&gt;Example of a brand linked to an email template&lt;/p&gt;&#xA;"
                     textIsRich="'true'"/>
                <text_1260 jcr:primaryType="nt:unstructured"
                    sling:resourceType="help/components/article-3/text"
                    text="&lt;p&gt;In this example, we are going to create a new travel-related brand, and use it in an email. &lt;/p&gt;&#xA;"
                    textIsRich="true"/>
                <text_1261 jcr:primaryType="nt:unstructured"
                    sling:resourceType="help/components/article-3/text"
                    text="&lt;p&gt;The Adobe Campaign administrator creates the brand in &lt;strong&gt;Administration &gt; Instance settings &gt; Brand configuration&lt;/strong&gt;. He adds the &lt;strong&gt;Vacations in the Tropics&lt;/strong&gt; element from the advanced menu and configures the &lt;strong&gt;ID&lt;/strong&gt; and the &lt;strong&gt;Header parameters of sent emails&lt;/strong&gt; of the brand.&lt;/p&gt;&#xA;"
                    textIsRich="true"/>
                <image_167 jcr:primaryType="nt:unstructured"
                    sling:resourceType="help/components/article-3/image"
                    jcr:title=""
                    alt=""
                    captionBottom=""
                    fileName="branding_07.png"
                    originalFileName="images/en/branding_07.png"
                    fileReference="/content/dam/help/en/campaign/standard/branding_07.png"
                    imageRotate="0"
                    originalHeight=""
                    originalWidth=""
                    scaleOption="toTemplate"
                    status="legacy"/>
                <text_1262 jcr:primaryType="nt:unstructured"
                    sling:resourceType="help/components/article-3/text"
                    text="&lt;p&gt;The administrator then configures the URL of the &lt;strong&gt;Server(s) exposed on the Internet&lt;/strong&gt; so that landing pages can be used, then the tracking URLs.&lt;/p&gt;&#xA;"
                    textIsRich="true"/>
                <text_1263 jcr:primaryType="nt:unstructured"
                    sling:resourceType="help/components/article-3/text"
                    text="&lt;p&gt;In this example, the &lt;strong&gt;Web Analytics&lt;/strong&gt; tool used is &lt;strong&gt;Google Analytics&lt;/strong&gt;. The administrator configures the tracking URL as follows:&lt;/p&gt;&#xA;"
                    textIsRich="true"/>
                <image_168 jcr:primaryType="nt:unstructured"
                    sling:resourceType="help/components/article-3/image"
                    jcr:title=""
                    alt=""
                    captionBottom=""
                    fileName="branding_12.png"
                    originalFileName="images/en/branding_12.png"
                    fileReference="/content/dam/help/en/campaign/standard/branding_12.png"
                    imageRotate="0"
                    originalHeight=""
                    originalWidth=""
                    scaleOption="toTemplate"
                    status="legacy"/>
                <text_1264 jcr:primaryType="nt:unstructured"
                    sling:resourceType="help/components/article-3/text"
                    text="&lt;p&gt;The administrator then edits the brand properties and configures the access authorization. He selects the &lt;strong&gt;Marketing&lt;/strong&gt; organizational unit and the &lt;strong&gt;Europe&lt;/strong&gt; geographical unit, so that only the marketing teams in the Europe sector can access this brand. The administrator confirms his modifications and creates the brand.&lt;/p&gt;&#xA;"
                    textIsRich="true"/>
                <text_1265 jcr:primaryType="nt:unstructured"
                    sling:resourceType="help/components/article-3/text"
                    text="&lt;p&gt;The brand is correctly created and configured. It can now be used by the marketing teams.&lt;/p&gt;&#xA;"
                    textIsRich="true"/>
                <image_169 jcr:primaryType="nt:unstructured"
                    sling:resourceType="help/components/article-3/image"
                    jcr:title=""
                    alt=""
                    captionBottom=""
                    fileName="branding_13.png"
                    originalFileName="images/en/branding_13.png"
                    fileReference="/content/dam/help/en/campaign/standard/branding_13.png"
                    imageRotate="0"
                    originalHeight=""
                    originalWidth=""
                    scaleOption="toTemplate"
                    status="legacy"/>
                <text_1266 jcr:primaryType="nt:unstructured"
                    sling:resourceType="help/components/article-3/text"
                    text="&lt;p&gt;A delivery manager who is part of the aforementioned units, is in charge of creating the delivery templates that use the brand. In the advanced menu &lt;strong&gt;Resources &gt; Templates &gt; Delivery templates&lt;/strong&gt;, the delivery manager duplicates an out-of-the-box template to configure a new delivery template.&lt;/p&gt;&#xA;"
                    textIsRich="true"/>
                <image_170 jcr:primaryType="nt:unstructured"
                    sling:resourceType="help/components/article-3/image"
                    jcr:title=""
                    alt=""
                    captionBottom=""
                    fileName="branding_08.png"
                    originalFileName="images/en/branding_08.png"
                    fileReference="/content/dam/help/en/campaign/standard/branding_08.png"
                    imageRotate="0"
                    originalHeight=""
                    originalWidth=""
                    scaleOption="toTemplate"
                    status="legacy"/>
                <text_1267 jcr:primaryType="nt:unstructured"
                    sling:resourceType="help/components/article-3/text"
                    text="&lt;p&gt;To link this template to the &lt;strong&gt;Vacations in the Tropics&lt;/strong&gt; brand, he edits the template properties and selects the brand from the drop-down list. &lt;/p&gt;&#xA;"
                    textIsRich="true"/>
                <image_171 jcr:primaryType="nt:unstructured"
                    sling:resourceType="help/components/article-3/image"
                    jcr:title=""
                    alt=""
                    captionBottom=""
                    fileName="branding_09.png"
                    originalFileName="images/en/branding_09.png"
                    fileReference="/content/dam/help/en/campaign/standard/branding_09.png"
                    imageRotate="0"
                    originalHeight=""
                    originalWidth=""
                    scaleOption="toTemplate"
                    status="legacy"/>
                <text_1268 jcr:primaryType="nt:unstructured"
                    sling:resourceType="help/components/article-3/text"
                    text="&lt;p&gt;The delivery manager configures his email template according to his needs.&lt;/p&gt;&#xA;"
                    textIsRich="true"/>
                <text_1269 jcr:primaryType="nt:unstructured"
                    sling:resourceType="help/components/article-3/text"
                    text="&lt;p&gt;Once the template is completed, he can save it.&lt;/p&gt;&#xA;"
                    textIsRich="true"/>
                <image_172 jcr:primaryType="nt:unstructured"
                    sling:resourceType="help/components/article-3/image"
                    jcr:title=""
                    alt=""
                    captionBottom=""
                    fileName="branding_10.png"
                    originalFileName="images/en/branding_10.png"
                    fileReference="/content/dam/help/en/campaign/standard/branding_10.png"
                    imageRotate="0"
                    originalHeight=""
                    originalWidth=""
                    scaleOption="toTemplate"
                    status="legacy"/>
                <text_1270 jcr:primaryType="nt:unstructured"
                    sling:resourceType="help/components/article-3/text"
                    text="&lt;p&gt;The delivery template can now be used to create emails that will be sent to an audience. &lt;/p&gt;&#xA;"
                    textIsRich="true"/>
                <text_1271 jcr:primaryType="nt:unstructured"
                    sling:resourceType="help/components/article-3/text"
                    text="&lt;p&gt;To create an email linked to a brand, select the &lt;strong&gt;Create&lt;/strong&gt; button from the &lt;strong&gt;Marketing activities&lt;/strong&gt; menu.&lt;/p&gt;&#xA;"
                    textIsRich="true"/>
                <image_173 jcr:primaryType="nt:unstructured"
                    sling:resourceType="help/components/article-3/image"
                    jcr:title=""
                    alt=""
                    captionBottom=""
                    fileName="branding_14.png"
                    originalFileName="images/en/branding_14.png"
                    fileReference="/content/dam/help/en/campaign/standard/branding_14.png"
                    imageRotate="0"
                    originalHeight=""
                    originalWidth=""
                    scaleOption="toTemplate"
                    status="legacy"/>
                <text_1272 jcr:primaryType="nt:unstructured"
                    sling:resourceType="help/components/article-3/text"
                    text="&lt;p&gt;Select the &lt;strong&gt;Email&lt;/strong&gt; activity, then choose the template linked to the brand.&lt;/p&gt;&#xA;"
                    textIsRich="true"/>
                <image_174 jcr:primaryType="nt:unstructured"
                    sling:resourceType="help/components/article-3/image"
                    jcr:title=""
                    alt=""
                    captionBottom=""
                    fileName="branding_15.png"
                    originalFileName="images/en/branding_15.png"
                    fileReference="/content/dam/help/en/campaign/standard/branding_15.png"
                    imageRotate="0"
                    originalHeight=""
                    originalWidth=""
                    scaleOption="toTemplate"
                    status="legacy"/>
                <text_1273 jcr:primaryType="nt:unstructured"
                    sling:resourceType="help/components/article-3/text"
                    text="&lt;p&gt;Your email is already configured. You can check the information before testing it using the test profiles, then sending it to your audience.&lt;/p&gt;&#xA;"
                    textIsRich="true"/>
                <image_175 jcr:primaryType="nt:unstructured"
                    sling:resourceType="help/components/article-3/image"
                    jcr:title=""
                    alt=""
                    captionBottom=""
                    fileName="branding_16.png"
                    originalFileName="images/en/branding_16.png"
                    fileReference="/content/dam/help/en/campaign/standard/branding_16.png"
                    imageRotate="0"
                    originalHeight=""
                    originalWidth=""
                    scaleOption="toTemplate"
                    status="legacy"/>
            
        
      </main-pars>
      <hero jcr:primaryType="nt:unstructured"
            sling:resourceType="foundation/components/image"/>
      <thumbnail jcr:primaryType="nt:unstructured"
                 sling:resourceType="foundation/components/image"/>
      <publisherLogo jcr:primaryType="nt:unstructured"
                     sling:resourceType="foundation/components/image"/>
   </jcr:content>
</jcr:root>