<?xml version="1.0" encoding="UTF-8"?>
<jcr:root xmlns:nt="http://www.jcp.org/jcr/nt/1.0" xmlns:json="http://json.org/"
          xmlns:sling="http://sling.apache.org/jcr/sling/1.0"
          xmlns:cq="http://www.day.com/jcr/cq/1.0"
          xmlns:jcr="http://www.jcp.org/jcr/1.0"
          xmlns:mix="http://www.jcp.org/jcr/mix/1.0"
          jcr:primaryType="cq:Page">
   <jcr:content navTitle="Configuring email channel" jcr:primaryType="cq:PageContent"
                sling:resourceType="help/components/pages/article-3"
                heroGradient="light"
                jcr:language="en_us"
                cq:designPath="/etc/designs/help"
                cq:template="/apps/help/templates/article-3"
                jcr:mixinTypes="[mix:versionable]"
                jcr:title="Configuring email channel"
                jcr:description="Configuring email channel"
                seoDescription="Learn how to configure the email channel."
                primaryProductTag="[products:SG_CAMPAIGN/STANDARD]"
                cq:tags="[products:SG_CAMPAIGN/STANDARD,audience:administration,content_type:reference,topic_tags:configuring-channels]"
                primaryAudienceTag="[audience:administration]"
                contentOwner="sauviat"
                isReadyForLocalization="true"
                publishExternalDate="2018-09-04">
      <main-pars jcr:primaryType="nt:unstructured"
                 sling:resourceType="foundation/components/parsys">
    
    
      
    
    
         <header_27 jcr:primaryType="nt:unstructured" sling:resourceType="help/components/header"
                    id="configuring-the-email-channel"
                    level="2"
                    text="&lt;p&gt;Configuring the email channel&lt;/p&gt;&#xA;"
                    textIsRich="'true'"/>
      
        
          
        
        <header_28 jcr:primaryType="nt:unstructured" sling:resourceType="help/components/header"
                    id="list-of-email-channel-parameters"
                    level="3"
                    text="&lt;p&gt;List of email channel parameters&lt;/p&gt;&#xA;"
                    textIsRich="'true'"/>
        <text_275 jcr:primaryType="nt:unstructured"
                   sling:resourceType="help/components/article-3/text"
                   text="&lt;p&gt;The email configuration screen allows you to define the parameters for the email messaging channel.&lt;/p&gt;&#xA;"
                   textIsRich="true"/>
        <image_52 jcr:primaryType="nt:unstructured"
                   sling:resourceType="help/components/article-3/image"
                   jcr:title=""
                   alt=""
                   captionBottom=""
                   fileName="channels_1.png"
                   originalFileName="images/en/channels_1.png"
                   fileReference="/content/dam/help/en/campaign/standard/channels_1.png"
                   imageRotate="0"
                   originalHeight=""
                   originalWidth=""
                   scaleOption="toTemplate"
                   status="legacy"/>
        <text_276 jcr:primaryType="nt:unstructured"
                   sling:resourceType="help/components/article-3/text"
                   text="&lt;p&gt;&lt;strong&gt;Header parameters of sent emails&lt;/strong&gt;&lt;/p&gt;&#xA;"
                   textIsRich="true"/>
        <text_277 jcr:primaryType="nt:unstructured"
                   sling:resourceType="help/components/article-3/text"
                   text="&lt;p&gt;In this section, you can specify the &lt;strong&gt;masks&lt;/strong&gt; authorized for the sender address and the error address. If necessary, these masks can be separated using commas. This configuration is optional. When these fields are entered, during the message preparation stage, Adobe Campaign checks that the addresses entered are valid. This operating mode ensures that no addresses are used that could trigger deliverability issues. Delivery addresses must be configured on the delivery server.&lt;/p&gt;&#xA;"
                   textIsRich="true"/>
        <text_278 jcr:primaryType="nt:unstructured"
                   sling:resourceType="help/components/article-3/text"
                   text="&lt;p&gt;&lt;strong&gt;Deliverability&lt;/strong&gt;&lt;/p&gt;&#xA;"
                   textIsRich="true"/>
        <text_279 jcr:primaryType="nt:unstructured"
                   sling:resourceType="help/components/article-3/text"
                   text="&lt;p&gt;This ID is provided by support. It is necessary for deliverability reports to work correctly.&lt;/p&gt;&#xA;"
                   textIsRich="true"/>
        <text_280 jcr:primaryType="nt:unstructured"
                   sling:resourceType="help/components/article-3/text"
                   text="&lt;p&gt;&lt;strong&gt;Delivery parameters&lt;/strong&gt;&lt;/p&gt;&#xA;"
                   textIsRich="true"/>
        <text_281 jcr:primaryType="nt:unstructured"
                   sling:resourceType="help/components/article-3/text"
                   text="&lt;p&gt;The following options are available: &lt;/p&gt;&#xA;"
                   textIsRich="true"/>
        <procedure_16 jcr:primaryType="nt:unstructured"
                       sling:resourceType="help/components/procedure"
                       isBulleted="true">
            <proc_par jcr:primaryType="nt:unstructured"
                      sling:resourceType="help/components/procedure/proc_parsys">
               <step_135_16 jcr:primaryType="nt:unstructured" sling:resourceType="help/components/step">
                  <step_par jcr:primaryType="nt:unstructured"
                            sling:resourceType="help/components/procedure/step_parsys">
                     <text_282 jcr:primaryType="nt:unstructured"
                               sling:resourceType="help/components/article-3/text"
                               text="&lt;p&gt;&lt;strong&gt;Message delivery duration&lt;/strong&gt;: Adobe Campaign sends the messages beginning on the start date. This field allows you to specify the duration during which the messages can be sent.&lt;/p&gt;&#xA;"
                               textIsRich="true"/>
                  </step_par>
               </step_135_16>
               <step_136_16 jcr:primaryType="nt:unstructured" sling:resourceType="help/components/step">
                  <step_par jcr:primaryType="nt:unstructured"
                            sling:resourceType="help/components/procedure/step_parsys">
                     <text_283 jcr:primaryType="nt:unstructured"
                               sling:resourceType="help/components/article-3/text"
                               text="&lt;p&gt;&lt;strong&gt;Online resources validity duration&lt;/strong&gt;: this field is used for uploaded resources, mainly for the mirror page and images. The resources on this page are valid for a limited time (to save disk space).&lt;/p&gt;&#xA;"
                               textIsRich="true"/>
                  </step_par>
               </step_136_16>
            </proc_par>
         </procedure_16>
        
        
        <text_284 jcr:primaryType="nt:unstructured"
                   sling:resourceType="help/components/article-3/text"
                   text="&lt;p&gt;&lt;strong&gt;Retries&lt;/strong&gt;&lt;/p&gt;&#xA;"
                   textIsRich="true"/>
        <text_285 jcr:primaryType="nt:unstructured"
                   sling:resourceType="help/components/article-3/text"
                   text="&lt;p&gt;Temporarily undelivered messages are subject to an automatic retry. See &#xA;&#x9;&#x9;&#x9;&#x9;&#x9;&#x9;&#x9;&#x9;&#x9;&#x9;&#x9;&#xA;&#x9;&#x9;&#x9;&#x9;&#x9;&#x9;&#x9;&lt;a href=&#34;/content/help/en/campaign/standard/sending/using/understanding-delivery-failures.html#retries-after-a-delivery-failure&#34;&gt;Retries after a delivery failure&lt;/a&gt;. This section indicates how many retries should be performed the day after the send is started (&lt;strong&gt;Number of retries&lt;/strong&gt;) and the minimum delay between retries (&lt;strong&gt;Retry period&lt;/strong&gt;).&lt;/p&gt;&#xA;"
                   textIsRich="true"/>
        <text_286 jcr:primaryType="nt:unstructured"
                   sling:resourceType="help/components/article-3/text"
                   text="&lt;p&gt;By default, five retries are scheduled for the first day with a minimum interval of one hour, spread out over the 24 hours of the day. One retry per day is programmed after that and until the delivery deadline, which is defined in the &lt;strong&gt;Delivery parameters&lt;/strong&gt; section. &lt;/p&gt;&#xA;"
                   textIsRich="true"/>
        
        <text_287 jcr:primaryType="nt:unstructured"
                   sling:resourceType="help/components/article-3/text"
                   text="&lt;p&gt;&lt;strong&gt;Email quarantine parameters&lt;/strong&gt;&lt;/p&gt;&#xA;"
                   textIsRich="true"/>
        <text_288 jcr:primaryType="nt:unstructured"
                   sling:resourceType="help/components/article-3/text"
                   text="&lt;p&gt;Configuration options for quarantines are as follows:&lt;/p&gt;&#xA;"
                   textIsRich="true"/>
        <procedure_17 jcr:primaryType="nt:unstructured"
                       sling:resourceType="help/components/procedure"
                       isBulleted="true">
            <proc_par jcr:primaryType="nt:unstructured"
                      sling:resourceType="help/components/procedure/proc_parsys">
               <step_137_17 jcr:primaryType="nt:unstructured" sling:resourceType="help/components/step">
                  <step_par jcr:primaryType="nt:unstructured"
                            sling:resourceType="help/components/procedure/step_parsys">
                     <text_289 jcr:primaryType="nt:unstructured"
                               sling:resourceType="help/components/article-3/text"
                               text="&lt;p&gt;&lt;strong&gt;Time between two significant errors&lt;/strong&gt;: enter a value (&#34;1d&#34; by default: 1 day) to define the time the application waits before incrementing the error counter in case of failure.&lt;/p&gt;&#xA;"
                               textIsRich="true"/>
                  </step_par>
               </step_137_17>
               <step_138_17 jcr:primaryType="nt:unstructured" sling:resourceType="help/components/step">
                  <step_par jcr:primaryType="nt:unstructured"
                            sling:resourceType="help/components/procedure/step_parsys">
                     <text_290 jcr:primaryType="nt:unstructured"
                               sling:resourceType="help/components/article-3/text"
                               text="&lt;p&gt;&lt;strong&gt;Maximum number of errors before quarantine&lt;/strong&gt;: when this value is reached, the email address is then quarantined (by default &#34;5&#34;: the address will be quarantined on the sixth error). This means that the contact will be automatically excluded from subsequent deliveries. &lt;/p&gt;&#xA;"
                               textIsRich="true"/>
                  </step_par>
               </step_138_17>
            </proc_par>
         </procedure_17>
        <text_291 jcr:primaryType="nt:unstructured"
                   sling:resourceType="help/components/article-3/text"
                   text="&lt;p&gt;&lt;strong&gt;Related topic&lt;/strong&gt;:&lt;/p&gt;&#xA;"
                   textIsRich="true"/>
        <text_292 jcr:primaryType="nt:unstructured"
                   sling:resourceType="help/components/article-3/text"
                   text="&lt;p&gt;&#xA;&#x9;&#x9;&#x9;&#x9;&#x9;&#x9;&#x9;&#x9;&#x9;&#x9;&#x9;&#xA;&#x9;&#x9;&#x9;&#x9;&#x9;&#x9;&#x9;&lt;a href=&#34;/content/help/en/campaign/standard/sending/using/understanding-quarantine-management.html&#34;&gt;Understanding quarantine management&lt;/a&gt;&lt;/p&gt;&#xA;"
                   textIsRich="true"/>
      
      
        
          
        
        <header_29 jcr:primaryType="nt:unstructured" sling:resourceType="help/components/header"
                    id="email-routing-accounts"
                    level="3"
                    text="&lt;p&gt;Email routing accounts&lt;/p&gt;&#xA;"
                    textIsRich="'true'"/>
        <text_293 jcr:primaryType="nt:unstructured"
                   sling:resourceType="help/components/article-3/text"
                   text="&lt;p&gt;The &lt;strong&gt;Integrated email routing&lt;/strong&gt; external account is provided by default. It contains the technical parameters that allow the application to send emails.&lt;/p&gt;&#xA;"
                   textIsRich="true"/>
        <text_294 jcr:primaryType="nt:unstructured"
                   sling:resourceType="help/components/article-3/text"
                   text="&lt;p&gt;External account configuration should be done by expert users only.&lt;/p&gt;&#xA;"
                   textIsRich="true"/>
        <image_53 jcr:primaryType="nt:unstructured"
                   sling:resourceType="help/components/article-3/image"
                   jcr:title=""
                   alt=""
                   captionBottom=""
                   fileName="channels_2.png"
                   originalFileName="images/en/channels_2.png"
                   fileReference="/content/dam/help/en/campaign/standard/channels_2.png"
                   imageRotate="0"
                   originalHeight=""
                   originalWidth=""
                   scaleOption="toTemplate"
                   status="legacy"/>
        <text_295 jcr:primaryType="nt:unstructured"
                   sling:resourceType="help/components/article-3/text"
                   text="&lt;p&gt;The account type must always be set to &lt;strong&gt;Routing&lt;/strong&gt;, the channel to &lt;strong&gt;Email&lt;/strong&gt; and the delivery mode set to &lt;strong&gt;Bulk delivery&lt;/strong&gt;.&lt;/p&gt;&#xA;"
                   textIsRich="true"/>
        <text_296 jcr:primaryType="nt:unstructured"
                   sling:resourceType="help/components/article-3/text"
                   text="&lt;p&gt;&lt;strong&gt;Related topic&lt;/strong&gt;:&lt;/p&gt;&#xA;"
                   textIsRich="true"/>
        <text_297 jcr:primaryType="nt:unstructured"
                   sling:resourceType="help/components/article-3/text"
                   text="&lt;p&gt;&#xA;&#x9;&#x9;&#x9;&#x9;&#x9;&#x9;&#x9;&#x9;&#x9;&#x9;&#x9;&#xA;&#x9;&#x9;&#x9;&#x9;&#x9;&#x9;&#x9;&lt;a href=&#34;/content/help/en/campaign/standard/administration/using/external-accounts.html&#34;&gt;External accounts&lt;/a&gt;&lt;/p&gt;&#xA;"
                   textIsRich="true"/>
      
      
                
                    
                
                <header_30 jcr:primaryType="nt:unstructured" sling:resourceType="help/components/header"
                    id="email-processing-rules"
                    level="3"
                    text="&lt;p&gt;Email processing rules&lt;/p&gt;&#xA;"
                    textIsRich="'true'"/>
                
                
                <text_298 jcr:primaryType="nt:unstructured"
                   sling:resourceType="help/components/article-3/text"
                   text="&lt;p&gt;These rules contain the list of character strings which can be returned by remote servers and which let you qualify the error (&lt;strong&gt;Hard&lt;/strong&gt;, &lt;strong&gt;Soft&lt;/strong&gt; or &lt;strong&gt;Ignored&lt;/strong&gt;).&lt;/p&gt;&#xA;"
                   textIsRich="true"/>
                <text_299 jcr:primaryType="nt:unstructured"
                   sling:resourceType="help/components/article-3/text"
                   text="&lt;p&gt;The default rules are as follows:&lt;/p&gt;&#xA;"
                   textIsRich="true"/>
                <text_300 jcr:primaryType="nt:unstructured"
                   sling:resourceType="help/components/article-3/text"
                   text="&lt;p&gt;&lt;strong&gt;Bounce mails&lt;/strong&gt;&lt;/p&gt;&#xA;"
                   textIsRich="true"/>
                <text_301 jcr:primaryType="nt:unstructured"
                   sling:resourceType="help/components/article-3/text"
                   text="&lt;p&gt;When an email fails, the remote message server returns a bounce error message to the address specified in the application settings. Adobe Campaign compares the content of each bounce mail to the strings in the list of rules, and then assigns it one of the three error types.&lt;/p&gt;&#xA;"
                   textIsRich="true"/>
                <text_302 jcr:primaryType="nt:unstructured"
                   sling:resourceType="help/components/article-3/text"
                   text="&lt;p&gt;The user can create his own rules.&lt;/p&gt;&#xA;"
                   textIsRich="true"/>
                <caution_6 jcr:primaryType="nt:unstructured"
                    sling:resourceType="help/components/article-3/note"
                    text="&lt;p&gt;&#xA;                    When importing a package and when updating data via the &lt;strong&gt;Update for deliverability&lt;/strong&gt; workflow, the user-created rules are overwritten.&#xA;                &lt;/p&gt;&#xA;"
                    textIsRich="true"
                    type="caution"/>
                
                <text_304 jcr:primaryType="nt:unstructured"
                   sling:resourceType="help/components/article-3/text"
                   text="&lt;p&gt;&lt;strong&gt;Managing email domains&lt;/strong&gt;&lt;/p&gt;&#xA;"
                   textIsRich="true"/>
                <text_305 jcr:primaryType="nt:unstructured"
                   sling:resourceType="help/components/article-3/text"
                   text="&lt;p&gt;The domain management rules are used to regulate the flow of outgoing emails for a specific domain. They sample the bounce messages and block sending where appropriate. The Adobe Campaign messaging server applies rules specific to the domains, and then the rules for the general case represented by an asterisk in the list of rules. Rules for the Hotmail and MSN domains are available by default in Adobe Campaign.&lt;/p&gt;&#xA;"
                   textIsRich="true"/>
                <text_306 jcr:primaryType="nt:unstructured"
                   sling:resourceType="help/components/article-3/text"
                   text="&lt;p&gt;To configure domain management rules, simply set a threshold and select certain SMTP parameters. A &lt;strong&gt;threshold&lt;/strong&gt; is a limit calculated as an error percentage beyond which all messages towards a specific domain are blocked.&lt;/p&gt;&#xA;"
                   textIsRich="true"/>
                <text_307 jcr:primaryType="nt:unstructured"
                   sling:resourceType="help/components/article-3/text"
                   text="&lt;p&gt;For example, in the general case, for a minimum of 300 messages, the sending of emails is blocked for three hours if the error rate reaches 90%.&lt;/p&gt;&#xA;"
                   textIsRich="true"/>
                <text_308 jcr:primaryType="nt:unstructured"
                   sling:resourceType="help/components/article-3/text"
                   text="&lt;p&gt;The &lt;strong&gt;SMTP parameters&lt;/strong&gt; act as filters applied for a blocking rule.&lt;/p&gt;&#xA;"
                   textIsRich="true"/>
                <procedure_18 jcr:primaryType="nt:unstructured"
                       sling:resourceType="help/components/procedure"
                       isBulleted="true">
            <proc_par jcr:primaryType="nt:unstructured"
                      sling:resourceType="help/components/procedure/proc_parsys">
                    <step_139_18 jcr:primaryType="nt:unstructured" sling:resourceType="help/components/step">
                  <step_par jcr:primaryType="nt:unstructured"
                            sling:resourceType="help/components/procedure/step_parsys">
                        <text_309 jcr:primaryType="nt:unstructured"
                               sling:resourceType="help/components/article-3/text"
                               text="&lt;p&gt;You can choose whether or not to activate certain identification standards and encryption keys to check the domain name, such as &lt;strong&gt;Sender ID&lt;/strong&gt;, &lt;strong&gt;DomainKeys&lt;/strong&gt;, &lt;strong&gt;DKIM&lt;/strong&gt;, and &lt;strong&gt;S/MIME&lt;/strong&gt;.&lt;/p&gt;&#xA;"
                               textIsRich="true"/>
                    </step_par>
               </step_139_18>
                    <step_140_18 jcr:primaryType="nt:unstructured" sling:resourceType="help/components/step">
                  <step_par jcr:primaryType="nt:unstructured"
                            sling:resourceType="help/components/procedure/step_parsys">
                        <text_310 jcr:primaryType="nt:unstructured"
                               sling:resourceType="help/components/article-3/text"
                               text="&lt;p&gt;&lt;strong&gt;SMTP relay&lt;/strong&gt;: lets you configure the IP address and the port of a relay server for a particular domain.&lt;/p&gt;&#xA;"
                               textIsRich="true"/>
                    </step_par>
               </step_140_18>
                </proc_par>
         </procedure_18>
                <text_311 jcr:primaryType="nt:unstructured"
                   sling:resourceType="help/components/article-3/text"
                   text="&lt;p&gt;&lt;strong&gt;MX Management&lt;/strong&gt;&lt;/p&gt;&#xA;"
                   textIsRich="true"/>
                <text_312 jcr:primaryType="nt:unstructured"
                   sling:resourceType="help/components/article-3/text"
                   text="&lt;p&gt;Each rule defines an address mask for the MX. Any MX whose name matches this mask is therefore eligible. The mask can contain &#34;*&#34; and &#34;?&#34; generic characters. &lt;/p&gt;&#xA;"
                   textIsRich="true"/>
                <text_313 jcr:primaryType="nt:unstructured"
                   sling:resourceType="help/components/article-3/text"
                   text="&lt;p&gt;For example, the following addresses: &lt;/p&gt;&#xA;"
                   textIsRich="true"/>
                <procedure_19 jcr:primaryType="nt:unstructured"
                       sling:resourceType="help/components/procedure"
                       isBulleted="true">
            <proc_par jcr:primaryType="nt:unstructured"
                      sling:resourceType="help/components/procedure/proc_parsys">
                    <step_141_19 jcr:primaryType="nt:unstructured" sling:resourceType="help/components/step">
                  <step_par jcr:primaryType="nt:unstructured"
                            sling:resourceType="help/components/procedure/step_parsys">
                        <text_314 jcr:primaryType="nt:unstructured"
                               sling:resourceType="help/components/article-3/text"
                               text="&lt;p&gt; a.mx.yahoo.com &lt;/p&gt;&#xA;"
                               textIsRich="true"/>
                    </step_par>
               </step_141_19>
                    <step_142_19 jcr:primaryType="nt:unstructured" sling:resourceType="help/components/step">
                  <step_par jcr:primaryType="nt:unstructured"
                            sling:resourceType="help/components/procedure/step_parsys">
                        <text_315 jcr:primaryType="nt:unstructured"
                               sling:resourceType="help/components/article-3/text"
                               text="&lt;p&gt;b.mx.yahoo.com &lt;/p&gt;&#xA;"
                               textIsRich="true"/>
                    </step_par>
               </step_142_19>
                    <step_143_19 jcr:primaryType="nt:unstructured" sling:resourceType="help/components/step">
                  <step_par jcr:primaryType="nt:unstructured"
                            sling:resourceType="help/components/procedure/step_parsys">
                        <text_316 jcr:primaryType="nt:unstructured"
                               sling:resourceType="help/components/article-3/text"
                               text="&lt;p&gt;c.mx.yahoo.com &lt;/p&gt;&#xA;"
                               textIsRich="true"/>
                    </step_par>
               </step_143_19>
                </proc_par>
         </procedure_19>
                <text_317 jcr:primaryType="nt:unstructured"
                   sling:resourceType="help/components/article-3/text"
                   text="&lt;p&gt;are compatible with the following masks:&lt;/p&gt;&#xA;"
                   textIsRich="true"/>
                <procedure_20 jcr:primaryType="nt:unstructured"
                       sling:resourceType="help/components/procedure"
                       isBulleted="true">
            <proc_par jcr:primaryType="nt:unstructured"
                      sling:resourceType="help/components/procedure/proc_parsys">
                    <step_144_20 jcr:primaryType="nt:unstructured" sling:resourceType="help/components/step">
                  <step_par jcr:primaryType="nt:unstructured"
                            sling:resourceType="help/components/procedure/step_parsys">
                        <text_318 jcr:primaryType="nt:unstructured"
                               sling:resourceType="help/components/article-3/text"
                               text="&lt;p&gt;*.yahoo.com&lt;/p&gt;&#xA;"
                               textIsRich="true"/>
                    </step_par>
               </step_144_20>
                    <step_145_20 jcr:primaryType="nt:unstructured" sling:resourceType="help/components/step">
                  <step_par jcr:primaryType="nt:unstructured"
                            sling:resourceType="help/components/procedure/step_parsys">
                        <text_319 jcr:primaryType="nt:unstructured"
                               sling:resourceType="help/components/article-3/text"
                               text="&lt;p&gt;?.mx.yahoo.com&lt;/p&gt;&#xA;"
                               textIsRich="true"/>
                    </step_par>
               </step_145_20>
                </proc_par>
         </procedure_20>
                <text_320 jcr:primaryType="nt:unstructured"
                   sling:resourceType="help/components/article-3/text"
                   text="&lt;p&gt;These rules are applied in sequence: the first rule whose MX mask is compatible with the targeted MX is applied.&lt;/p&gt;&#xA;"
                   textIsRich="true"/>
                <text_321 jcr:primaryType="nt:unstructured"
                   sling:resourceType="help/components/article-3/text"
                   text="&lt;p&gt;The following parameters are available for each rule:&lt;/p&gt;&#xA;"
                   textIsRich="true"/>
                <procedure_21 jcr:primaryType="nt:unstructured"
                       sling:resourceType="help/components/procedure"
                       isBulleted="true">
            <proc_par jcr:primaryType="nt:unstructured"
                      sling:resourceType="help/components/procedure/proc_parsys">
                    <step_146_21 jcr:primaryType="nt:unstructured" sling:resourceType="help/components/step">
                  <step_par jcr:primaryType="nt:unstructured"
                            sling:resourceType="help/components/procedure/step_parsys">
                        <text_322 jcr:primaryType="nt:unstructured"
                               sling:resourceType="help/components/article-3/text"
                               text="&lt;p&gt;&lt;strong&gt;Range of IDs&lt;/strong&gt;: this option lets you indicate the ranges of identifiers (publicId) for which the rule applies. You can specify:&lt;/p&gt;&#xA;"
                               textIsRich="true"/>
                        <procedure_21 jcr:primaryType="nt:unstructured"
                                   sling:resourceType="help/components/procedure"
                                   isBulleted="true">
                        <proc_par jcr:primaryType="nt:unstructured"
                                  sling:resourceType="help/components/procedure/proc_parsys">
                            <step_146_21 jcr:primaryType="nt:unstructured" sling:resourceType="help/components/step">
                              <step_par jcr:primaryType="nt:unstructured"
                                        sling:resourceType="help/components/procedure/step_parsys">
                                <text_323 jcr:primaryType="nt:unstructured"
                                           sling:resourceType="help/components/article-3/text"
                                           text="&lt;p&gt;A number: the rule will only apply to this publicId.&lt;/p&gt;&#xA;"
                                           textIsRich="true"/>
                              </step_par>
                           </step_146_21>
                            <step_147_21 jcr:primaryType="nt:unstructured" sling:resourceType="help/components/step">
                              <step_par jcr:primaryType="nt:unstructured"
                                        sling:resourceType="help/components/procedure/step_parsys">
                                <text_324 jcr:primaryType="nt:unstructured"
                                           sling:resourceType="help/components/article-3/text"
                                           text="&lt;p&gt;A range of numbers (number1-number2): the rule will apply to all publicIds between these two numbers.&lt;/p&gt;&#xA;"
                                           textIsRich="true"/>
                              </step_par>
                           </step_147_21>
                        </proc_par>
                     </procedure_21>
                        <text_325 jcr:primaryType="nt:unstructured"
                               sling:resourceType="help/components/article-3/text"
                               text="&lt;p&gt; If the field is empty, the rule applies to all IDs.&lt;/p&gt;&#xA;"
                               textIsRich="true"/>
                    </step_par>
               </step_146_21>
                    <step_149_22 jcr:primaryType="nt:unstructured" sling:resourceType="help/components/step">
                  <step_par jcr:primaryType="nt:unstructured"
                            sling:resourceType="help/components/procedure/step_parsys">
                        <text_326 jcr:primaryType="nt:unstructured"
                               sling:resourceType="help/components/article-3/text"
                               text="&lt;p&gt;&lt;strong&gt;Shared&lt;/strong&gt;: this option indicates that the highest number of messages per hour and of connections applies to all MXs linked to this rule. &lt;/p&gt;&#xA;"
                               textIsRich="true"/>
                    </step_par>
               </step_149_22>
                    <step_150_22 jcr:primaryType="nt:unstructured" sling:resourceType="help/components/step">
                  <step_par jcr:primaryType="nt:unstructured"
                            sling:resourceType="help/components/procedure/step_parsys">
                        <text_327 jcr:primaryType="nt:unstructured"
                               sling:resourceType="help/components/article-3/text"
                               text="&lt;p&gt;&lt;strong&gt;Maximum number of connections&lt;/strong&gt;: maximum number of simultaneous connections to an MX from a given address. &lt;/p&gt;&#xA;"
                               textIsRich="true"/>
                    </step_par>
               </step_150_22>
                    <step_151_22 jcr:primaryType="nt:unstructured" sling:resourceType="help/components/step">
                  <step_par jcr:primaryType="nt:unstructured"
                            sling:resourceType="help/components/procedure/step_parsys">
                        <text_328 jcr:primaryType="nt:unstructured"
                               sling:resourceType="help/components/article-3/text"
                               text="&lt;p&gt;&lt;strong&gt;Maximum number of messages&lt;/strong&gt;: maximum number of messages that can be sent by one connection. After this amount, the connection is closed and a new one is reopened. &lt;/p&gt;&#xA;"
                               textIsRich="true"/>
                    </step_par>
               </step_151_22>
                    <step_152_22 jcr:primaryType="nt:unstructured" sling:resourceType="help/components/step">
                  <step_par jcr:primaryType="nt:unstructured"
                            sling:resourceType="help/components/procedure/step_parsys">
                        <text_329 jcr:primaryType="nt:unstructured"
                               sling:resourceType="help/components/article-3/text"
                               text="&lt;p&gt;&lt;strong&gt;Messages per hour&lt;/strong&gt;: maximum number of messages that can be sent in one hour for an MX via a given address. &lt;/p&gt;&#xA;"
                               textIsRich="true"/>
                    </step_par>
               </step_152_22>
                    
                </proc_par>
         </procedure_21>
                <caution_7 jcr:primaryType="nt:unstructured"
                    sling:resourceType="help/components/article-3/note"
                    text="&lt;ul&gt;&lt;li&gt;&lt;p&gt;&#xA;                            The delivery server (MTA) must be restarted if the parameters have been changed.&#xA;                        &lt;/p&gt;&#xA;&lt;/li&gt;&lt;li&gt;&lt;p&gt;&#xA;                            The modification or creation of management rules is for expert users only.&#xA;                        &lt;/p&gt;&#xA;&lt;/li&gt;&lt;/ul&gt;"
                    textIsRich="true"
                    type="caution"/>
            
    
    
      
         <header_31 jcr:primaryType="nt:unstructured" sling:resourceType="help/components/header"
                    id="list-of-email-properties"
                    level="2"
                    text="&lt;p&gt;List of email properties&lt;/p&gt;&#xA;"
                    textIsRich="'true'"/>
         <text_332 jcr:primaryType="nt:unstructured"
                   sling:resourceType="help/components/article-3/text"
                   text="&lt;p&gt;This section details the list of parameters available in the properties screen of an email or email template. Managing templates is detailed in the &#xA;&#x9;&#x9;&#x9;&#x9;&#x9;&#x9;&#x9;&#x9;&#x9;&#x9;&#x9;&#xA;&#x9;&#x9;&#x9;&#x9;&#x9;&#x9;&#x9;&lt;a href=&#34;/content/help/en/campaign/standard/start/using/about-templates.html&#34;&gt;Managing templates&lt;/a&gt; section.&lt;/p&gt;&#xA;"
                   textIsRich="true"/>
         <note_9 jcr:primaryType="nt:unstructured"
                 sling:resourceType="help/components/article-3/note"
                 text="&lt;p&gt;&#xA;        Certain parameters are only available in templates. The parameters available vary according to the rights you have as a user. &#xA;      &lt;/p&gt;&#xA;"
                 textIsRich="true"
                 type="note"/>
         <text_334 jcr:primaryType="nt:unstructured"
                   sling:resourceType="help/components/article-3/text"
                   text="&lt;p&gt;To edit the properties of an email or an email template, use the &lt;strong&gt;Edit properties&lt;/strong&gt; button.&lt;/p&gt;&#xA;"
                   textIsRich="true"/>
         <image_54 jcr:primaryType="nt:unstructured"
                   sling:resourceType="help/components/article-3/image"
                   jcr:title=""
                   alt=""
                   captionBottom=""
                   fileName="delivery_options_1.png"
                   originalFileName="images/en/delivery_options_1.png"
                   fileReference="/content/dam/help/en/campaign/standard/delivery_options_1.png"
                   imageRotate="0"
                   originalHeight=""
                   originalWidth=""
                   scaleOption="toTemplate"
                   status="legacy"/>
      
        <header_32 jcr:primaryType="nt:unstructured" sling:resourceType="help/components/header"
                    id="list-of-email-general-parameters"
                    level="3"
                    text="&lt;p&gt;List of email general parameters&lt;/p&gt;&#xA;"
                    textIsRich="'true'"/>
        <text_335 jcr:primaryType="nt:unstructured"
                   sling:resourceType="help/components/article-3/text"
                   text="&lt;p&gt;The general parameters are:&lt;/p&gt;&#xA;"
                   textIsRich="true"/>
        <image_55 jcr:primaryType="nt:unstructured"
                   sling:resourceType="help/components/article-3/image"
                   jcr:title=""
                   alt=""
                   captionBottom=""
                   fileName="delivery_options_2.png"
                   originalFileName="images/en/delivery_options_2.png"
                   fileReference="/content/dam/help/en/campaign/standard/delivery_options_2.png"
                   imageRotate="0"
                   originalHeight=""
                   originalWidth=""
                   scaleOption="toTemplate"
                   status="legacy"/>
        <text_336 jcr:primaryType="nt:unstructured"
                   sling:resourceType="help/components/article-3/text"
                   text="&lt;p&gt;Identify the email using the &lt;strong&gt;Label&lt;/strong&gt; and &lt;strong&gt;ID&lt;/strong&gt; fields. This information appears in the interface but is not visible to the message recipients.&lt;/p&gt;&#xA;"
                   textIsRich="true"/>
        <caution_8 jcr:primaryType="nt:unstructured"
                    sling:resourceType="help/components/article-3/note"
                    text="&lt;p&gt;&#xA;          The ID must be unique.&#xA;        &lt;/p&gt;&#xA;"
                    textIsRich="true"
                    type="caution"/>
        <text_338 jcr:primaryType="nt:unstructured"
                   sling:resourceType="help/components/article-3/text"
                   text="&lt;p&gt;The &lt;strong&gt;Brand&lt;/strong&gt; field allows you to select the brand linked to the delivery. For more information on using and configuring brands, refer to the &#xA;&#x9;&#x9;&#x9;&#x9;&#x9;&#x9;&#x9;&#x9;&#x9;&#x9;&#x9;&#xA;&#x9;&#x9;&#x9;&#x9;&#x9;&#x9;&#x9;&lt;a href=&#34;/content/help/en/campaign/standard/administration/using/branding.html&#34;&gt;Branding&lt;/a&gt; section.&lt;/p&gt;&#xA;"
                   textIsRich="true"/>
        <text_339 jcr:primaryType="nt:unstructured"
                   sling:resourceType="help/components/article-3/text"
                   text="&lt;p&gt;The &lt;strong&gt;Campaign&lt;/strong&gt; field allows you to enter the campaign linked to the email. &lt;/p&gt;&#xA;"
                   textIsRich="true"/>
        <text_340 jcr:primaryType="nt:unstructured"
                   sling:resourceType="help/components/article-3/text"
                   text="&lt;p&gt;You can also add a &lt;strong&gt;Description&lt;/strong&gt; in the corresponding field and edit the image displayed on the email thumbnail in the lists.&lt;/p&gt;&#xA;"
                   textIsRich="true"/>
        
      
      
      
        <header_33 jcr:primaryType="nt:unstructured" sling:resourceType="help/components/header"
                    id="list-of-email-sending-parameters"
                    level="3"
                    text="&lt;p&gt;List of email sending parameters&lt;/p&gt;&#xA;"
                    textIsRich="'true'"/>
        <text_341 jcr:primaryType="nt:unstructured"
                   sling:resourceType="help/components/article-3/text"
                   text="&lt;p&gt;The &lt;strong&gt;Send&lt;/strong&gt; section contains the following parameters:&lt;/p&gt;&#xA;"
                   textIsRich="true"/>
        
          <header_34 jcr:primaryType="nt:unstructured" sling:resourceType="help/components/header"
                    id="retries-parameters"
                    level="4"
                    text="&lt;p&gt;Retries parameters&lt;/p&gt;&#xA;"
                    textIsRich="'true'"/>
          <text_342 jcr:primaryType="nt:unstructured"
                   sling:resourceType="help/components/article-3/text"
                   text="&lt;p&gt;Temporarily undelivered messages are subject to an automatic retry. See &#xA;&#x9;&#x9;&#x9;&#x9;&#x9;&#x9;&#x9;&#x9;&#x9;&#x9;&#x9;&#xA;&#x9;&#x9;&#x9;&#x9;&#x9;&#x9;&#x9;&lt;a href=&#34;/content/help/en/campaign/standard/sending/using/understanding-delivery-failures.html#retries-after-a-delivery-failure&#34;&gt;Retries after a delivery failure&lt;/a&gt;. This section indicates how many retries should be performed the day after the send is started (&lt;strong&gt;Max. number of retries&lt;/strong&gt;) and the minimum delay between retries (&lt;strong&gt;Retry period&lt;/strong&gt;).&lt;/p&gt;&#xA;"
                   textIsRich="true"/>
          <text_343 jcr:primaryType="nt:unstructured"
                   sling:resourceType="help/components/article-3/text"
                   text="&lt;p&gt;By default, five retries are scheduled for the first day with a minimum interval of one hour, spread out over the 24 hours of the day. One retry per day is programmed after that and until the delivery deadline, which is defined in the &#xA;&#x9;&#x9;&#x9;&#x9;&#x9;&#xA;&lt;a href=&#34;/content/help/en/campaign/standard/administration/using/configuring-email-channel.html#list-of-email-validity-period-parameters&#34; target=&#34;_blank&#34;&gt;List of email validity period parameters&lt;/a&gt; section.&lt;/p&gt;&#xA;"
                   textIsRich="true"/>
          <text_344 jcr:primaryType="nt:unstructured"
                   sling:resourceType="help/components/article-3/text"
                   text="&lt;p&gt;The &lt;strong&gt;Test SMTP delivery&lt;/strong&gt; option allows you to test sending messages via SMTP. The messages are processed up until connection with the SMTP server is achieved, but they are not sent. For more information on configuring SMTP, refer to the &#xA;&#x9;&#x9;&#x9;&#x9;&#x9;&#xA;&lt;a href=&#34;/content/help/en/campaign/standard/administration/using/configuring-email-channel.html#list-of-email-smtp-parameters&#34; target=&#34;_blank&#34;&gt;List of email SMTP parameters&lt;/a&gt; section.&lt;/p&gt;&#xA;"
                   textIsRich="true"/>
        
        
          <header_35 jcr:primaryType="nt:unstructured" sling:resourceType="help/components/header"
                    id="email-format-parameters"
                    level="4"
                    text="&lt;p&gt;Email format parameters&lt;/p&gt;&#xA;"
                    textIsRich="'true'"/>
          <text_345 jcr:primaryType="nt:unstructured"
                   sling:resourceType="help/components/article-3/text"
                   text="&lt;p&gt;You can configure the format of emails to be sent. There are three options available:&lt;/p&gt;&#xA;"
                   textIsRich="true"/>
          <procedure_24 jcr:primaryType="nt:unstructured"
                       sling:resourceType="help/components/procedure"
                       isBulleted="true">
            <proc_par jcr:primaryType="nt:unstructured"
                      sling:resourceType="help/components/procedure/proc_parsys">
               <step_155_24 jcr:primaryType="nt:unstructured" sling:resourceType="help/components/step">
                  <step_par jcr:primaryType="nt:unstructured"
                            sling:resourceType="help/components/procedure/step_parsys">
                     <text_346 jcr:primaryType="nt:unstructured"
                               sling:resourceType="help/components/article-3/text"
                               text="&lt;p&gt;&lt;strong&gt;Use recipient preferences&lt;/strong&gt; (default mode): the message format is defined according to the data stored in the recipient profile and stored by default in the &lt;strong&gt;Email format&lt;/strong&gt; field (@emailFormat). If a recipient wishes to receive messages in a certain format, this is the format sent. If the field is not completed, a multipart-alternative message is sent (see below).&lt;/p&gt;&#xA;"
                               textIsRich="true"/>
                  </step_par>
               </step_155_24>
               <step_156_24 jcr:primaryType="nt:unstructured" sling:resourceType="help/components/step">
                  <step_par jcr:primaryType="nt:unstructured"
                            sling:resourceType="help/components/procedure/step_parsys">
                     <text_347 jcr:primaryType="nt:unstructured"
                               sling:resourceType="help/components/article-3/text"
                               text="&lt;p&gt;&lt;strong&gt;Let recipient mail client choose the most appropriate format (multipart-alternative)&lt;/strong&gt;: the message contains both formats: text and HTML. The format displayed upon reception depends on the configuration of the recipient's mail software (multipart-alternative).&lt;/p&gt;&#xA;"
                               textIsRich="true"/>
                     <caution_9 jcr:primaryType="nt:unstructured"
                                sling:resourceType="help/components/article-3/note"
                                text="&lt;p&gt;&#xA;                This option includes both versions of the message. It therefore impacts the delivery throughput, because the message size is greater.&#xA;              &lt;/p&gt;&#xA;"
                                textIsRich="true"
                                type="caution"/>
                  </step_par>
               </step_156_24>
               <step_157_24 jcr:primaryType="nt:unstructured" sling:resourceType="help/components/step">
                  <step_par jcr:primaryType="nt:unstructured"
                            sling:resourceType="help/components/procedure/step_parsys">
                     <text_349 jcr:primaryType="nt:unstructured"
                               sling:resourceType="help/components/article-3/text"
                               text="&lt;p&gt;&lt;strong&gt;Send all messages in text format&lt;/strong&gt;: the message is sent in text format. HTML format will not be sent, but used for the mirror page only when the recipient clicks the link in the message.&lt;/p&gt;&#xA;"
                               textIsRich="true"/>
                  </step_par>
               </step_157_24>
            </proc_par>
         </procedure_24>
        
      
      
        <header_36 jcr:primaryType="nt:unstructured" sling:resourceType="help/components/header"
                    id="list-of-email-validity-period-parameters"
                    level="3"
                    text="&lt;p&gt;List of email validity period parameters&lt;/p&gt;&#xA;"
                    textIsRich="'true'"/>
        <text_350 jcr:primaryType="nt:unstructured"
                   sling:resourceType="help/components/article-3/text"
                   text="&lt;p&gt;The &lt;strong&gt;Validity&lt;/strong&gt; section contains the following parameters:&lt;/p&gt;&#xA;"
                   textIsRich="true"/>
        <procedure_25 jcr:primaryType="nt:unstructured"
                       sling:resourceType="help/components/procedure"
                       isBulleted="true">
            <proc_par jcr:primaryType="nt:unstructured"
                      sling:resourceType="help/components/procedure/proc_parsys">
               <step_158_25 jcr:primaryType="nt:unstructured" sling:resourceType="help/components/step">
                  <step_par jcr:primaryType="nt:unstructured"
                            sling:resourceType="help/components/procedure/step_parsys">
                     <text_351 jcr:primaryType="nt:unstructured"
                               sling:resourceType="help/components/article-3/text"
                               text="&lt;p&gt;&lt;strong&gt;Explicitly set validity dates&lt;/strong&gt;: when this box is unchecked, you must enter a duration in the &lt;strong&gt;Delivery duration&lt;/strong&gt; and &lt;strong&gt;Resource validity limit&lt;/strong&gt; fields. Check this box if you would like to define specific times and dates.&lt;/p&gt;&#xA;"
                               textIsRich="true"/>
                  </step_par>
               </step_158_25>
               <step_159_25 jcr:primaryType="nt:unstructured" sling:resourceType="help/components/step">
                  <step_par jcr:primaryType="nt:unstructured"
                            sling:resourceType="help/components/procedure/step_parsys">
                     <text_352 jcr:primaryType="nt:unstructured"
                               sling:resourceType="help/components/article-3/text"
                               text="&lt;p&gt;&lt;strong&gt;Delivery duration&lt;/strong&gt;: Adobe Campaign sends the messages beginning on the start date. This field allows you to specify the duration during which the messages can be sent.&lt;/p&gt;&#xA;"
                               textIsRich="true"/>
                  </step_par>
               </step_159_25>
               <step_160_25 jcr:primaryType="nt:unstructured" sling:resourceType="help/components/step">
                  <step_par jcr:primaryType="nt:unstructured"
                            sling:resourceType="help/components/procedure/step_parsys">
                     <text_353 jcr:primaryType="nt:unstructured"
                               sling:resourceType="help/components/article-3/text"
                               text="&lt;p&gt;&lt;strong&gt;Resource validity duration&lt;/strong&gt;: this field is used for uploaded resources, mainly for the mirror page and images. The resources on this page are valid for a limited time (to save disk space).&lt;/p&gt;&#xA;"
                               textIsRich="true"/>
                  </step_par>
               </step_160_25>
               <step_161_25 jcr:primaryType="nt:unstructured" sling:resourceType="help/components/step">
                  <step_par jcr:primaryType="nt:unstructured"
                            sling:resourceType="help/components/procedure/step_parsys">
                     <text_354 jcr:primaryType="nt:unstructured"
                               sling:resourceType="help/components/article-3/text"
                               text="&lt;p&gt;&lt;strong&gt;Mirror page management&lt;/strong&gt;: the mirror page is an HTML page accessible online via a web browser. Its content is identical to the email content. By default, the mirror page is generated if the link is inserted in the mail content. This field allows you to modify the way in which this page is generated: &lt;/p&gt;&#xA;"
                               textIsRich="true"/>
                     <caution_10 jcr:primaryType="nt:unstructured"
                                 sling:resourceType="help/components/article-3/note"
                                 text="&lt;p&gt;&#xA;              An HTML content must have been defined for the email for the mirror page to be created. &#xA;            &lt;/p&gt;&#xA;"
                                 textIsRich="true"
                                 type="caution"/>
                     <procedure_25 jcr:primaryType="nt:unstructured"
                                   sling:resourceType="help/components/procedure"
                                   isBulleted="true">
                        <proc_par jcr:primaryType="nt:unstructured"
                                  sling:resourceType="help/components/procedure/proc_parsys">
                           <step_161_25 jcr:primaryType="nt:unstructured" sling:resourceType="help/components/step">
                              <step_par jcr:primaryType="nt:unstructured"
                                        sling:resourceType="help/components/procedure/step_parsys">
                                 <text_356 jcr:primaryType="nt:unstructured"
                                           sling:resourceType="help/components/article-3/text"
                                           text="&lt;p&gt;&lt;strong&gt;Generate the mirror page if a mirror link appears in the email content&lt;/strong&gt; (default mode): the mirror page is generated if the link is inserted in the mail content. &lt;/p&gt;&#xA;"
                                           textIsRich="true"/>
                              </step_par>
                           </step_161_25>
                           <step_162_25 jcr:primaryType="nt:unstructured" sling:resourceType="help/components/step">
                              <step_par jcr:primaryType="nt:unstructured"
                                        sling:resourceType="help/components/procedure/step_parsys">
                                 <text_357 jcr:primaryType="nt:unstructured"
                                           sling:resourceType="help/components/article-3/text"
                                           text="&lt;p&gt;&lt;strong&gt;Force the generation of the mirror page&lt;/strong&gt;: even if no link to the mirror page is inserted into the messages, the mirror page will be created. &lt;/p&gt;&#xA;"
                                           textIsRich="true"/>
                              </step_par>
                           </step_162_25>
                           <step_163_25 jcr:primaryType="nt:unstructured" sling:resourceType="help/components/step">
                              <step_par jcr:primaryType="nt:unstructured"
                                        sling:resourceType="help/components/procedure/step_parsys">
                                 <text_358 jcr:primaryType="nt:unstructured"
                                           sling:resourceType="help/components/article-3/text"
                                           text="&lt;p&gt;&lt;strong&gt;Do not generate the mirror page&lt;/strong&gt;: no mirror page is generated, even if the link is in the messages. &lt;/p&gt;&#xA;"
                                           textIsRich="true"/>
                              </step_par>
                           </step_163_25>
                           <step_164_25 jcr:primaryType="nt:unstructured" sling:resourceType="help/components/step">
                              <step_par jcr:primaryType="nt:unstructured"
                                        sling:resourceType="help/components/procedure/step_parsys">
                                 <text_359 jcr:primaryType="nt:unstructured"
                                           sling:resourceType="help/components/article-3/text"
                                           text="&lt;p&gt;&lt;strong&gt;Generate a mirror page accessible using only the message ID&lt;/strong&gt;: this option lets you access the content of the mirror page, with personalization information, in the delivery log window. &lt;/p&gt;&#xA;"
                                           textIsRich="true"/>
                              </step_par>
                           </step_164_25>
                        </proc_par>
                     </procedure_25>
                  </step_par>
               </step_161_25>
            </proc_par>
         </procedure_25>
      
      
        <header_37 jcr:primaryType="nt:unstructured" sling:resourceType="help/components/header"
                    id="list-of-email-tracking-parameters"
                    level="3"
                    text="&lt;p&gt;List of email tracking parameters&lt;/p&gt;&#xA;"
                    textIsRich="'true'"/>
        <text_360 jcr:primaryType="nt:unstructured"
                   sling:resourceType="help/components/article-3/text"
                   text="&lt;p&gt;The &lt;strong&gt;Tracking&lt;/strong&gt; section contains the following parameters:&lt;/p&gt;&#xA;"
                   textIsRich="true"/>
        <procedure_27 jcr:primaryType="nt:unstructured"
                       sling:resourceType="help/components/procedure"
                       isBulleted="true">
            <proc_par jcr:primaryType="nt:unstructured"
                      sling:resourceType="help/components/procedure/proc_parsys">
               <step_166_27 jcr:primaryType="nt:unstructured" sling:resourceType="help/components/step">
                  <step_par jcr:primaryType="nt:unstructured"
                            sling:resourceType="help/components/procedure/step_parsys">
                     <text_361 jcr:primaryType="nt:unstructured"
                               sling:resourceType="help/components/article-3/text"
                               text="&lt;p&gt;&lt;strong&gt;Activate tracking&lt;/strong&gt;: allows you to activate/deactivate message URL tracking. To manage tracking for each message URL, use the &lt;strong&gt;Links&lt;/strong&gt; or &lt;strong&gt;Tracked URLs&lt;/strong&gt; button in the content editor action bar. See &#xA;&#x9;&#x9;&#x9;&#x9;&#x9;&#x9;&#x9;&#x9;&#x9;&#x9;&#x9;&#xA;&#x9;&#x9;&#x9;&#x9;&#x9;&#x9;&#x9;&lt;a href=&#34;/content/help/en/campaign/standard/designing/using/about-tracked-urls.html&#34;&gt;About tracked URLs&lt;/a&gt;.&lt;/p&gt;&#xA;"
                               textIsRich="true"/>
                  </step_par>
               </step_166_27>
               <step_167_27 jcr:primaryType="nt:unstructured" sling:resourceType="help/components/step">
                  <step_par jcr:primaryType="nt:unstructured"
                            sling:resourceType="help/components/procedure/step_parsys">
                     <text_362 jcr:primaryType="nt:unstructured"
                               sling:resourceType="help/components/article-3/text"
                               text="&lt;p&gt;&lt;strong&gt;Tracking validity limit&lt;/strong&gt;: allows you to define the duration for which the tracking will be activated on the URLs.&lt;/p&gt;&#xA;"
                               textIsRich="true"/>
                  </step_par>
               </step_167_27>
               <step_168_27 jcr:primaryType="nt:unstructured" sling:resourceType="help/components/step">
                  <step_par jcr:primaryType="nt:unstructured"
                            sling:resourceType="help/components/procedure/step_parsys">
                     <text_363 jcr:primaryType="nt:unstructured"
                               sling:resourceType="help/components/article-3/text"
                               text="&lt;p&gt;&lt;strong&gt;Substitution URL for expired URLs&lt;/strong&gt;: you can enter a URL to a web page that will be displayed once the tracking has expired. &lt;/p&gt;&#xA;"
                               textIsRich="true"/>
                  </step_par>
               </step_168_27>
            </proc_par>
         </procedure_27>
      
      
        <header_38 jcr:primaryType="nt:unstructured" sling:resourceType="help/components/header"
                    id="list-of-email-advanced-parameters"
                    level="3"
                    text="&lt;p&gt;List of email advanced parameters&lt;/p&gt;&#xA;"
                    textIsRich="'true'"/>
        <text_364 jcr:primaryType="nt:unstructured"
                   sling:resourceType="help/components/article-3/text"
                   text="&lt;p&gt;The &lt;strong&gt;Advanced parameters&lt;/strong&gt; section contains multiple parameters.&lt;/p&gt;&#xA;"
                   textIsRich="true"/>
        <text_365 jcr:primaryType="nt:unstructured"
                   sling:resourceType="help/components/article-3/text"
                   text="&lt;p&gt;The first two fields allow you to enter information necessary to elaborate email message headers (reply address and reply address text). This information can be personalized. To do this, click the button to the right of the field that is going to be changed, then add the personalization fields. Inserting and using the personalization fields is detailed in the &#xA;&#x9;&#x9;&#x9;&#x9;&#x9;&#x9;&#x9;&#x9;&#x9;&#x9;&#x9;&#xA;&#x9;&#x9;&#x9;&#x9;&#x9;&#x9;&#x9;&lt;a href=&#34;/content/help/en/campaign/standard/designing/using/inserting-a-personalization-field.html&#34;&gt;Inserting a personalization field&lt;/a&gt; section.&lt;/p&gt;&#xA;"
                   textIsRich="true"/>
        
          <header_39 jcr:primaryType="nt:unstructured" sling:resourceType="help/components/header"
                    id="target-context"
                    level="4"
                    text="&lt;p&gt;Target context&lt;/p&gt;&#xA;"
                    textIsRich="'true'"/>
          <text_366 jcr:primaryType="nt:unstructured"
                   sling:resourceType="help/components/article-3/text"
                   text="&lt;p&gt;The targeting context allows you to define a set of tables that will be used for email targeting (in the audience definition screen) and personalization (defining personalization fields in the HTML content editor).&lt;/p&gt;&#xA;"
                   textIsRich="true"/>
          
        
        
          <header_40 jcr:primaryType="nt:unstructured" sling:resourceType="help/components/header"
                    id="routing"
                    level="4"
                    text="&lt;p&gt;Routing&lt;/p&gt;&#xA;"
                    textIsRich="'true'"/>
          <text_367 jcr:primaryType="nt:unstructured"
                   sling:resourceType="help/components/article-3/text"
                   text="&lt;p&gt;This field indicates the routing mode used. It references an external account. For example, this can be used if you would like to use an external account containing specific branding configurations.&lt;/p&gt;&#xA;"
                   textIsRich="true"/>
          <note_10 jcr:primaryType="nt:unstructured"
                  sling:resourceType="help/components/article-3/note"
                  text="&lt;p&gt;&#xA;            External accounts are accessible via the &lt;strong&gt;Administration&lt;/strong&gt; &gt; &lt;strong&gt;Application settings&lt;/strong&gt; &gt; &lt;strong&gt;External accounts&lt;/strong&gt; menu. &#xA;          &lt;/p&gt;&#xA;"
                  textIsRich="true"
                  type="note"/>
        
        
          <header_41 jcr:primaryType="nt:unstructured" sling:resourceType="help/components/header"
                    id="preparation"
                    level="4"
                    text="&lt;p&gt;Preparation&lt;/p&gt;&#xA;"
                    textIsRich="'true'"/>
          <text_369 jcr:primaryType="nt:unstructured"
                   sling:resourceType="help/components/article-3/text"
                   text="&lt;p&gt;Preparing messages is detailed in the &#xA;&#x9;&#x9;&#x9;&#x9;&#x9;&#x9;&#x9;&#x9;&#x9;&#x9;&#x9;&#xA;&#x9;&#x9;&#x9;&#x9;&#x9;&#x9;&#x9;&lt;a href=&#34;/content/help/en/campaign/standard/sending/using/preparing-the-send.html&#34;&gt;Approving messages&lt;/a&gt; section.&lt;/p&gt;&#xA;"
                   textIsRich="true"/>
          <procedure_28 jcr:primaryType="nt:unstructured"
                       sling:resourceType="help/components/procedure"
                       isBulleted="true">
            <proc_par jcr:primaryType="nt:unstructured"
                      sling:resourceType="help/components/procedure/proc_parsys">
               <step_169_28 jcr:primaryType="nt:unstructured" sling:resourceType="help/components/step">
                  <step_par jcr:primaryType="nt:unstructured"
                            sling:resourceType="help/components/procedure/step_parsys">
                     <text_370 jcr:primaryType="nt:unstructured"
                               sling:resourceType="help/components/article-3/text"
                               text="&lt;p&gt;&lt;strong&gt;Typology&lt;/strong&gt;: before any send, messages must be prepared in order to validate the content and configuration. The verification rules applied during the preparation phase are defined in a &lt;strong&gt;typology&lt;/strong&gt;. For example, for emails, preparation involves checking the subject, URLs and images, etc. Select the typology to apply in this field. &lt;/p&gt;&#xA;"
                               textIsRich="true"/>
                     <note_11 jcr:primaryType="nt:unstructured"
                              sling:resourceType="help/components/article-3/note"
                              text="&lt;p&gt;&#xA;                Typologies, which can be accessed via the &lt;strong&gt;Administration&lt;/strong&gt; &gt; &lt;strong&gt;Channels&lt;/strong&gt; &gt; &lt;strong&gt;Typologies&lt;/strong&gt; menu, are presented in the &#xA;&#x9;&#x9;&#x9;&#x9;&#x9;&#x9;&#x9;&#x9;&#x9;&#x9;&#x9;&#xA;&#x9;&#x9;&#x9;&#x9;&#x9;&#x9;&#x9;&lt;a href=&#34;/content/help/en/campaign/standard/administration/using/about-typology-rules.html&#34;&gt;Typologies&lt;/a&gt; section.&#xA;                &#xA;              &lt;/p&gt;&#xA;"
                              textIsRich="true"
                              type="note"/>
                  </step_par>
               </step_169_28>
            
            
               <step_170_28 jcr:primaryType="nt:unstructured" sling:resourceType="help/components/step">
                  <step_par jcr:primaryType="nt:unstructured"
                            sling:resourceType="help/components/procedure/step_parsys">
                     <text_372 jcr:primaryType="nt:unstructured"
                               sling:resourceType="help/components/article-3/text"
                               text="&lt;p&gt;&lt;strong&gt;Compute the label during delivery analysis&lt;/strong&gt;: allows you to calculate the label value of the email during the message preparation phase. &lt;/p&gt;&#xA;"
                               textIsRich="true"/>
                  </step_par>
               </step_170_28>
            
               <step_171_28 jcr:primaryType="nt:unstructured" sling:resourceType="help/components/step">
                  <step_par jcr:primaryType="nt:unstructured"
                            sling:resourceType="help/components/procedure/step_parsys">
                     <text_373 jcr:primaryType="nt:unstructured"
                               sling:resourceType="help/components/article-3/text"
                               text="&lt;p&gt;&lt;strong&gt;Save SQL queries in the log&lt;/strong&gt;: this option allows you to add SQL query logs in the journal during the preparation phase.&lt;/p&gt;&#xA;"
                               textIsRich="true"/>
                  </step_par>
               </step_171_28>
            </proc_par>
         </procedure_28>
        
      
      
      
        <header_42 jcr:primaryType="nt:unstructured" sling:resourceType="help/components/header"
                    id="list-of-email-smtp-parameters"
                    level="3"
                    text="&lt;p&gt;List of email SMTP parameters&lt;/p&gt;&#xA;"
                    textIsRich="'true'"/>
        <text_374 jcr:primaryType="nt:unstructured"
                   sling:resourceType="help/components/article-3/text"
                   text="&lt;p&gt;The &lt;strong&gt;SMTP&lt;/strong&gt; section contains the following parameters:&lt;/p&gt;&#xA;"
                   textIsRich="true"/>
        <procedure_29 jcr:primaryType="nt:unstructured"
                       sling:resourceType="help/components/procedure"
                       isBulleted="true">
            <proc_par jcr:primaryType="nt:unstructured"
                      sling:resourceType="help/components/procedure/proc_parsys">
               <step_172_29 jcr:primaryType="nt:unstructured" sling:resourceType="help/components/step">
                  <step_par jcr:primaryType="nt:unstructured"
                            sling:resourceType="help/components/procedure/step_parsys">
                     <text_375 jcr:primaryType="nt:unstructured"
                               sling:resourceType="help/components/article-3/text"
                               text="&lt;p&gt;&lt;strong&gt;Character encoding&lt;/strong&gt;: check the &lt;strong&gt;Force encoding&lt;/strong&gt; box if you would like to force message encoding, then select the encoding you want to use.&lt;/p&gt;&#xA;"
                               textIsRich="true"/>
                  </step_par>
               </step_172_29>
               <step_173_29 jcr:primaryType="nt:unstructured" sling:resourceType="help/components/step">
                  <step_par jcr:primaryType="nt:unstructured"
                            sling:resourceType="help/components/procedure/step_parsys">
                     <text_376 jcr:primaryType="nt:unstructured"
                               sling:resourceType="help/components/article-3/text"
                               text="&lt;p&gt;&lt;strong&gt;Bounce mails&lt;/strong&gt;: by default, bounce mails are received in the platform's error inbox (defined in the &lt;strong&gt;Administration&lt;/strong&gt; &gt; &lt;strong&gt;Channels&lt;/strong&gt; &gt; &lt;strong&gt;Email&lt;/strong&gt; &gt; &lt;strong&gt;Configuration&lt;/strong&gt; screen). To define a specific error address for an email, enter the address in the &lt;strong&gt;Error address&lt;/strong&gt; field.&lt;/p&gt;&#xA;"
                               textIsRich="true"/>
                  </step_par>
               </step_173_29>
               <step_174_29 jcr:primaryType="nt:unstructured" sling:resourceType="help/components/step">
                  <step_par jcr:primaryType="nt:unstructured"
                            sling:resourceType="help/components/procedure/step_parsys">
                     <text_377 jcr:primaryType="nt:unstructured"
                               sling:resourceType="help/components/article-3/text"
                               text="&lt;p&gt;&lt;strong&gt;Additional SMTP headers&lt;/strong&gt;: this option allows for additional SMTP headers to be added to your messages. The script entered in the &lt;strong&gt;Headers&lt;/strong&gt; field must reference one header per line, in the form of &lt;strong&gt;name:value&lt;/strong&gt;. Values are encoded automatically if necessary.&lt;/p&gt;&#xA;"
                               textIsRich="true"/>
                     <caution_11 jcr:primaryType="nt:unstructured"
                                 sling:resourceType="help/components/article-3/note"
                                 text="&lt;p&gt;&#xA;              Adding a script for inserting additional SMTP headers is reserved for advanced users. The syntax of this script must comply with the requirements of this content type: no unused space, no empty line, etc.&#xA;            &lt;/p&gt;&#xA;"
                                 textIsRich="true"
                                 type="caution"/>
                  </step_par>
               </step_174_29>
            </proc_par>
         </procedure_29>
      
      
        <header_43 jcr:primaryType="nt:unstructured" sling:resourceType="help/components/header"
                    id="list-of-access-authorization-parameters"
                    level="3"
                    text="&lt;p&gt;List of access authorization parameters&lt;/p&gt;&#xA;"
                    textIsRich="'true'"/>
        <text_379 jcr:primaryType="nt:unstructured"
                   sling:resourceType="help/components/article-3/text"
                   text="&lt;p&gt;The &lt;strong&gt;Access authorization&lt;/strong&gt; section contains the following parameters:&lt;/p&gt;&#xA;"
                   textIsRich="true"/>
                <procedure_30 jcr:primaryType="nt:unstructured"
                       sling:resourceType="help/components/procedure"
                       isBulleted="true">
            <proc_par jcr:primaryType="nt:unstructured"
                      sling:resourceType="help/components/procedure/proc_parsys">
                    <step_175_30 jcr:primaryType="nt:unstructured" sling:resourceType="help/components/step">
                  <step_par jcr:primaryType="nt:unstructured"
                            sling:resourceType="help/components/procedure/step_parsys">
                        <text_380 jcr:primaryType="nt:unstructured"
                               sling:resourceType="help/components/article-3/text"
                               text="&lt;p&gt;The &lt;strong&gt;Organizational unit&lt;/strong&gt; and &lt;strong&gt;Geographical unit&lt;/strong&gt; fields allow you to restrict access to this email to certain users. The users associated with the specified unit or parent units will have read and write access to this email. Users associated with child units will only have read access to this email.&lt;/p&gt;&#xA;"
                               textIsRich="true"/>
                        <note_12 jcr:primaryType="nt:unstructured"
                              sling:resourceType="help/components/article-3/note"
                              text="&lt;p&gt;&#xA;                            You can configure organizational and geographical units via the &lt;strong&gt;Administration&lt;/strong&gt; &gt; &lt;strong&gt;Users &amp; Security&lt;/strong&gt; menu. &#xA;                        &lt;/p&gt;&#xA;"
                              textIsRich="true"
                              type="note"/>
                    </step_par>
               </step_175_30>
                    <step_176_30 jcr:primaryType="nt:unstructured" sling:resourceType="help/components/step">
                  <step_par jcr:primaryType="nt:unstructured"
                            sling:resourceType="help/components/procedure/step_parsys">
                        <text_382 jcr:primaryType="nt:unstructured"
                               sling:resourceType="help/components/article-3/text"
                               text="&lt;p&gt;The &lt;strong&gt;Created by&lt;/strong&gt;, &lt;strong&gt;Created&lt;/strong&gt;, &lt;strong&gt;Modified by&lt;/strong&gt; and &lt;strong&gt;Last modified&lt;/strong&gt; fields are automatically completed.&lt;/p&gt;&#xA;"
                               textIsRich="true"/>
                    </step_par>
               </step_176_30>
                </proc_par>
         </procedure_30>
      
    
    
         <header_44 jcr:primaryType="nt:unstructured" sling:resourceType="help/components/header"
                    id="email-bcc"
                    level="2"
                    text="&lt;p&gt;Email BCC&lt;/p&gt;&#xA;"
                    textIsRich="'true'"/>
         <text_383 jcr:primaryType="nt:unstructured"
                   sling:resourceType="help/components/article-3/text"
                   text="&lt;p&gt;Emails sent by Adobe Campaign can be stored on an external system through BCC. When activated in the delivery template, this feature allows you to send an exact copy of the corresponding sent messages to a BCC email address.&lt;/p&gt;&#xA;"
                   textIsRich="true"/>
         <text_384 jcr:primaryType="nt:unstructured"
                   sling:resourceType="help/components/article-3/text"
                   text="&lt;p&gt;This action is most of the time performed for legal reasons. It has to be managed by the customer. Adobe Campaign does not manage stored messages: they are sent to a dedicated address from where they can be processed and archived on an external system.&lt;/p&gt;&#xA;"
                   textIsRich="true"/>
         <note_13 jcr:primaryType="nt:unstructured"
                  sling:resourceType="help/components/article-3/note"
                  text="&lt;p&gt;&#xA;        This feature is optional. Please check your license agreement and contact your account executive to activate it.&#xA;      &lt;/p&gt;&#xA;"
                  textIsRich="true"
                  type="note"/>
      
      
         <text_386 jcr:primaryType="nt:unstructured"
                   sling:resourceType="help/components/article-3/text"
                   text="&lt;p&gt;Note that you can only use one BCC email address.&lt;/p&gt;&#xA;"
                   textIsRich="true"/>
         <text_387 jcr:primaryType="nt:unstructured"
                   sling:resourceType="help/components/article-3/text"
                   text="&lt;p&gt;Only successfully sent emails are taken in account. Bounces are not.&lt;/p&gt;&#xA;"
                   textIsRich="true"/>
      
         <caution_12 jcr:primaryType="nt:unstructured"
                     sling:resourceType="help/components/article-3/note"
                     text="&lt;p&gt;&#xA;        For privacy reasons, BCC emails must be processed by an archiving system capable of storing securely personally identifiable information (PII).&#xA;      &lt;/p&gt;&#xA;"
                     textIsRich="true"
                     type="caution"/>
      
         <text_389 jcr:primaryType="nt:unstructured"
                   sling:resourceType="help/components/article-3/text"
                   text="&lt;p&gt;Email BCC is activated in the &#xA;&#x9;&#x9;&#x9;&#x9;&#x9;&#x9;&#x9;&#x9;&#x9;&#x9;&#x9;&#xA;&#x9;&#x9;&#x9;&#x9;&#x9;&#x9;&#x9;&lt;a href=&#34;/content/help/en/campaign/standard/start/using/about-templates.html&#34;&gt;email template&lt;/a&gt;, through a dedicated option:&lt;/p&gt;&#xA;"
                   textIsRich="true"/>
         <procedure_11_10 jcr:primaryType="nt:unstructured"
                          sling:resourceType="help/components/procedure">
            <proc_par jcr:primaryType="nt:unstructured"
                      sling:resourceType="help/components/procedure/proc_parsys">
               <step_177_0 jcr:primaryType="nt:unstructured" sling:resourceType="help/components/step">
                  <step_par jcr:primaryType="nt:unstructured"
                            sling:resourceType="help/components/procedure/step_parsys">
                     <text_390 jcr:primaryType="nt:unstructured"
                               sling:resourceType="help/components/article-3/text"
                               text="&lt;p&gt;Go to &lt;strong&gt;Resources&lt;/strong&gt; &gt; &lt;strong&gt;Templates&lt;/strong&gt; &gt; &lt;strong&gt;Delivery templates&lt;/strong&gt;.&lt;/p&gt;&#xA;"
                               textIsRich="true"/>
                  </step_par>
               </step_177_0>
               <step_178_0 jcr:primaryType="nt:unstructured" sling:resourceType="help/components/step">
                  <step_par jcr:primaryType="nt:unstructured"
                            sling:resourceType="help/components/procedure/step_parsys">
                     <text_391 jcr:primaryType="nt:unstructured"
                               sling:resourceType="help/components/article-3/text"
                               text="&lt;p&gt;Duplicate the out-of-the-box &lt;strong&gt;Send via email&lt;/strong&gt; template.&lt;/p&gt;&#xA;"
                               textIsRich="true"/>
                  </step_par>
               </step_178_0>
               <step_179_0 jcr:primaryType="nt:unstructured" sling:resourceType="help/components/step">
                  <step_par jcr:primaryType="nt:unstructured"
                            sling:resourceType="help/components/procedure/step_parsys">
                     <text_392 jcr:primaryType="nt:unstructured"
                               sling:resourceType="help/components/article-3/text"
                               text="&lt;p&gt;Select the duplicated template.&lt;/p&gt;&#xA;"
                               textIsRich="true"/>
                  </step_par>
               </step_179_0>
               <step_180_0 jcr:primaryType="nt:unstructured" sling:resourceType="help/components/step">
                  <step_par jcr:primaryType="nt:unstructured"
                            sling:resourceType="help/components/procedure/step_parsys">
                     <text_393 jcr:primaryType="nt:unstructured"
                               sling:resourceType="help/components/article-3/text"
                               text="&lt;p&gt;Click the &lt;strong&gt;Edit properties&lt;/strong&gt; button to edit the template's properties.&lt;/p&gt;&#xA;"
                               textIsRich="true"/>
                  </step_par>
               </step_180_0>
               <step_181_0 jcr:primaryType="nt:unstructured" sling:resourceType="help/components/step">
                  <step_par jcr:primaryType="nt:unstructured"
                            sling:resourceType="help/components/procedure/step_parsys">
                     <text_394 jcr:primaryType="nt:unstructured"
                               sling:resourceType="help/components/article-3/text"
                               text="&lt;p&gt;Expand the &lt;strong&gt;Send&lt;/strong&gt; section.&lt;/p&gt;&#xA;"
                               textIsRich="true"/>
                  </step_par>
               </step_181_0>
               <step_182_0 jcr:primaryType="nt:unstructured" sling:resourceType="help/components/step">
                  <step_par jcr:primaryType="nt:unstructured"
                            sling:resourceType="help/components/procedure/step_parsys">
                     <text_395 jcr:primaryType="nt:unstructured"
                               sling:resourceType="help/components/article-3/text"
                               text="&lt;p&gt;Check the &lt;strong&gt;Archive emails&lt;/strong&gt; box to keep a copy of all sent messages for each delivery based on this template.&lt;/p&gt;&#xA;"
                               textIsRich="true"/>
                     <image_56 jcr:primaryType="nt:unstructured"
                               sling:resourceType="help/components/article-3/image"
                               jcr:title=""
                               alt=""
                               captionBottom=""
                               fileName="email_archiving.png"
                               originalFileName="images/en/email_archiving.png"
                               fileReference="/content/dam/help/en/campaign/standard/email_archiving.png"
                               imageRotate="0"
                               originalHeight=""
                               originalWidth=""
                               scaleOption="toTemplate"
                               status="legacy"/>
                  </step_par>
               </step_182_0>
            </proc_par>
         </procedure_11_10>
         <text_396 jcr:primaryType="nt:unstructured"
                   sling:resourceType="help/components/article-3/text"
                   text="&lt;p&gt;If the emails sent to the BCC address are opened and clicked through, it will be taken into account in the &lt;strong&gt;Total opens&lt;/strong&gt; and &lt;strong&gt;Clicks&lt;/strong&gt; from the send analysis which could cause some miscalculations.&lt;/p&gt;&#xA;"
                   textIsRich="true"/>
         <note_14 jcr:primaryType="nt:unstructured"
                  sling:resourceType="help/components/article-3/note"
                  text="&lt;p&gt;&#xA;        When creating a new delivery template, Email BCC is not enabled by default, even if the option has been purchased. You must enable it manually in each delivery template where you want to use it.&#xA;      &lt;/p&gt;&#xA;"
                  textIsRich="true"
                  type="note"/>
    
    
      </main-pars>
      <hero jcr:primaryType="nt:unstructured"
            sling:resourceType="foundation/components/image"/>
      <thumbnail jcr:primaryType="nt:unstructured"
                 sling:resourceType="foundation/components/image"/>
      <publisherLogo jcr:primaryType="nt:unstructured"
                     sling:resourceType="foundation/components/image"/>
   </jcr:content>
</jcr:root>