<?xml version="1.0" encoding="UTF-8"?>
<jcr:root xmlns:nt="http://www.jcp.org/jcr/nt/1.0" xmlns:json="http://json.org/"
          xmlns:sling="http://sling.apache.org/jcr/sling/1.0"
          xmlns:cq="http://www.day.com/jcr/cq/1.0"
          xmlns:jcr="http://www.jcp.org/jcr/1.0"
          xmlns:mix="http://www.jcp.org/jcr/mix/1.0"
          jcr:primaryType="cq:Page">
   <jcr:content navTitle="Configuring transactional messaging" jcr:primaryType="cq:PageContent"
                sling:resourceType="help/components/pages/article-3"
                heroGradient="light"
                jcr:language="en_us"
                cq:designPath="/etc/designs/help"
                cq:template="/apps/help/templates/article-3"
                jcr:mixinTypes="[mix:versionable]"
                jcr:title="Configuring transactional messaging"
                jcr:description="Configuring transactional messaging"
                seoDescription="Learn how to configure transactional messaging."
                primaryProductTag="[products:SG_CAMPAIGN/STANDARD]"
                cq:tags="[products:SG_CAMPAIGN/STANDARD,audience:administration,content_type:reference,topic_tags:configuring-channels]"
                primaryAudienceTag="[audience:administration]"
                contentOwner="sauviat"
                isReadyForLocalization="true"
                publishExternalDate="2018-09-04">
      <main-pars jcr:primaryType="nt:unstructured"
                 sling:resourceType="foundation/components/parsys">
    
    
      
    
         <text_822 jcr:primaryType="nt:unstructured"
                   sling:resourceType="help/components/article-3/text"
                   text="&lt;p&gt;To send a transactional message with Adobe Campaign, your first need to describe the structure of the event data.&lt;/p&gt;&#xA;"
                   textIsRich="true"/>
        <text_823 jcr:primaryType="nt:unstructured"
                   sling:resourceType="help/components/article-3/text"
                   text="&lt;p&gt;Event configuration must be performed by an &lt;strong&gt;administrator&lt;/strong&gt; by following the steps below:&#xA;                &#xA;                    &#xA;                &#xA;                &#xA;                    &#xA;                &#xA;                &#xA;                    &#xA;                &#xA;                &#xA;                    &#xA;                &#xA;                &#xA;                    &#xA;                &#xA;            &lt;/p&gt;&#xA;"
                   textIsRich="true"/>
        <text_829 jcr:primaryType="nt:unstructured"
                   sling:resourceType="help/components/article-3/text"
                   text="&lt;p&gt;The configuration can vary depending on the type of transactional message you want to send. For more on this, refer to &#xA;&#x9;&#x9;&#x9;&#x9;&#x9;&#xA;&lt;a href=&#34;/content/help/en/campaign/standard/administration/using/configuring-transactional-messaging.html#transactional-event-specific-configurations&#34; target=&#34;_blank&#34;&gt;Transactional event specific configurations&lt;/a&gt;&lt;/p&gt;&#xA;"
                   textIsRich="true"/>
        <text_830 jcr:primaryType="nt:unstructured"
                   sling:resourceType="help/components/article-3/text"
                   text="&lt;p&gt;Once the event is published, the corresponding transactional message is automatically created. For more on transactional messaging, refer to &#xA;&#x9;&#x9;&#x9;&#x9;&#x9;&#x9;&#x9;&#x9;&#x9;&#x9;&#x9;&#xA;&#x9;&#x9;&#x9;&#x9;&#x9;&#x9;&#x9;&lt;a href=&#34;/content/help/en/campaign/standard/channels/using/about-transactional-messaging.html&#34;&gt;this page&lt;/a&gt;.&lt;/p&gt;&#xA;"
                   textIsRich="true"/>
        
            <header_68 jcr:primaryType="nt:unstructured" sling:resourceType="help/components/header"
                    id="creating-an-event"
                    level="2"
                    text="&lt;p&gt;Creating an event&lt;/p&gt;&#xA;"
                    textIsRich="'true'"/>
            <text_831 jcr:primaryType="nt:unstructured"
                   sling:resourceType="help/components/article-3/text"
                   text="&lt;p&gt;Start by creating the event corresponding to your needs. &lt;/p&gt;&#xA;"
                   textIsRich="true"/>
            <procedure_26_10 jcr:primaryType="nt:unstructured"
                          sling:resourceType="help/components/procedure">
            <proc_par jcr:primaryType="nt:unstructured"
                      sling:resourceType="help/components/procedure/proc_parsys">
                <step_381_0 jcr:primaryType="nt:unstructured" sling:resourceType="help/components/step">
                  <step_par jcr:primaryType="nt:unstructured"
                            sling:resourceType="help/components/procedure/step_parsys">
                    <text_832 jcr:primaryType="nt:unstructured"
                               sling:resourceType="help/components/article-3/text"
                               text="&lt;p&gt;Click the &lt;strong&gt;Adobe Campaign&lt;/strong&gt; logo, in the top left corner, then select &lt;strong&gt;Marketing plans&lt;/strong&gt; &gt; &lt;strong&gt;Transactional messages&lt;/strong&gt; &gt; &lt;strong&gt;Event configuration&lt;/strong&gt;.&lt;/p&gt;&#xA;"
                               textIsRich="true"/>
                  </step_par>
               </step_381_0>
                <step_382_0 jcr:primaryType="nt:unstructured" sling:resourceType="help/components/step">
                  <step_par jcr:primaryType="nt:unstructured"
                            sling:resourceType="help/components/procedure/step_parsys">
                    <text_833 jcr:primaryType="nt:unstructured"
                               sling:resourceType="help/components/article-3/text"
                               text="&lt;p&gt;Click the &lt;strong&gt;Create&lt;/strong&gt; button.&lt;/p&gt;&#xA;"
                               textIsRich="true"/>
                  </step_par>
               </step_382_0>
                <step_383_0 jcr:primaryType="nt:unstructured" sling:resourceType="help/components/step">
                  <step_par jcr:primaryType="nt:unstructured"
                            sling:resourceType="help/components/procedure/step_parsys">
                    <text_834 jcr:primaryType="nt:unstructured"
                               sling:resourceType="help/components/article-3/text"
                               text="&lt;p&gt;Give a &lt;strong&gt;Label&lt;/strong&gt; and an &lt;strong&gt;ID&lt;/strong&gt; to the event. &#xA;                            The &lt;strong&gt;ID&lt;/strong&gt; field is mandatory and should begin with the prefix &#34;EVT&#34;. If you do not use this prefix, it is automatically added once you click &lt;strong&gt;Create&lt;/strong&gt;.&#xA;                        &lt;/p&gt;&#xA;"
                               textIsRich="true"/>
                    <image_93 jcr:primaryType="nt:unstructured"
                               sling:resourceType="help/components/article-3/image"
                               jcr:title=""
                               alt=""
                               captionBottom=""
                               fileName="message-center_1.png"
                               originalFileName="images/en/message-center_1.png"
                               fileReference="/content/dam/help/en/campaign/standard/message-center_1.png"
                               imageRotate="0"
                               originalHeight=""
                               originalWidth=""
                               scaleOption="toTemplate"
                               status="legacy"/>
                  </step_par>
               </step_383_0>
                <step_384_0 jcr:primaryType="nt:unstructured" sling:resourceType="help/components/step">
                  <step_par jcr:primaryType="nt:unstructured"
                            sling:resourceType="help/components/procedure/step_parsys">
                    <text_836 jcr:primaryType="nt:unstructured"
                               sling:resourceType="help/components/article-3/text"
                               text="&lt;p&gt;Select the channel that will be used to send your transactional messages &lt;strong&gt;Email&lt;/strong&gt;, &lt;strong&gt;Mobile (SMS)&lt;/strong&gt; or &lt;strong&gt;Mobile application&lt;/strong&gt; (push notification).&lt;/p&gt;&#xA;"
                               textIsRich="true"/>
                    <note_26 jcr:primaryType="nt:unstructured"
                              sling:resourceType="help/components/article-3/note"
                              text="&lt;p&gt;&#xA;                        Only one channel can be used for each event configuration. Once the event is created, you cannot change the channel.&#xA;                    &lt;/p&gt;&#xA;"
                              textIsRich="true"
                              type="note"/>
                  </step_par>
               </step_384_0>
                <step_385_0 jcr:primaryType="nt:unstructured" sling:resourceType="help/components/step">
                  <step_par jcr:primaryType="nt:unstructured"
                            sling:resourceType="help/components/procedure/step_parsys">
                    <text_838 jcr:primaryType="nt:unstructured"
                               sling:resourceType="help/components/article-3/text"
                               text="&lt;p&gt;Select the targeting dimension corresponding to the desired event configuration and click &lt;strong&gt;Create&lt;/strong&gt;.&lt;/p&gt;&#xA;"
                               textIsRich="true"/>
                    <text_839 jcr:primaryType="nt:unstructured"
                               sling:resourceType="help/components/article-3/text"
                               text="&lt;p&gt;Event-based transactional messages target data contained in the event itself, whereas profile-based transactional messages target data contained in the Adobe Campaign database. For more on this, refer to &#xA;&#x9;&#x9;&#x9;&#x9;&#x9;&#xA;&lt;a href=&#34;/content/help/en/campaign/standard/administration/using/configuring-transactional-messaging.html#transactional-event-specific-configurations&#34; target=&#34;_blank&#34;&gt;Transactional event specific configurations&lt;/a&gt;.&lt;/p&gt;&#xA;"
                               textIsRich="true"/>
                  </step_par>
               </step_385_0>
            </proc_par>
         </procedure_26_10>
        
        
            <header_69 jcr:primaryType="nt:unstructured" sling:resourceType="help/components/header"
                    id="defining-the-event-attributes"
                    level="2"
                    text="&lt;p&gt;Defining the event attributes&lt;/p&gt;&#xA;"
                    textIsRich="'true'"/>
            <text_840 jcr:primaryType="nt:unstructured"
                   sling:resourceType="help/components/article-3/text"
                   text="&lt;p&gt;In the &lt;strong&gt;Fields&lt;/strong&gt; section, define the attributes that will be integrated into the event content and will then be able to be used to personalize the transactional message.&lt;/p&gt;&#xA;"
                   textIsRich="true"/>
            <text_841 jcr:primaryType="nt:unstructured"
                   sling:resourceType="help/components/article-3/text"
                   text="&lt;p&gt;The steps for adding and modifying fields are the same as for &#xA;&#x9;&#x9;&#x9;&#x9;&#x9;&#x9;&#x9;&#x9;&#x9;&#x9;&#x9;&#xA;&#x9;&#x9;&#x9;&#x9;&#x9;&#x9;&#x9;&lt;a href=&#34;/content/help/en/campaign/standard/developing/using/step-2--configure-the-resource-data-structure.html#adding-fields-to-a-resource&#34;&gt;custom resources&lt;/a&gt;.&lt;/p&gt;&#xA;"
                   textIsRich="true"/>
            <image_94 jcr:primaryType="nt:unstructured"
                   sling:resourceType="help/components/article-3/image"
                   jcr:title=""
                   alt=""
                   captionBottom=""
                   fileName="message-center_2.png"
                   originalFileName="images/en/message-center_2.png"
                   fileReference="/content/dam/help/en/campaign/standard/message-center_2.png"
                   imageRotate="0"
                   originalHeight=""
                   originalWidth=""
                   scaleOption="toTemplate"
                   status="legacy"/>
            <note_27 jcr:primaryType="nt:unstructured"
                  sling:resourceType="help/components/article-3/note"
                  text="&lt;p&gt;&#xA;                If you want to create a multilingual transactional message, define an additional event attribute with the &lt;strong&gt;AC_language&lt;/strong&gt; ID. This only applies to event transactional messages.&#xA;                After the event is published, the steps for editing the content of a multilingual transactional message are the same as for a multilingual standard email. See &#xA;&#x9;&#x9;&#x9;&#x9;&#x9;&#x9;&#x9;&#x9;&#x9;&#x9;&#x9;&#xA;&#x9;&#x9;&#x9;&#x9;&#x9;&#x9;&#x9;&lt;a href=&#34;/content/help/en/campaign/standard/channels/using/creating-a-multilingual-email.html&#34;&gt;Creating a multilingual email&lt;/a&gt;.&#xA;            &lt;/p&gt;&#xA;"
                  textIsRich="true"
                  type="note"/>
        
    
        
            <header_70 jcr:primaryType="nt:unstructured" sling:resourceType="help/components/header"
                    id="enriching-the-transactional-message-content"
                    level="2"
                    text="&lt;p&gt;Enriching the transactional message content&lt;/p&gt;&#xA;"
                    textIsRich="'true'"/>
            <text_844 jcr:primaryType="nt:unstructured"
                   sling:resourceType="help/components/article-3/text"
                   text="&lt;p&gt;Enriching the transactional message content with information from the Adobe Campaign database enables you to personalize your messages. From the last name or CRM ID of each of your recipients, for example, you can recover data such as their address or date of birth or any other custom field added in the Profile table, in order to personalize the information that is sent to them.&lt;/p&gt;&#xA;"
                   textIsRich="true"/>
         <text_845 jcr:primaryType="nt:unstructured"
                   sling:resourceType="help/components/article-3/text"
                   text="&lt;p&gt;It is possible to enrich the transactional message content with information from extended &lt;strong&gt;Profile&lt;/strong&gt; or &lt;strong&gt;Service&lt;/strong&gt; resources.&lt;/p&gt;&#xA;"
                   textIsRich="true"/>
            <text_846 jcr:primaryType="nt:unstructured"
                   sling:resourceType="help/components/article-3/text"
                   text="&lt;p&gt;This information can also be stored in new resources. In that case, the resource must be linked to the &lt;strong&gt;Profile&lt;/strong&gt; or &lt;strong&gt;Service&lt;/strong&gt; resources either directly, or via another table. For example, in the configuration below, it is possible to enrich the transactional message content with information from the &lt;strong&gt;Product&lt;/strong&gt; resource like the product category or ID, if the &lt;strong&gt;Product&lt;/strong&gt; resource is linked to the &lt;strong&gt;Profile&lt;/strong&gt; resource.&lt;/p&gt;&#xA;"
                   textIsRich="true"/>
            <image_95 jcr:primaryType="nt:unstructured"
                   sling:resourceType="help/components/article-3/image"
                   jcr:title=""
                   alt=""
                   captionBottom=""
                   fileName="message-center_useCaseSchema.png"
                   originalFileName="images/en/message-center_useCaseSchema.png"
                   fileReference="/content/dam/help/en/campaign/standard/message-center_useCaseSchema.png"
                   imageRotate="0"
                   originalHeight=""
                   originalWidth=""
                   scaleOption="toTemplate"
                   status="legacy"/>
            <text_847 jcr:primaryType="nt:unstructured"
                   sling:resourceType="help/components/article-3/text"
                   text="&lt;p&gt;For more on resource creation and publishing, refer to &#xA;&#x9;&#x9;&#x9;&#x9;&#x9;&#x9;&#x9;&#x9;&#x9;&#x9;&#x9;&#xA;&#x9;&#x9;&#x9;&#x9;&#x9;&#x9;&#x9;&lt;a href=&#34;/content/help/en/campaign/standard/developing/using/key-steps.html&#34;&gt;this page&lt;/a&gt;.&lt;/p&gt;&#xA;"
                   textIsRich="true"/>
            <procedure_27_10 jcr:primaryType="nt:unstructured"
                          sling:resourceType="help/components/procedure">
            <proc_par jcr:primaryType="nt:unstructured"
                      sling:resourceType="help/components/procedure/proc_parsys">
                <step_386_0 jcr:primaryType="nt:unstructured" sling:resourceType="help/components/step">
                  <step_par jcr:primaryType="nt:unstructured"
                            sling:resourceType="help/components/procedure/step_parsys">
                    <text_848 jcr:primaryType="nt:unstructured"
                               sling:resourceType="help/components/article-3/text"
                               text="&lt;p&gt;In the &lt;strong&gt;Enrichment&lt;/strong&gt; section, click the &lt;strong&gt;Create element&lt;/strong&gt; button.&lt;/p&gt;&#xA;"
                               textIsRich="true"/>
                    <image_96 jcr:primaryType="nt:unstructured"
                               sling:resourceType="help/components/article-3/image"
                               jcr:title=""
                               alt=""
                               captionBottom=""
                               fileName="message-center_addEnrichment.png"
                               originalFileName="images/en/message-center_addEnrichment.png"
                               fileReference="/content/dam/help/en/campaign/standard/message-center_addEnrichment.png"
                               imageRotate="0"
                               originalHeight=""
                               originalWidth=""
                               scaleOption="toTemplate"
                               status="legacy"/>
                  </step_par>
               </step_386_0>
                <step_387_0 jcr:primaryType="nt:unstructured" sling:resourceType="help/components/step">
                  <step_par jcr:primaryType="nt:unstructured"
                            sling:resourceType="help/components/procedure/step_parsys">
                    <text_849 jcr:primaryType="nt:unstructured"
                               sling:resourceType="help/components/article-3/text"
                               text="&lt;p&gt;Select the resource with which you want to link your message. In our case, the &lt;strong&gt;Profile&lt;/strong&gt; resource.&lt;/p&gt;&#xA;"
                               textIsRich="true"/>
                    <image_97 jcr:primaryType="nt:unstructured"
                               sling:resourceType="help/components/article-3/image"
                               jcr:title=""
                               alt=""
                               captionBottom=""
                               fileName="message-center_new-enrichment.png"
                               originalFileName="images/en/message-center_new-enrichment.png"
                               fileReference="/content/dam/help/en/campaign/standard/message-center_new-enrichment.png"
                               imageRotate="0"
                               originalHeight=""
                               originalWidth=""
                               scaleOption="toTemplate"
                               status="legacy"/>
                  </step_par>
               </step_387_0>
                <step_388_0 jcr:primaryType="nt:unstructured" sling:resourceType="help/components/step">
                  <step_par jcr:primaryType="nt:unstructured"
                            sling:resourceType="help/components/procedure/step_parsys">
                    <text_850 jcr:primaryType="nt:unstructured"
                               sling:resourceType="help/components/article-3/text"
                               text="&lt;p&gt;Use the &lt;strong&gt;Create element&lt;/strong&gt; button to link a field from the selected resource to one of the fields you previously added to the event (see &#xA;&#x9;&#x9;&#x9;&#x9;&#x9;&#xA;&lt;a href=&#34;/content/help/en/campaign/standard/administration/using/configuring-transactional-messaging.html#defining-the-event-attributes&#34; target=&#34;_blank&#34;&gt;Defining the event attributes&lt;/a&gt;).&lt;/p&gt;&#xA;"
                               textIsRich="true"/>
                    <image_98 jcr:primaryType="nt:unstructured"
                               sling:resourceType="help/components/article-3/image"
                               jcr:title=""
                               alt=""
                               captionBottom=""
                               fileName="message-center_enrichment-join.png"
                               originalFileName="images/en/message-center_enrichment-join.png"
                               fileReference="/content/dam/help/en/campaign/standard/message-center_enrichment-join.png"
                               imageRotate="0"
                               originalHeight=""
                               originalWidth=""
                               scaleOption="toTemplate"
                               status="legacy"/>
                  </step_par>
               </step_388_0>
                <step_389_0 jcr:primaryType="nt:unstructured" sling:resourceType="help/components/step">
                  <step_par jcr:primaryType="nt:unstructured"
                            sling:resourceType="help/components/procedure/step_parsys">
                    <text_851 jcr:primaryType="nt:unstructured"
                               sling:resourceType="help/components/article-3/text"
                               text="&lt;p&gt;In this example, we reconcile the &lt;strong&gt;Last name&lt;/strong&gt; and the &lt;strong&gt;First name&lt;/strong&gt; fields with the corresponding fields in the &lt;strong&gt;Profile&lt;/strong&gt; resource.&lt;/p&gt;&#xA;"
                               textIsRich="true"/>
                    <image_99 jcr:primaryType="nt:unstructured"
                               sling:resourceType="help/components/article-3/image"
                               jcr:title=""
                               alt=""
                               captionBottom=""
                               fileName="message-center_enrichment-join-fields.png"
                               originalFileName="images/en/message-center_enrichment-join-fields.png"
                               fileReference="/content/dam/help/en/campaign/standard/message-center_enrichment-join-fields.png"
                               imageRotate="0"
                               originalHeight=""
                               originalWidth=""
                               scaleOption="toTemplate"
                               status="legacy"/>
                  </step_par>
               </step_389_0>
                <step_390_0 jcr:primaryType="nt:unstructured" sling:resourceType="help/components/step">
                  <step_par jcr:primaryType="nt:unstructured"
                            sling:resourceType="help/components/procedure/step_parsys">
                    <text_852 jcr:primaryType="nt:unstructured"
                               sling:resourceType="help/components/article-3/text"
                               text="&lt;p&gt;If the event targets the &lt;strong&gt;Profile&lt;/strong&gt; resource, select in the &lt;strong&gt;Targeting enrichment&lt;/strong&gt; section, the enrichment that will be used as the message target during the delivery execution. In this example, select &lt;strong&gt;Profile&lt;/strong&gt;.&#xA;                            Selecting a targeting enrichment is mandatory for profile-based events.&#xA;                        &lt;/p&gt;&#xA;"
                               textIsRich="true"/>
                    <image_100 jcr:primaryType="nt:unstructured"
                                sling:resourceType="help/components/article-3/image"
                                jcr:title=""
                                alt=""
                                captionBottom=""
                                fileName="message-center_marketing_targeting_enrichment.png"
                                originalFileName="images/en/message-center_marketing_targeting_enrichment.png"
                                fileReference="/content/dam/help/en/campaign/standard/message-center_marketing_targeting_enrichment.png"
                                imageRotate="0"
                                originalHeight=""
                                originalWidth=""
                                scaleOption="toTemplate"
                                status="legacy"/>
                  </step_par>
               </step_390_0>
            </proc_par>
         </procedure_27_10>
            <text_854 jcr:primaryType="nt:unstructured"
                   sling:resourceType="help/components/article-3/text"
                   text="&lt;p&gt;Once the event and the message are published, the link with the &lt;strong&gt;Profile&lt;/strong&gt; resource will allow you to enrich the content of the transactional message.&lt;/p&gt;&#xA;"
                   textIsRich="true"/>
            <text_855 jcr:primaryType="nt:unstructured"
                   sling:resourceType="help/components/article-3/text"
                   text="&lt;p&gt;&lt;strong&gt;Related topics:&lt;/strong&gt;&#xA;                    &#xA;                        &#xA;                    &#xA;                    &#xA;                        &#xA;                    &#xA;                &lt;/p&gt;&#xA;"
                   textIsRich="true"/>
        
        
            <header_71 jcr:primaryType="nt:unstructured" sling:resourceType="help/components/header"
                    id="previewing-and-publishing-the-event"
                    level="2"
                    text="&lt;p&gt;Previewing and publishing the event&lt;/p&gt;&#xA;"
                    textIsRich="'true'"/>
            <text_858 jcr:primaryType="nt:unstructured"
                   sling:resourceType="help/components/article-3/text"
                   text="&lt;p&gt;Before being able to use the event, you must preview and publish it.&lt;/p&gt;&#xA;"
                   textIsRich="true"/>
            <procedure_28_10 jcr:primaryType="nt:unstructured"
                          sling:resourceType="help/components/procedure">
            <proc_par jcr:primaryType="nt:unstructured"
                      sling:resourceType="help/components/procedure/proc_parsys">
                <step_393_0 jcr:primaryType="nt:unstructured" sling:resourceType="help/components/step">
                  <step_par jcr:primaryType="nt:unstructured"
                            sling:resourceType="help/components/procedure/step_parsys">
                    <text_859 jcr:primaryType="nt:unstructured"
                               sling:resourceType="help/components/article-3/text"
                               text="&lt;p&gt;Click the &lt;strong&gt;API preview&lt;/strong&gt; button to see a simulation of the REST API that will be used by your website developer before it is published. Once the event is published, this button also allows you to see a preview of the API in production. See &#xA;&#x9;&#x9;&#x9;&#x9;&#x9;&#xA;&lt;a href=&#34;/content/help/en/campaign/standard/administration/using/configuring-transactional-messaging.html#integrating-the-triggering-of-the-event-in-a-website&#34; target=&#34;_blank&#34;&gt;Integrating the triggering of the event in a website&lt;/a&gt;.&lt;/p&gt;&#xA;"
                               textIsRich="true"/>
                    <image_101 jcr:primaryType="nt:unstructured"
                                sling:resourceType="help/components/article-3/image"
                                jcr:title=""
                                alt=""
                                captionBottom=""
                                fileName="message-center_api_preview.png"
                                originalFileName="images/en/message-center_api_preview.png"
                                fileReference="/content/dam/help/en/campaign/standard/message-center_api_preview.png"
                                imageRotate="0"
                                originalHeight=""
                                originalWidth=""
                                scaleOption="toTemplate"
                                status="legacy"/>
                    <note_29 jcr:primaryType="nt:unstructured"
                              sling:resourceType="help/components/article-3/note"
                              text="&lt;p&gt;&#xA;                        The REST API varies according to the selected channel and the selected targeting dimension. For more details on the various configurations, refer to &#xA;&#x9;&#x9;&#x9;&#x9;&#x9;&#xA;&lt;a href=&#34;/content/help/en/campaign/standard/administration/using/configuring-transactional-messaging.html#transactional-event-specific-configurations&#34; target=&#34;_blank&#34;&gt;Transactional event specific configurations&lt;/a&gt;.&#xA;                    &lt;/p&gt;&#xA;"
                              textIsRich="true"
                              type="note"/>
                  </step_par>
               </step_393_0>
                <step_394_0 jcr:primaryType="nt:unstructured" sling:resourceType="help/components/step">
                  <step_par jcr:primaryType="nt:unstructured"
                            sling:resourceType="help/components/procedure/step_parsys">
                    <text_861 jcr:primaryType="nt:unstructured"
                               sling:resourceType="help/components/article-3/text"
                               text="&lt;p&gt;Click &lt;strong&gt;Publish&lt;/strong&gt; to start publication.&lt;/p&gt;&#xA;"
                               textIsRich="true"/>
                    <image_102 jcr:primaryType="nt:unstructured"
                                sling:resourceType="help/components/article-3/image"
                                jcr:title=""
                                alt=""
                                captionBottom=""
                                fileName="message-center_pub.png"
                                originalFileName="images/en/message-center_pub.png"
                                fileReference="/content/dam/help/en/campaign/standard/message-center_pub.png"
                                imageRotate="0"
                                originalHeight=""
                                originalWidth=""
                                scaleOption="toTemplate"
                                status="legacy"/>
                  </step_par>
               </step_394_0>
                <step_395_0 jcr:primaryType="nt:unstructured" sling:resourceType="help/components/step">
                  <step_par jcr:primaryType="nt:unstructured"
                            sling:resourceType="help/components/procedure/step_parsys">
                    <text_862 jcr:primaryType="nt:unstructured"
                               sling:resourceType="help/components/article-3/text"
                               text="&lt;p&gt;You can view the publication logs by selecting the corresponding tab.&lt;/p&gt;&#xA;"
                               textIsRich="true"/>
                    <image_103 jcr:primaryType="nt:unstructured"
                                sling:resourceType="help/components/article-3/image"
                                jcr:title=""
                                alt=""
                                captionBottom=""
                                fileName="message-center_logs.png"
                                originalFileName="images/en/message-center_logs.png"
                                fileReference="/content/dam/help/en/campaign/standard/message-center_logs.png"
                                imageRotate="0"
                                originalHeight=""
                                originalWidth=""
                                scaleOption="toTemplate"
                                status="legacy"/>
                    <text_863 jcr:primaryType="nt:unstructured"
                               sling:resourceType="help/components/article-3/text"
                               text="&lt;p&gt;You can also consult the previous publications by selecting the tab.&lt;/p&gt;&#xA;"
                               textIsRich="true"/>
                  </step_par>
               </step_395_0>
            </proc_par>
         </procedure_28_10>
            <note_30 jcr:primaryType="nt:unstructured"
                  sling:resourceType="help/components/article-3/note"
                  text="&lt;p&gt;&#xA;                Each time you modify the event, you must click &lt;strong&gt;Publish&lt;/strong&gt; again to generate the updated REST API that will be used by your website developer.&#xA;            &lt;/p&gt;&#xA;"
                  textIsRich="true"
                  type="note"/>
            <text_865 jcr:primaryType="nt:unstructured"
                   sling:resourceType="help/components/article-3/text"
                   text="&lt;p&gt;Once the event has been published, a transactional message linked to the new event is automatically created. In order for this event to trigger sending a transactional message, you must modify and publish the message that was just created. See &#xA;&#x9;&#x9;&#x9;&#x9;&#x9;&#x9;&#x9;&#x9;&#x9;&#x9;&#x9;&#xA;&#x9;&#x9;&#x9;&#x9;&#x9;&#x9;&#x9;&lt;a href=&#34;/content/help/en/campaign/standard/channels/using/event-transactional-messages.html&#34;&gt;Event transactional messages&lt;/a&gt;.&lt;/p&gt;&#xA;"
                   textIsRich="true"/>
            <text_866 jcr:primaryType="nt:unstructured"
                   sling:resourceType="help/components/article-3/text"
                   text="&lt;p&gt; You can access the transactional message that was created directly from the link in the left-hand side area.&lt;/p&gt;&#xA;"
                   textIsRich="true"/>
            <image_104 jcr:primaryType="nt:unstructured"
                    sling:resourceType="help/components/article-3/image"
                    jcr:title=""
                    alt=""
                    captionBottom=""
                    fileName="message-center_messageGeneration.png"
                    originalFileName="images/en/message-center_messageGeneration.png"
                    fileReference="/content/dam/help/en/campaign/standard/message-center_messageGeneration.png"
                    imageRotate="0"
                    originalHeight=""
                    originalWidth=""
                    scaleOption="toTemplate"
                    status="legacy"/>
            <text_867 jcr:primaryType="nt:unstructured"
                   sling:resourceType="help/components/article-3/text"
                   text="&lt;p&gt;You also have to integrate this trigger event into your website. See &#xA;&#x9;&#x9;&#x9;&#x9;&#x9;&#xA;&lt;a href=&#34;/content/help/en/campaign/standard/administration/using/configuring-transactional-messaging.html#integrating-the-triggering-of-the-event-in-a-website&#34; target=&#34;_blank&#34;&gt;Integrating the triggering of the event in a website&lt;/a&gt;.&lt;/p&gt;&#xA;"
                   textIsRich="true"/>
            
                <header_72 jcr:primaryType="nt:unstructured" sling:resourceType="help/components/header"
                    id="unpublishing-an-event"
                    level="3"
                    text="&lt;p&gt;Unpublishing an event&lt;/p&gt;&#xA;"
                    textIsRich="'true'"/>
                <text_868 jcr:primaryType="nt:unstructured"
                   sling:resourceType="help/components/article-3/text"
                   text="&lt;p&gt;The &lt;strong&gt;Unpublish&lt;/strong&gt; button lets you cancel the publication of the event, which deletes from the REST API the resource corresponding to the event that you previously created. Now, even if the event is triggered through your website, the corresponding messages are not sent anymore and they are not stored in the database.&lt;/p&gt;&#xA;"
                   textIsRich="true"/>
                <image_105 jcr:primaryType="nt:unstructured"
                    sling:resourceType="help/components/article-3/image"
                    jcr:title=""
                    alt=""
                    captionBottom=""
                    fileName="message-center_unpublish.png"
                    originalFileName="images/en/message-center_unpublish.png"
                    fileReference="/content/dam/help/en/campaign/standard/message-center_unpublish.png"
                    imageRotate="0"
                    originalHeight=""
                    originalWidth=""
                    scaleOption="toTemplate"
                    status="legacy"/>
                <note_31 jcr:primaryType="nt:unstructured"
                  sling:resourceType="help/components/article-3/note"
                  text="&lt;p&gt;&#xA;                    If you have already published the corresponding transactional message, the transactional message publication is also canceled. See &#xA;&#x9;&#x9;&#x9;&#x9;&#x9;&#x9;&#x9;&#x9;&#x9;&#x9;&#x9;&#xA;&#x9;&#x9;&#x9;&#x9;&#x9;&#x9;&#x9;&lt;a href=&#34;/content/help/en/campaign/standard/channels/using/event-transactional-messages.html#unpublishing-a-transactional-message&#34;&gt;Unpublishing a transactional message&lt;/a&gt;.&#xA;                &lt;/p&gt;&#xA;"
                  textIsRich="true"
                  type="note"/>
                <text_870 jcr:primaryType="nt:unstructured"
                   sling:resourceType="help/components/article-3/text"
                   text="&lt;p&gt;Click the &lt;strong&gt;Publish&lt;/strong&gt; button to generate a new REST API.&lt;/p&gt;&#xA;"
                   textIsRich="true"/>
            
        
        
            <header_73 jcr:primaryType="nt:unstructured" sling:resourceType="help/components/header"
                    id="integrating-the-triggering-of-the-event-in-a-website"
                    level="2"
                    text="&lt;p&gt;Integrating the triggering of the event in a website&lt;/p&gt;&#xA;"
                    textIsRich="'true'"/>
            <text_871 jcr:primaryType="nt:unstructured"
                   sling:resourceType="help/components/article-3/text"
                   text="&lt;p&gt;Once you have created an event, you will have to integrate the triggering of this event into your website.&lt;/p&gt;&#xA;"
                   textIsRich="true"/>
            <text_872 jcr:primaryType="nt:unstructured"
                   sling:resourceType="help/components/article-3/text"
                   text="&lt;p&gt;In the example described in the &#xA;&#x9;&#x9;&#x9;&#x9;&#x9;&#x9;&#x9;&#x9;&#x9;&#x9;&#x9;&#xA;&#x9;&#x9;&#x9;&#x9;&#x9;&#x9;&#x9;&lt;a href=&#34;/content/help/en/campaign/standard/channels/using/about-transactional-messaging.html#transactional-messaging-operating-principle&#34;&gt;Transactional messaging operating principle&lt;/a&gt; section, you want a &#34;Cart abandonment&#34; event to be triggered whenever one of your clients leaves your website before purchasing the products in their cart. To do this, your website web developer must use the Adobe Campaign Standard REST API.&lt;/p&gt;&#xA;"
                   textIsRich="true"/>
            <text_873 jcr:primaryType="nt:unstructured"
                   sling:resourceType="help/components/article-3/text"
                   text="&lt;p&gt;See the &#xA;&lt;a href=&#34;https://docs.campaign.adobe.com/doc/standard/en/api/ACS_API.html&#34;&gt;REST API Documentation&lt;/a&gt; (&lt;strong&gt;Transactional Messages API&lt;/strong&gt; section).&lt;/p&gt;&#xA;"
                   textIsRich="true"/>
        
        
            <header_74 jcr:primaryType="nt:unstructured" sling:resourceType="help/components/header"
                    id="transactional-event-specific-configurations"
                    level="2"
                    text="&lt;p&gt;Transactional event specific configurations&lt;/p&gt;&#xA;"
                    textIsRich="'true'"/>
            <text_874 jcr:primaryType="nt:unstructured"
                   sling:resourceType="help/components/article-3/text"
                   text="&lt;p&gt;Transactional event configuration may vary depending on the type of transactional message you want to send (event or profile), and the channel that will be used.&lt;/p&gt;&#xA;"
                   textIsRich="true"/>
            <text_875 jcr:primaryType="nt:unstructured"
                   sling:resourceType="help/components/article-3/text"
                   text="&lt;p&gt;The following sections detail what specific configuration should be set according to the desired transactional message. For more on the general steps to configure an event, refer to &#xA;            &lt;/p&gt;&#xA;"
                   textIsRich="true"/>
            
                <header_75 jcr:primaryType="nt:unstructured" sling:resourceType="help/components/header"
                    id="event-based-transactional-messages"
                    level="3"
                    text="&lt;p&gt;Event-based transactional messages&lt;/p&gt;&#xA;"
                    textIsRich="'true'"/>
                <text_876 jcr:primaryType="nt:unstructured"
                   sling:resourceType="help/components/article-3/text"
                   text="&lt;p&gt;To send an event-based transactional message, you first need to create and configure an event targeting the data contained in the event itself.&lt;/p&gt;&#xA;"
                   textIsRich="true"/>
                <procedure_29_10 jcr:primaryType="nt:unstructured"
                          sling:resourceType="help/components/procedure">
            <proc_par jcr:primaryType="nt:unstructured"
                      sling:resourceType="help/components/procedure/proc_parsys">
                    <step_396_0 jcr:primaryType="nt:unstructured" sling:resourceType="help/components/step">
                  <step_par jcr:primaryType="nt:unstructured"
                            sling:resourceType="help/components/procedure/step_parsys">
                        <text_877 jcr:primaryType="nt:unstructured"
                               sling:resourceType="help/components/article-3/text"
                               text="&lt;p&gt;When creating the event configuration, select the &lt;strong&gt;Real-time event&lt;/strong&gt; targeting dimension (see &#xA;&#x9;&#x9;&#x9;&#x9;&#x9;&#xA;&lt;a href=&#34;/content/help/en/campaign/standard/administration/using/configuring-transactional-messaging.html#creating-an-event&#34; target=&#34;_blank&#34;&gt;Creating an event&lt;/a&gt;).&lt;/p&gt;&#xA;"
                               textIsRich="true"/>
                    </step_par>
               </step_396_0>
                    <step_397_0 jcr:primaryType="nt:unstructured" sling:resourceType="help/components/step">
                  <step_par jcr:primaryType="nt:unstructured"
                            sling:resourceType="help/components/procedure/step_parsys">
                        <text_878 jcr:primaryType="nt:unstructured"
                               sling:resourceType="help/components/article-3/text"
                               text="&lt;p&gt;Add fields to the event, in order to be able to personalize the transactional message (see &#xA;&#x9;&#x9;&#x9;&#x9;&#x9;&#xA;&lt;a href=&#34;/content/help/en/campaign/standard/administration/using/configuring-transactional-messaging.html#defining-the-event-attributes&#34; target=&#34;_blank&#34;&gt;Defining the event attributes&lt;/a&gt;).&lt;/p&gt;&#xA;"
                               textIsRich="true"/>
                    </step_par>
               </step_397_0>
                    <step_398_0 jcr:primaryType="nt:unstructured" sling:resourceType="help/components/step">
                  <step_par jcr:primaryType="nt:unstructured"
                            sling:resourceType="help/components/procedure/step_parsys">
                        <text_879 jcr:primaryType="nt:unstructured"
                               sling:resourceType="help/components/article-3/text"
                               text="&lt;p&gt;Enrich the transactional message content if you want to use additional information from the Adobe Campaign database (see &#xA;&#x9;&#x9;&#x9;&#x9;&#x9;&#xA;&lt;a href=&#34;/content/help/en/campaign/standard/administration/using/configuring-transactional-messaging.html#enriching-the-transactional-message-content&#34; target=&#34;_blank&#34;&gt;Enriching the transactional message content&lt;/a&gt;).&lt;/p&gt;&#xA;"
                               textIsRich="true"/>
                        <note_32 jcr:primaryType="nt:unstructured"
                              sling:resourceType="help/components/article-3/note"
                              text="&lt;p&gt;&#xA;                            Event-based transactional messaging is supposed to use only the data that are in the sent event to define the recipient and the message content personalization. However, you can enrich the content of your transactional message using information from the Adobe Campaign database.&#xA;                        &lt;/p&gt;&#xA;"
                              textIsRich="true"
                              type="note"/>
                    </step_par>
               </step_398_0>
                    <step_399_0 jcr:primaryType="nt:unstructured" sling:resourceType="help/components/step">
                  <step_par jcr:primaryType="nt:unstructured"
                            sling:resourceType="help/components/procedure/step_parsys">
                        <text_881 jcr:primaryType="nt:unstructured"
                               sling:resourceType="help/components/article-3/text"
                               text="&lt;p&gt;Preview and publish the event (see &#xA;&#x9;&#x9;&#x9;&#x9;&#x9;&#xA;&lt;a href=&#34;/content/help/en/campaign/standard/administration/using/configuring-transactional-messaging.html#previewing-and-publishing-the-event&#34; target=&#34;_blank&#34;&gt;Previewing and publishing the event&lt;/a&gt;).&lt;/p&gt;&#xA;"
                               textIsRich="true"/>
                        <text_882 jcr:primaryType="nt:unstructured"
                               sling:resourceType="help/components/article-3/text"
                               text="&lt;p&gt;When previewing the event, the REST API contains an attribute specifying the email address or mobile phone according to the selected channel.&lt;/p&gt;&#xA;"
                               textIsRich="true"/>
                        <text_883 jcr:primaryType="nt:unstructured"
                               sling:resourceType="help/components/article-3/text"
                               text="&lt;p&gt;Once the event has been published, a transactional message linked to the new event is automatically created. In order for the event to trigger sending a transactional message, you must modify and publish the message that was just created, see &#xA;&#x9;&#x9;&#x9;&#x9;&#x9;&#x9;&#x9;&#x9;&#x9;&#x9;&#x9;&#xA;&#x9;&#x9;&#x9;&#x9;&#x9;&#x9;&#x9;&lt;a href=&#34;/content/help/en/campaign/standard/channels/using/event-transactional-messages.html&#34;&gt;Event transactional messages&lt;/a&gt;.&lt;/p&gt;&#xA;"
                               textIsRich="true"/>
                    </step_par>
               </step_399_0>
                    <step_400_0 jcr:primaryType="nt:unstructured" sling:resourceType="help/components/step">
                  <step_par jcr:primaryType="nt:unstructured"
                            sling:resourceType="help/components/procedure/step_parsys">
                        <text_884 jcr:primaryType="nt:unstructured"
                               sling:resourceType="help/components/article-3/text"
                               text="&lt;p&gt;Integrate the event into your website (see &#xA;&#x9;&#x9;&#x9;&#x9;&#x9;&#xA;&lt;a href=&#34;/content/help/en/campaign/standard/administration/using/configuring-transactional-messaging.html#integrating-the-triggering-of-the-event-in-a-website&#34; target=&#34;_blank&#34;&gt;Integrating the triggering of the event in a website&lt;/a&gt;).&lt;/p&gt;&#xA;"
                               textIsRich="true"/>
                    </step_par>
               </step_400_0>
                </proc_par>
         </procedure_29_10>
            
            
                <header_76 jcr:primaryType="nt:unstructured" sling:resourceType="help/components/header"
                    id="profile-based-transactional-messages"
                    level="3"
                    text="&lt;p&gt;Profile-based transactional messages&lt;/p&gt;&#xA;"
                    textIsRich="'true'"/>
                <text_885 jcr:primaryType="nt:unstructured"
                   sling:resourceType="help/components/article-3/text"
                   text="&lt;p&gt;To send a profile-based transactional message, you first need to create and configure an event targeting data contained in the Adobe Campaign database.&lt;/p&gt;&#xA;"
                   textIsRich="true"/>
                <procedure_30_10 jcr:primaryType="nt:unstructured"
                          sling:resourceType="help/components/procedure">
            <proc_par jcr:primaryType="nt:unstructured"
                      sling:resourceType="help/components/procedure/proc_parsys">
                    <step_401_0 jcr:primaryType="nt:unstructured" sling:resourceType="help/components/step">
                  <step_par jcr:primaryType="nt:unstructured"
                            sling:resourceType="help/components/procedure/step_parsys">
                        <text_886 jcr:primaryType="nt:unstructured"
                               sling:resourceType="help/components/article-3/text"
                               text="&lt;p&gt;When creating the event configuration, select the &lt;strong&gt;Profile event&lt;/strong&gt; targeting dimension (see &#xA;&#x9;&#x9;&#x9;&#x9;&#x9;&#xA;&lt;a href=&#34;/content/help/en/campaign/standard/administration/using/configuring-transactional-messaging.html#creating-an-event&#34; target=&#34;_blank&#34;&gt;Creating an event&lt;/a&gt;).&lt;/p&gt;&#xA;"
                               textIsRich="true"/>
                    </step_par>
               </step_401_0>
                    <step_402_0 jcr:primaryType="nt:unstructured" sling:resourceType="help/components/step">
                  <step_par jcr:primaryType="nt:unstructured"
                            sling:resourceType="help/components/procedure/step_parsys">
                        <text_887 jcr:primaryType="nt:unstructured"
                               sling:resourceType="help/components/article-3/text"
                               text="&lt;p&gt;Add fields to the event, in order to be able to personalize the transactional message (see &#xA;&#x9;&#x9;&#x9;&#x9;&#x9;&#xA;&lt;a href=&#34;/content/help/en/campaign/standard/administration/using/configuring-transactional-messaging.html#defining-the-event-attributes&#34; target=&#34;_blank&#34;&gt;Defining the event attributes&lt;/a&gt;).&#xA;                                You must add at least one field to create an enrichment. You do not need to create other fields such as &lt;strong&gt;First name&lt;/strong&gt; and &lt;strong&gt;Last name&lt;/strong&gt; as you will be able to use personalization fields from the Adobe Campaign database.&#xA;                            &lt;/p&gt;&#xA;"
                               textIsRich="true"/>
                    </step_par>
               </step_402_0>
                    <step_403_0 jcr:primaryType="nt:unstructured" sling:resourceType="help/components/step">
                  <step_par jcr:primaryType="nt:unstructured"
                            sling:resourceType="help/components/procedure/step_parsys">
                        <text_889 jcr:primaryType="nt:unstructured"
                               sling:resourceType="help/components/article-3/text"
                               text="&lt;p&gt;Create an enrichment in order to link the event to the &lt;strong&gt;Profile&lt;/strong&gt; resource (see &#xA;&#x9;&#x9;&#x9;&#x9;&#x9;&#xA;&lt;a href=&#34;/content/help/en/campaign/standard/administration/using/configuring-transactional-messaging.html#enriching-the-transactional-message-content&#34; target=&#34;_blank&#34;&gt;Enriching the transactional message content&lt;/a&gt;). Creating an enrichment is mandatory when using a &lt;strong&gt;Profile&lt;/strong&gt; targeting dimension.&lt;/p&gt;&#xA;"
                               textIsRich="true"/>
                    </step_par>
               </step_403_0>
                    <step_404_0 jcr:primaryType="nt:unstructured" sling:resourceType="help/components/step">
                  <step_par jcr:primaryType="nt:unstructured"
                            sling:resourceType="help/components/procedure/step_parsys">
                        <text_890 jcr:primaryType="nt:unstructured"
                               sling:resourceType="help/components/article-3/text"
                               text="&lt;p&gt;Preview and publish the event (see &#xA;&#x9;&#x9;&#x9;&#x9;&#x9;&#xA;&lt;a href=&#34;/content/help/en/campaign/standard/administration/using/configuring-transactional-messaging.html#previewing-and-publishing-the-event&#34; target=&#34;_blank&#34;&gt;Previewing and publishing the event&lt;/a&gt;).&lt;/p&gt;&#xA;"
                               textIsRich="true"/>
                        <text_891 jcr:primaryType="nt:unstructured"
                               sling:resourceType="help/components/article-3/text"
                               text="&lt;p&gt;When previewing the event, the REST API does not contain an attribute specifying the email address or the mobile phone as it will be retrieved from the &lt;strong&gt;Profile&lt;/strong&gt; resource.&lt;/p&gt;&#xA;"
                               textIsRich="true"/>
                        <text_892 jcr:primaryType="nt:unstructured"
                               sling:resourceType="help/components/article-3/text"
                               text="&lt;p&gt;Once the event has been published, a transactional message linked to the new event is automatically created. In order for the event to trigger sending a transactional message, you must modify and publish the message that was just created, see &#xA;&#x9;&#x9;&#x9;&#x9;&#x9;&#x9;&#x9;&#x9;&#x9;&#x9;&#x9;&#xA;&#x9;&#x9;&#x9;&#x9;&#x9;&#x9;&#x9;&lt;a href=&#34;/content/help/en/campaign/standard/channels/using/profile-transactional-messages.html#sending-a-profile-transactional-message&#34;&gt;Sending a profile transactional message&lt;/a&gt;.&lt;/p&gt;&#xA;"
                               textIsRich="true"/>
                    </step_par>
               </step_404_0>
                    <step_405_0 jcr:primaryType="nt:unstructured" sling:resourceType="help/components/step">
                  <step_par jcr:primaryType="nt:unstructured"
                            sling:resourceType="help/components/procedure/step_parsys">
                        <text_893 jcr:primaryType="nt:unstructured"
                               sling:resourceType="help/components/article-3/text"
                               text="&lt;p&gt;Integrate the event into your website (see &#xA;&#x9;&#x9;&#x9;&#x9;&#x9;&#xA;&lt;a href=&#34;/content/help/en/campaign/standard/administration/using/configuring-transactional-messaging.html#integrating-the-triggering-of-the-event-in-a-website&#34; target=&#34;_blank&#34;&gt;Integrating the triggering of the event in a website&lt;/a&gt;).&lt;/p&gt;&#xA;"
                               textIsRich="true"/>
                    </step_par>
               </step_405_0>
                </proc_par>
         </procedure_30_10>
            
            
                <header_77 jcr:primaryType="nt:unstructured" sling:resourceType="help/components/header"
                    id="event-based-transactional-push-notifications"
                    level="3"
                    text="&lt;p&gt;Event-based transactional push notifications&lt;/p&gt;&#xA;"
                    textIsRich="'true'"/>
                <text_894 jcr:primaryType="nt:unstructured"
                   sling:resourceType="help/components/article-3/text"
                   text="&lt;p&gt;To be able to send transactional push notifications, you need to configure Adobe Campaign accordingly. See &#xA;&#x9;&#x9;&#x9;&#x9;&#x9;&#x9;&#x9;&#x9;&#x9;&#x9;&#x9;&#xA;&#x9;&#x9;&#x9;&#x9;&#x9;&#x9;&#x9;&lt;a href=&#34;/content/help/en/campaign/standard/administration/using/configuring-a-mobile-application-using-sdk-v4.html&#34;&gt;Push configuration&lt;/a&gt;.&lt;/p&gt;&#xA;"
                   textIsRich="true"/>
                <text_895 jcr:primaryType="nt:unstructured"
                   sling:resourceType="help/components/article-3/text"
                   text="&lt;p&gt;To send an anonymous transactional push notification to all users who have opted in to receive notifications from your mobile application, you first need to create and configure an event targeting the data contained in the event itself. The corresponding steps are presented below.&lt;/p&gt;&#xA;"
                   textIsRich="true"/>
                <text_896 jcr:primaryType="nt:unstructured"
                   sling:resourceType="help/components/article-3/text"
                   text="&lt;p&gt;The event must contain the three following elements:&lt;/p&gt;&#xA;"
                   textIsRich="true"/>
                <procedure_59 jcr:primaryType="nt:unstructured"
                       sling:resourceType="help/components/procedure"
                       isBulleted="true">
            <proc_par jcr:primaryType="nt:unstructured"
                      sling:resourceType="help/components/procedure/proc_parsys">
                    <step_406_59 jcr:primaryType="nt:unstructured" sling:resourceType="help/components/step">
                  <step_par jcr:primaryType="nt:unstructured"
                            sling:resourceType="help/components/procedure/step_parsys">
                        <text_897 jcr:primaryType="nt:unstructured"
                               sling:resourceType="help/components/article-3/text"
                               text="&lt;p&gt;A &lt;strong&gt;registration token&lt;/strong&gt;, which is the user ID for one mobile application and one device. It may not correspond to any profile from the Adobe Campaign database.&lt;/p&gt;&#xA;"
                               textIsRich="true"/>
                    </step_par>
               </step_406_59>
                    <step_407_59 jcr:primaryType="nt:unstructured" sling:resourceType="help/components/step">
                  <step_par jcr:primaryType="nt:unstructured"
                            sling:resourceType="help/components/procedure/step_parsys">
                        <text_898 jcr:primaryType="nt:unstructured"
                               sling:resourceType="help/components/article-3/text"
                               text="&lt;p&gt;A &lt;strong&gt;mobile application name&lt;/strong&gt; (one for all devices - Android and iOS). This is the ID of the mobile application configured in Adobe Campaign that will be used to receive push notifications on the users' devices. For more on this, see &#xA;&#x9;&#x9;&#x9;&#x9;&#x9;&#xA;&lt;a href=&#34;/content/help/en/campaign/standard/administration/using/configuring-a-mobile-application-using-sdk-v4.html#setting-up-a-mobile-application-in-adobe-campaign&#34; target=&#34;_blank&#34;&gt;Setting up a mobile application in Adobe Campaign&lt;/a&gt;.&lt;/p&gt;&#xA;"
                               textIsRich="true"/>
                    </step_par>
               </step_407_59>
                    <step_408_59 jcr:primaryType="nt:unstructured" sling:resourceType="help/components/step">
                  <step_par jcr:primaryType="nt:unstructured"
                            sling:resourceType="help/components/procedure/step_parsys">
                        <text_899 jcr:primaryType="nt:unstructured"
                               sling:resourceType="help/components/article-3/text"
                               text="&lt;p&gt;A &lt;strong&gt;push platform&lt;/strong&gt; (&#34;gcm&#34; for Android or &#34;apns&#34; for iOS).&lt;/p&gt;&#xA;"
                               textIsRich="true"/>
                    </step_par>
               </step_408_59>
                </proc_par>
         </procedure_59>
                <procedure_31_10 jcr:primaryType="nt:unstructured"
                          sling:resourceType="help/components/procedure">
            <proc_par jcr:primaryType="nt:unstructured"
                      sling:resourceType="help/components/procedure/proc_parsys">
                    <step_409_0 jcr:primaryType="nt:unstructured" sling:resourceType="help/components/step">
                  <step_par jcr:primaryType="nt:unstructured"
                            sling:resourceType="help/components/procedure/step_parsys">
                        <text_900 jcr:primaryType="nt:unstructured"
                               sling:resourceType="help/components/article-3/text"
                               text="&lt;p&gt;When creating the event configuration, select the &lt;strong&gt;Mobile application&lt;/strong&gt; channel and the &lt;strong&gt;Real-time event&lt;/strong&gt; targeting dimension (see &#xA;&#x9;&#x9;&#x9;&#x9;&#x9;&#xA;&lt;a href=&#34;/content/help/en/campaign/standard/administration/using/configuring-transactional-messaging.html#creating-an-event&#34; target=&#34;_blank&#34;&gt;Creating an event&lt;/a&gt;).&lt;/p&gt;&#xA;"
                               textIsRich="true"/>
                    </step_par>
               </step_409_0>
                    <step_410_0 jcr:primaryType="nt:unstructured" sling:resourceType="help/components/step">
                  <step_par jcr:primaryType="nt:unstructured"
                            sling:resourceType="help/components/procedure/step_parsys">
                        <text_901 jcr:primaryType="nt:unstructured"
                               sling:resourceType="help/components/article-3/text"
                               text="&lt;p&gt;Add fields to the event, in order to be able to personalize the transactional message (see &#xA;&#x9;&#x9;&#x9;&#x9;&#x9;&#xA;&lt;a href=&#34;/content/help/en/campaign/standard/administration/using/configuring-transactional-messaging.html#defining-the-event-attributes&#34; target=&#34;_blank&#34;&gt;Defining the event attributes&lt;/a&gt;).&lt;/p&gt;&#xA;"
                               textIsRich="true"/>
                    </step_par>
               </step_410_0>
                    <step_411_0 jcr:primaryType="nt:unstructured" sling:resourceType="help/components/step">
                  <step_par jcr:primaryType="nt:unstructured"
                            sling:resourceType="help/components/procedure/step_parsys">
                        <text_902 jcr:primaryType="nt:unstructured"
                               sling:resourceType="help/components/article-3/text"
                               text="&lt;p&gt;Enrich the transactional message content if you want to use additional information from Adobe Campaign database (see &#xA;&#x9;&#x9;&#x9;&#x9;&#x9;&#xA;&lt;a href=&#34;/content/help/en/campaign/standard/administration/using/configuring-transactional-messaging.html#enriching-the-transactional-message-content&#34; target=&#34;_blank&#34;&gt;Enriching the transactional message content&lt;/a&gt;).&lt;/p&gt;&#xA;"
                               textIsRich="true"/>
                        <note_34 jcr:primaryType="nt:unstructured"
                              sling:resourceType="help/components/article-3/note"
                              text="&lt;p&gt;&#xA;                            Event-based transactional messaging is supposed to use only the data that are in the sent event to define the recipient and the message content personalization. However, you can enrich the content of your transactional message using information from the Adobe Campaign database.&#xA;                        &lt;/p&gt;&#xA;"
                              textIsRich="true"
                              type="note"/>
                    </step_par>
               </step_411_0>
                    <step_412_0 jcr:primaryType="nt:unstructured" sling:resourceType="help/components/step">
                  <step_par jcr:primaryType="nt:unstructured"
                            sling:resourceType="help/components/procedure/step_parsys">
                        <text_904 jcr:primaryType="nt:unstructured"
                               sling:resourceType="help/components/article-3/text"
                               text="&lt;p&gt;Preview and publish the event (see &#xA;&#x9;&#x9;&#x9;&#x9;&#x9;&#xA;&lt;a href=&#34;/content/help/en/campaign/standard/administration/using/configuring-transactional-messaging.html#previewing-and-publishing-the-event&#34; target=&#34;_blank&#34;&gt;Previewing and publishing the event&lt;/a&gt;).&lt;/p&gt;&#xA;"
                               textIsRich="true"/>
                        <text_905 jcr:primaryType="nt:unstructured"
                               sling:resourceType="help/components/article-3/text"
                               text="&lt;p&gt;When previewing the event, the REST API contains the &#34;registrationToken&#34;, &#34;application&#34; and &#34;pushPlatform&#34; attributes that will be used to target the delivery.&lt;/p&gt;&#xA;"
                               textIsRich="true"/>
                        <image_106 jcr:primaryType="nt:unstructured"
                                sling:resourceType="help/components/article-3/image"
                                jcr:title=""
                                alt=""
                                captionBottom=""
                                fileName="message-center_push_API.png"
                                originalFileName="images/en/message-center_push_API.png"
                                fileReference="/content/dam/help/en/campaign/standard/message-center_push_API.png"
                                imageRotate="0"
                                originalHeight=""
                                originalWidth=""
                                scaleOption="toTemplate"
                                status="legacy"/>
                        <text_906 jcr:primaryType="nt:unstructured"
                               sling:resourceType="help/components/article-3/text"
                               text="&lt;p&gt;Once the event has been published, a transactional push notification linked to the new event is automatically created. To modify and publish the message that was just created, see &#xA;&#x9;&#x9;&#x9;&#x9;&#x9;&#x9;&#x9;&#x9;&#x9;&#x9;&#x9;&#xA;&#x9;&#x9;&#x9;&#x9;&#x9;&#x9;&#x9;&lt;a href=&#34;/content/help/en/campaign/standard/channels/using/transactional-push-notifications.html#sending-a-transactional-push-notification-targeting-an-event&#34;&gt;Sending a transactional push notification targeting an event&lt;/a&gt;.&lt;/p&gt;&#xA;"
                               textIsRich="true"/>
                    </step_par>
               </step_412_0>
                    <step_413_0 jcr:primaryType="nt:unstructured" sling:resourceType="help/components/step">
                  <step_par jcr:primaryType="nt:unstructured"
                            sling:resourceType="help/components/procedure/step_parsys">
                        <text_907 jcr:primaryType="nt:unstructured"
                               sling:resourceType="help/components/article-3/text"
                               text="&lt;p&gt;Integrate the event into your website (see &#xA;&#x9;&#x9;&#x9;&#x9;&#x9;&#xA;&lt;a href=&#34;/content/help/en/campaign/standard/administration/using/configuring-transactional-messaging.html#integrating-the-triggering-of-the-event-in-a-website&#34; target=&#34;_blank&#34;&gt;Integrating the triggering of the event in a website&lt;/a&gt;).&lt;/p&gt;&#xA;"
                               textIsRich="true"/>
                    </step_par>
               </step_413_0>
                </proc_par>
         </procedure_31_10>
            
            
                <header_78 jcr:primaryType="nt:unstructured" sling:resourceType="help/components/header"
                    id="profile-based-transactional-push-notifications"
                    level="3"
                    text="&lt;p&gt;Profile-based transactional push notifications&lt;/p&gt;&#xA;"
                    textIsRich="'true'"/>
                <text_908 jcr:primaryType="nt:unstructured"
                   sling:resourceType="help/components/article-3/text"
                   text="&lt;p&gt;To send a transactional push notification to the Adobe Campaign profiles who have subscribed to your mobile application, you first need to create and configure an event targeting the Adobe Campaign database.&lt;/p&gt;&#xA;"
                   textIsRich="true"/>
                <procedure_32_10 jcr:primaryType="nt:unstructured"
                          sling:resourceType="help/components/procedure">
            <proc_par jcr:primaryType="nt:unstructured"
                      sling:resourceType="help/components/procedure/proc_parsys">
                    <step_414_0 jcr:primaryType="nt:unstructured" sling:resourceType="help/components/step">
                  <step_par jcr:primaryType="nt:unstructured"
                            sling:resourceType="help/components/procedure/step_parsys">
                        <text_909 jcr:primaryType="nt:unstructured"
                               sling:resourceType="help/components/article-3/text"
                               text="&lt;p&gt;When creating the event configuration, select the &lt;strong&gt;Mobile application&lt;/strong&gt; channel and the &lt;strong&gt;Profile&lt;/strong&gt; targeting dimension (see &#xA;&#x9;&#x9;&#x9;&#x9;&#x9;&#xA;&lt;a href=&#34;/content/help/en/campaign/standard/administration/using/configuring-transactional-messaging.html#creating-an-event&#34; target=&#34;_blank&#34;&gt;Creating an event&lt;/a&gt;).&lt;/p&gt;&#xA;"
                               textIsRich="true"/>
                        <text_910 jcr:primaryType="nt:unstructured"
                               sling:resourceType="help/components/article-3/text"
                               text="&lt;p&gt;By default, the transactional push notification will be sent to all mobile applications to which the recipients subscribed. To send the push notification to a specific mobile application, select it in the list. The other mobile applications will be targeted by the message but will be excluded from the sending.&lt;/p&gt;&#xA;"
                               textIsRich="true"/>
                     <image_107 jcr:primaryType="nt:unstructured"
                                sling:resourceType="help/components/article-3/image"
                                jcr:title=""
                                alt=""
                                captionBottom=""
                                fileName="message-center_push_appFilter.png"
                                originalFileName="images/en/message-center_push_appFilter.png"
                                fileReference="/content/dam/help/en/campaign/standard/message-center_push_appFilter.png"
                                imageRotate="0"
                                originalHeight=""
                                originalWidth=""
                                scaleOption="toTemplate"
                                status="legacy"/>
                    </step_par>
               </step_414_0>
                    <step_415_0 jcr:primaryType="nt:unstructured" sling:resourceType="help/components/step">
                  <step_par jcr:primaryType="nt:unstructured"
                            sling:resourceType="help/components/procedure/step_parsys">
                        <text_911 jcr:primaryType="nt:unstructured"
                               sling:resourceType="help/components/article-3/text"
                               text="&lt;p&gt;Add fields to the event, if you want to personalize the transactional message (see &#xA;&#x9;&#x9;&#x9;&#x9;&#x9;&#xA;&lt;a href=&#34;/content/help/en/campaign/standard/administration/using/configuring-transactional-messaging.html#defining-the-event-attributes&#34; target=&#34;_blank&#34;&gt;Defining the event attributes&lt;/a&gt;).&lt;/p&gt;&#xA;"
                               textIsRich="true"/>
                        <note_35 jcr:primaryType="nt:unstructured"
                              sling:resourceType="help/components/article-3/note"
                              text="&lt;p&gt;&#xA;                            You must add at least one field to create an enrichment. You do not need to create other fields such as &lt;strong&gt;First name&lt;/strong&gt; and &lt;strong&gt;Last name&lt;/strong&gt; as you will be able to use personalization fields from the Adobe Campaign database.&#xA;                        &lt;/p&gt;&#xA;"
                              textIsRich="true"
                              type="note"/>
                    </step_par>
               </step_415_0>
                    <step_416_0 jcr:primaryType="nt:unstructured" sling:resourceType="help/components/step">
                  <step_par jcr:primaryType="nt:unstructured"
                            sling:resourceType="help/components/procedure/step_parsys">
                        <text_913 jcr:primaryType="nt:unstructured"
                               sling:resourceType="help/components/article-3/text"
                               text="&lt;p&gt;Create an enrichment in order to link the event to the &lt;strong&gt;Profile&lt;/strong&gt; resource (see &#xA;&#x9;&#x9;&#x9;&#x9;&#x9;&#xA;&lt;a href=&#34;/content/help/en/campaign/standard/administration/using/configuring-transactional-messaging.html#enriching-the-transactional-message-content&#34; target=&#34;_blank&#34;&gt;Enriching the transactional message content&lt;/a&gt;). Creating an enrichment is mandatory when using a &lt;strong&gt;Profile&lt;/strong&gt; targeting dimension.&lt;/p&gt;&#xA;"
                               textIsRich="true"/>
                    </step_par>
               </step_416_0>
                    <step_417_0 jcr:primaryType="nt:unstructured" sling:resourceType="help/components/step">
                  <step_par jcr:primaryType="nt:unstructured"
                            sling:resourceType="help/components/procedure/step_parsys">
                        <text_914 jcr:primaryType="nt:unstructured"
                               sling:resourceType="help/components/article-3/text"
                               text="&lt;p&gt;Preview and publish the event (see &#xA;&#x9;&#x9;&#x9;&#x9;&#x9;&#xA;&lt;a href=&#34;/content/help/en/campaign/standard/administration/using/configuring-transactional-messaging.html#previewing-and-publishing-the-event&#34; target=&#34;_blank&#34;&gt;Previewing and publishing the event&lt;/a&gt;).&lt;/p&gt;&#xA;"
                               textIsRich="true"/>
                        <text_915 jcr:primaryType="nt:unstructured"
                               sling:resourceType="help/components/article-3/text"
                               text="&lt;p&gt;When previewing the event, the REST API does not contain an attribute specifying the registration token, the application name and the push platform as they will be retrieved from the &lt;strong&gt;Profile&lt;/strong&gt; resource.&lt;/p&gt;&#xA;"
                               textIsRich="true"/>
                        <text_916 jcr:primaryType="nt:unstructured"
                               sling:resourceType="help/components/article-3/text"
                               text="&lt;p&gt;Once the event has been published, a transactional push notification linked to the new event is automatically created. To modify and publish the message that was just created, see &#xA;&#x9;&#x9;&#x9;&#x9;&#x9;&#x9;&#x9;&#x9;&#x9;&#x9;&#x9;&#xA;&#x9;&#x9;&#x9;&#x9;&#x9;&#x9;&#x9;&lt;a href=&#34;/content/help/en/campaign/standard/channels/using/transactional-push-notifications.html#sending-a-transactional-push-notification-targeting-a-profile&#34;&gt;Sending a transactional push notification targeting a profile&lt;/a&gt;.&lt;/p&gt;&#xA;"
                               textIsRich="true"/>
                    </step_par>
               </step_417_0>
                    <step_418_0 jcr:primaryType="nt:unstructured" sling:resourceType="help/components/step">
                  <step_par jcr:primaryType="nt:unstructured"
                            sling:resourceType="help/components/procedure/step_parsys">
                        <text_917 jcr:primaryType="nt:unstructured"
                               sling:resourceType="help/components/article-3/text"
                               text="&lt;p&gt;Integrate the event into your website (see &#xA;&#x9;&#x9;&#x9;&#x9;&#x9;&#xA;&lt;a href=&#34;/content/help/en/campaign/standard/administration/using/configuring-transactional-messaging.html#integrating-the-triggering-of-the-event-in-a-website&#34; target=&#34;_blank&#34;&gt;Integrating the triggering of the event in a website&lt;/a&gt;).&lt;/p&gt;&#xA;"
                               textIsRich="true"/>
                    </step_par>
               </step_418_0>
                </proc_par>
         </procedure_32_10>
            
            
                <header_79 jcr:primaryType="nt:unstructured" sling:resourceType="help/components/header"
                    id="configuring-an-event-to-send-a-follow-up-message"
                    level="3"
                    text="&lt;p&gt;Configuring an event to send a follow-up message&lt;/p&gt;&#xA;"
                    textIsRich="'true'"/>
                <text_918 jcr:primaryType="nt:unstructured"
                   sling:resourceType="help/components/article-3/text"
                   text="&lt;p&gt;A follow-up message is a predefined marketing delivery template that can be used in a workflow to send messages to the recipients of a specific transactional message.  For more on this, see &#xA;&#x9;&#x9;&#x9;&#x9;&#x9;&#x9;&#x9;&#x9;&#x9;&#x9;&#x9;&#xA;&#x9;&#x9;&#x9;&#x9;&#x9;&#x9;&#x9;&lt;a href=&#34;/content/help/en/campaign/standard/channels/using/follow-up-messages.html&#34;&gt;Follow-up messages&lt;/a&gt;.&lt;/p&gt;&#xA;"
                   textIsRich="true"/>
                <procedure_33_10 jcr:primaryType="nt:unstructured"
                          sling:resourceType="help/components/procedure">
            <proc_par jcr:primaryType="nt:unstructured"
                      sling:resourceType="help/components/procedure/proc_parsys">
                    <step_419_0 jcr:primaryType="nt:unstructured" sling:resourceType="help/components/step">
                  <step_par jcr:primaryType="nt:unstructured"
                            sling:resourceType="help/components/procedure/step_parsys">
                        <text_919 jcr:primaryType="nt:unstructured"
                               sling:resourceType="help/components/article-3/text"
                               text="&lt;p&gt;Use the same event configuration that you created to send an event transactional message. See &#xA;&#x9;&#x9;&#x9;&#x9;&#x9;&#xA;&lt;a href=&#34;/content/help/en/campaign/standard/administration/using/configuring-transactional-messaging.html#event-based-transactional-messages&#34; target=&#34;_blank&#34;&gt;Event-based transactional messages&lt;/a&gt;.&lt;/p&gt;&#xA;"
                               textIsRich="true"/>
                    </step_par>
               </step_419_0>
                    <step_420_0 jcr:primaryType="nt:unstructured" sling:resourceType="help/components/step">
                  <step_par jcr:primaryType="nt:unstructured"
                            sling:resourceType="help/components/procedure/step_parsys">
                        <text_920 jcr:primaryType="nt:unstructured"
                               sling:resourceType="help/components/article-3/text"
                               text="&lt;p&gt;When configuring your event, check the &lt;strong&gt;Create follow-up delivery template for this event&lt;/strong&gt; box before publishing the event.&lt;/p&gt;&#xA;"
                               textIsRich="true"/>
                        <image_108 jcr:primaryType="nt:unstructured"
                                sling:resourceType="help/components/article-3/image"
                                jcr:title=""
                                alt=""
                                captionBottom=""
                                fileName="message-center_follow-up-checkbox.png"
                                originalFileName="images/en/message-center_follow-up-checkbox.png"
                                fileReference="/content/dam/help/en/campaign/standard/message-center_follow-up-checkbox.png"
                                imageRotate="0"
                                originalHeight=""
                                originalWidth=""
                                scaleOption="toTemplate"
                                status="legacy"/>
                    </step_par>
               </step_420_0>
                    <step_421_0 jcr:primaryType="nt:unstructured" sling:resourceType="help/components/step">
                  <step_par jcr:primaryType="nt:unstructured"
                            sling:resourceType="help/components/procedure/step_parsys">
                        <text_921 jcr:primaryType="nt:unstructured"
                               sling:resourceType="help/components/article-3/text"
                               text="&lt;p&gt;Preview and publish the event (see &#xA;&#x9;&#x9;&#x9;&#x9;&#x9;&#xA;&lt;a href=&#34;/content/help/en/campaign/standard/administration/using/configuring-transactional-messaging.html#previewing-and-publishing-the-event&#34; target=&#34;_blank&#34;&gt;Previewing and publishing the event&lt;/a&gt;).&lt;/p&gt;&#xA;"
                               textIsRich="true"/>
                        <text_922 jcr:primaryType="nt:unstructured"
                               sling:resourceType="help/components/article-3/text"
                               text="&lt;p&gt;Once the event has been published, a transactional message and a follow-up delivery template linked to the new event are automatically created. For more on using follow-up messages, see &#xA;&#x9;&#x9;&#x9;&#x9;&#x9;&#x9;&#x9;&#x9;&#x9;&#x9;&#x9;&#xA;&#x9;&#x9;&#x9;&#x9;&#x9;&#x9;&#x9;&lt;a href=&#34;/content/help/en/campaign/standard/channels/using/follow-up-messages.html#sending-a-follow-up-message&#34;&gt;Sending a follow-up message&lt;/a&gt;.&lt;/p&gt;&#xA;"
                               textIsRich="true"/>
                    </step_par>
               </step_421_0>
                </proc_par>
         </procedure_33_10>
            
        
        
            <header_80 jcr:primaryType="nt:unstructured" sling:resourceType="help/components/header"
                    id="use-case--configuring-an-event-to-send-a-transactional-message"
                    level="2"
                    text="&lt;p&gt;Use case: configuring an event to send a transactional message&lt;/p&gt;&#xA;"
                    textIsRich="'true'"/>
            <text_923 jcr:primaryType="nt:unstructured"
                   sling:resourceType="help/components/article-3/text"
                   text="&lt;p&gt;In this example, we want to configure an event in order to send confirmation messages after each purchase on our website with the following prerequisites:&#xA;                    &#xA;                        &#xA;                    &#xA;                    &#xA;                        &#xA;                    &#xA;                &lt;/p&gt;&#xA;"
                   textIsRich="true"/>
            <text_926 jcr:primaryType="nt:unstructured"
                   sling:resourceType="help/components/article-3/text"
                   text="&lt;p&gt;As we want to identify our client via his CRM ID, first make sure that the &lt;strong&gt;Profile&lt;/strong&gt; resource has been extended with this new field.&lt;/p&gt;&#xA;"
                   textIsRich="true"/>
            <text_927 jcr:primaryType="nt:unstructured"
                   sling:resourceType="help/components/article-3/text"
                   text="&lt;p&gt;In the same way, a custom resource corresponding to purchases must have been created and published, and must be linked to the &lt;strong&gt;Profile&lt;/strong&gt; resource. This way, you will be able to retrieve information from this resource to enrich the message content.&lt;/p&gt;&#xA;"
                   textIsRich="true"/>
            <text_928 jcr:primaryType="nt:unstructured"
                   sling:resourceType="help/components/article-3/text"
                   text="&lt;p&gt;For more on resource creation and publishing, refer to &#xA;&#x9;&#x9;&#x9;&#x9;&#x9;&#x9;&#x9;&#x9;&#x9;&#x9;&#x9;&#xA;&#x9;&#x9;&#x9;&#x9;&#x9;&#x9;&#x9;&lt;a href=&#34;/content/help/en/campaign/standard/developing/using/key-steps.html&#34;&gt;this page&lt;/a&gt;.&lt;/p&gt;&#xA;"
                   textIsRich="true"/>
            <procedure_34_10 jcr:primaryType="nt:unstructured"
                          sling:resourceType="help/components/procedure">
            <proc_par jcr:primaryType="nt:unstructured"
                      sling:resourceType="help/components/procedure/proc_parsys">
                <step_424_0 jcr:primaryType="nt:unstructured" sling:resourceType="help/components/step">
                  <step_par jcr:primaryType="nt:unstructured"
                            sling:resourceType="help/components/procedure/step_parsys">
                    <text_929 jcr:primaryType="nt:unstructured"
                               sling:resourceType="help/components/article-3/text"
                               text="&lt;p&gt;Create a new event using the &lt;strong&gt;Email&lt;/strong&gt; channel and the &lt;strong&gt;Profile&lt;/strong&gt; targeting dimension (see &#xA;&#x9;&#x9;&#x9;&#x9;&#x9;&#xA;&lt;a href=&#34;/content/help/en/campaign/standard/administration/using/configuring-transactional-messaging.html#creating-an-event&#34; target=&#34;_blank&#34;&gt;Creating an event&lt;/a&gt;).&lt;/p&gt;&#xA;"
                               textIsRich="true"/>
                  </step_par>
               </step_424_0>
                <step_425_0 jcr:primaryType="nt:unstructured" sling:resourceType="help/components/step">
                  <step_par jcr:primaryType="nt:unstructured"
                            sling:resourceType="help/components/procedure/step_parsys">
                    <text_930 jcr:primaryType="nt:unstructured"
                               sling:resourceType="help/components/article-3/text"
                               text="&lt;p&gt;Define the attributes that will be available to personalize the transactional message. In our case, add the &#34;CRM ID&#34; and the &#34;Product identifier&#34; fields (see &#xA;&#x9;&#x9;&#x9;&#x9;&#x9;&#xA;&lt;a href=&#34;/content/help/en/campaign/standard/administration/using/configuring-transactional-messaging.html#defining-the-event-attributes&#34; target=&#34;_blank&#34;&gt;Defining the event attributes&lt;/a&gt;).&lt;/p&gt;&#xA;"
                               textIsRich="true"/>
                    <image_109 jcr:primaryType="nt:unstructured"
                                sling:resourceType="help/components/article-3/image"
                                jcr:title=""
                                alt=""
                                captionBottom=""
                                fileName="message-center_useCase1.png"
                                originalFileName="images/en/message-center_useCase1.png"
                                fileReference="/content/dam/help/en/campaign/standard/message-center_useCase1.png"
                                imageRotate="0"
                                originalHeight=""
                                originalWidth=""
                                scaleOption="toTemplate"
                                status="legacy"/>
                  </step_par>
               </step_425_0>
                <step_426_0 jcr:primaryType="nt:unstructured" sling:resourceType="help/components/step">
                  <step_par jcr:primaryType="nt:unstructured"
                            sling:resourceType="help/components/procedure/step_parsys">
                    <text_931 jcr:primaryType="nt:unstructured"
                               sling:resourceType="help/components/article-3/text"
                               text="&lt;p&gt;To enrich the message content with information regarding the client's previous purchases, create an enrichment targeting the &lt;strong&gt;Purchase&lt;/strong&gt; resource (see &#xA;&#x9;&#x9;&#x9;&#x9;&#x9;&#xA;&lt;a href=&#34;/content/help/en/campaign/standard/administration/using/configuring-transactional-messaging.html#enriching-the-transactional-message-content&#34; target=&#34;_blank&#34;&gt;Enriching the transactional message content&lt;/a&gt;).&lt;/p&gt;&#xA;"
                               textIsRich="true"/>
                    <image_110 jcr:primaryType="nt:unstructured"
                                sling:resourceType="help/components/article-3/image"
                                jcr:title=""
                                alt=""
                                captionBottom=""
                                fileName="message-center_useCase2.png"
                                originalFileName="images/en/message-center_useCase2.png"
                                fileReference="/content/dam/help/en/campaign/standard/message-center_useCase2.png"
                                imageRotate="0"
                                originalHeight=""
                                originalWidth=""
                                scaleOption="toTemplate"
                                status="legacy"/>
                  </step_par>
               </step_426_0>
                <step_427_0 jcr:primaryType="nt:unstructured" sling:resourceType="help/components/step">
                  <step_par jcr:primaryType="nt:unstructured"
                            sling:resourceType="help/components/procedure/step_parsys">
                    <text_932 jcr:primaryType="nt:unstructured"
                               sling:resourceType="help/components/article-3/text"
                               text="&lt;p&gt;Create a join condition between the &#34;Product identifier&#34; field that was previously added to the message, and the corresponding field from the &lt;strong&gt;Purchase&lt;/strong&gt; resource&lt;/p&gt;&#xA;"
                               textIsRich="true"/>
                    <image_111 jcr:primaryType="nt:unstructured"
                                sling:resourceType="help/components/article-3/image"
                                jcr:title=""
                                alt=""
                                captionBottom=""
                                fileName="message-center_useCase3.png"
                                originalFileName="images/en/message-center_useCase3.png"
                                fileReference="/content/dam/help/en/campaign/standard/message-center_useCase3.png"
                                imageRotate="0"
                                originalHeight=""
                                originalWidth=""
                                scaleOption="toTemplate"
                                status="legacy"/>
                  </step_par>
               </step_427_0>
                <step_428_0 jcr:primaryType="nt:unstructured" sling:resourceType="help/components/step">
                  <step_par jcr:primaryType="nt:unstructured"
                            sling:resourceType="help/components/procedure/step_parsys">
                    <text_933 jcr:primaryType="nt:unstructured"
                               sling:resourceType="help/components/article-3/text"
                               text="&lt;p&gt;Preview and publish the event (see &#xA;&#x9;&#x9;&#x9;&#x9;&#x9;&#xA;&lt;a href=&#34;/content/help/en/campaign/standard/administration/using/configuring-transactional-messaging.html#previewing-and-publishing-the-event&#34; target=&#34;_blank&#34;&gt;Previewing and publishing the event&lt;/a&gt;).&lt;/p&gt;&#xA;"
                               textIsRich="true"/>
                  </step_par>
               </step_428_0>
                <step_429_0 jcr:primaryType="nt:unstructured" sling:resourceType="help/components/step">
                  <step_par jcr:primaryType="nt:unstructured"
                            sling:resourceType="help/components/procedure/step_parsys">
                    <text_934 jcr:primaryType="nt:unstructured"
                               sling:resourceType="help/components/article-3/text"
                               text="&lt;p&gt;Integrate the event in your website (see &#xA;&#x9;&#x9;&#x9;&#x9;&#x9;&#xA;&lt;a href=&#34;/content/help/en/campaign/standard/administration/using/configuring-transactional-messaging.html#integrating-the-triggering-of-the-event-in-a-website&#34; target=&#34;_blank&#34;&gt;Integrating the triggering of the event in a website&lt;/a&gt;).&lt;/p&gt;&#xA;"
                               textIsRich="true"/>
                  </step_par>
               </step_429_0>
            </proc_par>
         </procedure_34_10>
        
      </main-pars>
      <hero jcr:primaryType="nt:unstructured"
            sling:resourceType="foundation/components/image"/>
      <thumbnail jcr:primaryType="nt:unstructured"
                 sling:resourceType="foundation/components/image"/>
      <publisherLogo jcr:primaryType="nt:unstructured"
                     sling:resourceType="foundation/components/image"/>
   </jcr:content>
</jcr:root>