<?xml version="1.0" encoding="UTF-8"?>
<jcr:root xmlns:nt="http://www.jcp.org/jcr/nt/1.0" xmlns:json="http://json.org/"
          xmlns:sling="http://sling.apache.org/jcr/sling/1.0"
          xmlns:cq="http://www.day.com/jcr/cq/1.0"
          xmlns:jcr="http://www.jcp.org/jcr/1.0"
          xmlns:mix="http://www.jcp.org/jcr/mix/1.0"
          jcr:primaryType="cq:Page">
   <jcr:content navTitle="Configuring SMS channel" jcr:primaryType="cq:PageContent"
                sling:resourceType="help/components/pages/article-3"
                heroGradient="light"
                jcr:language="en_us"
                cq:designPath="/etc/designs/help"
                cq:template="/apps/help/templates/article-3"
                jcr:mixinTypes="[mix:versionable]"
                jcr:title="Configuring SMS channel"
                jcr:description="Configuring SMS channel"
                seoDescription="Find out the SMS configuration steps: routing, encoding, formats and advanced properties. "
                primaryProductTag="[products:SG_CAMPAIGN/STANDARD]"
                cq:tags="[products:SG_CAMPAIGN/STANDARD,audience:administration,content_type:reference,topic_tags:configuring-channels]"
                primaryAudienceTag="[audience:administration]"
                contentOwner="sauviat"
                isReadyForLocalization="true"
                publishExternalDate="2018-09-04">
      <main-pars jcr:primaryType="nt:unstructured"
                 sling:resourceType="foundation/components/parsys">
    
    
    
      
    
         <text_399 jcr:primaryType="nt:unstructured"
                   sling:resourceType="help/components/article-3/text"
                   text="&lt;p&gt;To send SMS messages, one or several external accounts must be configured by an administrator under the &lt;strong&gt;Administration&lt;/strong&gt; &gt; &lt;strong&gt;Channels&lt;/strong&gt; &gt; &lt;strong&gt;SMS&lt;/strong&gt; &gt; &lt;strong&gt;SMS accounts&lt;/strong&gt; menu.&lt;/p&gt;&#xA;"
                   textIsRich="true"/>
         <text_400 jcr:primaryType="nt:unstructured"
                   sling:resourceType="help/components/article-3/text"
                   text="&lt;p&gt;The steps for creating and modifying an external account are detailed in the &#xA;&#x9;&#x9;&#x9;&#x9;&#x9;&#x9;&#x9;&#x9;&#x9;&#x9;&#x9;&#xA;&#x9;&#x9;&#x9;&#x9;&#x9;&#x9;&#x9;&lt;a href=&#34;/content/help/en/campaign/standard/administration/using/external-accounts.html&#34;&gt;External accounts&lt;/a&gt; section. You will find below the parameters specific to external accounts for sending SMS messages.&lt;/p&gt;&#xA;"
                   textIsRich="true"/>
    
         <header_46 jcr:primaryType="nt:unstructured" sling:resourceType="help/components/header"
                    id="defining-an-sms-routing"
                    level="2"
                    text="&lt;p&gt;Defining an SMS Routing&lt;/p&gt;&#xA;"
                    textIsRich="'true'"/>
         <text_401 jcr:primaryType="nt:unstructured"
                   sling:resourceType="help/components/article-3/text"
                   text="&lt;p&gt;The external account &lt;strong&gt;SMS routing via SMPP&lt;/strong&gt; is provided by default, but it can be useful to add other accounts.&lt;/p&gt;&#xA;"
                   textIsRich="true"/>
         <text_402 jcr:primaryType="nt:unstructured"
                   sling:resourceType="help/components/article-3/text"
                   text="&lt;p&gt;If you want to use the SMPP protocol, you can also create a new external account. For more information on SMS protocol and settings, refer to this &#xA;&lt;a href=&#34;https://helpx.adobe.com/campaign/kb/sms-connector-protocol-and-settings.html&#34;&gt;technical note&lt;/a&gt;.&lt;/p&gt;&#xA;"
                   textIsRich="true"/>
         <procedure_12_10 jcr:primaryType="nt:unstructured"
                          sling:resourceType="help/components/procedure">
            <proc_par jcr:primaryType="nt:unstructured"
                      sling:resourceType="help/components/procedure/proc_parsys">
               <step_183_0 jcr:primaryType="nt:unstructured" sling:resourceType="help/components/step">
                  <step_par jcr:primaryType="nt:unstructured"
                            sling:resourceType="help/components/procedure/step_parsys">
                     <text_403 jcr:primaryType="nt:unstructured"
                               sling:resourceType="help/components/article-3/text"
                               text="&lt;p&gt;Create a new external account from &lt;strong&gt;Administration &gt; Application settings &gt; External accounts&lt;/strong&gt;.&lt;/p&gt;&#xA;"
                               textIsRich="true"/>
                  </step_par>
               </step_183_0>
               <step_184_0 jcr:primaryType="nt:unstructured" sling:resourceType="help/components/step">
                  <step_par jcr:primaryType="nt:unstructured"
                            sling:resourceType="help/components/procedure/step_parsys">
                     <text_404 jcr:primaryType="nt:unstructured"
                               sling:resourceType="help/components/article-3/text"
                               text="&lt;p&gt;Define the account type as &lt;strong&gt;Routing&lt;/strong&gt;, the channel as &lt;strong&gt;Mobile (SMS)&lt;/strong&gt; and the delivery mode as &lt;strong&gt;Bulk delivery&lt;/strong&gt;.&lt;/p&gt;&#xA;"
                               textIsRich="true"/>
                     <text_405 jcr:primaryType="nt:unstructured"
                               sling:resourceType="help/components/article-3/text"
                               text="&lt;p&gt;Once these routing parameters have been defined, the SMS connector (&lt;strong&gt;Generic SMPP&lt;/strong&gt;) is selected automatically. This connector allows Adobe Campaign to send SMS messages directly to the targeted profiles by connecting to a short message service center (SMS-C) via the SMPP protocol.&lt;/p&gt;&#xA;"
                               textIsRich="true"/>
                     <image_57 jcr:primaryType="nt:unstructured"
                               sling:resourceType="help/components/article-3/image"
                               jcr:title=""
                               alt=""
                               captionBottom=""
                               fileName="sms_routing.png"
                               originalFileName="images/en/sms_routing.png"
                               fileReference="/content/dam/help/en/campaign/standard/sms_routing.png"
                               imageRotate="0"
                               originalHeight=""
                               originalWidth=""
                               scaleOption="toTemplate"
                               status="legacy"/>
                  </step_par>
               </step_184_0>
               <step_185_0 jcr:primaryType="nt:unstructured" sling:resourceType="help/components/step">
                  <step_par jcr:primaryType="nt:unstructured"
                            sling:resourceType="help/components/procedure/step_parsys">
                     <text_406 jcr:primaryType="nt:unstructured"
                               sling:resourceType="help/components/article-3/text"
                               text="&lt;p&gt;Define the connection settings.&lt;/p&gt;&#xA;"
                               textIsRich="true"/>
                     <text_407 jcr:primaryType="nt:unstructured"
                               sling:resourceType="help/components/article-3/text"
                               text="&lt;p&gt;To enter the connection settings specific to sending SMS messages, please contact your SMS service provider who will explain to you how to complete the different external account fields.&lt;/p&gt;&#xA;"
                               textIsRich="true"/>
                     <image_58 jcr:primaryType="nt:unstructured"
                               sling:resourceType="help/components/article-3/image"
                               jcr:title=""
                               alt=""
                               captionBottom=""
                               fileName="sms_connection.png"
                               originalFileName="images/en/sms_connection.png"
                               fileReference="/content/dam/help/en/campaign/standard/sms_connection.png"
                               imageRotate="0"
                               originalHeight=""
                               originalWidth=""
                               scaleOption="toTemplate"
                               status="legacy"/>
                     <text_408 jcr:primaryType="nt:unstructured"
                               sling:resourceType="help/components/article-3/text"
                               text="&lt;p&gt;The &lt;strong&gt;Enable TLS over SMPP&lt;/strong&gt; option allows you to encrypt SMPP traffic.&lt;/p&gt;&#xA;"
                               textIsRich="true"/>
                     <text_409 jcr:primaryType="nt:unstructured"
                               sling:resourceType="help/components/article-3/text"
                               text="&lt;p&gt;&lt;strong&gt;Enable verbose SMPP traces in the log file&lt;/strong&gt; allows you to dump all SMPP traffic in log files. This option must be enabled to troubleshoot the connector and to compare with the traffic seen by the provider.&lt;/p&gt;&#xA;"
                               textIsRich="true"/>
                  </step_par>
               </step_185_0>
               <step_186_0 jcr:primaryType="nt:unstructured" sling:resourceType="help/components/step">
                  <step_par jcr:primaryType="nt:unstructured"
                            sling:resourceType="help/components/procedure/step_parsys">
                     <text_410 jcr:primaryType="nt:unstructured"
                               sling:resourceType="help/components/article-3/text"
                               text="&lt;p&gt;Contact Adobe who will give you the value to enter into the &lt;strong&gt;SMS-C implementation name&lt;/strong&gt; field, depending on the provider chosen.&lt;/p&gt;&#xA;"
                               textIsRich="true"/>
                  </step_par>
               </step_186_0>
               <step_187_0 jcr:primaryType="nt:unstructured" sling:resourceType="help/components/step">
                  <step_par jcr:primaryType="nt:unstructured"
                            sling:resourceType="help/components/procedure/step_parsys">
                     <text_411 jcr:primaryType="nt:unstructured"
                               sling:resourceType="help/components/article-3/text"
                               text="&lt;p&gt;Define the SMPP channel settings. You can learn more in the &#xA;&#x9;&#x9;&#x9;&#x9;&#x9;&#xA;&lt;a href=&#34;/content/help/en/campaign/standard/administration/using/configuring-sms-channel.html#sms-encoding-and-formats&#34; target=&#34;_blank&#34;&gt;SMS encoding and formats&lt;/a&gt; section.&lt;/p&gt;&#xA;"
                               textIsRich="true"/>
                     <text_412 jcr:primaryType="nt:unstructured"
                               sling:resourceType="help/components/article-3/text"
                               text="&lt;p&gt;Enable the &lt;strong&gt;Store incoming MO in the database&lt;/strong&gt; if you want all incoming SMS to be stored in the inSMS table. For more information on how to retrieve your incoming SMS, refer to this &#xA;&#x9;&#x9;&#x9;&#x9;&#x9;&#x9;&#x9;&#x9;&#x9;&#x9;&#x9;&#xA;&#x9;&#x9;&#x9;&#x9;&#x9;&#x9;&#x9;&lt;a href=&#34;/content/help/en/campaign/standard/channels/using/managing-incoming-sms.html#storing-incoming-sms&#34;&gt;section&lt;/a&gt;.&lt;/p&gt;&#xA;"
                               textIsRich="true"/>
                     <text_413 jcr:primaryType="nt:unstructured"
                               sling:resourceType="help/components/article-3/text"
                               text="&lt;p&gt;The &lt;strong&gt;Enable Real-time KPI updates during SR processing&lt;/strong&gt; option allows the &lt;strong&gt;Delivered&lt;/strong&gt; or &lt;strong&gt;Bounces + Errors&lt;/strong&gt; KPIs to be updated in real time after sending your delivery. These KPIs can be found in the &lt;strong&gt;Deployment&lt;/strong&gt; window and are directly recalculated from the SR (Status Report) received from the provider.&lt;/p&gt;&#xA;"
                               textIsRich="true"/>
                     <image_59 jcr:primaryType="nt:unstructured"
                               sling:resourceType="help/components/article-3/image"
                               jcr:title=""
                               alt=""
                               captionBottom=""
                               fileName="sms_connection_1.png"
                               originalFileName="images/en/sms_connection_1.png"
                               fileReference="/content/dam/help/en/campaign/standard/sms_connection_1.png"
                               imageRotate="0"
                               originalHeight=""
                               originalWidth=""
                               scaleOption="toTemplate"
                               status="legacy"/>
        
                  </step_par>
               </step_187_0>
               <step_188_0 jcr:primaryType="nt:unstructured" sling:resourceType="help/components/step">
                  <step_par jcr:primaryType="nt:unstructured"
                            sling:resourceType="help/components/procedure/step_parsys">
                     <text_414 jcr:primaryType="nt:unstructured"
                               sling:resourceType="help/components/article-3/text"
                               text="&lt;p&gt;Define the &lt;strong&gt;Throughput and timeouts&lt;/strong&gt; parameters.&lt;/p&gt;&#xA;"
                               textIsRich="true"/>
                     <text_415 jcr:primaryType="nt:unstructured"
                               sling:resourceType="help/components/article-3/text"
                               text="&lt;p&gt;You can specify the maximum throughput of outbound messages (&#34;MT&#34;, Mobile Terminated) in MT per second. If you enter &#34;0&#34; in the corresponding field, the throughput will be unlimited.&lt;/p&gt;&#xA;"
                               textIsRich="true"/>
                     <text_416 jcr:primaryType="nt:unstructured"
                               sling:resourceType="help/components/article-3/text"
                               text="&lt;p&gt;The values of all of the fields corresponding to durations need to be completed in seconds.&lt;/p&gt;&#xA;"
                               textIsRich="true"/>
                  </step_par>
               </step_188_0>
               <step_189_0 jcr:primaryType="nt:unstructured" sling:resourceType="help/components/step">
                  <step_par jcr:primaryType="nt:unstructured"
                            sling:resourceType="help/components/procedure/step_parsys">
                     <text_417 jcr:primaryType="nt:unstructured"
                               sling:resourceType="help/components/article-3/text"
                               text="&lt;p&gt;Define the SMS-C specific parameters in case you need to define a specific encoding mapping. For more information, refer to the &#xA;&#x9;&#x9;&#x9;&#x9;&#x9;&#xA;&lt;a href=&#34;/content/help/en/campaign/standard/administration/using/configuring-sms-channel.html#smsc-specifics&#34; target=&#34;_blank&#34;&gt;SMSC specifics&lt;/a&gt; section.&lt;/p&gt;&#xA;"
                               textIsRich="true"/>
                     <text_418 jcr:primaryType="nt:unstructured"
                               sling:resourceType="help/components/article-3/text"
                               text="&lt;p&gt;Enable the &lt;strong&gt;Send full phone number (send characters other than digits)&lt;/strong&gt; option if you don't want to respect the SMPP protocol and transfer the &lt;strong&gt;+&lt;/strong&gt; prefix to the server of the SMS provider (SMS-C).&lt;/p&gt;&#xA;"
                               textIsRich="true"/>
                     <text_419 jcr:primaryType="nt:unstructured"
                               sling:resourceType="help/components/article-3/text"
                               text="&lt;p&gt;However, given that certain providers require the use of the &lt;strong&gt;+&lt;/strong&gt; prefix, it is advised that you check with your provider and they will suggest that you enable this option if necessary.&lt;/p&gt;&#xA;"
                               textIsRich="true"/>
                  </step_par>
               </step_189_0>
               <step_190_0 jcr:primaryType="nt:unstructured" sling:resourceType="help/components/step">
                  <step_par jcr:primaryType="nt:unstructured"
                            sling:resourceType="help/components/procedure/step_parsys">
                     <text_420 jcr:primaryType="nt:unstructured"
                               sling:resourceType="help/components/article-3/text"
                               text="&lt;p&gt;If needed, define automatic replies to trigger actions based on the content of a reply. For more on this, refer to &#xA;&#x9;&#x9;&#x9;&#x9;&#x9;&#x9;&#x9;&#x9;&#x9;&#x9;&#x9;&#xA;&#x9;&#x9;&#x9;&#x9;&#x9;&#x9;&#x9;&lt;a href=&#34;/content/help/en/campaign/standard/channels/using/managing-incoming-sms.html#managing-stop-sms&#34;&gt;this section&lt;/a&gt;.&lt;/p&gt;&#xA;"
                               textIsRich="true"/>
                  </step_par>
               </step_190_0>
               <step_191_0 jcr:primaryType="nt:unstructured" sling:resourceType="help/components/step">
                  <step_par jcr:primaryType="nt:unstructured"
                            sling:resourceType="help/components/procedure/step_parsys">
                     <text_421 jcr:primaryType="nt:unstructured"
                               sling:resourceType="help/components/article-3/text"
                               text="&lt;p&gt;Save the configuration of the SMS routing external account.&lt;/p&gt;&#xA;"
                               textIsRich="true"/>
                  </step_par>
               </step_191_0>
            </proc_par>
         </procedure_12_10>
         <text_422 jcr:primaryType="nt:unstructured"
                   sling:resourceType="help/components/article-3/text"
                   text="&lt;p&gt;You can now use your new routing to send SMS messages with Adobe Campaign.&lt;/p&gt;&#xA;"
                   textIsRich="true"/>
    
    
         <header_47 jcr:primaryType="nt:unstructured" sling:resourceType="help/components/header"
                    id="sms-encoding-and-formats"
                    level="2"
                    text="&lt;p&gt;SMS encoding and formats&lt;/p&gt;&#xA;"
                    textIsRich="'true'"/>
      
        <header_48 jcr:primaryType="nt:unstructured" sling:resourceType="help/components/header"
                    id="sms-encoding--length-and-transliteration"
                    level="3"
                    text="&lt;p&gt;SMS encoding, length and transliteration&lt;/p&gt;&#xA;"
                    textIsRich="'true'"/>
        <text_423 jcr:primaryType="nt:unstructured"
                   sling:resourceType="help/components/article-3/text"
                   text="&lt;p&gt;By default, the number of characters in an SMS meets the GSM (Global System for Mobile Communications) standards.&lt;/p&gt;&#xA;"
                   textIsRich="true"/>
        <text_424 jcr:primaryType="nt:unstructured"
                   sling:resourceType="help/components/article-3/text"
                   text="&lt;p&gt;SMS messages using GSM encoding are limited to 160 characters, or 153 characters per SMS for messages sent in multiple parts.&lt;/p&gt;&#xA;"
                   textIsRich="true"/>
        <note_15 jcr:primaryType="nt:unstructured"
                  sling:resourceType="help/components/article-3/note"
                  text="&lt;p&gt;&#xA;          Certain characters count as two (braces, square brackets, the euro symbol, etc.).&#xA;          The list of available GSM characters is presented in the &#xA;&#x9;&#x9;&#x9;&#x9;&#x9;&#xA;&lt;a href=&#34;/content/help/en/campaign/standard/administration/using/configuring-sms-channel.html#table-of-characters---gsm-standard&#34; target=&#34;_blank&#34;&gt;Table of characters - GSM Standard&lt;/a&gt; section.&#xA;        &lt;/p&gt;&#xA;"
                  textIsRich="true"
                  type="note"/>
        <text_427 jcr:primaryType="nt:unstructured"
                   sling:resourceType="help/components/article-3/text"
                   text="&lt;p&gt;If you like, you can authorize character transliteration by checking the corresponding box.&lt;/p&gt;&#xA;"
                   textIsRich="true"/>
        <image_60 jcr:primaryType="nt:unstructured"
                   sling:resourceType="help/components/article-3/image"
                   jcr:title=""
                   alt=""
                   captionBottom=""
                   fileName="sms_transliteration.png"
                   originalFileName="images/en/sms_transliteration.png"
                   fileReference="/content/dam/help/en/campaign/standard/sms_transliteration.png"
                   imageRotate="0"
                   originalHeight=""
                   originalWidth=""
                   scaleOption="toTemplate"
                   status="legacy"/>
        <text_428 jcr:primaryType="nt:unstructured"
                   sling:resourceType="help/components/article-3/text"
                   text="&lt;p&gt;Transliteration consists of replacing one character of an SMS by another when that character is not taken into account by the GSM standard.&lt;/p&gt;&#xA;"
                   textIsRich="true"/>
        <procedure_31 jcr:primaryType="nt:unstructured"
                       sling:resourceType="help/components/procedure"
                       isBulleted="true">
            <proc_par jcr:primaryType="nt:unstructured"
                      sling:resourceType="help/components/procedure/proc_parsys">
               <step_192_31 jcr:primaryType="nt:unstructured" sling:resourceType="help/components/step">
                  <step_par jcr:primaryType="nt:unstructured"
                            sling:resourceType="help/components/procedure/step_parsys">
                     <text_429 jcr:primaryType="nt:unstructured"
                               sling:resourceType="help/components/article-3/text"
                               text="&lt;p&gt;If transliteration is &lt;strong&gt;authorized&lt;/strong&gt;, each character that is not taken into account is replaced by a GSM character when the message is sent. For example, the letter &#34;ë&#34; is replaced by &#34;e&#34;. The message is therefore slightly altered, but the character limit will remain the same.&lt;/p&gt;&#xA;"
                               textIsRich="true"/>
                  </step_par>
               </step_192_31>
               <step_193_31 jcr:primaryType="nt:unstructured" sling:resourceType="help/components/step">
                  <step_par jcr:primaryType="nt:unstructured"
                            sling:resourceType="help/components/procedure/step_parsys">
                     <text_430 jcr:primaryType="nt:unstructured"
                               sling:resourceType="help/components/article-3/text"
                               text="&lt;p&gt;When transliteration is &lt;strong&gt;not authorized&lt;/strong&gt;, each message that contains characters that are not taken into account is sent in binary format (Unicode): all of the characters are therefore sent as they are. However, the SMS messages using Unicode are limited to 70 characters (or 67 characters per SMS for messages sent in multiple parts). If the maximum number of characters is exceeded, several messages will then be sent, which may create additional costs.&lt;/p&gt;&#xA;"
                               textIsRich="true"/>
                  </step_par>
               </step_193_31>
            </proc_par>
         </procedure_31>
        <caution_13 jcr:primaryType="nt:unstructured"
                     sling:resourceType="help/components/article-3/note"
                     text="&lt;p&gt;&#xA;          Inserting personalization fields into the content of your SMS message may introduce characters that are not taken into account by the GSM encoding.&#xA;          A content example is offered in the &#xA;&#x9;&#x9;&#x9;&#x9;&#x9;&#x9;&#x9;&#x9;&#x9;&#x9;&#x9;&#xA;&#x9;&#x9;&#x9;&#x9;&#x9;&#x9;&#x9;&lt;a href=&#34;/content/help/en/campaign/standard/channels/using/personalizing-sms-messages.html&#34;&gt;Personalizing SMS messages&lt;/a&gt; section.&#xA;        &lt;/p&gt;&#xA;"
                     textIsRich="true"
                     type="caution"/>
        <text_433 jcr:primaryType="nt:unstructured"
                   sling:resourceType="help/components/article-3/text"
                   text="&lt;p&gt;By default, character transliteration is disabled. If you would like all of the characters in your SMS messages to be kept as they are, to not alter proper names for example, we recommend that you do not enable this option.&lt;/p&gt;&#xA;"
                   textIsRich="true"/>
        <text_434 jcr:primaryType="nt:unstructured"
                   sling:resourceType="help/components/article-3/text"
                   text="&lt;p&gt;However, if your SMS messages contain a lot of characters that generate Unicode messages, you can choose to enable this option to limit the costs of sending your messages.&lt;/p&gt;&#xA;"
                   textIsRich="true"/>
      
      
        <header_49 jcr:primaryType="nt:unstructured" sling:resourceType="help/components/header"
                    id="table-of-characters---gsm-standard"
                    level="3"
                    text="&lt;p&gt;Table of characters - GSM Standard&lt;/p&gt;&#xA;"
                    textIsRich="'true'"/>
        <text_435 jcr:primaryType="nt:unstructured"
                   sling:resourceType="help/components/article-3/text"
                   text="&lt;p&gt;This section presents the characters taken into account by the GSM standard. All of the characters inserted into the message body, other than those mentioned below, convert the entire message into binary format (Unicode) and therefore limit it to 70 characters. For more on this, refer to the &#xA;&#x9;&#x9;&#x9;&#x9;&#x9;&#xA;&lt;a href=&#34;/content/help/en/campaign/standard/administration/using/configuring-sms-channel.html#sms-encoding--length-and-transliteration&#34; target=&#34;_blank&#34;&gt;SMS encoding, length and transliteration&lt;/a&gt; section.&lt;/p&gt;&#xA;"
                   textIsRich="true"/>
        <text_436 jcr:primaryType="nt:unstructured"
                   sling:resourceType="help/components/article-3/text"
                   text="&lt;p&gt;&lt;strong&gt;Basic characters&lt;/strong&gt;&lt;/p&gt;&#xA;"
                   textIsRich="true"/>
        <table_0 jcr:primaryType="nt:unstructured"
                  sling:resourceType="help/components/article-3/table"
                  hasHeader="true"
                  text="&lt;table&gt;&#xA;          &#xA;            &#xA;            &#xA;            &#xA;            &#xA;            &#xA;            &#xA;            &#xA;            &#xA;            &#xA;            &#xA;&lt;tbody&gt;&#xA;              &#xA;&lt;tr&gt;&#xA;                &#xA;&#x9;&#x9;&#x9;&#x9;&#x9;&#x9;&lt;td&gt;&#xA;&#x9;&#x9;&#x9;&#x9;&#x9;&#x9;&#x9;&#xA;                  @&lt;br/&gt;&#xA;&#x9;&#xA;                &#xA;&#x9;&#x9;&#x9;&#x9;&#x9;&#x9;&lt;/td&gt;&#xA;&#x9;&#x9;&#x9;&#x9;&#x9;&#xA;                &#xA;&#x9;&#x9;&#x9;&#x9;&#x9;&#x9;&lt;td&gt;&#xA;&#x9;&#x9;&#x9;&#x9;&#x9;&#x9;&#x9;&#xA;                  &#xA;&#x9;&lt;img height=&#34;21px&#34; src=&#34;/content/dam/help/en/campaign/standard/delta.png&#34; /&gt;&#xA;&#x9;&#xA;&lt;br/&gt;&#xA;&#x9;&#xA;                &#xA;&#x9;&#x9;&#x9;&#x9;&#x9;&#x9;&lt;/td&gt;&#xA;&#x9;&#x9;&#x9;&#x9;&#x9;&#xA;                &#xA;&#x9;&#x9;&#x9;&#x9;&#x9;&#x9;&lt;td&gt;&#xA;&#x9;&#x9;&#x9;&#x9;&#x9;&#x9;&#x9;&#xA;                  SP&lt;br/&gt;&#xA;&#x9;&#xA;                &#xA;&#x9;&#x9;&#x9;&#x9;&#x9;&#x9;&lt;/td&gt;&#xA;&#x9;&#x9;&#x9;&#x9;&#x9;&#xA;                &#xA;&#x9;&#x9;&#x9;&#x9;&#x9;&#x9;&lt;td&gt;&#xA;&#x9;&#x9;&#x9;&#x9;&#x9;&#x9;&#x9;&#xA;                  0&lt;br/&gt;&#xA;&#x9;&#xA;                &#xA;&#x9;&#x9;&#x9;&#x9;&#x9;&#x9;&lt;/td&gt;&#xA;&#x9;&#x9;&#x9;&#x9;&#x9;&#xA;                &#xA;&#x9;&#x9;&#x9;&#x9;&#x9;&#x9;&lt;td&gt;&#xA;&#x9;&#x9;&#x9;&#x9;&#x9;&#x9;&#x9;&#xA;                  ¡&lt;br/&gt;&#xA;&#x9;&#xA;                &#xA;&#x9;&#x9;&#x9;&#x9;&#x9;&#x9;&lt;/td&gt;&#xA;&#x9;&#x9;&#x9;&#x9;&#x9;&#xA;                &#xA;&#x9;&#x9;&#x9;&#x9;&#x9;&#x9;&lt;td&gt;&#xA;&#x9;&#x9;&#x9;&#x9;&#x9;&#x9;&#x9;&#xA;                  P&lt;br/&gt;&#xA;&#x9;&#xA;                &#xA;&#x9;&#x9;&#x9;&#x9;&#x9;&#x9;&lt;/td&gt;&#xA;&#x9;&#x9;&#x9;&#x9;&#x9;&#xA;                &#xA;&#x9;&#x9;&#x9;&#x9;&#x9;&#x9;&lt;td&gt;&#xA;&#x9;&#x9;&#x9;&#x9;&#x9;&#x9;&#x9;&#xA;                  ¿&lt;br/&gt;&#xA;&#x9;&#xA;                &#xA;&#x9;&#x9;&#x9;&#x9;&#x9;&#x9;&lt;/td&gt;&#xA;&#x9;&#x9;&#x9;&#x9;&#x9;&#xA;                &#xA;&#x9;&#x9;&#x9;&#x9;&#x9;&#x9;&lt;td&gt;&#xA;&#x9;&#x9;&#x9;&#x9;&#x9;&#x9;&#x9;&#xA;                  P&lt;br/&gt;&#xA;&#x9;&#xA;                &#xA;&#x9;&#x9;&#x9;&#x9;&#x9;&#x9;&lt;/td&gt;&#xA;&#x9;&#x9;&#x9;&#x9;&#x9;&#xA;              &lt;/tr&gt;&#xA;&#x9;&#xA;              &#xA;&lt;tr&gt;&#xA;                &#xA;&#x9;&#x9;&#x9;&#x9;&#x9;&#x9;&lt;td&gt;&#xA;&#x9;&#x9;&#x9;&#x9;&#x9;&#x9;&#x9;&#xA;                  £&lt;br/&gt;&#xA;&#x9;&#xA;                &#xA;&#x9;&#x9;&#x9;&#x9;&#x9;&#x9;&lt;/td&gt;&#xA;&#x9;&#x9;&#x9;&#x9;&#x9;&#xA;                &#xA;&#x9;&#x9;&#x9;&#x9;&#x9;&#x9;&lt;td&gt;&#xA;&#x9;&#x9;&#x9;&#x9;&#x9;&#x9;&#x9;&#xA;                  _&lt;br/&gt;&#xA;&#x9;&#xA;                &#xA;&#x9;&#x9;&#x9;&#x9;&#x9;&#x9;&lt;/td&gt;&#xA;&#x9;&#x9;&#x9;&#x9;&#x9;&#xA;                &#xA;&#x9;&#x9;&#x9;&#x9;&#x9;&#x9;&lt;td&gt;&#xA;&#x9;&#x9;&#x9;&#x9;&#x9;&#x9;&#x9;&#xA;                  !&lt;br/&gt;&#xA;&#x9;&#xA;                &#xA;&#x9;&#x9;&#x9;&#x9;&#x9;&#x9;&lt;/td&gt;&#xA;&#x9;&#x9;&#x9;&#x9;&#x9;&#xA;                &#xA;&#x9;&#x9;&#x9;&#x9;&#x9;&#x9;&lt;td&gt;&#xA;&#x9;&#x9;&#x9;&#x9;&#x9;&#x9;&#x9;&#xA;                  1&lt;br/&gt;&#xA;&#x9;&#xA;                &#xA;&#x9;&#x9;&#x9;&#x9;&#x9;&#x9;&lt;/td&gt;&#xA;&#x9;&#x9;&#x9;&#x9;&#x9;&#xA;                &#xA;&#x9;&#x9;&#x9;&#x9;&#x9;&#x9;&lt;td&gt;&#xA;&#x9;&#x9;&#x9;&#x9;&#x9;&#x9;&#x9;&#xA;                  A&lt;br/&gt;&#xA;&#x9;&#xA;                &#xA;&#x9;&#x9;&#x9;&#x9;&#x9;&#x9;&lt;/td&gt;&#xA;&#x9;&#x9;&#x9;&#x9;&#x9;&#xA;                &#xA;&#x9;&#x9;&#x9;&#x9;&#x9;&#x9;&lt;td&gt;&#xA;&#x9;&#x9;&#x9;&#x9;&#x9;&#x9;&#x9;&#xA;                  Q&lt;br/&gt;&#xA;&#x9;&#xA;                &#xA;&#x9;&#x9;&#x9;&#x9;&#x9;&#x9;&lt;/td&gt;&#xA;&#x9;&#x9;&#x9;&#x9;&#x9;&#xA;                &#xA;&#x9;&#x9;&#x9;&#x9;&#x9;&#x9;&lt;td&gt;&#xA;&#x9;&#x9;&#x9;&#x9;&#x9;&#x9;&#x9;&#xA;                  a&lt;br/&gt;&#xA;&#x9;&#xA;                &#xA;&#x9;&#x9;&#x9;&#x9;&#x9;&#x9;&lt;/td&gt;&#xA;&#x9;&#x9;&#x9;&#x9;&#x9;&#xA;                &#xA;&#x9;&#x9;&#x9;&#x9;&#x9;&#x9;&lt;td&gt;&#xA;&#x9;&#x9;&#x9;&#x9;&#x9;&#x9;&#x9;&#xA;                  q&lt;br/&gt;&#xA;&#x9;&#xA;                &#xA;&#x9;&#x9;&#x9;&#x9;&#x9;&#x9;&lt;/td&gt;&#xA;&#x9;&#x9;&#x9;&#x9;&#x9;&#xA;              &lt;/tr&gt;&#xA;&#x9;&#xA;              &#xA;&lt;tr&gt;&#xA;                &#xA;&#x9;&#x9;&#x9;&#x9;&#x9;&#x9;&lt;td&gt;&#xA;&#x9;&#x9;&#x9;&#x9;&#x9;&#x9;&#x9;&#xA;                  $&lt;br/&gt;&#xA;&#x9;&#xA;                &#xA;&#x9;&#x9;&#x9;&#x9;&#x9;&#x9;&lt;/td&gt;&#xA;&#x9;&#x9;&#x9;&#x9;&#x9;&#xA;                &#xA;&#x9;&#x9;&#x9;&#x9;&#x9;&#x9;&lt;td&gt;&#xA;&#x9;&#x9;&#x9;&#x9;&#x9;&#x9;&#x9;&#xA;                  &#xA;&#x9;&lt;img height=&#34;21px&#34; src=&#34;/content/dam/help/en/campaign/standard/phi.png&#34; /&gt;&#xA;&#x9;&#xA;&lt;br/&gt;&#xA;&#x9;&#xA;                &#xA;&#x9;&#x9;&#x9;&#x9;&#x9;&#x9;&lt;/td&gt;&#xA;&#x9;&#x9;&#x9;&#x9;&#x9;&#xA;                &#xA;&#x9;&#x9;&#x9;&#x9;&#x9;&#x9;&lt;td&gt;&#xA;&#x9;&#x9;&#x9;&#x9;&#x9;&#x9;&#x9;&#xA;                  &#34;&lt;br/&gt;&#xA;&#x9;&#xA;                &#xA;&#x9;&#x9;&#x9;&#x9;&#x9;&#x9;&lt;/td&gt;&#xA;&#x9;&#x9;&#x9;&#x9;&#x9;&#xA;                &#xA;&#x9;&#x9;&#x9;&#x9;&#x9;&#x9;&lt;td&gt;&#xA;&#x9;&#x9;&#x9;&#x9;&#x9;&#x9;&#x9;&#xA;                  2&lt;br/&gt;&#xA;&#x9;&#xA;                &#xA;&#x9;&#x9;&#x9;&#x9;&#x9;&#x9;&lt;/td&gt;&#xA;&#x9;&#x9;&#x9;&#x9;&#x9;&#xA;                &#xA;&#x9;&#x9;&#x9;&#x9;&#x9;&#x9;&lt;td&gt;&#xA;&#x9;&#x9;&#x9;&#x9;&#x9;&#x9;&#x9;&#xA;                  B&lt;br/&gt;&#xA;&#x9;&#xA;                &#xA;&#x9;&#x9;&#x9;&#x9;&#x9;&#x9;&lt;/td&gt;&#xA;&#x9;&#x9;&#x9;&#x9;&#x9;&#xA;                &#xA;&#x9;&#x9;&#x9;&#x9;&#x9;&#x9;&lt;td&gt;&#xA;&#x9;&#x9;&#x9;&#x9;&#x9;&#x9;&#x9;&#xA;                  R&lt;br/&gt;&#xA;&#x9;&#xA;                &#xA;&#x9;&#x9;&#x9;&#x9;&#x9;&#x9;&lt;/td&gt;&#xA;&#x9;&#x9;&#x9;&#x9;&#x9;&#xA;                &#xA;&#x9;&#x9;&#x9;&#x9;&#x9;&#x9;&lt;td&gt;&#xA;&#x9;&#x9;&#x9;&#x9;&#x9;&#x9;&#x9;&#xA;                  b&lt;br/&gt;&#xA;&#x9;&#xA;                &#xA;&#x9;&#x9;&#x9;&#x9;&#x9;&#x9;&lt;/td&gt;&#xA;&#x9;&#x9;&#x9;&#x9;&#x9;&#xA;                &#xA;&#x9;&#x9;&#x9;&#x9;&#x9;&#x9;&lt;td&gt;&#xA;&#x9;&#x9;&#x9;&#x9;&#x9;&#x9;&#x9;&#xA;                  r&lt;br/&gt;&#xA;&#x9;&#xA;                &#xA;&#x9;&#x9;&#x9;&#x9;&#x9;&#x9;&lt;/td&gt;&#xA;&#x9;&#x9;&#x9;&#x9;&#x9;&#xA;              &lt;/tr&gt;&#xA;&#x9;&#xA;              &#xA;&lt;tr&gt;&#xA;                &#xA;&#x9;&#x9;&#x9;&#x9;&#x9;&#x9;&lt;td&gt;&#xA;&#x9;&#x9;&#x9;&#x9;&#x9;&#x9;&#x9;&#xA;                  ¥&lt;br/&gt;&#xA;&#x9;&#xA;                &#xA;&#x9;&#x9;&#x9;&#x9;&#x9;&#x9;&lt;/td&gt;&#xA;&#x9;&#x9;&#x9;&#x9;&#x9;&#xA;                &#xA;&#x9;&#x9;&#x9;&#x9;&#x9;&#x9;&lt;td&gt;&#xA;&#x9;&#x9;&#x9;&#x9;&#x9;&#x9;&#x9;&#xA;                  &#xA;&#x9;&lt;img height=&#34;21px&#34; src=&#34;/content/dam/help/en/campaign/standard/gamma.png&#34; /&gt;&#xA;&#x9;&#xA;&lt;br/&gt;&#xA;&#x9;&#xA;                &#xA;&#x9;&#x9;&#x9;&#x9;&#x9;&#x9;&lt;/td&gt;&#xA;&#x9;&#x9;&#x9;&#x9;&#x9;&#xA;                &#xA;&#x9;&#x9;&#x9;&#x9;&#x9;&#x9;&lt;td&gt;&#xA;&#x9;&#x9;&#x9;&#x9;&#x9;&#x9;&#x9;&#xA;                  #&lt;br/&gt;&#xA;&#x9;&#xA;                &#xA;&#x9;&#x9;&#x9;&#x9;&#x9;&#x9;&lt;/td&gt;&#xA;&#x9;&#x9;&#x9;&#x9;&#x9;&#xA;                &#xA;&#x9;&#x9;&#x9;&#x9;&#x9;&#x9;&lt;td&gt;&#xA;&#x9;&#x9;&#x9;&#x9;&#x9;&#x9;&#x9;&#xA;                  3&lt;br/&gt;&#xA;&#x9;&#xA;                &#xA;&#x9;&#x9;&#x9;&#x9;&#x9;&#x9;&lt;/td&gt;&#xA;&#x9;&#x9;&#x9;&#x9;&#x9;&#xA;                &#xA;&#x9;&#x9;&#x9;&#x9;&#x9;&#x9;&lt;td&gt;&#xA;&#x9;&#x9;&#x9;&#x9;&#x9;&#x9;&#x9;&#xA;                  C&lt;br/&gt;&#xA;&#x9;&#xA;                &#xA;&#x9;&#x9;&#x9;&#x9;&#x9;&#x9;&lt;/td&gt;&#xA;&#x9;&#x9;&#x9;&#x9;&#x9;&#xA;                &#xA;&#x9;&#x9;&#x9;&#x9;&#x9;&#x9;&lt;td&gt;&#xA;&#x9;&#x9;&#x9;&#x9;&#x9;&#x9;&#x9;&#xA;                  S&lt;br/&gt;&#xA;&#x9;&#xA;                &#xA;&#x9;&#x9;&#x9;&#x9;&#x9;&#x9;&lt;/td&gt;&#xA;&#x9;&#x9;&#x9;&#x9;&#x9;&#xA;                &#xA;&#x9;&#x9;&#x9;&#x9;&#x9;&#x9;&lt;td&gt;&#xA;&#x9;&#x9;&#x9;&#x9;&#x9;&#x9;&#x9;&#xA;                  c&lt;br/&gt;&#xA;&#x9;&#xA;                &#xA;&#x9;&#x9;&#x9;&#x9;&#x9;&#x9;&lt;/td&gt;&#xA;&#x9;&#x9;&#x9;&#x9;&#x9;&#xA;                &#xA;&#x9;&#x9;&#x9;&#x9;&#x9;&#x9;&lt;td&gt;&#xA;&#x9;&#x9;&#x9;&#x9;&#x9;&#x9;&#x9;&#xA;                  s&lt;br/&gt;&#xA;&#x9;&#xA;                &#xA;&#x9;&#x9;&#x9;&#x9;&#x9;&#x9;&lt;/td&gt;&#xA;&#x9;&#x9;&#x9;&#x9;&#x9;&#xA;              &lt;/tr&gt;&#xA;&#x9;&#xA;              &#xA;&lt;tr&gt;&#xA;                &#xA;&#x9;&#x9;&#x9;&#x9;&#x9;&#x9;&lt;td&gt;&#xA;&#x9;&#x9;&#x9;&#x9;&#x9;&#x9;&#x9;&#xA;                  è&lt;br/&gt;&#xA;&#x9;&#xA;                &#xA;&#x9;&#x9;&#x9;&#x9;&#x9;&#x9;&lt;/td&gt;&#xA;&#x9;&#x9;&#x9;&#x9;&#x9;&#xA;                &#xA;&#x9;&#x9;&#x9;&#x9;&#x9;&#x9;&lt;td&gt;&#xA;&#x9;&#x9;&#x9;&#x9;&#x9;&#x9;&#x9;&#xA;                  &#xA;&#x9;&lt;img height=&#34;21px&#34; src=&#34;/content/dam/help/en/campaign/standard/delta.png&#34; /&gt;&#xA;&#x9;&#xA;&lt;br/&gt;&#xA;&#x9;&#xA;                &#xA;&#x9;&#x9;&#x9;&#x9;&#x9;&#x9;&lt;/td&gt;&#xA;&#x9;&#x9;&#x9;&#x9;&#x9;&#xA;                &#xA;&#x9;&#x9;&#x9;&#x9;&#x9;&#x9;&lt;td&gt;&#xA;&#x9;&#x9;&#x9;&#x9;&#x9;&#x9;&#x9;&#xA;                  ¤&lt;br/&gt;&#xA;&#x9;&#xA;                &#xA;&#x9;&#x9;&#x9;&#x9;&#x9;&#x9;&lt;/td&gt;&#xA;&#x9;&#x9;&#x9;&#x9;&#x9;&#xA;                &#xA;&#x9;&#x9;&#x9;&#x9;&#x9;&#x9;&lt;td&gt;&#xA;&#x9;&#x9;&#x9;&#x9;&#x9;&#x9;&#x9;&#xA;                  4&lt;br/&gt;&#xA;&#x9;&#xA;                &#xA;&#x9;&#x9;&#x9;&#x9;&#x9;&#x9;&lt;/td&gt;&#xA;&#x9;&#x9;&#x9;&#x9;&#x9;&#xA;                &#xA;&#x9;&#x9;&#x9;&#x9;&#x9;&#x9;&lt;td&gt;&#xA;&#x9;&#x9;&#x9;&#x9;&#x9;&#x9;&#x9;&#xA;                  D&lt;br/&gt;&#xA;&#x9;&#xA;                &#xA;&#x9;&#x9;&#x9;&#x9;&#x9;&#x9;&lt;/td&gt;&#xA;&#x9;&#x9;&#x9;&#x9;&#x9;&#xA;                &#xA;&#x9;&#x9;&#x9;&#x9;&#x9;&#x9;&lt;td&gt;&#xA;&#x9;&#x9;&#x9;&#x9;&#x9;&#x9;&#x9;&#xA;                  T&lt;br/&gt;&#xA;&#x9;&#xA;                &#xA;&#x9;&#x9;&#x9;&#x9;&#x9;&#x9;&lt;/td&gt;&#xA;&#x9;&#x9;&#x9;&#x9;&#x9;&#xA;                &#xA;&#x9;&#x9;&#x9;&#x9;&#x9;&#x9;&lt;td&gt;&#xA;&#x9;&#x9;&#x9;&#x9;&#x9;&#x9;&#x9;&#xA;                  d&lt;br/&gt;&#xA;&#x9;&#xA;                &#xA;&#x9;&#x9;&#x9;&#x9;&#x9;&#x9;&lt;/td&gt;&#xA;&#x9;&#x9;&#x9;&#x9;&#x9;&#xA;                &#xA;&#x9;&#x9;&#x9;&#x9;&#x9;&#x9;&lt;td&gt;&#xA;&#x9;&#x9;&#x9;&#x9;&#x9;&#x9;&#x9;&#xA;                  t&lt;br/&gt;&#xA;&#x9;&#xA;                &#xA;&#x9;&#x9;&#x9;&#x9;&#x9;&#x9;&lt;/td&gt;&#xA;&#x9;&#x9;&#x9;&#x9;&#x9;&#xA;              &lt;/tr&gt;&#xA;&#x9;&#xA;              &#xA;&lt;tr&gt;&#xA;                &#xA;&#x9;&#x9;&#x9;&#x9;&#x9;&#x9;&lt;td&gt;&#xA;&#x9;&#x9;&#x9;&#x9;&#x9;&#x9;&#x9;&#xA;                  é&lt;br/&gt;&#xA;&#x9;&#xA;                &#xA;&#x9;&#x9;&#x9;&#x9;&#x9;&#x9;&lt;/td&gt;&#xA;&#x9;&#x9;&#x9;&#x9;&#x9;&#xA;                &#xA;&#x9;&#x9;&#x9;&#x9;&#x9;&#x9;&lt;td&gt;&#xA;&#x9;&#x9;&#x9;&#x9;&#x9;&#x9;&#x9;&#xA;                  &#xA;&#x9;&lt;img height=&#34;21px&#34; src=&#34;/content/dam/help/en/campaign/standard/omega.png&#34; /&gt;&#xA;&#x9;&#xA;&lt;br/&gt;&#xA;&#x9;&#xA;                &#xA;&#x9;&#x9;&#x9;&#x9;&#x9;&#x9;&lt;/td&gt;&#xA;&#x9;&#x9;&#x9;&#x9;&#x9;&#xA;                &#xA;&#x9;&#x9;&#x9;&#x9;&#x9;&#x9;&lt;td&gt;&#xA;&#x9;&#x9;&#x9;&#x9;&#x9;&#x9;&#x9;&#xA;                  %&lt;br/&gt;&#xA;&#x9;&#xA;                &#xA;&#x9;&#x9;&#x9;&#x9;&#x9;&#x9;&lt;/td&gt;&#xA;&#x9;&#x9;&#x9;&#x9;&#x9;&#xA;                &#xA;&#x9;&#x9;&#x9;&#x9;&#x9;&#x9;&lt;td&gt;&#xA;&#x9;&#x9;&#x9;&#x9;&#x9;&#x9;&#x9;&#xA;                  5&lt;br/&gt;&#xA;&#x9;&#xA;                &#xA;&#x9;&#x9;&#x9;&#x9;&#x9;&#x9;&lt;/td&gt;&#xA;&#x9;&#x9;&#x9;&#x9;&#x9;&#xA;                &#xA;&#x9;&#x9;&#x9;&#x9;&#x9;&#x9;&lt;td&gt;&#xA;&#x9;&#x9;&#x9;&#x9;&#x9;&#x9;&#x9;&#xA;                  E&lt;br/&gt;&#xA;&#x9;&#xA;                &#xA;&#x9;&#x9;&#x9;&#x9;&#x9;&#x9;&lt;/td&gt;&#xA;&#x9;&#x9;&#x9;&#x9;&#x9;&#xA;                &#xA;&#x9;&#x9;&#x9;&#x9;&#x9;&#x9;&lt;td&gt;&#xA;&#x9;&#x9;&#x9;&#x9;&#x9;&#x9;&#x9;&#xA;                  U&lt;br/&gt;&#xA;&#x9;&#xA;                &#xA;&#x9;&#x9;&#x9;&#x9;&#x9;&#x9;&lt;/td&gt;&#xA;&#x9;&#x9;&#x9;&#x9;&#x9;&#xA;                &#xA;&#x9;&#x9;&#x9;&#x9;&#x9;&#x9;&lt;td&gt;&#xA;&#x9;&#x9;&#x9;&#x9;&#x9;&#x9;&#x9;&#xA;                  e&lt;br/&gt;&#xA;&#x9;&#xA;                &#xA;&#x9;&#x9;&#x9;&#x9;&#x9;&#x9;&lt;/td&gt;&#xA;&#x9;&#x9;&#x9;&#x9;&#x9;&#xA;                &#xA;&#x9;&#x9;&#x9;&#x9;&#x9;&#x9;&lt;td&gt;&#xA;&#x9;&#x9;&#x9;&#x9;&#x9;&#x9;&#x9;&#xA;                  u&lt;br/&gt;&#xA;&#x9;&#xA;                &#xA;&#x9;&#x9;&#x9;&#x9;&#x9;&#x9;&lt;/td&gt;&#xA;&#x9;&#x9;&#x9;&#x9;&#x9;&#xA;              &lt;/tr&gt;&#xA;&#x9;&#xA;              &#xA;&lt;tr&gt;&#xA;                &#xA;&#x9;&#x9;&#x9;&#x9;&#x9;&#x9;&lt;td&gt;&#xA;&#x9;&#x9;&#x9;&#x9;&#x9;&#x9;&#x9;&#xA;                  ù&lt;br/&gt;&#xA;&#x9;&#xA;                &#xA;&#x9;&#x9;&#x9;&#x9;&#x9;&#x9;&lt;/td&gt;&#xA;&#x9;&#x9;&#x9;&#x9;&#x9;&#xA;                &#xA;&#x9;&#x9;&#x9;&#x9;&#x9;&#x9;&lt;td&gt;&#xA;&#x9;&#x9;&#x9;&#x9;&#x9;&#x9;&#x9;&#xA;                  &#xA;&#x9;&lt;img height=&#34;21px&#34; src=&#34;/content/dam/help/en/campaign/standard/pi.png&#34; /&gt;&#xA;&#x9;&#xA;&lt;br/&gt;&#xA;&#x9;&#xA;                &#xA;&#x9;&#x9;&#x9;&#x9;&#x9;&#x9;&lt;/td&gt;&#xA;&#x9;&#x9;&#x9;&#x9;&#x9;&#xA;                &#xA;&#x9;&#x9;&#x9;&#x9;&#x9;&#x9;&lt;td&gt;&#xA;&#x9;&#x9;&#x9;&#x9;&#x9;&#x9;&#x9;&#xA;                  &amp;&lt;br/&gt;&#xA;&#x9;&#xA;                &#xA;&#x9;&#x9;&#x9;&#x9;&#x9;&#x9;&lt;/td&gt;&#xA;&#x9;&#x9;&#x9;&#x9;&#x9;&#xA;                &#xA;&#x9;&#x9;&#x9;&#x9;&#x9;&#x9;&lt;td&gt;&#xA;&#x9;&#x9;&#x9;&#x9;&#x9;&#x9;&#x9;&#xA;                  6&lt;br/&gt;&#xA;&#x9;&#xA;                &#xA;&#x9;&#x9;&#x9;&#x9;&#x9;&#x9;&lt;/td&gt;&#xA;&#x9;&#x9;&#x9;&#x9;&#x9;&#xA;                &#xA;&#x9;&#x9;&#x9;&#x9;&#x9;&#x9;&lt;td&gt;&#xA;&#x9;&#x9;&#x9;&#x9;&#x9;&#x9;&#x9;&#xA;                  F&lt;br/&gt;&#xA;&#x9;&#xA;                &#xA;&#x9;&#x9;&#x9;&#x9;&#x9;&#x9;&lt;/td&gt;&#xA;&#x9;&#x9;&#x9;&#x9;&#x9;&#xA;                &#xA;&#x9;&#x9;&#x9;&#x9;&#x9;&#x9;&lt;td&gt;&#xA;&#x9;&#x9;&#x9;&#x9;&#x9;&#x9;&#x9;&#xA;                  V&lt;br/&gt;&#xA;&#x9;&#xA;                &#xA;&#x9;&#x9;&#x9;&#x9;&#x9;&#x9;&lt;/td&gt;&#xA;&#x9;&#x9;&#x9;&#x9;&#x9;&#xA;                &#xA;&#x9;&#x9;&#x9;&#x9;&#x9;&#x9;&lt;td&gt;&#xA;&#x9;&#x9;&#x9;&#x9;&#x9;&#x9;&#x9;&#xA;                  f&lt;br/&gt;&#xA;&#x9;&#xA;                &#xA;&#x9;&#x9;&#x9;&#x9;&#x9;&#x9;&lt;/td&gt;&#xA;&#x9;&#x9;&#x9;&#x9;&#x9;&#xA;                &#xA;&#x9;&#x9;&#x9;&#x9;&#x9;&#x9;&lt;td&gt;&#xA;&#x9;&#x9;&#x9;&#x9;&#x9;&#x9;&#x9;&#xA;                  v&lt;br/&gt;&#xA;&#x9;&#xA;                &#xA;&#x9;&#x9;&#x9;&#x9;&#x9;&#x9;&lt;/td&gt;&#xA;&#x9;&#x9;&#x9;&#x9;&#x9;&#xA;              &lt;/tr&gt;&#xA;&#x9;&#xA;              &#xA;&lt;tr&gt;&#xA;                &#xA;&#x9;&#x9;&#x9;&#x9;&#x9;&#x9;&lt;td&gt;&#xA;&#x9;&#x9;&#x9;&#x9;&#x9;&#x9;&#x9;&#xA;                  ì&lt;br/&gt;&#xA;&#x9;&#xA;                &#xA;&#x9;&#x9;&#x9;&#x9;&#x9;&#x9;&lt;/td&gt;&#xA;&#x9;&#x9;&#x9;&#x9;&#x9;&#xA;                &#xA;&#x9;&#x9;&#x9;&#x9;&#x9;&#x9;&lt;td&gt;&#xA;&#x9;&#x9;&#x9;&#x9;&#x9;&#x9;&#x9;&#xA;                  &#xA;&#x9;&lt;img height=&#34;21px&#34; src=&#34;/content/dam/help/en/campaign/standard/psi.png&#34; /&gt;&#xA;&#x9;&#xA;&lt;br/&gt;&#xA;&#x9;&#xA;                &#xA;&#x9;&#x9;&#x9;&#x9;&#x9;&#x9;&lt;/td&gt;&#xA;&#x9;&#x9;&#x9;&#x9;&#x9;&#xA;                &#xA;&#x9;&#x9;&#x9;&#x9;&#x9;&#x9;&lt;td&gt;&#xA;&#x9;&#x9;&#x9;&#x9;&#x9;&#x9;&#x9;&#xA;                  '&lt;br/&gt;&#xA;&#x9;&#xA;                &#xA;&#x9;&#x9;&#x9;&#x9;&#x9;&#x9;&lt;/td&gt;&#xA;&#x9;&#x9;&#x9;&#x9;&#x9;&#xA;                &#xA;&#x9;&#x9;&#x9;&#x9;&#x9;&#x9;&lt;td&gt;&#xA;&#x9;&#x9;&#x9;&#x9;&#x9;&#x9;&#x9;&#xA;                  7&lt;br/&gt;&#xA;&#x9;&#xA;                &#xA;&#x9;&#x9;&#x9;&#x9;&#x9;&#x9;&lt;/td&gt;&#xA;&#x9;&#x9;&#x9;&#x9;&#x9;&#xA;                &#xA;&#x9;&#x9;&#x9;&#x9;&#x9;&#x9;&lt;td&gt;&#xA;&#x9;&#x9;&#x9;&#x9;&#x9;&#x9;&#x9;&#xA;                  G&lt;br/&gt;&#xA;&#x9;&#xA;                &#xA;&#x9;&#x9;&#x9;&#x9;&#x9;&#x9;&lt;/td&gt;&#xA;&#x9;&#x9;&#x9;&#x9;&#x9;&#xA;                &#xA;&#x9;&#x9;&#x9;&#x9;&#x9;&#x9;&lt;td&gt;&#xA;&#x9;&#x9;&#x9;&#x9;&#x9;&#x9;&#x9;&#xA;                  W&lt;br/&gt;&#xA;&#x9;&#xA;                &#xA;&#x9;&#x9;&#x9;&#x9;&#x9;&#x9;&lt;/td&gt;&#xA;&#x9;&#x9;&#x9;&#x9;&#x9;&#xA;                &#xA;&#x9;&#x9;&#x9;&#x9;&#x9;&#x9;&lt;td&gt;&#xA;&#x9;&#x9;&#x9;&#x9;&#x9;&#x9;&#x9;&#xA;                  g&lt;br/&gt;&#xA;&#x9;&#xA;                &#xA;&#x9;&#x9;&#x9;&#x9;&#x9;&#x9;&lt;/td&gt;&#xA;&#x9;&#x9;&#x9;&#x9;&#x9;&#xA;                &#xA;&#x9;&#x9;&#x9;&#x9;&#x9;&#x9;&lt;td&gt;&#xA;&#x9;&#x9;&#x9;&#x9;&#x9;&#x9;&#x9;&#xA;                  w&lt;br/&gt;&#xA;&#x9;&#xA;                &#xA;&#x9;&#x9;&#x9;&#x9;&#x9;&#x9;&lt;/td&gt;&#xA;&#x9;&#x9;&#x9;&#x9;&#x9;&#xA;              &lt;/tr&gt;&#xA;&#x9;&#xA;              &#xA;&lt;tr&gt;&#xA;                &#xA;&#x9;&#x9;&#x9;&#x9;&#x9;&#x9;&lt;td&gt;&#xA;&#x9;&#x9;&#x9;&#x9;&#x9;&#x9;&#x9;&#xA;                  ò&lt;br/&gt;&#xA;&#x9;&#xA;                &#xA;&#x9;&#x9;&#x9;&#x9;&#x9;&#x9;&lt;/td&gt;&#xA;&#x9;&#x9;&#x9;&#x9;&#x9;&#xA;                &#xA;&#x9;&#x9;&#x9;&#x9;&#x9;&#x9;&lt;td&gt;&#xA;&#x9;&#x9;&#x9;&#x9;&#x9;&#x9;&#x9;&#xA;                  &#xA;&#x9;&lt;img height=&#34;21px&#34; src=&#34;/content/dam/help/en/campaign/standard/sigma.png&#34; /&gt;&#xA;&#x9;&#xA;&lt;br/&gt;&#xA;&#x9;&#xA;                &#xA;&#x9;&#x9;&#x9;&#x9;&#x9;&#x9;&lt;/td&gt;&#xA;&#x9;&#x9;&#x9;&#x9;&#x9;&#xA;                &#xA;&#x9;&#x9;&#x9;&#x9;&#x9;&#x9;&lt;td&gt;&#xA;&#x9;&#x9;&#x9;&#x9;&#x9;&#x9;&#x9;&#xA;                  (&lt;br/&gt;&#xA;&#x9;&#xA;                &#xA;&#x9;&#x9;&#x9;&#x9;&#x9;&#x9;&lt;/td&gt;&#xA;&#x9;&#x9;&#x9;&#x9;&#x9;&#xA;                &#xA;&#x9;&#x9;&#x9;&#x9;&#x9;&#x9;&lt;td&gt;&#xA;&#x9;&#x9;&#x9;&#x9;&#x9;&#x9;&#x9;&#xA;                  8&lt;br/&gt;&#xA;&#x9;&#xA;                &#xA;&#x9;&#x9;&#x9;&#x9;&#x9;&#x9;&lt;/td&gt;&#xA;&#x9;&#x9;&#x9;&#x9;&#x9;&#xA;                &#xA;&#x9;&#x9;&#x9;&#x9;&#x9;&#x9;&lt;td&gt;&#xA;&#x9;&#x9;&#x9;&#x9;&#x9;&#x9;&#x9;&#xA;                  H&lt;br/&gt;&#xA;&#x9;&#xA;                &#xA;&#x9;&#x9;&#x9;&#x9;&#x9;&#x9;&lt;/td&gt;&#xA;&#x9;&#x9;&#x9;&#x9;&#x9;&#xA;                &#xA;&#x9;&#x9;&#x9;&#x9;&#x9;&#x9;&lt;td&gt;&#xA;&#x9;&#x9;&#x9;&#x9;&#x9;&#x9;&#x9;&#xA;                  X&lt;br/&gt;&#xA;&#x9;&#xA;                &#xA;&#x9;&#x9;&#x9;&#x9;&#x9;&#x9;&lt;/td&gt;&#xA;&#x9;&#x9;&#x9;&#x9;&#x9;&#xA;                &#xA;&#x9;&#x9;&#x9;&#x9;&#x9;&#x9;&lt;td&gt;&#xA;&#x9;&#x9;&#x9;&#x9;&#x9;&#x9;&#x9;&#xA;                  h&lt;br/&gt;&#xA;&#x9;&#xA;                &#xA;&#x9;&#x9;&#x9;&#x9;&#x9;&#x9;&lt;/td&gt;&#xA;&#x9;&#x9;&#x9;&#x9;&#x9;&#xA;                &#xA;&#x9;&#x9;&#x9;&#x9;&#x9;&#x9;&lt;td&gt;&#xA;&#x9;&#x9;&#x9;&#x9;&#x9;&#x9;&#x9;&#xA;                  x&lt;br/&gt;&#xA;&#x9;&#xA;                &#xA;&#x9;&#x9;&#x9;&#x9;&#x9;&#x9;&lt;/td&gt;&#xA;&#x9;&#x9;&#x9;&#x9;&#x9;&#xA;              &lt;/tr&gt;&#xA;&#x9;&#xA;              &#xA;&lt;tr&gt;&#xA;                &#xA;&#x9;&#x9;&#x9;&#x9;&#x9;&#x9;&lt;td&gt;&#xA;&#x9;&#x9;&#x9;&#x9;&#x9;&#x9;&#x9;&#xA;                  Ç&lt;br/&gt;&#xA;&#x9;&#xA;                &#xA;&#x9;&#x9;&#x9;&#x9;&#x9;&#x9;&lt;/td&gt;&#xA;&#x9;&#x9;&#x9;&#x9;&#x9;&#xA;                &#xA;&#x9;&#x9;&#x9;&#x9;&#x9;&#x9;&lt;td&gt;&#xA;&#x9;&#x9;&#x9;&#x9;&#x9;&#x9;&#x9;&#xA;                  &#xA;&#x9;&lt;img height=&#34;21px&#34; src=&#34;/content/dam/help/en/campaign/standard/theta.png&#34; /&gt;&#xA;&#x9;&#xA;&lt;br/&gt;&#xA;&#x9;&#xA;                &#xA;&#x9;&#x9;&#x9;&#x9;&#x9;&#x9;&lt;/td&gt;&#xA;&#x9;&#x9;&#x9;&#x9;&#x9;&#xA;                &#xA;&#x9;&#x9;&#x9;&#x9;&#x9;&#x9;&lt;td&gt;&#xA;&#x9;&#x9;&#x9;&#x9;&#x9;&#x9;&#x9;&#xA;                  )&lt;br/&gt;&#xA;&#x9;&#xA;                &#xA;&#x9;&#x9;&#x9;&#x9;&#x9;&#x9;&lt;/td&gt;&#xA;&#x9;&#x9;&#x9;&#x9;&#x9;&#xA;                &#xA;&#x9;&#x9;&#x9;&#x9;&#x9;&#x9;&lt;td&gt;&#xA;&#x9;&#x9;&#x9;&#x9;&#x9;&#x9;&#x9;9&#xA;&#x9;&#x9;&#x9;&#x9;&#x9;&#x9;&lt;/td&gt;&#xA;&#x9;&#x9;&#x9;&#x9;&#x9;&#xA;                &#xA;&#x9;&#x9;&#x9;&#x9;&#x9;&#x9;&lt;td&gt;&#xA;&#x9;&#x9;&#x9;&#x9;&#x9;&#x9;&#x9;&#xA;                  I&lt;br/&gt;&#xA;&#x9;&#xA;                &#xA;&#x9;&#x9;&#x9;&#x9;&#x9;&#x9;&lt;/td&gt;&#xA;&#x9;&#x9;&#x9;&#x9;&#x9;&#xA;                &#xA;&#x9;&#x9;&#x9;&#x9;&#x9;&#x9;&lt;td&gt;&#xA;&#x9;&#x9;&#x9;&#x9;&#x9;&#x9;&#x9;&#xA;                  Y&lt;br/&gt;&#xA;&#x9;&#xA;                &#xA;&#x9;&#x9;&#x9;&#x9;&#x9;&#x9;&lt;/td&gt;&#xA;&#x9;&#x9;&#x9;&#x9;&#x9;&#xA;                &#xA;&#x9;&#x9;&#x9;&#x9;&#x9;&#x9;&lt;td&gt;&#xA;&#x9;&#x9;&#x9;&#x9;&#x9;&#x9;&#x9;&#xA;                  i&lt;br/&gt;&#xA;&#x9;&#xA;                &#xA;&#x9;&#x9;&#x9;&#x9;&#x9;&#x9;&lt;/td&gt;&#xA;&#x9;&#x9;&#x9;&#x9;&#x9;&#xA;                &#xA;&#x9;&#x9;&#x9;&#x9;&#x9;&#x9;&lt;td&gt;&#xA;&#x9;&#x9;&#x9;&#x9;&#x9;&#x9;&#x9;&#xA;                  y&lt;br/&gt;&#xA;&#x9;&#xA;                &#xA;&#x9;&#x9;&#x9;&#x9;&#x9;&#x9;&lt;/td&gt;&#xA;&#x9;&#x9;&#x9;&#x9;&#x9;&#xA;              &lt;/tr&gt;&#xA;&#x9;&#xA;              &#xA;&lt;tr&gt;&#xA;                &#xA;&#x9;&#x9;&#x9;&#x9;&#x9;&#x9;&lt;td&gt;&#xA;&#x9;&#x9;&#x9;&#x9;&#x9;&#x9;&#x9;&#xA;                  LF&lt;br/&gt;&#xA;&#x9;&#xA;                &#xA;&#x9;&#x9;&#x9;&#x9;&#x9;&#x9;&lt;/td&gt;&#xA;&#x9;&#x9;&#x9;&#x9;&#x9;&#xA;                &#xA;&#x9;&#x9;&#x9;&#x9;&#x9;&#x9;&lt;td&gt;&#xA;&#x9;&#x9;&#x9;&#x9;&#x9;&#x9;&#x9;&#xA;                  &#xA;&#x9;&lt;img height=&#34;21px&#34; src=&#34;/content/dam/help/en/campaign/standard/xi.png&#34; /&gt;&#xA;&#x9;&#xA;&lt;br/&gt;&#xA;&#x9;&#xA;                &#xA;&#x9;&#x9;&#x9;&#x9;&#x9;&#x9;&lt;/td&gt;&#xA;&#x9;&#x9;&#x9;&#x9;&#x9;&#xA;                &#xA;&#x9;&#x9;&#x9;&#x9;&#x9;&#x9;&lt;td&gt;&#xA;&#x9;&#x9;&#x9;&#x9;&#x9;&#x9;&#x9;&#xA;                  *&lt;br/&gt;&#xA;&#x9;&#xA;                &#xA;&#x9;&#x9;&#x9;&#x9;&#x9;&#x9;&lt;/td&gt;&#xA;&#x9;&#x9;&#x9;&#x9;&#x9;&#xA;                &#xA;&#x9;&#x9;&#x9;&#x9;&#x9;&#x9;&lt;td&gt;&#xA;&#x9;&#x9;&#x9;&#x9;&#x9;&#x9;&#x9;&#xA;                  :&lt;br/&gt;&#xA;&#x9;&#xA;                &#xA;&#x9;&#x9;&#x9;&#x9;&#x9;&#x9;&lt;/td&gt;&#xA;&#x9;&#x9;&#x9;&#x9;&#x9;&#xA;                &#xA;&#x9;&#x9;&#x9;&#x9;&#x9;&#x9;&lt;td&gt;&#xA;&#x9;&#x9;&#x9;&#x9;&#x9;&#x9;&#x9;&#xA;                  J&lt;br/&gt;&#xA;&#x9;&#xA;                &#xA;&#x9;&#x9;&#x9;&#x9;&#x9;&#x9;&lt;/td&gt;&#xA;&#x9;&#x9;&#x9;&#x9;&#x9;&#xA;                &#xA;&#x9;&#x9;&#x9;&#x9;&#x9;&#x9;&lt;td&gt;&#xA;&#x9;&#x9;&#x9;&#x9;&#x9;&#x9;&#x9;&#xA;                  Z&lt;br/&gt;&#xA;&#x9;&#xA;                &#xA;&#x9;&#x9;&#x9;&#x9;&#x9;&#x9;&lt;/td&gt;&#xA;&#x9;&#x9;&#x9;&#x9;&#x9;&#xA;                &#xA;&#x9;&#x9;&#x9;&#x9;&#x9;&#x9;&lt;td&gt;&#xA;&#x9;&#x9;&#x9;&#x9;&#x9;&#x9;&#x9;&#xA;                  j&lt;br/&gt;&#xA;&#x9;&#xA;                &#xA;&#x9;&#x9;&#x9;&#x9;&#x9;&#x9;&lt;/td&gt;&#xA;&#x9;&#x9;&#x9;&#x9;&#x9;&#xA;                &#xA;&#x9;&#x9;&#x9;&#x9;&#x9;&#x9;&lt;td&gt;&#xA;&#x9;&#x9;&#x9;&#x9;&#x9;&#x9;&#x9;&#xA;                  z&lt;br/&gt;&#xA;&#x9;&#xA;                &#xA;&#x9;&#x9;&#x9;&#x9;&#x9;&#x9;&lt;/td&gt;&#xA;&#x9;&#x9;&#x9;&#x9;&#x9;&#xA;              &lt;/tr&gt;&#xA;&#x9;&#xA;              &#xA;&lt;tr&gt;&#xA;                &#xA;&#x9;&#x9;&#x9;&#x9;&#x9;&#x9;&lt;td&gt;&#xA;&#x9;&#x9;&#x9;&#x9;&#x9;&#x9;&#x9;&#xA;                  Ø&lt;br/&gt;&#xA;&#x9;&#xA;                &#xA;&#x9;&#x9;&#x9;&#x9;&#x9;&#x9;&lt;/td&gt;&#xA;&#x9;&#x9;&#x9;&#x9;&#x9;&#xA;                &#xA;&#x9;&#x9;&#x9;&#x9;&#x9;&#x9;&lt;td&gt;&#xA;&#x9;&#x9;&#x9;&#x9;&#x9;&#x9;&#x9;&#xA;                  ESC&lt;br/&gt;&#xA;&#x9;&#xA;                &#xA;&#x9;&#x9;&#x9;&#x9;&#x9;&#x9;&lt;/td&gt;&#xA;&#x9;&#x9;&#x9;&#x9;&#x9;&#xA;                &#xA;&#x9;&#x9;&#x9;&#x9;&#x9;&#x9;&lt;td&gt;&#xA;&#x9;&#x9;&#x9;&#x9;&#x9;&#x9;&#x9;&#xA;                  +&lt;br/&gt;&#xA;&#x9;&#xA;                &#xA;&#x9;&#x9;&#x9;&#x9;&#x9;&#x9;&lt;/td&gt;&#xA;&#x9;&#x9;&#x9;&#x9;&#x9;&#xA;                &#xA;&#x9;&#x9;&#x9;&#x9;&#x9;&#x9;&lt;td&gt;&#xA;&#x9;&#x9;&#x9;&#x9;&#x9;&#x9;&#x9;&#xA;                  ;&lt;br/&gt;&#xA;&#x9;&#xA;                &#xA;&#x9;&#x9;&#x9;&#x9;&#x9;&#x9;&lt;/td&gt;&#xA;&#x9;&#x9;&#x9;&#x9;&#x9;&#xA;                &#xA;&#x9;&#x9;&#x9;&#x9;&#x9;&#x9;&lt;td&gt;&#xA;&#x9;&#x9;&#x9;&#x9;&#x9;&#x9;&#x9;&#xA;                  K&lt;br/&gt;&#xA;&#x9;&#xA;                &#xA;&#x9;&#x9;&#x9;&#x9;&#x9;&#x9;&lt;/td&gt;&#xA;&#x9;&#x9;&#x9;&#x9;&#x9;&#xA;                &#xA;&#x9;&#x9;&#x9;&#x9;&#x9;&#x9;&lt;td&gt;&#xA;&#x9;&#x9;&#x9;&#x9;&#x9;&#x9;&#x9;&#xA;                  Ä&lt;br/&gt;&#xA;&#x9;&#xA;                &#xA;&#x9;&#x9;&#x9;&#x9;&#x9;&#x9;&lt;/td&gt;&#xA;&#x9;&#x9;&#x9;&#x9;&#x9;&#xA;                &#xA;&#x9;&#x9;&#x9;&#x9;&#x9;&#x9;&lt;td&gt;&#xA;&#x9;&#x9;&#x9;&#x9;&#x9;&#x9;&#x9;&#xA;                  k&lt;br/&gt;&#xA;&#x9;&#xA;                &#xA;&#x9;&#x9;&#x9;&#x9;&#x9;&#x9;&lt;/td&gt;&#xA;&#x9;&#x9;&#x9;&#x9;&#x9;&#xA;                &#xA;&#x9;&#x9;&#x9;&#x9;&#x9;&#x9;&lt;td&gt;&#xA;&#x9;&#x9;&#x9;&#x9;&#x9;&#x9;&#x9;&#xA;                  ä&lt;br/&gt;&#xA;&#x9;&#xA;                &#xA;&#x9;&#x9;&#x9;&#x9;&#x9;&#x9;&lt;/td&gt;&#xA;&#x9;&#x9;&#x9;&#x9;&#x9;&#xA;              &lt;/tr&gt;&#xA;&#x9;&#xA;              &#xA;&lt;tr&gt;&#xA;                &#xA;&#x9;&#x9;&#x9;&#x9;&#x9;&#x9;&lt;td&gt;&#xA;&#x9;&#x9;&#x9;&#x9;&#x9;&#x9;&#x9;&#xA;                  ø&lt;br/&gt;&#xA;&#x9;&#xA;                &#xA;&#x9;&#x9;&#x9;&#x9;&#x9;&#x9;&lt;/td&gt;&#xA;&#x9;&#x9;&#x9;&#x9;&#x9;&#xA;                &#xA;&#x9;&#x9;&#x9;&#x9;&#x9;&#x9;&lt;td&gt;&#xA;&#x9;&#x9;&#x9;&#x9;&#x9;&#x9;&#x9;&#xA;                  Æ&lt;br/&gt;&#xA;&#x9;&#xA;                &#xA;&#x9;&#x9;&#x9;&#x9;&#x9;&#x9;&lt;/td&gt;&#xA;&#x9;&#x9;&#x9;&#x9;&#x9;&#xA;                &#xA;&#x9;&#x9;&#x9;&#x9;&#x9;&#x9;&lt;td&gt;&#xA;&#x9;&#x9;&#x9;&#x9;&#x9;&#x9;&#x9;&#xA;                  ,&lt;br/&gt;&#xA;&#x9;&#xA;                &#xA;&#x9;&#x9;&#x9;&#x9;&#x9;&#x9;&lt;/td&gt;&#xA;&#x9;&#x9;&#x9;&#x9;&#x9;&#xA;                &#xA;&#x9;&#x9;&#x9;&#x9;&#x9;&#x9;&lt;td&gt;&#xA;&#x9;&#x9;&#x9;&#x9;&#x9;&#x9;&#x9;&#xA;                  &amp;lt;&lt;br/&gt;&#xA;&#x9;&#xA;                &#xA;&#x9;&#x9;&#x9;&#x9;&#x9;&#x9;&lt;/td&gt;&#xA;&#x9;&#x9;&#x9;&#x9;&#x9;&#xA;                &#xA;&#x9;&#x9;&#x9;&#x9;&#x9;&#x9;&lt;td&gt;&#xA;&#x9;&#x9;&#x9;&#x9;&#x9;&#x9;&#x9;&#xA;                  L&lt;br/&gt;&#xA;&#x9;&#xA;                &#xA;&#x9;&#x9;&#x9;&#x9;&#x9;&#x9;&lt;/td&gt;&#xA;&#x9;&#x9;&#x9;&#x9;&#x9;&#xA;                &#xA;&#x9;&#x9;&#x9;&#x9;&#x9;&#x9;&lt;td&gt;&#xA;&#x9;&#x9;&#x9;&#x9;&#x9;&#x9;&#x9;&#xA;                  Ö&lt;br/&gt;&#xA;&#x9;&#xA;                &#xA;&#x9;&#x9;&#x9;&#x9;&#x9;&#x9;&lt;/td&gt;&#xA;&#x9;&#x9;&#x9;&#x9;&#x9;&#xA;                &#xA;&#x9;&#x9;&#x9;&#x9;&#x9;&#x9;&lt;td&gt;&#xA;&#x9;&#x9;&#x9;&#x9;&#x9;&#x9;&#x9;&#xA;                  l&lt;br/&gt;&#xA;&#x9;&#xA;                &#xA;&#x9;&#x9;&#x9;&#x9;&#x9;&#x9;&lt;/td&gt;&#xA;&#x9;&#x9;&#x9;&#x9;&#x9;&#xA;                &#xA;&#x9;&#x9;&#x9;&#x9;&#x9;&#x9;&lt;td&gt;&#xA;&#x9;&#x9;&#x9;&#x9;&#x9;&#x9;&#x9;&#xA;                  ö&lt;br/&gt;&#xA;&#x9;&#xA;                &#xA;&#x9;&#x9;&#x9;&#x9;&#x9;&#x9;&lt;/td&gt;&#xA;&#x9;&#x9;&#x9;&#x9;&#x9;&#xA;              &lt;/tr&gt;&#xA;&#x9;&#xA;              &#xA;&lt;tr&gt;&#xA;                &#xA;&#x9;&#x9;&#x9;&#x9;&#x9;&#x9;&lt;td&gt;&#xA;&#x9;&#x9;&#x9;&#x9;&#x9;&#x9;&#x9;&#xA;                  CR&lt;br/&gt;&#xA;&#x9;&#xA;                &#xA;&#x9;&#x9;&#x9;&#x9;&#x9;&#x9;&lt;/td&gt;&#xA;&#x9;&#x9;&#x9;&#x9;&#x9;&#xA;                &#xA;&#x9;&#x9;&#x9;&#x9;&#x9;&#x9;&lt;td&gt;&#xA;&#x9;&#x9;&#x9;&#x9;&#x9;&#x9;&#x9;&#xA;                  æ&lt;br/&gt;&#xA;&#x9;&#xA;                &#xA;&#x9;&#x9;&#x9;&#x9;&#x9;&#x9;&lt;/td&gt;&#xA;&#x9;&#x9;&#x9;&#x9;&#x9;&#xA;                &#xA;&#x9;&#x9;&#x9;&#x9;&#x9;&#x9;&lt;td&gt;&#xA;&#x9;&#x9;&#x9;&#x9;&#x9;&#x9;&#x9;&#xA;                  -&lt;br/&gt;&#xA;&#x9;&#xA;                &#xA;&#x9;&#x9;&#x9;&#x9;&#x9;&#x9;&lt;/td&gt;&#xA;&#x9;&#x9;&#x9;&#x9;&#x9;&#xA;                &#xA;&#x9;&#x9;&#x9;&#x9;&#x9;&#x9;&lt;td&gt;&#xA;&#x9;&#x9;&#x9;&#x9;&#x9;&#x9;&#x9;=&#xA;&#x9;&#x9;&#x9;&#x9;&#x9;&#x9;&lt;/td&gt;&#xA;&#x9;&#x9;&#x9;&#x9;&#x9;&#xA;                &#xA;&#x9;&#x9;&#x9;&#x9;&#x9;&#x9;&lt;td&gt;&#xA;&#x9;&#x9;&#x9;&#x9;&#x9;&#x9;&#x9;&#xA;                  M&lt;br/&gt;&#xA;&#x9;&#xA;                &#xA;&#x9;&#x9;&#x9;&#x9;&#x9;&#x9;&lt;/td&gt;&#xA;&#x9;&#x9;&#x9;&#x9;&#x9;&#xA;                &#xA;&#x9;&#x9;&#x9;&#x9;&#x9;&#x9;&lt;td&gt;&#xA;&#x9;&#x9;&#x9;&#x9;&#x9;&#x9;&#x9;&#xA;                  Ñ&lt;br/&gt;&#xA;&#x9;&#xA;                &#xA;&#x9;&#x9;&#x9;&#x9;&#x9;&#x9;&lt;/td&gt;&#xA;&#x9;&#x9;&#x9;&#x9;&#x9;&#xA;                &#xA;&#x9;&#x9;&#x9;&#x9;&#x9;&#x9;&lt;td&gt;&#xA;&#x9;&#x9;&#x9;&#x9;&#x9;&#x9;&#x9;&#xA;                  m&lt;br/&gt;&#xA;&#x9;&#xA;                &#xA;&#x9;&#x9;&#x9;&#x9;&#x9;&#x9;&lt;/td&gt;&#xA;&#x9;&#x9;&#x9;&#x9;&#x9;&#xA;                &#xA;&#x9;&#x9;&#x9;&#x9;&#x9;&#x9;&lt;td&gt;&#xA;&#x9;&#x9;&#x9;&#x9;&#x9;&#x9;&#x9;&#xA;                  ñ&lt;br/&gt;&#xA;&#x9;&#xA;                &#xA;&#x9;&#x9;&#x9;&#x9;&#x9;&#x9;&lt;/td&gt;&#xA;&#x9;&#x9;&#x9;&#x9;&#x9;&#xA;              &lt;/tr&gt;&#xA;&#x9;&#xA;              &#xA;&lt;tr&gt;&#xA;                &#xA;&#x9;&#x9;&#x9;&#x9;&#x9;&#x9;&lt;td&gt;&#xA;&#x9;&#x9;&#x9;&#x9;&#x9;&#x9;&#x9;&#xA;                  Å&lt;br/&gt;&#xA;&#x9;&#xA;                &#xA;&#x9;&#x9;&#x9;&#x9;&#x9;&#x9;&lt;/td&gt;&#xA;&#x9;&#x9;&#x9;&#x9;&#x9;&#xA;                &#xA;&#x9;&#x9;&#x9;&#x9;&#x9;&#x9;&lt;td&gt;&#xA;&#x9;&#x9;&#x9;&#x9;&#x9;&#x9;&#x9;&#xA;                  ß&lt;br/&gt;&#xA;&#x9;&#xA;                &#xA;&#x9;&#x9;&#x9;&#x9;&#x9;&#x9;&lt;/td&gt;&#xA;&#x9;&#x9;&#x9;&#x9;&#x9;&#xA;                &#xA;&#x9;&#x9;&#x9;&#x9;&#x9;&#x9;&lt;td&gt;&#xA;&#x9;&#x9;&#x9;&#x9;&#x9;&#x9;&#x9;&#xA;                  .&lt;br/&gt;&#xA;&#x9;&#xA;                &#xA;&#x9;&#x9;&#x9;&#x9;&#x9;&#x9;&lt;/td&gt;&#xA;&#x9;&#x9;&#x9;&#x9;&#x9;&#xA;                &#xA;&#x9;&#x9;&#x9;&#x9;&#x9;&#x9;&lt;td&gt;&#xA;&#x9;&#x9;&#x9;&#x9;&#x9;&#x9;&#x9;&#xA;                  &gt;&lt;br/&gt;&#xA;&#x9;&#xA;                &#xA;&#x9;&#x9;&#x9;&#x9;&#x9;&#x9;&lt;/td&gt;&#xA;&#x9;&#x9;&#x9;&#x9;&#x9;&#xA;                &#xA;&#x9;&#x9;&#x9;&#x9;&#x9;&#x9;&lt;td&gt;&#xA;&#x9;&#x9;&#x9;&#x9;&#x9;&#x9;&#x9;&#xA;                  N&lt;br/&gt;&#xA;&#x9;&#xA;                &#xA;&#x9;&#x9;&#x9;&#x9;&#x9;&#x9;&lt;/td&gt;&#xA;&#x9;&#x9;&#x9;&#x9;&#x9;&#xA;                &#xA;&#x9;&#x9;&#x9;&#x9;&#x9;&#x9;&lt;td&gt;&#xA;&#x9;&#x9;&#x9;&#x9;&#x9;&#x9;&#x9;&#xA;                  Ü&lt;br/&gt;&#xA;&#x9;&#xA;                &#xA;&#x9;&#x9;&#x9;&#x9;&#x9;&#x9;&lt;/td&gt;&#xA;&#x9;&#x9;&#x9;&#x9;&#x9;&#xA;                &#xA;&#x9;&#x9;&#x9;&#x9;&#x9;&#x9;&lt;td&gt;&#xA;&#x9;&#x9;&#x9;&#x9;&#x9;&#x9;&#x9;&#xA;                  n&lt;br/&gt;&#xA;&#x9;&#xA;                &#xA;&#x9;&#x9;&#x9;&#x9;&#x9;&#x9;&lt;/td&gt;&#xA;&#x9;&#x9;&#x9;&#x9;&#x9;&#xA;                &#xA;&#x9;&#x9;&#x9;&#x9;&#x9;&#x9;&lt;td&gt;&#xA;&#x9;&#x9;&#x9;&#x9;&#x9;&#x9;&#x9;&#xA;                  ü&lt;br/&gt;&#xA;&#x9;&#xA;                &#xA;&#x9;&#x9;&#x9;&#x9;&#x9;&#x9;&lt;/td&gt;&#xA;&#x9;&#x9;&#x9;&#x9;&#x9;&#xA;              &lt;/tr&gt;&#xA;&#x9;&#xA;              &#xA;&lt;tr&gt;&#xA;                &#xA;&#x9;&#x9;&#x9;&#x9;&#x9;&#x9;&lt;td&gt;&#xA;&#x9;&#x9;&#x9;&#x9;&#x9;&#x9;&#x9;&#xA;                  å&lt;br/&gt;&#xA;&#x9;&#xA;                &#xA;&#x9;&#x9;&#x9;&#x9;&#x9;&#x9;&lt;/td&gt;&#xA;&#x9;&#x9;&#x9;&#x9;&#x9;&#xA;                &#xA;&#x9;&#x9;&#x9;&#x9;&#x9;&#x9;&lt;td&gt;&#xA;&#x9;&#x9;&#x9;&#x9;&#x9;&#x9;&#x9;&#xA;                  É&lt;br/&gt;&#xA;&#x9;&#xA;                &#xA;&#x9;&#x9;&#x9;&#x9;&#x9;&#x9;&lt;/td&gt;&#xA;&#x9;&#x9;&#x9;&#x9;&#x9;&#xA;                &#xA;&#x9;&#x9;&#x9;&#x9;&#x9;&#x9;&lt;td&gt;&#xA;&#x9;&#x9;&#x9;&#x9;&#x9;&#x9;&#x9;&#xA;                  /&lt;br/&gt;&#xA;&#x9;&#xA;                &#xA;&#x9;&#x9;&#x9;&#x9;&#x9;&#x9;&lt;/td&gt;&#xA;&#x9;&#x9;&#x9;&#x9;&#x9;&#xA;                &#xA;&#x9;&#x9;&#x9;&#x9;&#x9;&#x9;&lt;td&gt;&#xA;&#x9;&#x9;&#x9;&#x9;&#x9;&#x9;&#x9;&#xA;                  ?&lt;br/&gt;&#xA;&#x9;&#xA;                &#xA;&#x9;&#x9;&#x9;&#x9;&#x9;&#x9;&lt;/td&gt;&#xA;&#x9;&#x9;&#x9;&#x9;&#x9;&#xA;                &#xA;&#x9;&#x9;&#x9;&#x9;&#x9;&#x9;&lt;td&gt;&#xA;&#x9;&#x9;&#x9;&#x9;&#x9;&#x9;&#x9;&#xA;                  O&lt;br/&gt;&#xA;&#x9;&#xA;                &#xA;&#x9;&#x9;&#x9;&#x9;&#x9;&#x9;&lt;/td&gt;&#xA;&#x9;&#x9;&#x9;&#x9;&#x9;&#xA;                &#xA;&#x9;&#x9;&#x9;&#x9;&#x9;&#x9;&lt;td&gt;&#xA;&#x9;&#x9;&#x9;&#x9;&#x9;&#x9;&#x9;&#xA;                  §&lt;br/&gt;&#xA;&#x9;&#xA;                &#xA;&#x9;&#x9;&#x9;&#x9;&#x9;&#x9;&lt;/td&gt;&#xA;&#x9;&#x9;&#x9;&#x9;&#x9;&#xA;                &#xA;&#x9;&#x9;&#x9;&#x9;&#x9;&#x9;&lt;td&gt;&#xA;&#x9;&#x9;&#x9;&#x9;&#x9;&#x9;&#x9;&#xA;                  o&lt;br/&gt;&#xA;&#x9;&#xA;                &#xA;&#x9;&#x9;&#x9;&#x9;&#x9;&#x9;&lt;/td&gt;&#xA;&#x9;&#x9;&#x9;&#x9;&#x9;&#xA;                &#xA;&#x9;&#x9;&#x9;&#x9;&#x9;&#x9;&lt;td&gt;&#xA;&#x9;&#x9;&#x9;&#x9;&#x9;&#x9;&#x9;&#xA;                  à&lt;br/&gt;&#xA;&#x9;&#xA;                &#xA;&#x9;&#x9;&#x9;&#x9;&#x9;&#x9;&lt;/td&gt;&#xA;&#x9;&#x9;&#x9;&#x9;&#x9;&#xA;              &lt;/tr&gt;&#xA;&#x9;&#xA;            &lt;/tbody&gt;&#xA;&#x9;&#xA;          &#xA;        &lt;/table&gt;"
                  textIsRich="true"/>
        <text_563 jcr:primaryType="nt:unstructured"
                   sling:resourceType="help/components/article-3/text"
                   text="&lt;p&gt;SP: Space&lt;/p&gt;&#xA;"
                   textIsRich="true"/>
        <text_564 jcr:primaryType="nt:unstructured"
                   sling:resourceType="help/components/article-3/text"
                   text="&lt;p&gt;ESC: Escape&lt;/p&gt;&#xA;"
                   textIsRich="true"/>
        <text_565 jcr:primaryType="nt:unstructured"
                   sling:resourceType="help/components/article-3/text"
                   text="&lt;p&gt;LF: Line Feed&lt;/p&gt;&#xA;"
                   textIsRich="true"/>
        <text_566 jcr:primaryType="nt:unstructured"
                   sling:resourceType="help/components/article-3/text"
                   text="&lt;p&gt;CR: Carriage Return&lt;/p&gt;&#xA;"
                   textIsRich="true"/>
        <text_567 jcr:primaryType="nt:unstructured"
                   sling:resourceType="help/components/article-3/text"
                   text="&lt;p&gt;&lt;strong&gt;Advanced characters (counted twice)&lt;/strong&gt;&lt;/p&gt;&#xA;"
                   textIsRich="true"/>
        <text_568 jcr:primaryType="nt:unstructured"
                   sling:resourceType="help/components/article-3/text"
                   text="&lt;p&gt;^ { } \ [ ~ ] | €&lt;/p&gt;&#xA;"
                   textIsRich="true"/>
      
      
        <header_50 jcr:primaryType="nt:unstructured" sling:resourceType="help/components/header"
                    id="smsc-specifics"
                    level="3"
                    text="&lt;p&gt;SMSC specifics&lt;/p&gt;&#xA;"
                    textIsRich="'true'"/>
        <note_16 jcr:primaryType="nt:unstructured"
                  sling:resourceType="help/components/article-3/note"
                  text="&lt;p&gt;&#xA;          These options allow you to adapt the connector to work with non-standard SMSC (i.e. not following exactly the SMPP 3.4 specification) or specific encoding requirements and should only be configured by advanced users.&#xA;        &lt;/p&gt;&#xA;"
                  textIsRich="true"
                  type="note"/>
        <text_570 jcr:primaryType="nt:unstructured"
                   sling:resourceType="help/components/article-3/text"
                   text="&lt;p&gt;When sending an SMS message, Adobe Campaign can use one or several text encodings. Each encoding has its own specific character set and determines the number of characters that fit into an SMS message.&lt;/p&gt;&#xA;"
                   textIsRich="true"/>
        <text_571 jcr:primaryType="nt:unstructured"
                   sling:resourceType="help/components/article-3/text"
                   text="&lt;p&gt;The &lt;strong&gt;DATA_CODING&lt;/strong&gt; field allows Adobe Campaign to communicate to the SMS-C which encoding is used.&lt;/p&gt;&#xA;"
                   textIsRich="true"/>
        <note_17 jcr:primaryType="nt:unstructured"
                  sling:resourceType="help/components/article-3/note"
                  text="&lt;p&gt;&#xA;          The mapping between the &lt;strong&gt;data_coding&lt;/strong&gt; value and the encoding actually used is standardized. Nevertheless, certain SMS-C have their own specific mapping: in this case, your &lt;strong&gt;Adobe Campaign&lt;/strong&gt; administrator needs to declare this mapping. Check with your provider to find out more.&#xA;        &lt;/p&gt;&#xA;"
                  textIsRich="true"
                  type="note"/>
        <text_573 jcr:primaryType="nt:unstructured"
                   sling:resourceType="help/components/article-3/text"
                   text="&lt;p&gt;The &lt;strong&gt;Define a specific mapping of encodings&lt;/strong&gt; functionality allows you to declare &lt;strong&gt;data_codings&lt;/strong&gt; and to force the encoding if necessary: to do this, specify a single encoding in the table.&lt;/p&gt;&#xA;"
                   textIsRich="true"/>
        <text_574 jcr:primaryType="nt:unstructured"
                   sling:resourceType="help/components/article-3/text"
                   text="&lt;p&gt;&lt;strong&gt;Configuration&lt;/strong&gt;&lt;/p&gt;&#xA;"
                   textIsRich="true"/>
        <procedure_32 jcr:primaryType="nt:unstructured"
                       sling:resourceType="help/components/procedure"
                       isBulleted="true">
            <proc_par jcr:primaryType="nt:unstructured"
                      sling:resourceType="help/components/procedure/proc_parsys">
               <step_194_32 jcr:primaryType="nt:unstructured" sling:resourceType="help/components/step">
                  <step_par jcr:primaryType="nt:unstructured"
                            sling:resourceType="help/components/procedure/step_parsys">
                     <text_575 jcr:primaryType="nt:unstructured"
                               sling:resourceType="help/components/article-3/text"
                               text="&lt;p&gt;When the &lt;strong&gt;Define a specific mapping of encodings&lt;/strong&gt; functionality is not checked, the connector takes on a generic behavior:&lt;/p&gt;&#xA;"
                               textIsRich="true"/>
                     <procedure_32 jcr:primaryType="nt:unstructured"
                                   sling:resourceType="help/components/procedure"
                                   isBulleted="true">
                        <proc_par jcr:primaryType="nt:unstructured"
                                  sling:resourceType="help/components/procedure/proc_parsys">
                           <step_194_32 jcr:primaryType="nt:unstructured" sling:resourceType="help/components/step">
                              <step_par jcr:primaryType="nt:unstructured"
                                        sling:resourceType="help/components/procedure/step_parsys">
                                 <text_576 jcr:primaryType="nt:unstructured"
                                           sling:resourceType="help/components/article-3/text"
                                           text="&lt;p&gt;It will try to use GSM encoding to which it assigns the value &lt;strong&gt;data_coding = 0&lt;/strong&gt;.&lt;/p&gt;&#xA;"
                                           textIsRich="true"/>
                              </step_par>
                           </step_194_32>
                           <step_195_32 jcr:primaryType="nt:unstructured" sling:resourceType="help/components/step">
                              <step_par jcr:primaryType="nt:unstructured"
                                        sling:resourceType="help/components/procedure/step_parsys">
                                 <text_577 jcr:primaryType="nt:unstructured"
                                           sling:resourceType="help/components/article-3/text"
                                           text="&lt;p&gt;If GSM encoding fails, it will use &lt;strong&gt;UCS2&lt;/strong&gt; encoding to which it assigns the value &lt;strong&gt;data_coding = 8&lt;/strong&gt;.&lt;/p&gt;&#xA;"
                                           textIsRich="true"/>
                              </step_par>
                           </step_195_32>
                        </proc_par>
                     </procedure_32>
                     <image_61 jcr:primaryType="nt:unstructured"
                               sling:resourceType="help/components/article-3/image"
                               jcr:title=""
                               alt=""
                               captionBottom=""
                               fileName="sms_data_coding.png"
                               originalFileName="images/en/sms_data_coding.png"
                               fileReference="/content/dam/help/en/campaign/standard/sms_data_coding.png"
                               imageRotate="0"
                               originalHeight=""
                               originalWidth=""
                               scaleOption="toTemplate"
                               status="legacy"/>
                  </step_par>
               </step_194_32>
               <step_197_33 jcr:primaryType="nt:unstructured" sling:resourceType="help/components/step">
                  <step_par jcr:primaryType="nt:unstructured"
                            sling:resourceType="help/components/procedure/step_parsys">
                     <text_578 jcr:primaryType="nt:unstructured"
                               sling:resourceType="help/components/article-3/text"
                               text="&lt;p&gt;When the &lt;strong&gt;Define a specific mapping of encodings&lt;/strong&gt; functionality is checked, you can define the encodings that you would like to use as well as the linked &lt;strong&gt;data_coding&lt;/strong&gt; field values. Adobe Campaign will try to use the first encoding in the list, then the following, if the first encoding proves impossible.&lt;/p&gt;&#xA;"
                               textIsRich="true"/>
                     <text_579 jcr:primaryType="nt:unstructured"
                               sling:resourceType="help/components/article-3/text"
                               text="&lt;p&gt;The order of declaration is important: it is recommended that you put the list in ascending order &lt;strong&gt;of cost&lt;/strong&gt; in order to favor the encodings allowing you to fit as many characters as possible in each SMS message.&lt;/p&gt;&#xA;"
                               textIsRich="true"/>
                     <text_580 jcr:primaryType="nt:unstructured"
                               sling:resourceType="help/components/article-3/text"
                               text="&lt;p&gt;Only declare the encodings that you would like to use. If some of the encodings provided by the SMS-C should not correspond to your purpose of use, do not declare them in the list.&lt;/p&gt;&#xA;"
                               textIsRich="true"/>
                     <image_62 jcr:primaryType="nt:unstructured"
                               sling:resourceType="help/components/article-3/image"
                               jcr:title=""
                               alt=""
                               captionBottom=""
                               fileName="sms_data_coding1.png"
                               originalFileName="images/en/sms_data_coding1.png"
                               fileReference="/content/dam/help/en/campaign/standard/sms_data_coding1.png"
                               imageRotate="0"
                               originalHeight=""
                               originalWidth=""
                               scaleOption="toTemplate"
                               status="legacy"/>
                  </step_par>
               </step_197_33>
            </proc_par>
         </procedure_32>
      
            
                <header_51 jcr:primaryType="nt:unstructured" sling:resourceType="help/components/header"
                    id="automatic-reply-sent-to-the-mo"
                    level="3"
                    text="&lt;p&gt;Automatic reply sent to the MO&lt;/p&gt;&#xA;"
                    textIsRich="'true'"/>
                <text_581 jcr:primaryType="nt:unstructured"
                   sling:resourceType="help/components/article-3/text"
                   text="&lt;p&gt;When a profile replies to an SMS message which was sent via Campaign, you can configure messages which are automatically sent back to him as well as the action to perform.&lt;/p&gt;&#xA;"
                   textIsRich="true"/>
                <text_582 jcr:primaryType="nt:unstructured"
                   sling:resourceType="help/components/article-3/text"
                   text="&lt;p&gt;For more information, refer to &#xA;&#x9;&#x9;&#x9;&#x9;&#x9;&#x9;&#x9;&#x9;&#x9;&#x9;&#x9;&#xA;&#x9;&#x9;&#x9;&#x9;&#x9;&#x9;&#x9;&lt;a href=&#34;/content/help/en/campaign/standard/channels/using/managing-incoming-sms.html&#34;&gt;this section&lt;/a&gt;.&lt;/p&gt;&#xA;"
                   textIsRich="true"/>
            
    
    
         <header_52 jcr:primaryType="nt:unstructured" sling:resourceType="help/components/header"
                    id="configuring-sms-properties"
                    level="2"
                    text="&lt;p&gt;Configuring SMS properties&lt;/p&gt;&#xA;"
                    textIsRich="'true'"/>
         <text_583 jcr:primaryType="nt:unstructured"
                   sling:resourceType="help/components/article-3/text"
                   text="&lt;p&gt;This section details the list of parameters unique to SMS in the properties screen of an SMS delivery or an SMS template.&lt;/p&gt;&#xA;"
                   textIsRich="true"/>
         <text_584 jcr:primaryType="nt:unstructured"
                   sling:resourceType="help/components/article-3/text"
                   text="&lt;p&gt;The specific parameters for sending SMS messages are regrouped in the &lt;strong&gt;Send&lt;/strong&gt; and in the &lt;strong&gt;Advanced parameters&lt;/strong&gt; sections.&lt;/p&gt;&#xA;"
                   textIsRich="true"/>
         <image_63 jcr:primaryType="nt:unstructured"
                   sling:resourceType="help/components/article-3/image"
                   jcr:title=""
                   alt=""
                   captionBottom=""
                   fileName="sms_options.png"
                   originalFileName="images/en/sms_options.png"
                   fileReference="/content/dam/help/en/campaign/standard/sms_options.png"
                   imageRotate="0"
                   originalHeight=""
                   originalWidth=""
                   scaleOption="toTemplate"
                   status="legacy"/>
         <procedure_34 jcr:primaryType="nt:unstructured"
                       sling:resourceType="help/components/procedure"
                       isBulleted="true">
            <proc_par jcr:primaryType="nt:unstructured"
                      sling:resourceType="help/components/procedure/proc_parsys">
               <step_198_34 jcr:primaryType="nt:unstructured" sling:resourceType="help/components/step">
                  <step_par jcr:primaryType="nt:unstructured"
                            sling:resourceType="help/components/procedure/step_parsys">
                     <text_585 jcr:primaryType="nt:unstructured"
                               sling:resourceType="help/components/article-3/text"
                               text="&lt;p&gt;The &lt;strong&gt;From&lt;/strong&gt; option allows you to personalize the name of the SMS message sender using a string of characters. This is the name that will appear as the sender name of the SMS message on the recipient's mobile telephone.&lt;/p&gt;&#xA;"
                               textIsRich="true"/>
                     <text_586 jcr:primaryType="nt:unstructured"
                               sling:resourceType="help/components/article-3/text"
                               text="&lt;p&gt;If this field is empty, then it will be the source number provided in the external account that will be used. If no source number is provided, it will be the short code that will be used. The external account specific to SMS delivery is presented in the &#xA;&#x9;&#x9;&#x9;&#x9;&#x9;&#x9;&#x9;&#x9;&#x9;&#x9;&#x9;&#xA;&#x9;&#x9;&#x9;&#x9;&#x9;&#x9;&#x9;&lt;a href=&#34;/content/help/en/campaign/standard/administration/using/configuring-sms-channel.html#defining-an-sms-routing&#34;&gt;External SMS account&lt;/a&gt; section.&lt;/p&gt;&#xA;"
                               textIsRich="true"/>
                     <image_64 jcr:primaryType="nt:unstructured"
                               sling:resourceType="help/components/article-3/image"
                               jcr:title=""
                               alt=""
                               captionBottom=""
                               fileName="sms_SMPP.png"
                               originalFileName="images/en/sms_SMPP.png"
                               fileReference="/content/dam/help/en/campaign/standard/sms_SMPP.png"
                               imageRotate="0"
                               originalHeight=""
                               originalWidth=""
                               scaleOption="toTemplate"
                               status="legacy"/>
                     <caution_14 jcr:primaryType="nt:unstructured"
                                 sling:resourceType="help/components/article-3/note"
                                 text="&lt;p&gt;&#xA;            Please check the legislation in your country regarding modifying the sender address. You should also check with your SMS service provider to see whether they offer this functionality.&#xA;          &lt;/p&gt;&#xA;"
                                 textIsRich="true"
                                 type="caution"/>
                  </step_par>
               </step_198_34>
               <step_199_34 jcr:primaryType="nt:unstructured" sling:resourceType="help/components/step">
                  <step_par jcr:primaryType="nt:unstructured"
                            sling:resourceType="help/components/procedure/step_parsys">
                     <text_588 jcr:primaryType="nt:unstructured"
                               sling:resourceType="help/components/article-3/text"
                               text="&lt;p&gt;The &lt;strong&gt;Maximum number of SMS per message&lt;/strong&gt; option allows you to define the number of SMS messages to use to send a message. If this number is exceeded, the message will not be sent.&lt;/p&gt;&#xA;"
                               textIsRich="true"/>
                     <caution_15 jcr:primaryType="nt:unstructured"
                                 sling:resourceType="help/components/article-3/note"
                                 text="&lt;p&gt;&#xA;            If you have inserted personalization fields or conditional text into the content of your SMS message, the length of the message and, as a result, the number of SMS messages to send, may vary from one recipient to another. For more on this, refer to the &#xA;&#x9;&#x9;&#x9;&#x9;&#x9;&#x9;&#x9;&#x9;&#x9;&#x9;&#x9;&#xA;&#x9;&#x9;&#x9;&#x9;&#x9;&#x9;&#x9;&lt;a href=&#34;/content/help/en/campaign/standard/channels/using/personalizing-sms-messages.html&#34;&gt;Personalizing SMS messages&lt;/a&gt; section.&#xA;          &lt;/p&gt;&#xA;"
                                 textIsRich="true"
                                 type="caution"/>
                  </step_par>
               </step_199_34>
               <step_200_34 jcr:primaryType="nt:unstructured" sling:resourceType="help/components/step">
                  <step_par jcr:primaryType="nt:unstructured"
                            sling:resourceType="help/components/procedure/step_parsys">
                     <text_590 jcr:primaryType="nt:unstructured"
                               sling:resourceType="help/components/article-3/text"
                               text="&lt;p&gt;The &lt;strong&gt;Transmission mode&lt;/strong&gt; field allows you to determine the delivery method for SMS messages:&lt;/p&gt;&#xA;"
                               textIsRich="true"/>
                     <procedure_34 jcr:primaryType="nt:unstructured"
                                   sling:resourceType="help/components/procedure"
                                   isBulleted="true">
                        <proc_par jcr:primaryType="nt:unstructured"
                                  sling:resourceType="help/components/procedure/proc_parsys">
                           <step_200_34 jcr:primaryType="nt:unstructured" sling:resourceType="help/components/step">
                              <step_par jcr:primaryType="nt:unstructured"
                                        sling:resourceType="help/components/procedure/step_parsys">
                                 <text_591 jcr:primaryType="nt:unstructured"
                                           sling:resourceType="help/components/article-3/text"
                                           text="&lt;p&gt;&lt;strong&gt;Saved on SIM card&lt;/strong&gt;: the message is stored on the recipient's telephone SIM card.&lt;/p&gt;&#xA;"
                                           textIsRich="true"/>
                              </step_par>
                           </step_200_34>
                           <step_201_34 jcr:primaryType="nt:unstructured" sling:resourceType="help/components/step">
                              <step_par jcr:primaryType="nt:unstructured"
                                        sling:resourceType="help/components/procedure/step_parsys">
                                 <text_592 jcr:primaryType="nt:unstructured"
                                           sling:resourceType="help/components/article-3/text"
                                           text="&lt;p&gt;&lt;strong&gt;Saved on mobile&lt;/strong&gt;: the message is stored on the telephone's internal memory.&lt;/p&gt;&#xA;"
                                           textIsRich="true"/>
                              </step_par>
                           </step_201_34>
                           <step_202_34 jcr:primaryType="nt:unstructured" sling:resourceType="help/components/step">
                              <step_par jcr:primaryType="nt:unstructured"
                                        sling:resourceType="help/components/procedure/step_parsys">
                                 <text_593 jcr:primaryType="nt:unstructured"
                                           sling:resourceType="help/components/article-3/text"
                                           text="&lt;p&gt;&lt;strong&gt;Flash&lt;/strong&gt;: the message is displayed on the recipient's mobile telephone as a notification, then it disappears without being saved.&lt;/p&gt;&#xA;"
                                           textIsRich="true"/>
                              </step_par>
                           </step_202_34>
                        </proc_par>
                     </procedure_34>
                  </step_par>
               </step_200_34>
            </proc_par>
         </procedure_34>
    
      </main-pars>
      <hero jcr:primaryType="nt:unstructured"
            sling:resourceType="foundation/components/image"/>
      <thumbnail jcr:primaryType="nt:unstructured"
                 sling:resourceType="foundation/components/image"/>
      <publisherLogo jcr:primaryType="nt:unstructured"
                     sling:resourceType="foundation/components/image"/>
   </jcr:content>
</jcr:root>