<?xml version="1.0" encoding="UTF-8"?>
<jcr:root xmlns:nt="http://www.jcp.org/jcr/nt/1.0" xmlns:json="http://json.org/"
          xmlns:sling="http://sling.apache.org/jcr/sling/1.0"
          xmlns:cq="http://www.day.com/jcr/cq/1.0"
          xmlns:jcr="http://www.jcp.org/jcr/1.0"
          xmlns:mix="http://www.jcp.org/jcr/mix/1.0"
          jcr:primaryType="cq:Page">
   <jcr:content navTitle="Control rules" jcr:primaryType="cq:PageContent"
                sling:resourceType="help/components/pages/article-3"
                heroGradient="light"
                jcr:language="en_us"
                cq:designPath="/etc/designs/help"
                cq:template="/apps/help/templates/article-3"
                jcr:mixinTypes="[mix:versionable]"
                jcr:title="Control rules"
                jcr:description="Control rules"
                seoDescription="Learn how to reinforce the quality check of your messages with control rules."
                primaryProductTag="[products:SG_CAMPAIGN/STANDARD]"
                cq:tags="[products:SG_CAMPAIGN/STANDARD,audience:administration,content_type:reference,topic_tags:working-with-typology-rules]"
                primaryAudienceTag="[audience:administration]"
                contentOwner="sauviat"
                isReadyForLocalization="true"
                publishExternalDate="2018-09-04">
      <main-pars jcr:primaryType="nt:unstructured"
                 sling:resourceType="foundation/components/parsys">
        
        
          
        
        <text_1090 jcr:primaryType="nt:unstructured"
                    sling:resourceType="help/components/article-3/text"
                    text="&lt;p&gt;Control rules allow the user to check the validity and quality of the messages before they are sent, such as character display, SMS message size, address format, etc. &lt;/p&gt;&#xA;"
                    textIsRich="true"/>
        
        <text_1091 jcr:primaryType="nt:unstructured"
                    sling:resourceType="help/components/article-3/text"
                    text="&lt;p&gt;A set of default rules available in Adobe Campaign ensures the standard controls: &lt;/p&gt;&#xA;"
                    textIsRich="true"/>
        <procedure_71 jcr:primaryType="nt:unstructured"
                       sling:resourceType="help/components/procedure"
                       isBulleted="true">
            <proc_par jcr:primaryType="nt:unstructured"
                      sling:resourceType="help/components/procedure/proc_parsys">
               <step_495_71 jcr:primaryType="nt:unstructured" sling:resourceType="help/components/step">
                  <step_par jcr:primaryType="nt:unstructured"
                            sling:resourceType="help/components/procedure/step_parsys">
                     <text_1092 jcr:primaryType="nt:unstructured"
                                sling:resourceType="help/components/article-3/text"
                                text="&lt;p&gt;&lt;strong&gt;Check subject&lt;/strong&gt; (email): checks that the subject and sender address do not contain special characters which may cause problems on certain mail transfer agents, and checks that the message subject has been completed.&lt;/p&gt;&#xA;"
                                textIsRich="true"/>
                  </step_par>
               </step_495_71>
               <step_496_71 jcr:primaryType="nt:unstructured" sling:resourceType="help/components/step">
                  <step_par jcr:primaryType="nt:unstructured"
                            sling:resourceType="help/components/procedure/step_parsys">
                     <text_1093 jcr:primaryType="nt:unstructured"
                                sling:resourceType="help/components/article-3/text"
                                text="&lt;p&gt;&lt;strong&gt;Check URL labels&lt;/strong&gt; (email): checks that each tracking URL has a label.&lt;/p&gt;&#xA;"
                                textIsRich="true"/>
                  </step_par>
               </step_496_71>
               <step_497_71 jcr:primaryType="nt:unstructured" sling:resourceType="help/components/step">
                  <step_par jcr:primaryType="nt:unstructured"
                            sling:resourceType="help/components/procedure/step_parsys">
                     <text_1094 jcr:primaryType="nt:unstructured"
                                sling:resourceType="help/components/article-3/text"
                                text="&lt;p&gt;&lt;strong&gt;Check URLs&lt;/strong&gt; (email): checks the tracking URLs (presence of the &#34;&amp;&#34; character).&lt;/p&gt;&#xA;"
                                textIsRich="true"/>
                  </step_par>
               </step_497_71>
               <step_498_71 jcr:primaryType="nt:unstructured" sling:resourceType="help/components/step">
                  <step_par jcr:primaryType="nt:unstructured"
                            sling:resourceType="help/components/procedure/step_parsys">
                     <text_1095 jcr:primaryType="nt:unstructured"
                                sling:resourceType="help/components/article-3/text"
                                text="&lt;p&gt;&lt;strong&gt;Check proof size&lt;/strong&gt; (all channels): generates an error message if the proof target population exceeds 100 recipients.&lt;/p&gt;&#xA;"
                                textIsRich="true"/>
                  </step_par>
               </step_498_71>
               <step_499_71 jcr:primaryType="nt:unstructured" sling:resourceType="help/components/step">
                  <step_par jcr:primaryType="nt:unstructured"
                            sling:resourceType="help/components/procedure/step_parsys">
                     <text_1096 jcr:primaryType="nt:unstructured"
                                sling:resourceType="help/components/article-3/text"
                                text="&lt;p&gt;&lt;strong&gt;Check unsubscription link&lt;/strong&gt; (email): checks for the presence of at least one unsubscription (opt-out) URL in each content (HTML and Text).&lt;/p&gt;&#xA;"
                                textIsRich="true"/>
                  </step_par>
               </step_499_71>
               <step_500_71 jcr:primaryType="nt:unstructured" sling:resourceType="help/components/step">
                  <step_par jcr:primaryType="nt:unstructured"
                            sling:resourceType="help/components/procedure/step_parsys">
                     <text_1097 jcr:primaryType="nt:unstructured"
                                sling:resourceType="help/components/article-3/text"
                                text="&lt;p&gt;&lt;strong&gt;Check delivery size&lt;/strong&gt; (all channels): checks the size of the messages.&lt;/p&gt;&#xA;"
                                textIsRich="true"/>
                  </step_par>
               </step_500_71>
               <step_501_71 jcr:primaryType="nt:unstructured" sling:resourceType="help/components/step">
                  <step_par jcr:primaryType="nt:unstructured"
                            sling:resourceType="help/components/procedure/step_parsys">
                     <text_1098 jcr:primaryType="nt:unstructured"
                                sling:resourceType="help/components/article-3/text"
                                text="&lt;p&gt;&lt;strong&gt;Check social network sharing link&lt;/strong&gt; (email): checks the presence of a link to a mirror page when including a social network sharing link (ViralLinks) in the content.&lt;/p&gt;&#xA;"
                                textIsRich="true"/>
                  </step_par>
               </step_501_71>
               <step_502_71 jcr:primaryType="nt:unstructured" sling:resourceType="help/components/step">
                  <step_par jcr:primaryType="nt:unstructured"
                            sling:resourceType="help/components/procedure/step_parsys">
                     <text_1099 jcr:primaryType="nt:unstructured"
                                sling:resourceType="help/components/article-3/text"
                                text="&lt;p&gt;&lt;strong&gt;A/B Test&lt;/strong&gt;: extracts the test population for a delivery with an A/B test.&lt;/p&gt;&#xA;"
                                textIsRich="true"/>
                  </step_par>
               </step_502_71>
            </proc_par>
         </procedure_71>
        <text_1100 jcr:primaryType="nt:unstructured"
                    sling:resourceType="help/components/article-3/text"
                    text="&lt;p&gt;You can choose the moment at which the rule will be applied from one of the phases of the delivery's life cycle. Select the value to apply in the drop-down list from the &lt;strong&gt;Phase&lt;/strong&gt; field of the typology rule.&lt;/p&gt;&#xA;"
                    textIsRich="true"/>
        <image_157 jcr:primaryType="nt:unstructured"
                    sling:resourceType="help/components/article-3/image"
                    jcr:title=""
                    alt=""
                    captionBottom=""
                    fileName="typology_phase.png"
                    originalFileName="images/en/typology_phase.png"
                    fileReference="/content/dam/help/en/campaign/standard/typology_phase.png"
                    imageRotate="0"
                    originalHeight=""
                    originalWidth=""
                    scaleOption="toTemplate"
                    status="legacy"/>
        <text_1101 jcr:primaryType="nt:unstructured"
                    sling:resourceType="help/components/article-3/text"
                    text="&lt;p&gt;Possible values are:&lt;/p&gt;&#xA;"
                    textIsRich="true"/>
        <procedure_72 jcr:primaryType="nt:unstructured"
                       sling:resourceType="help/components/procedure"
                       isBulleted="true">
            <proc_par jcr:primaryType="nt:unstructured"
                      sling:resourceType="help/components/procedure/proc_parsys">
               <step_503_72 jcr:primaryType="nt:unstructured" sling:resourceType="help/components/step">
                  <step_par jcr:primaryType="nt:unstructured"
                            sling:resourceType="help/components/procedure/step_parsys">
                     <text_1102 jcr:primaryType="nt:unstructured"
                                sling:resourceType="help/components/article-3/text"
                                text="&lt;p&gt;&lt;strong&gt;At the start of targeting&lt;/strong&gt;&lt;/p&gt;&#xA;"
                                textIsRich="true"/>
                     <text_1103 jcr:primaryType="nt:unstructured"
                                sling:resourceType="help/components/article-3/text"
                                text="&lt;p&gt;The control rule can be applied at this phase so that the personalization step is not executed in the event of an error.&lt;/p&gt;&#xA;"
                                textIsRich="true"/>
                  </step_par>
               </step_503_72>
               <step_504_72 jcr:primaryType="nt:unstructured" sling:resourceType="help/components/step">
                  <step_par jcr:primaryType="nt:unstructured"
                            sling:resourceType="help/components/procedure/step_parsys">
                     <text_1104 jcr:primaryType="nt:unstructured"
                                sling:resourceType="help/components/article-3/text"
                                text="&lt;p&gt;&lt;strong&gt;After targeting&lt;/strong&gt;&lt;/p&gt;&#xA;"
                                textIsRich="true"/>
                     <text_1105 jcr:primaryType="nt:unstructured"
                                sling:resourceType="help/components/article-3/text"
                                text="&lt;p&gt;If you need to know the volume of the target in order to apply the control rule, select this phase.&lt;/p&gt;&#xA;"
                                textIsRich="true"/>
                     <text_1106 jcr:primaryType="nt:unstructured"
                                sling:resourceType="help/components/article-3/text"
                                text="&lt;p&gt;For example, the &lt;strong&gt;Check proof size&lt;/strong&gt; control rule applies after the targeting stage: this rule prevents the preparation of message personalization if there are too many proof recipients.&lt;/p&gt;&#xA;"
                                textIsRich="true"/>
                  </step_par>
               </step_504_72>
               <step_505_72 jcr:primaryType="nt:unstructured" sling:resourceType="help/components/step">
                  <step_par jcr:primaryType="nt:unstructured"
                            sling:resourceType="help/components/procedure/step_parsys">
                     <text_1107 jcr:primaryType="nt:unstructured"
                                sling:resourceType="help/components/article-3/text"
                                text="&lt;p&gt;&lt;strong&gt;At the start of personalization&lt;/strong&gt;&lt;/p&gt;&#xA;"
                                textIsRich="true"/>
                     <text_1108 jcr:primaryType="nt:unstructured"
                                sling:resourceType="help/components/article-3/text"
                                text="&lt;p&gt;This phase must be selected if the check concerns approving message personalization. Message personalization is carried out during the analysis phase.&lt;/p&gt;&#xA;"
                                textIsRich="true"/>
                  </step_par>
               </step_505_72>
               <step_506_72 jcr:primaryType="nt:unstructured" sling:resourceType="help/components/step">
                  <step_par jcr:primaryType="nt:unstructured"
                            sling:resourceType="help/components/procedure/step_parsys">
                     <text_1109 jcr:primaryType="nt:unstructured"
                                sling:resourceType="help/components/article-3/text"
                                text="&lt;p&gt;&lt;strong&gt;At the end of the analysis&lt;/strong&gt;&lt;/p&gt;&#xA;"
                                textIsRich="true"/>
                     <text_1110 jcr:primaryType="nt:unstructured"
                                sling:resourceType="help/components/article-3/text"
                                text="&lt;p&gt;When a check requires message personalization to be complete, select this phase.&lt;/p&gt;&#xA;"
                                textIsRich="true"/>
                  </step_par>
               </step_506_72>
            </proc_par>
         </procedure_72>
      </main-pars>
      <hero jcr:primaryType="nt:unstructured"
            sling:resourceType="foundation/components/image"/>
      <thumbnail jcr:primaryType="nt:unstructured"
                 sling:resourceType="foundation/components/image"/>
      <publisherLogo jcr:primaryType="nt:unstructured"
                     sling:resourceType="foundation/components/image"/>
   </jcr:content>
</jcr:root>