<?xml version="1.0" encoding="UTF-8"?>
<jcr:root xmlns:nt="http://www.jcp.org/jcr/nt/1.0" xmlns:json="http://json.org/"
          xmlns:sling="http://sling.apache.org/jcr/sling/1.0"
          xmlns:cq="http://www.day.com/jcr/cq/1.0"
          xmlns:jcr="http://www.jcp.org/jcr/1.0"
          xmlns:mix="http://www.jcp.org/jcr/mix/1.0"
          jcr:primaryType="cq:Page">
   <jcr:content navTitle="External accounts" jcr:primaryType="cq:PageContent"
                sling:resourceType="help/components/pages/article-3"
                heroGradient="light"
                jcr:language="en_us"
                cq:designPath="/etc/designs/help"
                cq:template="/apps/help/templates/article-3"
                jcr:mixinTypes="[mix:versionable]"
                jcr:title="External accounts"
                jcr:description="External accounts"
                seoDescription="Configure external accounts to set up connections with external systems such as SFTP servers."
                primaryProductTag="[products:SG_CAMPAIGN/STANDARD]"
                cq:tags="[products:SG_CAMPAIGN/STANDARD,audience:administration,content_type:reference,topic_tags:application-settings]"
                primaryAudienceTag="[audience:administration]"
                contentOwner="sauviat"
                isReadyForLocalization="true"
                publishExternalDate="2018-09-04">
      <main-pars jcr:primaryType="nt:unstructured"
                 sling:resourceType="foundation/components/parsys">
        
        
        
            
        
        <text_1113 jcr:primaryType="nt:unstructured"
                    sling:resourceType="help/components/article-3/text"
                    text="&lt;p&gt;An external account is a configuration that allows you to configure and test the access to a server that is external to Adobe Campaign.&lt;/p&gt;&#xA;"
                    textIsRich="true"/>
        <text_1114 jcr:primaryType="nt:unstructured"
                    sling:resourceType="help/components/article-3/text"
                    text="&lt;p&gt;The following external account types are available: SFTP, HTTP and Amazon Storage Service (S3).&lt;/p&gt;&#xA;"
                    textIsRich="true"/>
        <note_45 jcr:primaryType="nt:unstructured"
                  sling:resourceType="help/components/article-3/note"
                  text="&lt;p&gt;&#xA;            More types of external accounts are available. They are used during provisioning operations performed by Adobe.&#xA;            From build 17.9, FTP external accounts can still be defined but are no longer usable in new workflow activities. If you already had a connection set up, it is still enabled.&#xA;        &lt;/p&gt;&#xA;"
                  textIsRich="true"
                  type="note"/>
        <text_1117 jcr:primaryType="nt:unstructured"
                    sling:resourceType="help/components/article-3/text"
                    text="&lt;p&gt;External accounts can be configured by administrators under the &lt;strong&gt;Administration &gt; Application settings &gt; External accounts&lt;/strong&gt; menu.&lt;/p&gt;&#xA;"
                    textIsRich="true"/>
        
            <header_102 jcr:primaryType="nt:unstructured" sling:resourceType="help/components/header"
                     id="creating-an-external-account"
                     level="2"
                     text="&lt;p&gt;Creating an external account&lt;/p&gt;&#xA;"
                     textIsRich="'true'"/>
            <text_1118 jcr:primaryType="nt:unstructured"
                    sling:resourceType="help/components/article-3/text"
                    text="&lt;p&gt;Adobe Campaign comes with a set of pre-defined external accounts. In order to set up connections with external systems such as FTP servers used for file transfers, you can create your own external accounts.&lt;/p&gt;&#xA;"
                    textIsRich="true"/>
            <text_1119 jcr:primaryType="nt:unstructured"
                    sling:resourceType="help/components/article-3/text"
                    text="&lt;p&gt;External accounts are used by technical processes such as technical workflows or campaign workflows. When setting up a file transfer in a workflow or a data exchange with any other application (Adobe Target, Experience Manager, etc.), you need to select an external account.&lt;/p&gt;&#xA;"
                    textIsRich="true"/>
            <procedure_41_10 jcr:primaryType="nt:unstructured"
                          sling:resourceType="help/components/procedure">
            <proc_par jcr:primaryType="nt:unstructured"
                      sling:resourceType="help/components/procedure/proc_parsys">
                <step_507_0 jcr:primaryType="nt:unstructured" sling:resourceType="help/components/step">
                  <step_par jcr:primaryType="nt:unstructured"
                            sling:resourceType="help/components/procedure/step_parsys">
                    <text_1120 jcr:primaryType="nt:unstructured"
                                sling:resourceType="help/components/article-3/text"
                                text="&lt;p&gt;Click the &lt;strong&gt;Create&lt;/strong&gt; button.&lt;/p&gt;&#xA;"
                                textIsRich="true"/>
                  </step_par>
               </step_507_0>
                <step_508_0 jcr:primaryType="nt:unstructured" sling:resourceType="help/components/step">
                  <step_par jcr:primaryType="nt:unstructured"
                            sling:resourceType="help/components/procedure/step_parsys">
                    <text_1121 jcr:primaryType="nt:unstructured"
                                sling:resourceType="help/components/article-3/text"
                                text="&lt;p&gt;Enter a label. The label and the ID will be used when selecting external accounts in workflows.&lt;/p&gt;&#xA;"
                                textIsRich="true"/>
                  </step_par>
               </step_508_0>
                <step_509_0 jcr:primaryType="nt:unstructured" sling:resourceType="help/components/step">
                  <step_par jcr:primaryType="nt:unstructured"
                            sling:resourceType="help/components/procedure/step_parsys">
                    <text_1122 jcr:primaryType="nt:unstructured"
                                sling:resourceType="help/components/article-3/text"
                                text="&lt;p&gt;Select the type of account you want to create.&lt;/p&gt;&#xA;"
                                textIsRich="true"/>
                  </step_par>
               </step_509_0>
                <step_510_0 jcr:primaryType="nt:unstructured" sling:resourceType="help/components/step">
                  <step_par jcr:primaryType="nt:unstructured"
                            sling:resourceType="help/components/procedure/step_parsys">
                    <text_1123 jcr:primaryType="nt:unstructured"
                                sling:resourceType="help/components/article-3/text"
                                text="&lt;p&gt;Configure the access to the account by specifying credentials, server address, port number, and or keys when relevant.&lt;/p&gt;&#xA;"
                                textIsRich="true"/>
                    <text_1124 jcr:primaryType="nt:unstructured"
                                sling:resourceType="help/components/article-3/text"
                                text="&lt;p&gt;The necessary information is usually provided by the provider of the server you are connecting to.&lt;/p&gt;&#xA;"
                                textIsRich="true"/>
                  </step_par>
               </step_510_0>
                <step_511_0 jcr:primaryType="nt:unstructured" sling:resourceType="help/components/step">
                  <step_par jcr:primaryType="nt:unstructured"
                            sling:resourceType="help/components/procedure/step_parsys">
                    <text_1125 jcr:primaryType="nt:unstructured"
                                sling:resourceType="help/components/article-3/text"
                                text="&lt;p&gt;Save your account.&lt;/p&gt;&#xA;"
                                textIsRich="true"/>
                  </step_par>
               </step_511_0>
            </proc_par>
         </procedure_41_10>
            <text_1126 jcr:primaryType="nt:unstructured"
                    sling:resourceType="help/components/article-3/text"
                    text="&lt;p&gt;The external account is created and added to the account list. It is now available for your data/file transfers or routing configurations in workflow activities and delivery properties.&lt;/p&gt;&#xA;"
                    textIsRich="true"/>
        
        
        
            <header_103 jcr:primaryType="nt:unstructured" sling:resourceType="help/components/header"
                     id="how-to-define-an-sftp-external-account"
                     level="2"
                     text="&lt;p&gt;How to define an SFTP external account&lt;/p&gt;&#xA;"
                     textIsRich="'true'"/>
            <text_1127 jcr:primaryType="nt:unstructured"
                    sling:resourceType="help/components/article-3/text"
                    text="&lt;p&gt;Different external account types require different information to be specified.&lt;/p&gt;&#xA;"
                    textIsRich="true"/>
            <text_1128 jcr:primaryType="nt:unstructured"
                    sling:resourceType="help/components/article-3/text"
                    text="&lt;p&gt;For an SFTP external account, provide the following details:&lt;/p&gt;&#xA;"
                    textIsRich="true"/>
            <procedure_73 jcr:primaryType="nt:unstructured"
                       sling:resourceType="help/components/procedure"
                       isBulleted="true">
            <proc_par jcr:primaryType="nt:unstructured"
                      sling:resourceType="help/components/procedure/proc_parsys">
                <step_512_73 jcr:primaryType="nt:unstructured" sling:resourceType="help/components/step">
                  <step_par jcr:primaryType="nt:unstructured"
                            sling:resourceType="help/components/procedure/step_parsys">
                    <text_1129 jcr:primaryType="nt:unstructured"
                                sling:resourceType="help/components/article-3/text"
                                text="&lt;p&gt;Server address. For example, &lt;strong&gt;ftp.domain.com&lt;/strong&gt;.&lt;/p&gt;&#xA;"
                                textIsRich="true"/>
                  </step_par>
               </step_512_73>
                <step_513_73 jcr:primaryType="nt:unstructured" sling:resourceType="help/components/step">
                  <step_par jcr:primaryType="nt:unstructured"
                            sling:resourceType="help/components/procedure/step_parsys">
                    <text_1130 jcr:primaryType="nt:unstructured"
                                sling:resourceType="help/components/article-3/text"
                                text="&lt;p&gt;Port number. For example, &lt;strong&gt;22&lt;/strong&gt;.&lt;/p&gt;&#xA;"
                                textIsRich="true"/>
                  </step_par>
               </step_513_73>
                <step_514_73 jcr:primaryType="nt:unstructured" sling:resourceType="help/components/step">
                  <step_par jcr:primaryType="nt:unstructured"
                            sling:resourceType="help/components/procedure/step_parsys">
                    <text_1131 jcr:primaryType="nt:unstructured"
                                sling:resourceType="help/components/article-3/text"
                                text="&lt;p&gt;SFTP server credentials: account name and password used to connect to the server.&lt;/p&gt;&#xA;"
                                textIsRich="true"/>
                  </step_par>
               </step_514_73>
            </proc_par>
         </procedure_73>
            
                <header_104 jcr:primaryType="nt:unstructured" sling:resourceType="help/components/header"
                     id="best-practices-for-adobe-hosted-sftp-servers"
                     level="3"
                     text="&lt;p&gt;Best practices for Adobe hosted SFTP servers&lt;/p&gt;&#xA;"
                     textIsRich="'true'"/>
                <text_1132 jcr:primaryType="nt:unstructured"
                    sling:resourceType="help/components/article-3/text"
                    text="&lt;p&gt;When managing files and data for ETL purposes, these files are stored on a hosted SFTP server provided by Adobe. This SFTP is designed to be a temporary storage space on which you can control retention and deletion of files.&lt;/p&gt;&#xA;"
                    textIsRich="true"/>
                <text_1133 jcr:primaryType="nt:unstructured"
                    sling:resourceType="help/components/article-3/text"
                    text="&lt;p&gt;When not correctly used or monitored, this space can quickly fill the physical space available on the server and cause severe problems. It can result in data loss or corruption on your platform.&lt;/p&gt;&#xA;"
                    textIsRich="true"/>
                <text_1134 jcr:primaryType="nt:unstructured"
                    sling:resourceType="help/components/article-3/text"
                    text="&lt;p&gt;To avoid such problems, Adobe recommends to follow the best practices below:&lt;/p&gt;&#xA;"
                    textIsRich="true"/>
                <procedure_74 jcr:primaryType="nt:unstructured"
                       sling:resourceType="help/components/procedure"
                       isBulleted="true">
            <proc_par jcr:primaryType="nt:unstructured"
                      sling:resourceType="help/components/procedure/proc_parsys">
                    <step_515_74 jcr:primaryType="nt:unstructured" sling:resourceType="help/components/step">
                  <step_par jcr:primaryType="nt:unstructured"
                            sling:resourceType="help/components/procedure/step_parsys">
                        <text_1135 jcr:primaryType="nt:unstructured"
                                sling:resourceType="help/components/article-3/text"
                                text="&lt;p&gt;Keep the minimum data possible.&lt;/p&gt;&#xA;"
                                textIsRich="true"/>
                    </step_par>
               </step_515_74>
                    <step_516_74 jcr:primaryType="nt:unstructured" sling:resourceType="help/components/step">
                  <step_par jcr:primaryType="nt:unstructured"
                            sling:resourceType="help/components/procedure/step_parsys">
                        <text_1136 jcr:primaryType="nt:unstructured"
                                sling:resourceType="help/components/article-3/text"
                                text="&lt;p&gt;Use key based authentication to avoid password expiry. Supported formats are &lt;strong&gt;OpenSSH&lt;/strong&gt; and &lt;strong&gt;SSH2&lt;/strong&gt; only. You will have to provide the public key to Adobe support team to have it uploaded on the Campaign server.&lt;/p&gt;&#xA;"
                                textIsRich="true"/>
                    </step_par>
               </step_516_74>
                    <step_517_74 jcr:primaryType="nt:unstructured" sling:resourceType="help/components/step">
                  <step_par jcr:primaryType="nt:unstructured"
                            sling:resourceType="help/components/procedure/step_parsys">
                        <text_1137 jcr:primaryType="nt:unstructured"
                                sling:resourceType="help/components/article-3/text"
                                text="&lt;p&gt;Keep data for only as long as required. 15 days is the maximum time limit.&lt;/p&gt;&#xA;"
                                textIsRich="true"/>
                    </step_par>
               </step_517_74>
                    <step_518_74 jcr:primaryType="nt:unstructured" sling:resourceType="help/components/step">
                  <step_par jcr:primaryType="nt:unstructured"
                            sling:resourceType="help/components/procedure/step_parsys">
                        <text_1138 jcr:primaryType="nt:unstructured"
                                sling:resourceType="help/components/article-3/text"
                                text="&lt;p&gt;Use workflows to properly delete the data (manage the retention from workflows consuming the data).&lt;/p&gt;&#xA;"
                                textIsRich="true"/>
                    </step_par>
               </step_518_74>
                    <step_519_74 jcr:primaryType="nt:unstructured" sling:resourceType="help/components/step">
                  <step_par jcr:primaryType="nt:unstructured"
                            sling:resourceType="help/components/procedure/step_parsys">
                        <text_1139 jcr:primaryType="nt:unstructured"
                                sling:resourceType="help/components/article-3/text"
                                text="&lt;p&gt;Use batching in SFTP uploads as well as in workflows.&lt;/p&gt;&#xA;"
                                textIsRich="true"/>
                    </step_par>
               </step_519_74>
                    <step_520_74 jcr:primaryType="nt:unstructured" sling:resourceType="help/components/step">
                  <step_par jcr:primaryType="nt:unstructured"
                            sling:resourceType="help/components/procedure/step_parsys">
                        <text_1140 jcr:primaryType="nt:unstructured"
                                sling:resourceType="help/components/article-3/text"
                                text="&lt;p&gt;Handle errors/exceptions.&lt;/p&gt;&#xA;"
                                textIsRich="true"/>
                    </step_par>
               </step_520_74>
                    <step_521_74 jcr:primaryType="nt:unstructured" sling:resourceType="help/components/step">
                  <step_par jcr:primaryType="nt:unstructured"
                            sling:resourceType="help/components/procedure/step_parsys">
                        <text_1141 jcr:primaryType="nt:unstructured"
                                sling:resourceType="help/components/article-3/text"
                                text="&lt;p&gt;Occasionally, log-in to SFTP to directly check what is lying there.&lt;/p&gt;&#xA;"
                                textIsRich="true"/>
                    </step_par>
               </step_521_74>
                    <step_522_74 jcr:primaryType="nt:unstructured" sling:resourceType="help/components/step">
                  <step_par jcr:primaryType="nt:unstructured"
                            sling:resourceType="help/components/procedure/step_parsys">
                        <text_1142 jcr:primaryType="nt:unstructured"
                                sling:resourceType="help/components/article-3/text"
                                text="&lt;p&gt;Remember that SFTP disk management is primarily your responsibility.&lt;/p&gt;&#xA;"
                                textIsRich="true"/>
                    </step_par>
               </step_522_74>
                </proc_par>
         </procedure_74>
                <text_1143 jcr:primaryType="nt:unstructured"
                    sling:resourceType="help/components/article-3/text"
                    text="&lt;p&gt;Also, note that the public IPs from which you are trying to initiate the SFTP connection must be whitelisted on the Campaign instance. Whitelisting of IP addresses can be requested via a &#xA;&lt;a href=&#34;https://support.neolane.net&#34;&gt;support ticket&lt;/a&gt;, along with providing the public key to use for authentication.&lt;/p&gt;&#xA;"
                    textIsRich="true"/>
            
        
        
            <header_105 jcr:primaryType="nt:unstructured" sling:resourceType="help/components/header"
                     id="how-to-define-an-amazon-s3-external-account"
                     level="2"
                     text="&lt;p&gt;How to define an Amazon S3 external account&lt;/p&gt;&#xA;"
                     textIsRich="'true'"/>
            <text_1144 jcr:primaryType="nt:unstructured"
                    sling:resourceType="help/components/article-3/text"
                    text="&lt;p&gt;The S3 server field should be filled as follows: &lt;/p&gt;&#xA;"
                    textIsRich="true"/>
            <codelisting_sh14 jcr:primaryType="nt:unstructured"
                           sling:resourceType="help/components/codeblock"
                           codeLanguage="html"
                           gutter="true"
                           text="\&lt;S3 bucket name&gt;.s3.amazonaws.com/&lt;s3 object path&gt;"/>
            <text_1145 jcr:primaryType="nt:unstructured"
                    sling:resourceType="help/components/article-3/text"
                    text="&lt;p&gt;To store your file in S3 encrypted mode, check the &lt;strong&gt;Keep files in S3 encrypted&lt;/strong&gt; box.&lt;/p&gt;&#xA;"
                    textIsRich="true"/>
            <image_158 jcr:primaryType="nt:unstructured"
                    sling:resourceType="help/components/article-3/image"
                    jcr:title=""
                    alt=""
                    captionBottom=""
                    fileName="external_accounts_2.png"
                    originalFileName="images/en/external_accounts_2.png"
                    fileReference="/content/dam/help/en/campaign/standard/external_accounts_2.png"
                    imageRotate="0"
                    originalHeight=""
                    originalWidth=""
                    scaleOption="toTemplate"
                    status="legacy"/>
            <text_1146 jcr:primaryType="nt:unstructured"
                    sling:resourceType="help/components/article-3/text"
                    text="&lt;p&gt;The necessary information is usually provided by the provider of the server you are connecting to.&lt;/p&gt;&#xA;"
                    textIsRich="true"/>
            <text_1147 jcr:primaryType="nt:unstructured"
                    sling:resourceType="help/components/article-3/text"
                    text="&lt;p&gt;Specify the &lt;strong&gt;AWS Region&lt;/strong&gt; associated to your endpoint. You can check the supported regions and signature versions in the official &#xA;&#x9;&#x9;&#x9;&#x9;&#x9;&lt;a href=&#34;https://docs.aws.amazon.com/general/latest/gr/rande.html#s3_region&#34; class=&#34;anchorLink&#34; target=&#34;_blank&#34;&gt;Amazon S3 documentation&lt;/a&gt;&#xA;&#x9;&#x9;&#x9;&#x9;.&lt;/p&gt;&#xA;"
                    textIsRich="true"/>
            
                <header_106 jcr:primaryType="nt:unstructured" sling:resourceType="help/components/header"
                     id="s3-account-recommendations"
                     level="3"
                     text="&lt;p&gt;S3 account recommendations&lt;/p&gt;&#xA;"
                     textIsRich="'true'"/>
                <text_1148 jcr:primaryType="nt:unstructured"
                    sling:resourceType="help/components/article-3/text"
                    text="&lt;p&gt;To help you set up your S3 account, we advise you to follow these recommendations:&lt;/p&gt;&#xA;"
                    textIsRich="true"/>
                <procedure_75 jcr:primaryType="nt:unstructured"
                       sling:resourceType="help/components/procedure"
                       isBulleted="true">
            <proc_par jcr:primaryType="nt:unstructured"
                      sling:resourceType="help/components/procedure/proc_parsys">
                    <step_523_75 jcr:primaryType="nt:unstructured" sling:resourceType="help/components/step">
                  <step_par jcr:primaryType="nt:unstructured"
                            sling:resourceType="help/components/procedure/step_parsys">
                        <text_1149 jcr:primaryType="nt:unstructured"
                                sling:resourceType="help/components/article-3/text"
                                text="&lt;p&gt;Create strict bucket policy to restrict access to S3 buckets. Bucket policy can be configured while creating a bucket. For more information, refer to the &#xA;&lt;a href=&#34;http://docs.aws.amazon.com/AmazonS3/latest/dev//example-bucket-policies.html&#34;&gt;Amazon S3 documentation&lt;/a&gt;. &lt;/p&gt;&#xA;"
                                textIsRich="true"/>
                    </step_par>
               </step_523_75>
                    <step_524_75 jcr:primaryType="nt:unstructured" sling:resourceType="help/components/step">
                  <step_par jcr:primaryType="nt:unstructured"
                            sling:resourceType="help/components/procedure/step_parsys">
                        <text_1150 jcr:primaryType="nt:unstructured"
                                sling:resourceType="help/components/article-3/text"
                                text="&lt;p&gt;While creating an external account, enable the encryption to store sensitive data in the S3 bucket by checking the &lt;strong&gt;Keep files in S3 encrypted&lt;/strong&gt; box.&lt;/p&gt;&#xA;"
                                textIsRich="true"/>
                    </step_par>
               </step_524_75>
                    <step_525_75 jcr:primaryType="nt:unstructured" sling:resourceType="help/components/step">
                  <step_par jcr:primaryType="nt:unstructured"
                            sling:resourceType="help/components/procedure/step_parsys">
                        <text_1151 jcr:primaryType="nt:unstructured"
                                sling:resourceType="help/components/article-3/text"
                                text="&lt;p&gt;Grant bucket permissions to specify who can access the object in a bucket. For more information on bucket permission, refer to the &#xA;&lt;a href=&#34;http://docs.aws.amazon.com/AmazonS3/latest/dev//access-control-overview.html&#34;&gt;Amazon S3 documentation&lt;/a&gt;&lt;/p&gt;&#xA;"
                                textIsRich="true"/>
                    </step_par>
               </step_525_75>
                </proc_par>
         </procedure_75>
            
        
        
            <header_107 jcr:primaryType="nt:unstructured" sling:resourceType="help/components/header"
                     id="how-to-define-an-adobe-experience-manager-external-account"
                     level="2"
                     text="&lt;p&gt;How to define an Adobe Experience Manager external account&lt;/p&gt;&#xA;"
                     textIsRich="'true'"/>
            <text_1152 jcr:primaryType="nt:unstructured"
                    sling:resourceType="help/components/article-3/text"
                    text="&lt;p&gt;AEM external accounts are used when integrating Campaign with AEM.&lt;/p&gt;&#xA;"
                    textIsRich="true"/>
            <text_1153 jcr:primaryType="nt:unstructured"
                    sling:resourceType="help/components/article-3/text"
                    text="&lt;p&gt;The list of compatible versions of AEM and more details about this integration are available in &#xA;&#x9;&#x9;&#x9;&#x9;&#x9;&#x9;&#x9;&#x9;&#x9;&#x9;&#x9;&#xA;&#x9;&#x9;&#x9;&#x9;&#x9;&#x9;&#x9;&lt;a href=&#34;/content/help/en/campaign/standard/integrating/using/about-campaign-integrations.html&#34;&gt;this document&lt;/a&gt;.&lt;/p&gt;&#xA;"
                    textIsRich="true"/>
            <text_1154 jcr:primaryType="nt:unstructured"
                    sling:resourceType="help/components/article-3/text"
                    text="&lt;p&gt;Provide the following details:&lt;/p&gt;&#xA;"
                    textIsRich="true"/>
            <procedure_76 jcr:primaryType="nt:unstructured"
                       sling:resourceType="help/components/procedure"
                       isBulleted="true">
            <proc_par jcr:primaryType="nt:unstructured"
                      sling:resourceType="help/components/procedure/proc_parsys">
                <step_526_76 jcr:primaryType="nt:unstructured" sling:resourceType="help/components/step">
                  <step_par jcr:primaryType="nt:unstructured"
                            sling:resourceType="help/components/procedure/step_parsys">
                    <text_1155 jcr:primaryType="nt:unstructured"
                                sling:resourceType="help/components/article-3/text"
                                text="&lt;p&gt;Server: AEM server URL. For example, &lt;strong&gt;http://aem.domain.com:4502&lt;/strong&gt;.&lt;/p&gt;&#xA;"
                                textIsRich="true"/>
                  </step_par>
               </step_526_76>
                <step_527_76 jcr:primaryType="nt:unstructured" sling:resourceType="help/components/step">
                  <step_par jcr:primaryType="nt:unstructured"
                            sling:resourceType="help/components/procedure/step_parsys">
                    <text_1156 jcr:primaryType="nt:unstructured"
                                sling:resourceType="help/components/article-3/text"
                                text="&lt;p&gt;AEM account credentials: use the account that will access the AEM instance. It should be an account part of the campaign-remote group in AEM.&lt;/p&gt;&#xA;"
                                textIsRich="true"/>
                  </step_par>
               </step_527_76>
            </proc_par>
         </procedure_76>
        
      </main-pars>
      <hero jcr:primaryType="nt:unstructured"
            sling:resourceType="foundation/components/image"/>
      <thumbnail jcr:primaryType="nt:unstructured"
                 sling:resourceType="foundation/components/image"/>
      <publisherLogo jcr:primaryType="nt:unstructured"
                     sling:resourceType="foundation/components/image"/>
   </jcr:content>
</jcr:root>