<?xml version="1.0" encoding="UTF-8"?>
<jcr:root xmlns:nt="http://www.jcp.org/jcr/nt/1.0" xmlns:json="http://json.org/"
          xmlns:sling="http://sling.apache.org/jcr/sling/1.0"
          xmlns:cq="http://www.day.com/jcr/cq/1.0"
          xmlns:jcr="http://www.jcp.org/jcr/1.0"
          xmlns:mix="http://www.jcp.org/jcr/mix/1.0"
          jcr:primaryType="cq:Page">
   <jcr:content navTitle="Fatigue rules" jcr:primaryType="cq:PageContent"
                sling:resourceType="help/components/pages/article-3"
                heroGradient="light"
                jcr:language="en_us"
                cq:designPath="/etc/designs/help"
                cq:template="/apps/help/templates/article-3"
                jcr:mixinTypes="[mix:versionable]"
                jcr:title="Fatigue rules"
                jcr:description="Fatigue rules"
                seoDescription="Create fatigue rules to manage over-communication with profiles."
                primaryProductTag="[products:SG_CAMPAIGN/STANDARD]"
                cq:tags="[products:SG_CAMPAIGN/STANDARD,audience:administration,content_type:reference,topic_tags:working-with-typology-rules]"
                primaryAudienceTag="[audience:administration]"
                contentOwner="sauviat"
                isReadyForLocalization="true"
                publishExternalDate="2018-09-04">
      <main-pars jcr:primaryType="nt:unstructured"
                 sling:resourceType="foundation/components/parsys">
      
      
        
      
      
        <header_91 jcr:primaryType="nt:unstructured" sling:resourceType="help/components/header"
                    id="about-fatigue-rules"
                    level="2"
                    text="&lt;p&gt;About fatigue rules&lt;/p&gt;&#xA;"
                    textIsRich="'true'"/>
        <text_992 jcr:primaryType="nt:unstructured"
                   sling:resourceType="help/components/article-3/text"
                   text="&lt;p&gt;Fatigue rules allow marketers to set global cross-channel business rules that will automatically exclude over-solicited profiles from campaigns.&lt;/p&gt;&#xA;"
                   textIsRich="true"/>
        <text_993 jcr:primaryType="nt:unstructured"
                   sling:resourceType="help/components/article-3/text"
                   text="&lt;p&gt;To implement fatigue rules, you define a maximum number of messages per profile and select a period on which the rule will apply. During delivery preparation, profiles are excluded from the delivery if applicable, depending on the number of messages already sent to them. &lt;/p&gt;&#xA;"
                   textIsRich="true"/>
        
        <note_41 jcr:primaryType="nt:unstructured"
                  sling:resourceType="help/components/article-3/note"
                  text="&lt;p&gt;&#xA;          For fatigue rules to apply, you need to define a contact date for your delivery. If you choose to send messages immediately, the fatigue rule will not be applied.&#xA;        &lt;/p&gt;&#xA;"
                  textIsRich="true"
                  type="note"/>
        <text_995 jcr:primaryType="nt:unstructured"
                   sling:resourceType="help/components/article-3/text"
                   text="&lt;p&gt;Related topics: &lt;/p&gt;&#xA;"
                   textIsRich="true"/>
        <procedure_63 jcr:primaryType="nt:unstructured"
                       sling:resourceType="help/components/procedure"
                       isBulleted="true">
            <proc_par jcr:primaryType="nt:unstructured"
                      sling:resourceType="help/components/procedure/proc_parsys">
               <step_452_63 jcr:primaryType="nt:unstructured" sling:resourceType="help/components/step">
                  <step_par jcr:primaryType="nt:unstructured"
                            sling:resourceType="help/components/procedure/step_parsys">
                     <text_996 jcr:primaryType="nt:unstructured"
                               sling:resourceType="help/components/article-3/text"
                               text="&lt;p&gt;&#xA;&#x9;&#x9;&#x9;&#x9;&#x9;&#xA;&lt;a href=&#34;/content/help/en/campaign/standard/administration/using/configuring-email-channel.html#preparation&#34; target=&#34;_blank&#34;&gt;Preparation&lt;/a&gt;&lt;/p&gt;&#xA;"
                               textIsRich="true"/>
                  </step_par>
               </step_452_63>
               <step_453_63 jcr:primaryType="nt:unstructured" sling:resourceType="help/components/step">
                  <step_par jcr:primaryType="nt:unstructured"
                            sling:resourceType="help/components/procedure/step_parsys">
                     <text_997 jcr:primaryType="nt:unstructured"
                               sling:resourceType="help/components/article-3/text"
                               text="&lt;p&gt;&#xA;&#x9;&#x9;&#x9;&#x9;&#x9;&#xA;&lt;a href=&#34;/content/help/en/campaign/standard/administration/using/about-typology-rules.html#managing-typologies&#34; target=&#34;_blank&#34;&gt;Managing typologies&lt;/a&gt;&lt;/p&gt;&#xA;"
                               textIsRich="true"/>
                  </step_par>
               </step_453_63>
               <step_454_63 jcr:primaryType="nt:unstructured" sling:resourceType="help/components/step">
                  <step_par jcr:primaryType="nt:unstructured"
                            sling:resourceType="help/components/procedure/step_parsys">
                     <text_998 jcr:primaryType="nt:unstructured"
                               sling:resourceType="help/components/article-3/text"
                               text="&lt;p&gt;&#xA;&#x9;&#x9;&#x9;&#x9;&#x9;&#xA;&lt;a href=&#34;/content/help/en/campaign/standard/administration/using/about-typology-rules.html#typology-rules&#34; target=&#34;_blank&#34;&gt;Typology rules&lt;/a&gt;&lt;/p&gt;&#xA;"
                               textIsRich="true"/>
                  </step_par>
               </step_454_63>
            </proc_par>
         </procedure_63>
      
      
        <header_92 jcr:primaryType="nt:unstructured" sling:resourceType="help/components/header"
                    id="creating-a-fatigue-rule"
                    level="2"
                    text="&lt;p&gt;Creating a fatigue rule&lt;/p&gt;&#xA;"
                    textIsRich="'true'"/>
        <text_999 jcr:primaryType="nt:unstructured"
                   sling:resourceType="help/components/article-3/text"
                   text="&lt;p&gt;To create and configure a &lt;strong&gt;Fatigue&lt;/strong&gt; typology rule, apply the following steps:&lt;/p&gt;&#xA;"
                   textIsRich="true"/>
        <procedure_39_10 jcr:primaryType="nt:unstructured"
                          sling:resourceType="help/components/procedure">
            <proc_par jcr:primaryType="nt:unstructured"
                      sling:resourceType="help/components/procedure/proc_parsys">
               <step_455_0 jcr:primaryType="nt:unstructured" sling:resourceType="help/components/step">
                  <step_par jcr:primaryType="nt:unstructured"
                            sling:resourceType="help/components/procedure/step_parsys">
                     <text_1000 jcr:primaryType="nt:unstructured"
                                sling:resourceType="help/components/article-3/text"
                                text="&lt;p&gt;Click the Adobe Campaign logo, in the top left corner of the interface, then select &lt;strong&gt;Administration&lt;/strong&gt; &gt; &lt;strong&gt;Channels&lt;/strong&gt; &gt; &lt;strong&gt;Typologies&lt;/strong&gt; &gt; &lt;strong&gt;Typology rules&lt;/strong&gt;.&lt;/p&gt;&#xA;"
                                textIsRich="true"/>
                     <image_126 jcr:primaryType="nt:unstructured"
                                sling:resourceType="help/components/article-3/image"
                                jcr:title=""
                                alt=""
                                captionBottom=""
                                fileName="fatigue4.png"
                                originalFileName="images/en/fatigue4.png"
                                fileReference="/content/dam/help/en/campaign/standard/fatigue4.png"
                                imageRotate="0"
                                originalHeight=""
                                originalWidth=""
                                scaleOption="toTemplate"
                                status="legacy"/>
                  </step_par>
               </step_455_0>
               <step_456_0 jcr:primaryType="nt:unstructured" sling:resourceType="help/components/step">
                  <step_par jcr:primaryType="nt:unstructured"
                            sling:resourceType="help/components/procedure/step_parsys">
                     <text_1001 jcr:primaryType="nt:unstructured"
                                sling:resourceType="help/components/article-3/text"
                                text="&lt;p&gt;From the list of typology rules, click &lt;strong&gt;Create&lt;/strong&gt;.&lt;/p&gt;&#xA;"
                                textIsRich="true"/>
                     <image_127 jcr:primaryType="nt:unstructured"
                                sling:resourceType="help/components/article-3/image"
                                jcr:title=""
                                alt=""
                                captionBottom=""
                                fileName="fatigue.png"
                                originalFileName="images/en/fatigue.png"
                                fileReference="/content/dam/help/en/campaign/standard/fatigue.png"
                                imageRotate="0"
                                originalHeight=""
                                originalWidth=""
                                scaleOption="toTemplate"
                                status="legacy"/>
                  </step_par>
               </step_456_0>
               <step_457_0 jcr:primaryType="nt:unstructured" sling:resourceType="help/components/step">
                  <step_par jcr:primaryType="nt:unstructured"
                            sling:resourceType="help/components/procedure/step_parsys">
                     <text_1002 jcr:primaryType="nt:unstructured"
                                sling:resourceType="help/components/article-3/text"
                                text="&lt;p&gt;In the &lt;strong&gt;Rule type&lt;/strong&gt; field, select &lt;strong&gt;Fatigue&lt;/strong&gt;.&lt;/p&gt;&#xA;"
                                textIsRich="true"/>
                     <image_128 jcr:primaryType="nt:unstructured"
                                sling:resourceType="help/components/article-3/image"
                                jcr:title=""
                                alt=""
                                captionBottom=""
                                fileName="fatigue3.png"
                                originalFileName="images/en/fatigue3.png"
                                fileReference="/content/dam/help/en/campaign/standard/fatigue3.png"
                                imageRotate="0"
                                originalHeight=""
                                originalWidth=""
                                scaleOption="toTemplate"
                                status="legacy"/>
                  </step_par>
               </step_457_0>
               <step_458_0 jcr:primaryType="nt:unstructured" sling:resourceType="help/components/step">
                  <step_par jcr:primaryType="nt:unstructured"
                            sling:resourceType="help/components/procedure/step_parsys">
                     <text_1003 jcr:primaryType="nt:unstructured"
                                sling:resourceType="help/components/article-3/text"
                                text="&lt;p&gt;In the &lt;strong&gt;Channel&lt;/strong&gt; field, select which channel your rule will apply to. You can either select a single channel (email, SMS, direct mail, mobile application) or select &lt;strong&gt;All channels&lt;/strong&gt;. See &#xA;&#x9;&#x9;&#x9;&#x9;&#x9;&#xA;&lt;a href=&#34;/content/help/en/campaign/standard/administration/using/fatigue-rules.html#choosing-the-channel&#34; target=&#34;_blank&#34;&gt;Choosing the channel&lt;/a&gt;.&lt;/p&gt;&#xA;"
                                textIsRich="true"/>
                     <image_129 jcr:primaryType="nt:unstructured"
                                sling:resourceType="help/components/article-3/image"
                                jcr:title=""
                                alt=""
                                captionBottom=""
                                fileName="fatigue5.png"
                                originalFileName="images/en/fatigue5.png"
                                fileReference="/content/dam/help/en/campaign/standard/fatigue5.png"
                                imageRotate="0"
                                originalHeight=""
                                originalWidth=""
                                scaleOption="toTemplate"
                                status="legacy"/>
                  </step_par>
               </step_458_0>
               <step_459_0 jcr:primaryType="nt:unstructured" sling:resourceType="help/components/step">
                  <step_par jcr:primaryType="nt:unstructured"
                            sling:resourceType="help/components/procedure/step_parsys">
                     <text_1004 jcr:primaryType="nt:unstructured"
                                sling:resourceType="help/components/article-3/text"
                                text="&lt;p&gt;In the &lt;strong&gt;General&lt;/strong&gt; tab, define the method for calculating the maximum number of messages per profile. You can choose either a constant threshold or a variable. You can also refine the threshold on profiles and deliveries. For more on this, refer to &#xA;&#x9;&#x9;&#x9;&#x9;&#x9;&#xA;&lt;a href=&#34;/content/help/en/campaign/standard/administration/using/fatigue-rules.html#defining-the-threshold&#34; target=&#34;_blank&#34;&gt;Defining the threshold&lt;/a&gt;.&lt;/p&gt;&#xA;"
                                textIsRich="true"/>
                     <image_130 jcr:primaryType="nt:unstructured"
                                sling:resourceType="help/components/article-3/image"
                                jcr:title=""
                                alt=""
                                captionBottom=""
                                fileName="fatigue2.png"
                                originalFileName="images/en/fatigue2.png"
                                fileReference="/content/dam/help/en/campaign/standard/fatigue2.png"
                                imageRotate="0"
                                originalHeight=""
                                originalWidth=""
                                scaleOption="toTemplate"
                                status="legacy"/>
                  </step_par>
               </step_459_0>
               <step_460_0 jcr:primaryType="nt:unstructured" sling:resourceType="help/components/step">
                  <step_par jcr:primaryType="nt:unstructured"
                            sling:resourceType="help/components/procedure/step_parsys">
                     <text_1005 jcr:primaryType="nt:unstructured"
                                sling:resourceType="help/components/article-3/text"
                                text="&lt;p&gt;Choose a &lt;strong&gt;Sliding period&lt;/strong&gt; on which the typology rule will apply. For more on this, refer to &#xA;&#x9;&#x9;&#x9;&#x9;&#x9;&#xA;&lt;a href=&#34;/content/help/en/campaign/standard/administration/using/fatigue-rules.html#setting-the-sliding-period&#34; target=&#34;_blank&#34;&gt;Setting the sliding period&lt;/a&gt;.&lt;/p&gt;&#xA;"
                                textIsRich="true"/>
                     <image_131 jcr:primaryType="nt:unstructured"
                                sling:resourceType="help/components/article-3/image"
                                jcr:title=""
                                alt=""
                                captionBottom=""
                                fileName="fatigue6.png"
                                originalFileName="images/en/fatigue6.png"
                                fileReference="/content/dam/help/en/campaign/standard/fatigue6.png"
                                imageRotate="0"
                                originalHeight=""
                                originalWidth=""
                                scaleOption="toTemplate"
                                status="legacy"/>
                     <text_1006 jcr:primaryType="nt:unstructured"
                                sling:resourceType="help/components/article-3/text"
                                text="&lt;p&gt;In this example (see previous screenshots), we choose to send a maximum number of 4 messages over a sliding period of 15 days.&lt;/p&gt;&#xA;"
                                textIsRich="true"/>
                  </step_par>
               </step_460_0>
               <step_461_0 jcr:primaryType="nt:unstructured" sling:resourceType="help/components/step">
                  <step_par jcr:primaryType="nt:unstructured"
                            sling:resourceType="help/components/procedure/step_parsys">
                     <text_1007 jcr:primaryType="nt:unstructured"
                                sling:resourceType="help/components/article-3/text"
                                text="&lt;p&gt;In the &lt;strong&gt;Application criteria&lt;/strong&gt; tab, you can choose to apply this rule to all deliveries or restrict the applicability of the rule according to the message to send. The rule will only execute if the application condition is met. For example, you can apply the rule only on messages with a label starting with a given word or with an ID containing certain letters. See &#xA;&#x9;&#x9;&#x9;&#x9;&#x9;&#xA;&lt;a href=&#34;/content/help/en/campaign/standard/administration/using/filtering-rules.html#restricting-the-applicability-of-a-filtering-rule&#34; target=&#34;_blank&#34;&gt;Restricting the applicability of a filtering rule&lt;/a&gt;.&lt;/p&gt;&#xA;"
                                textIsRich="true"/>
                     <image_132 jcr:primaryType="nt:unstructured"
                                sling:resourceType="help/components/article-3/image"
                                jcr:title=""
                                alt=""
                                captionBottom=""
                                fileName="fatigue20.png"
                                originalFileName="images/en/fatigue20.png"
                                fileReference="/content/dam/help/en/campaign/standard/fatigue20.png"
                                imageRotate="0"
                                originalHeight=""
                                originalWidth=""
                                scaleOption="toTemplate"
                                status="legacy"/>
                  </step_par>
               </step_461_0>
               <step_462_0 jcr:primaryType="nt:unstructured" sling:resourceType="help/components/step">
                  <step_par jcr:primaryType="nt:unstructured"
                            sling:resourceType="help/components/procedure/step_parsys">
                     <text_1008 jcr:primaryType="nt:unstructured"
                                sling:resourceType="help/components/article-3/text"
                                text="&lt;p&gt;Select the &lt;strong&gt;Typologies&lt;/strong&gt; tab and link your typology rule to the typology used for your deliveries. See &#xA;&#x9;&#x9;&#x9;&#x9;&#x9;&#xA;&lt;a href=&#34;/content/help/en/campaign/standard/administration/using/about-typology-rules.html#managing-typologies&#34; target=&#34;_blank&#34;&gt;Managing typologies&lt;/a&gt; and &#xA;&#x9;&#x9;&#x9;&#x9;&#x9;&#xA;&lt;a href=&#34;/content/help/en/campaign/standard/administration/using/about-typology-rules.html#typology-rules&#34; target=&#34;_blank&#34;&gt;Typology rules&lt;/a&gt;.&lt;/p&gt;&#xA;"
                                textIsRich="true"/>
                     <image_133 jcr:primaryType="nt:unstructured"
                                sling:resourceType="help/components/article-3/image"
                                jcr:title=""
                                alt=""
                                captionBottom=""
                                fileName="fatigue12.png"
                                originalFileName="images/en/fatigue12.png"
                                fileReference="/content/dam/help/en/campaign/standard/fatigue12.png"
                                imageRotate="0"
                                originalHeight=""
                                originalWidth=""
                                scaleOption="toTemplate"
                                status="legacy"/>
                     <note_42 jcr:primaryType="nt:unstructured"
                              sling:resourceType="help/components/article-3/note"
                              text="&lt;p&gt;&#xA;              The typology can be defined in the delivery template, to be applied automatically to all deliveries created using this template.&#xA;            &lt;/p&gt;&#xA;"
                              textIsRich="true"
                              type="note"/>
                  </step_par>
               </step_462_0>
            </proc_par>
         </procedure_39_10>
        <text_1010 jcr:primaryType="nt:unstructured"
                    sling:resourceType="help/components/article-3/text"
                    text="&lt;p&gt;During delivery preparation, profiles are excluded from the delivery if applicable, depending on the number of deliveries already sent to them. You can view the fatigue rule execution results in the delivery logs. See &#xA;&#x9;&#x9;&#x9;&#x9;&#x9;&#xA;&lt;a href=&#34;/content/help/en/campaign/standard/administration/using/fatigue-rules.html#viewing-the-fatigue-results&#34; target=&#34;_blank&#34;&gt;Viewing the fatigue results&lt;/a&gt;.&lt;/p&gt;&#xA;"
                    textIsRich="true"/>
        <image_134 jcr:primaryType="nt:unstructured"
                    sling:resourceType="help/components/article-3/image"
                    jcr:title=""
                    alt=""
                    captionBottom=""
                    fileName="fatigue16.png"
                    originalFileName="images/en/fatigue16.png"
                    fileReference="/content/dam/help/en/campaign/standard/fatigue16.png"
                    imageRotate="0"
                    originalHeight=""
                    originalWidth=""
                    scaleOption="toTemplate"
                    status="legacy"/>
        <caution_19 jcr:primaryType="nt:unstructured"
                     sling:resourceType="help/components/article-3/note"
                     text="&lt;p&gt;&#xA;          For fatigue rules to work, you need to define a contact date for your delivery. If you choose to send messages immediately, the fatigue rule will not be applied.&#xA;        &lt;/p&gt;&#xA;"
                     textIsRich="true"
                     type="caution"/>
      
      
        <header_93 jcr:primaryType="nt:unstructured" sling:resourceType="help/components/header"
                    id="choosing-the-channel"
                    level="2"
                    text="&lt;p&gt;Choosing the channel&lt;/p&gt;&#xA;"
                    textIsRich="'true'"/>
        <text_1012 jcr:primaryType="nt:unstructured"
                    sling:resourceType="help/components/article-3/text"
                    text="&lt;p&gt;Fatigue rules are available for various channels. The channel is defined in the &lt;strong&gt;Channel&lt;/strong&gt; field of the typology rule settings. You can either select a single channel or select &lt;strong&gt;All channels&lt;/strong&gt;.&lt;/p&gt;&#xA;"
                    textIsRich="true"/>
        <image_135 jcr:primaryType="nt:unstructured"
                    sling:resourceType="help/components/article-3/image"
                    jcr:title=""
                    alt=""
                    captionBottom=""
                    fileName="fatigue5.png"
                    originalFileName="images/en/fatigue5.png"
                    fileReference="/content/dam/help/en/campaign/standard/fatigue5.png"
                    imageRotate="0"
                    originalHeight=""
                    originalWidth=""
                    scaleOption="toTemplate"
                    status="legacy"/>
        <text_1013 jcr:primaryType="nt:unstructured"
                    sling:resourceType="help/components/article-3/text"
                    text="&lt;p&gt;&lt;strong&gt;Available channels&lt;/strong&gt;&lt;/p&gt;&#xA;"
                    textIsRich="true"/>
        <text_1014 jcr:primaryType="nt:unstructured"
                    sling:resourceType="help/components/article-3/text"
                    text="&lt;p&gt;The following channels are available:&lt;/p&gt;&#xA;"
                    textIsRich="true"/>
        <procedure_64 jcr:primaryType="nt:unstructured"
                       sling:resourceType="help/components/procedure"
                       isBulleted="true">
            <proc_par jcr:primaryType="nt:unstructured"
                      sling:resourceType="help/components/procedure/proc_parsys">
               <step_463_64 jcr:primaryType="nt:unstructured" sling:resourceType="help/components/step">
                  <step_par jcr:primaryType="nt:unstructured"
                            sling:resourceType="help/components/procedure/step_parsys">
                     <text_1015 jcr:primaryType="nt:unstructured"
                                sling:resourceType="help/components/article-3/text"
                                text="&lt;p&gt;Email&lt;/p&gt;&#xA;"
                                textIsRich="true"/>
                  </step_par>
               </step_463_64>
               <step_464_64 jcr:primaryType="nt:unstructured" sling:resourceType="help/components/step">
                  <step_par jcr:primaryType="nt:unstructured"
                            sling:resourceType="help/components/procedure/step_parsys">
                     <text_1016 jcr:primaryType="nt:unstructured"
                                sling:resourceType="help/components/article-3/text"
                                text="&lt;p&gt;Mobile (SMS)&lt;/p&gt;&#xA;"
                                textIsRich="true"/>
                  </step_par>
               </step_464_64>
               <step_465_64 jcr:primaryType="nt:unstructured" sling:resourceType="help/components/step">
                  <step_par jcr:primaryType="nt:unstructured"
                            sling:resourceType="help/components/procedure/step_parsys">
                     <text_1017 jcr:primaryType="nt:unstructured"
                                sling:resourceType="help/components/article-3/text"
                                text="&lt;p&gt;Direct mail&lt;/p&gt;&#xA;"
                                textIsRich="true"/>
                  </step_par>
               </step_465_64>
               <step_466_64 jcr:primaryType="nt:unstructured" sling:resourceType="help/components/step">
                  <step_par jcr:primaryType="nt:unstructured"
                            sling:resourceType="help/components/procedure/step_parsys">
                     <text_1018 jcr:primaryType="nt:unstructured"
                                sling:resourceType="help/components/article-3/text"
                                text="&lt;p&gt;Mobile application: this channel allows you to send push notifications to profiles or to app subscribers. If you choose to send notifications to profiles, they will be compatible with multi-channel fatigue rules. &lt;/p&gt;&#xA;"
                                textIsRich="true"/>
                     <caution_20 jcr:primaryType="nt:unstructured"
                                 sling:resourceType="help/components/article-3/note"
                                 text="&lt;p&gt;&#xA;            Fatigue rules are not compatible with push notifications sent to app subscribers. If you're sending messages to app subscribers, fatigue rules will not apply.&#xA;          &lt;/p&gt;&#xA;"
                                 textIsRich="true"
                                 type="caution"/>
                  </step_par>
               </step_466_64>
               <step_467_64 jcr:primaryType="nt:unstructured" sling:resourceType="help/components/step">
                  <step_par jcr:primaryType="nt:unstructured"
                            sling:resourceType="help/components/procedure/step_parsys">
                     <text_1020 jcr:primaryType="nt:unstructured"
                                sling:resourceType="help/components/article-3/text"
                                text="&lt;p&gt;All channels: this option allows you to apply the rule to all channels. For example, you can decide to send a maximum of 3 messages per month on any channel. If you sent 2 emails to a profile last week and you try sending a push notification today, the same profile will be excluded.&lt;/p&gt;&#xA;"
                                textIsRich="true"/>
                  </step_par>
               </step_467_64>
            </proc_par>
         </procedure_64>
        <text_1021 jcr:primaryType="nt:unstructured"
                    sling:resourceType="help/components/article-3/text"
                    text="&lt;p&gt;&lt;strong&gt;Delivery types&lt;/strong&gt;&lt;/p&gt;&#xA;"
                    textIsRich="true"/>
        <text_1022 jcr:primaryType="nt:unstructured"
                    sling:resourceType="help/components/article-3/text"
                    text="&lt;p&gt;Fatigue rules are compatible with all delivery types: one-shot deliveries, recurring deliveries, workflow deliveries and transactional messages.&lt;/p&gt;&#xA;"
                    textIsRich="true"/>
        <text_1023 jcr:primaryType="nt:unstructured"
                    sling:resourceType="help/components/article-3/text"
                    text="&lt;p&gt;&lt;strong&gt;Transactional messaging&lt;/strong&gt; can be used to send service messages targeting an event (rtEvent) as well as marketing messages (targeting profiles), for example a remarketing message. Fatigue rules are compatible with marketing messages only (targeting profiles). Event transactional messages do not contain profile information, therefore they are not compatible with fatigue rules (even in the case of an enrichment with profiles). With the support of marketing messages in transactional messaging, you can &lt;strong&gt;apply a fatigue rule to all channels including marketing transactional messages&lt;/strong&gt;.&lt;/p&gt;&#xA;"
                    textIsRich="true"/>
      
      
        <header_94 jcr:primaryType="nt:unstructured" sling:resourceType="help/components/header"
                    id="defining-the-threshold"
                    level="2"
                    text="&lt;p&gt;Defining the threshold&lt;/p&gt;&#xA;"
                    textIsRich="'true'"/>
        <text_1024 jcr:primaryType="nt:unstructured"
                    sling:resourceType="help/components/article-3/text"
                    text="&lt;p&gt;Each fatigue rule defines a threshold, that is to say the maximum number of messages that can be sent to one profile over a given period. Once this threshold has been reached, no more deliveries can take place until the end of the period considered. This process lets you automatically exclude a profile from a delivery if a message exceeds the set threshold, thus avoiding over-solicitation.&lt;/p&gt;&#xA;"
                    textIsRich="true"/>
        <text_1025 jcr:primaryType="nt:unstructured"
                    sling:resourceType="help/components/article-3/text"
                    text="&lt;p&gt;Threshold values can be either constant or variable. This means that for a given period, thresholds can vary from one profile to another, or even for the same profile. &lt;/p&gt;&#xA;"
                    textIsRich="true"/>
        <text_1026 jcr:primaryType="nt:unstructured"
                    sling:resourceType="help/components/article-3/text"
                    text="&lt;p&gt;&lt;strong&gt;Using a fix threshold&lt;/strong&gt;&lt;/p&gt;&#xA;"
                    textIsRich="true"/>
        <text_1027 jcr:primaryType="nt:unstructured"
                    sling:resourceType="help/components/article-3/text"
                    text="&lt;p&gt;The threshold represents the highest number of messages that can be sent to a profile during the concerned period.&lt;/p&gt;&#xA;"
                    textIsRich="true"/>
        <text_1028 jcr:primaryType="nt:unstructured"
                    sling:resourceType="help/components/article-3/text"
                    text="&lt;p&gt;By default, the threshold is constant and you need to indicate a maximum number of messages authorized by the rule.&lt;/p&gt;&#xA;"
                    textIsRich="true"/>
        <image_136 jcr:primaryType="nt:unstructured"
                    sling:resourceType="help/components/article-3/image"
                    jcr:title=""
                    alt=""
                    captionBottom=""
                    fileName="fatigue2.png"
                    originalFileName="images/en/fatigue2.png"
                    fileReference="/content/dam/help/en/campaign/standard/fatigue2.png"
                    imageRotate="0"
                    originalHeight=""
                    originalWidth=""
                    scaleOption="toTemplate"
                    status="legacy"/>
        <text_1029 jcr:primaryType="nt:unstructured"
                    sling:resourceType="help/components/article-3/text"
                    text="&lt;p&gt;&lt;strong&gt;Using a variable threshold&lt;/strong&gt;&lt;/p&gt;&#xA;"
                    textIsRich="true"/>
        <text_1030 jcr:primaryType="nt:unstructured"
                    sling:resourceType="help/components/article-3/text"
                    text="&lt;p&gt;To define a variable threshold, select the &lt;strong&gt;Depends on the recipient&lt;/strong&gt; value in the &lt;strong&gt;Threshold type&lt;/strong&gt; field. &lt;/p&gt;&#xA;"
                    textIsRich="true"/>
        <image_137 jcr:primaryType="nt:unstructured"
                    sling:resourceType="help/components/article-3/image"
                    jcr:title=""
                    alt=""
                    captionBottom=""
                    fileName="fatigue15.png"
                    originalFileName="images/en/fatigue15.png"
                    fileReference="/content/dam/help/en/campaign/standard/fatigue15.png"
                    imageRotate="0"
                    originalHeight=""
                    originalWidth=""
                    scaleOption="toTemplate"
                    status="legacy"/>
        <text_1031 jcr:primaryType="nt:unstructured"
                    sling:resourceType="help/components/article-3/text"
                    text="&lt;p&gt;You then have two options:&lt;/p&gt;&#xA;"
                    textIsRich="true"/>
        <procedure_65 jcr:primaryType="nt:unstructured"
                       sling:resourceType="help/components/procedure"
                       isBulleted="true">
            <proc_par jcr:primaryType="nt:unstructured"
                      sling:resourceType="help/components/procedure/proc_parsys">
               <step_468_65 jcr:primaryType="nt:unstructured" sling:resourceType="help/components/step">
                  <step_par jcr:primaryType="nt:unstructured"
                            sling:resourceType="help/components/procedure/step_parsys">
                     <text_1032 jcr:primaryType="nt:unstructured"
                                sling:resourceType="help/components/article-3/text"
                                text="&lt;p&gt;select a profile field: the threshold will vary for each profile according to the selected field. For example, if you have extended the profiles resource with a 'Communication frequency' field, click the button on the right of the &lt;strong&gt;Threshold computation formula&lt;/strong&gt; field and select your field. For each profile, the threshold will take the value of the 'Communication frequency' field.&lt;/p&gt;&#xA;"
                                textIsRich="true"/>
                     <image_138 jcr:primaryType="nt:unstructured"
                                sling:resourceType="help/components/article-3/image"
                                jcr:title=""
                                alt=""
                                captionBottom=""
                                fileName="fatigue21.png"
                                originalFileName="images/en/fatigue21.png"
                                fileReference="/content/dam/help/en/campaign/standard/fatigue21.png"
                                imageRotate="0"
                                originalHeight=""
                                originalWidth=""
                                scaleOption="toTemplate"
                                status="legacy"/>
                  </step_par>
               </step_468_65>
               <step_469_65 jcr:primaryType="nt:unstructured" sling:resourceType="help/components/step">
                  <step_par jcr:primaryType="nt:unstructured"
                            sling:resourceType="help/components/procedure/step_parsys">
                     <text_1033 jcr:primaryType="nt:unstructured"
                                sling:resourceType="help/components/article-3/text"
                                text="&lt;p&gt;define a formula: click the second button on the right of the &lt;strong&gt;Threshold computation formula&lt;/strong&gt; field to define an advanced threshold calculation formula. For example, you can index the number of authorized messages according to the segment to which the profile belongs. This means that a profile belonging to the 'Web' segment may receive more messages than other profiles. An &lt;strong&gt;Iif (@origin='Web', 5, 3)&lt;/strong&gt; type formula authorizes the delivery of 5 messages to profiles of the Web segment and 3 for other segments. &lt;/p&gt;&#xA;"
                                textIsRich="true"/>
                     <image_139 jcr:primaryType="nt:unstructured"
                                sling:resourceType="help/components/article-3/image"
                                jcr:title=""
                                alt=""
                                captionBottom=""
                                fileName="fatigue14.png"
                                originalFileName="images/en/fatigue14.png"
                                fileReference="/content/dam/help/en/campaign/standard/fatigue14.png"
                                imageRotate="0"
                                originalHeight=""
                                originalWidth=""
                                scaleOption="toTemplate"
                                status="legacy"/>
                  </step_par>
               </step_469_65>
            </proc_par>
         </procedure_65>
        <text_1034 jcr:primaryType="nt:unstructured"
                    sling:resourceType="help/components/article-3/text"
                    text="&lt;p&gt;&lt;strong&gt;Refining the threshold on profiles and deliveries&lt;/strong&gt;&lt;/p&gt;&#xA;"
                    textIsRich="true"/>
        <text_1035 jcr:primaryType="nt:unstructured"
                    sling:resourceType="help/components/article-3/text"
                    text="&lt;p&gt;By default, all messages are taken into account for threshold calculation. Check the &lt;strong&gt;Refine Threshold on profiles and deliveries&lt;/strong&gt; box to filter the profiles and deliveries to count when preparing the delivery.&lt;/p&gt;&#xA;"
                    textIsRich="true"/>
        <text_1036 jcr:primaryType="nt:unstructured"
                    sling:resourceType="help/components/article-3/text"
                    text="&lt;p&gt;In the following example, only male profiles are counted and only deliveries with a label starting with &lt;strong&gt;Newsletters&lt;/strong&gt; are counted.&lt;/p&gt;&#xA;"
                    textIsRich="true"/>
        <image_140 jcr:primaryType="nt:unstructured"
                    sling:resourceType="help/components/article-3/image"
                    jcr:title=""
                    alt=""
                    captionBottom=""
                    fileName="fatigue13.png"
                    originalFileName="images/en/fatigue13.png"
                    fileReference="/content/dam/help/en/campaign/standard/fatigue13.png"
                    imageRotate="0"
                    originalHeight=""
                    originalWidth=""
                    scaleOption="toTemplate"
                    status="legacy"/>
        <text_1037 jcr:primaryType="nt:unstructured"
                    sling:resourceType="help/components/article-3/text"
                    text="&lt;p&gt;Refining the threshold on deliveries is different than restricting the applicability of the entire rule (&lt;strong&gt;Application criteria&lt;/strong&gt; tab):&lt;/p&gt;&#xA;"
                    textIsRich="true"/>
        <procedure_66 jcr:primaryType="nt:unstructured"
                       sling:resourceType="help/components/procedure"
                       isBulleted="true">
            <proc_par jcr:primaryType="nt:unstructured"
                      sling:resourceType="help/components/procedure/proc_parsys">
               <step_470_66 jcr:primaryType="nt:unstructured" sling:resourceType="help/components/step">
                  <step_par jcr:primaryType="nt:unstructured"
                            sling:resourceType="help/components/procedure/step_parsys">
                     <text_1038 jcr:primaryType="nt:unstructured"
                                sling:resourceType="help/components/article-3/text"
                                text="&lt;p&gt;&lt;strong&gt;Application criteria&lt;/strong&gt;: you choose to execute the rule or not according to specific criteria. For example, if your application condition is 'Label starts with Newsletter', the rule will only apply to deliveries which respect this condition. If the delivery's label starts with 'Promotion', the rule will not execute at all.&lt;/p&gt;&#xA;"
                                textIsRich="true"/>
                  </step_par>
               </step_470_66>
               <step_471_66 jcr:primaryType="nt:unstructured" sling:resourceType="help/components/step">
                  <step_par jcr:primaryType="nt:unstructured"
                            sling:resourceType="help/components/procedure/step_parsys">
                     <text_1039 jcr:primaryType="nt:unstructured"
                                sling:resourceType="help/components/article-3/text"
                                text="&lt;p&gt;&lt;strong&gt;Refine threshold on profiles and deliveries &gt; Deliveries to count&lt;/strong&gt;: all deliveries using this typology rule will execute the rule, but you decide, among the past and scheduled deliveries, which ones you want to count. For example, if your restriction is 'Label starts with Newsletter', the rule will be executed even if the delivery label starts with 'Promo'. It will count, over the selected sliding period, the number of deliveries whose label starts with 'Newsletter'.&lt;/p&gt;&#xA;"
                                textIsRich="true"/>
                  </step_par>
               </step_471_66>
            </proc_par>
         </procedure_66>
      
      
        <header_95 jcr:primaryType="nt:unstructured" sling:resourceType="help/components/header"
                    id="setting-the-sliding-period"
                    level="2"
                    text="&lt;p&gt;Setting the sliding period&lt;/p&gt;&#xA;"
                    textIsRich="'true'"/>
        <text_1040 jcr:primaryType="nt:unstructured"
                    sling:resourceType="help/components/article-3/text"
                    text="&lt;p&gt;Fatigue rules are defined in n-day rolling periods. The period is configured in the &lt;strong&gt;Sliding period&lt;/strong&gt; section, for example 2 weeks, 7 days or 5 hours. &lt;/p&gt;&#xA;"
                    textIsRich="true"/>
        <image_141 jcr:primaryType="nt:unstructured"
                    sling:resourceType="help/components/article-3/image"
                    jcr:title=""
                    alt=""
                    captionBottom=""
                    fileName="fatigue6.png"
                    originalFileName="images/en/fatigue6.png"
                    fileReference="/content/dam/help/en/campaign/standard/fatigue6.png"
                    imageRotate="0"
                    originalHeight=""
                    originalWidth=""
                    scaleOption="toTemplate"
                    status="legacy"/>
        
        <text_1041 jcr:primaryType="nt:unstructured"
                    sling:resourceType="help/components/article-3/text"
                    text="&lt;p&gt;When the rule executes, both past deliveries and scheduled deliveries are taken into account. This guarantees that, on a given sliding period, the threshold is never exceeded.&lt;/p&gt;&#xA;"
                    textIsRich="true"/>
        <text_1042 jcr:primaryType="nt:unstructured"
                    sling:resourceType="help/components/article-3/text"
                    text="&lt;p&gt;For example, if you define a 48-hour period, the system will be looking 48 hours &lt;strong&gt;before the contact date &lt;/strong&gt; and 48 hours &lt;strong&gt;after the contact date&lt;/strong&gt;. So, the selected period is doubled to enable the integration of future deliveries as well as previous ones. &lt;/p&gt;&#xA;"
                    textIsRich="true"/>
        <text_1043 jcr:primaryType="nt:unstructured"
                    sling:resourceType="help/components/article-3/text"
                    text="&lt;p&gt;To restrict the deliveries taken into account to a 2-week period, enter &lt;strong&gt;Day&lt;/strong&gt; and &lt;strong&gt;7&lt;/strong&gt; or 1 week in the &lt;strong&gt;Sliding period&lt;/strong&gt; section. Deliveries sent up to 7 days before the delivery date and scheduled up to 7 days after the delivery date on which the rule is applied will be taken into account in the calculation.&lt;/p&gt;&#xA;"
                    textIsRich="true"/>
      
      
        <header_96 jcr:primaryType="nt:unstructured" sling:resourceType="help/components/header"
                    id="viewing-the-fatigue-results"
                    level="2"
                    text="&lt;p&gt;Viewing the fatigue results&lt;/p&gt;&#xA;"
                    textIsRich="'true'"/>
        <text_1044 jcr:primaryType="nt:unstructured"
                    sling:resourceType="help/components/article-3/text"
                    text="&lt;p&gt;During delivery preparation, profiles are excluded from the delivery if applicable, depending on the number of deliveries already sent to them. To view fatigue rule execution results, click the button in the bottom right corner of the &lt;strong&gt;Deployment&lt;/strong&gt; block. &lt;/p&gt;&#xA;"
                    textIsRich="true"/>
        <image_142 jcr:primaryType="nt:unstructured"
                    sling:resourceType="help/components/article-3/image"
                    jcr:title=""
                    alt=""
                    captionBottom=""
                    fileName="fatigue22.png"
                    originalFileName="images/en/fatigue22.png"
                    fileReference="/content/dam/help/en/campaign/standard/fatigue22.png"
                    imageRotate="0"
                    originalHeight=""
                    originalWidth=""
                    scaleOption="toTemplate"
                    status="legacy"/>
        <text_1045 jcr:primaryType="nt:unstructured"
                    sling:resourceType="help/components/article-3/text"
                    text="&lt;p&gt;Three tabs are available, showing you the details of the fatigue execution results including the name of the rule that applied:&lt;/p&gt;&#xA;"
                    textIsRich="true"/>
        <procedure_67 jcr:primaryType="nt:unstructured"
                       sling:resourceType="help/components/procedure"
                       isBulleted="true">
            <proc_par jcr:primaryType="nt:unstructured"
                      sling:resourceType="help/components/procedure/proc_parsys">
               <step_472_67 jcr:primaryType="nt:unstructured" sling:resourceType="help/components/step">
                  <step_par jcr:primaryType="nt:unstructured"
                            sling:resourceType="help/components/procedure/step_parsys">
                     <text_1046 jcr:primaryType="nt:unstructured"
                                sling:resourceType="help/components/article-3/text"
                                text="&lt;p&gt;Delivery logs:&lt;/p&gt;&#xA;"
                                textIsRich="true"/>
                     <image_143 jcr:primaryType="nt:unstructured"
                                sling:resourceType="help/components/article-3/image"
                                jcr:title=""
                                alt=""
                                captionBottom=""
                                fileName="fatigue17.png"
                                originalFileName="images/en/fatigue17.png"
                                fileReference="/content/dam/help/en/campaign/standard/fatigue17.png"
                                imageRotate="0"
                                originalHeight=""
                                originalWidth=""
                                scaleOption="toTemplate"
                                status="legacy"/>
                  </step_par>
               </step_472_67>
               <step_473_67 jcr:primaryType="nt:unstructured" sling:resourceType="help/components/step">
                  <step_par jcr:primaryType="nt:unstructured"
                            sling:resourceType="help/components/procedure/step_parsys">
                     <text_1047 jcr:primaryType="nt:unstructured"
                                sling:resourceType="help/components/article-3/text"
                                text="&lt;p&gt;Exclusion logs:&lt;/p&gt;&#xA;"
                                textIsRich="true"/>
                     <image_144 jcr:primaryType="nt:unstructured"
                                sling:resourceType="help/components/article-3/image"
                                jcr:title=""
                                alt=""
                                captionBottom=""
                                fileName="fatigue18.png"
                                originalFileName="images/en/fatigue18.png"
                                fileReference="/content/dam/help/en/campaign/standard/fatigue18.png"
                                imageRotate="0"
                                originalHeight=""
                                originalWidth=""
                                scaleOption="toTemplate"
                                status="legacy"/>
                  </step_par>
               </step_473_67>
               <step_474_67 jcr:primaryType="nt:unstructured" sling:resourceType="help/components/step">
                  <step_par jcr:primaryType="nt:unstructured"
                            sling:resourceType="help/components/procedure/step_parsys">
                     <text_1048 jcr:primaryType="nt:unstructured"
                                sling:resourceType="help/components/article-3/text"
                                text="&lt;p&gt;Exclusion causes:&lt;/p&gt;&#xA;"
                                textIsRich="true"/>
                     <image_145 jcr:primaryType="nt:unstructured"
                                sling:resourceType="help/components/article-3/image"
                                jcr:title=""
                                alt=""
                                captionBottom=""
                                fileName="fatigue19.png"
                                originalFileName="images/en/fatigue19.png"
                                fileReference="/content/dam/help/en/campaign/standard/fatigue19.png"
                                imageRotate="0"
                                originalHeight=""
                                originalWidth=""
                                scaleOption="toTemplate"
                                status="legacy"/>
                  </step_par>
               </step_474_67>
            </proc_par>
         </procedure_67>
      
      
        <header_97 jcr:primaryType="nt:unstructured" sling:resourceType="help/components/header"
                    id="viewing-the-fatigue-rule-summary-report"
                    level="2"
                    text="&lt;p&gt;Viewing the fatigue rule summary report&lt;/p&gt;&#xA;"
                    textIsRich="'true'"/>
        <text_1049 jcr:primaryType="nt:unstructured"
                    sling:resourceType="help/components/article-3/text"
                    text="&lt;p&gt;Adobe Campaign features a dedicated report on fatigue rules to help you understand how they are applied to your campaigns. This allows you to learn how your campaigns impact one another and make the right adjustments.&lt;/p&gt;&#xA;"
                    textIsRich="true"/>
        <text_1050 jcr:primaryType="nt:unstructured"
                    sling:resourceType="help/components/article-3/text"
                    text="&lt;p&gt;The &lt;strong&gt;Fatigue rules summary&lt;/strong&gt; report can be accessed from the &lt;strong&gt;Reports&lt;/strong&gt; button, in the top right corner of each program, campaign, and message.&lt;/p&gt;&#xA;"
                    textIsRich="true"/>
        <image_146 jcr:primaryType="nt:unstructured"
                    sling:resourceType="help/components/article-3/image"
                    jcr:title=""
                    alt=""
                    captionBottom=""
                    fileName="fatigue27.png"
                    originalFileName="images/en/fatigue27.png"
                    fileReference="/content/dam/help/en/campaign/standard/fatigue27.png"
                    imageRotate="0"
                    originalHeight=""
                    originalWidth=""
                    scaleOption="toTemplate"
                    status="legacy"/>
        <text_1051 jcr:primaryType="nt:unstructured"
                    sling:resourceType="help/components/article-3/text"
                    text="&lt;p&gt;In the left part of the screen, you can filter the report data on the deliveries' contact date. By default, the selected period starts 15 days before the current date and ends 15 days after. You can also filter on a specific fatigue rule. &lt;/p&gt;&#xA;"
                    textIsRich="true"/>
        <text_1052 jcr:primaryType="nt:unstructured"
                    sling:resourceType="help/components/article-3/text"
                    text="&lt;p&gt;The pie chart displays the following information on the selected period:&lt;/p&gt;&#xA;"
                    textIsRich="true"/>
        <procedure_68 jcr:primaryType="nt:unstructured"
                       sling:resourceType="help/components/procedure"
                       isBulleted="true">
            <proc_par jcr:primaryType="nt:unstructured"
                      sling:resourceType="help/components/procedure/proc_parsys">
               <step_475_68 jcr:primaryType="nt:unstructured" sling:resourceType="help/components/step">
                  <step_par jcr:primaryType="nt:unstructured"
                            sling:resourceType="help/components/procedure/step_parsys">
                     <text_1053 jcr:primaryType="nt:unstructured"
                                sling:resourceType="help/components/article-3/text"
                                text="&lt;p&gt;&lt;strong&gt;Total targeted&lt;/strong&gt;: the total target before message preparation&lt;/p&gt;&#xA;"
                                textIsRich="true"/>
                  </step_par>
               </step_475_68>
               <step_476_68 jcr:primaryType="nt:unstructured" sling:resourceType="help/components/step">
                  <step_par jcr:primaryType="nt:unstructured"
                            sling:resourceType="help/components/procedure/step_parsys">
                     <text_1054 jcr:primaryType="nt:unstructured"
                                sling:resourceType="help/components/article-3/text"
                                text="&lt;p&gt;&lt;strong&gt;Excluded&lt;/strong&gt;: the total number of exclusions due to fatigue rule application&lt;/p&gt;&#xA;"
                                textIsRich="true"/>
                  </step_par>
               </step_476_68>
               <step_477_68 jcr:primaryType="nt:unstructured" sling:resourceType="help/components/step">
                  <step_par jcr:primaryType="nt:unstructured"
                            sling:resourceType="help/components/procedure/step_parsys">
                     <text_1055 jcr:primaryType="nt:unstructured"
                                sling:resourceType="help/components/article-3/text"
                                text="&lt;p&gt;&lt;strong&gt;Other exclusions&lt;/strong&gt;: the total number of exclusions due to other typology rules&lt;/p&gt;&#xA;"
                                textIsRich="true"/>
                  </step_par>
               </step_477_68>
               <step_478_68 jcr:primaryType="nt:unstructured" sling:resourceType="help/components/step">
                  <step_par jcr:primaryType="nt:unstructured"
                            sling:resourceType="help/components/procedure/step_parsys">
                     <text_1056 jcr:primaryType="nt:unstructured"
                                sling:resourceType="help/components/article-3/text"
                                text="&lt;p&gt;&lt;strong&gt;To deliver&lt;/strong&gt;: the total number of the messages to be delivered after message preparation (&lt;strong&gt;To deliver&lt;/strong&gt; = &lt;strong&gt;Total targeted&lt;/strong&gt; – &lt;strong&gt;Excluded&lt;/strong&gt; – &lt;strong&gt;Other exclusions&lt;/strong&gt;)&lt;/p&gt;&#xA;"
                                textIsRich="true"/>
                  </step_par>
               </step_478_68>
            </proc_par>
         </procedure_68>
        <text_1057 jcr:primaryType="nt:unstructured"
                    sling:resourceType="help/components/article-3/text"
                    text="&lt;p&gt;On the right of the chart, you will find the number of exclusions, broken down by fatigue rule.&lt;/p&gt;&#xA;"
                    textIsRich="true"/>
        <text_1058 jcr:primaryType="nt:unstructured"
                    sling:resourceType="help/components/article-3/text"
                    text="&lt;p&gt;The bottom table displays all deliveries within the selected period. For each delivery, you can see the fatigue rules that applied and the corresponding exclusions. Deliveries which do not have a contact date are also displayed in the table.&lt;/p&gt;&#xA;"
                    textIsRich="true"/>
        <procedure_69 jcr:primaryType="nt:unstructured"
                       sling:resourceType="help/components/procedure"
                       isBulleted="true">
            <proc_par jcr:primaryType="nt:unstructured"
                      sling:resourceType="help/components/procedure/proc_parsys">
               <step_479_69 jcr:primaryType="nt:unstructured" sling:resourceType="help/components/step">
                  <step_par jcr:primaryType="nt:unstructured"
                            sling:resourceType="help/components/procedure/step_parsys">
                     <text_1059 jcr:primaryType="nt:unstructured"
                                sling:resourceType="help/components/article-3/text"
                                text="&lt;p&gt;&lt;strong&gt;0&lt;/strong&gt; means that the fatigue rule applied but there was no exclusion.&lt;/p&gt;&#xA;"
                                textIsRich="true"/>
                  </step_par>
               </step_479_69>
               <step_480_69 jcr:primaryType="nt:unstructured" sling:resourceType="help/components/step">
                  <step_par jcr:primaryType="nt:unstructured"
                            sling:resourceType="help/components/procedure/step_parsys">
                     <text_1060 jcr:primaryType="nt:unstructured"
                                sling:resourceType="help/components/article-3/text"
                                text="&lt;p&gt;&lt;strong&gt;-N&lt;/strong&gt; means that N exclusions occurred.&lt;/p&gt;&#xA;"
                                textIsRich="true"/>
                  </step_par>
               </step_480_69>
               <step_481_69 jcr:primaryType="nt:unstructured" sling:resourceType="help/components/step">
                  <step_par jcr:primaryType="nt:unstructured"
                            sling:resourceType="help/components/procedure/step_parsys">
                     <text_1061 jcr:primaryType="nt:unstructured"
                                sling:resourceType="help/components/article-3/text"
                                text="&lt;p&gt;an empty field means that the fatigue rule did not apply.&lt;/p&gt;&#xA;"
                                textIsRich="true"/>
                  </step_par>
               </step_481_69>
            </proc_par>
         </procedure_69>
        <note_43 jcr:primaryType="nt:unstructured"
                  sling:resourceType="help/components/article-3/note"
                  text="&lt;p&gt;&#xA;          The displayed data is not contextual to the program, message or campaign you access the report from. This report displays all fatigue rules and deliveries for all organizational and geographical units. This allows you to get a global view of all deliveries in order to understand how your campaigns are influenced by others.&#xA;        &lt;/p&gt;&#xA;"
                  textIsRich="true"
                  type="note"/>
      
      
        <header_98 jcr:primaryType="nt:unstructured" sling:resourceType="help/components/header"
                    id="examples"
                    level="2"
                    text="&lt;p&gt;Examples&lt;/p&gt;&#xA;"
                    textIsRich="'true'"/>
        <text_1063 jcr:primaryType="nt:unstructured"
                    sling:resourceType="help/components/article-3/text"
                    text="&lt;p&gt;There are many possibilities in terms of fatigue management implementation. Here are some examples of what you can do:&lt;/p&gt;&#xA;"
                    textIsRich="true"/>
        <procedure_70 jcr:primaryType="nt:unstructured"
                       sling:resourceType="help/components/procedure"
                       isBulleted="true">
            <proc_par jcr:primaryType="nt:unstructured"
                      sling:resourceType="help/components/procedure/proc_parsys">
               <step_482_70 jcr:primaryType="nt:unstructured" sling:resourceType="help/components/step">
                  <step_par jcr:primaryType="nt:unstructured"
                            sling:resourceType="help/components/procedure/step_parsys">
                     <text_1064 jcr:primaryType="nt:unstructured"
                                sling:resourceType="help/components/article-3/text"
                                text="&lt;p&gt;Create a fatigue rule using a &lt;strong&gt;constant threshold&lt;/strong&gt; that applies to &lt;strong&gt;all channels&lt;/strong&gt;: &lt;/p&gt;&#xA;"
                                textIsRich="true"/>
                     <text_1065 jcr:primaryType="nt:unstructured"
                                sling:resourceType="help/components/article-3/text"
                                text="&lt;p&gt;Let's say you create a multi-channel rule, with a constant threshold of 3 over a sliding period of 7 days. &lt;/p&gt;&#xA;"
                                textIsRich="true"/>
                     <text_1066 jcr:primaryType="nt:unstructured"
                                sling:resourceType="help/components/article-3/text"
                                text="&lt;p&gt;Last week, your premium profiles received a promotion email and a transactional remarketing email. You also scheduled an SMS that will be sent next week. Today, you decide to send a push notification targeting all your profiles. The premium profiles will be excluded from today's push because their maximum number of messages over a 2-week period has already been reached.&lt;/p&gt;&#xA;"
                                textIsRich="true"/>
                     <image_147 jcr:primaryType="nt:unstructured"
                                sling:resourceType="help/components/article-3/image"
                                jcr:title=""
                                alt=""
                                captionBottom=""
                                fileName="fatigue23.png"
                                originalFileName="images/en/fatigue23.png"
                                fileReference="/content/dam/help/en/campaign/standard/fatigue23.png"
                                imageRotate="0"
                                originalHeight=""
                                originalWidth=""
                                scaleOption="toTemplate"
                                status="legacy"/>
                  </step_par>
               </step_482_70>
               <step_483_70 jcr:primaryType="nt:unstructured" sling:resourceType="help/components/step">
                  <step_par jcr:primaryType="nt:unstructured"
                            sling:resourceType="help/components/procedure/step_parsys">
                     <text_1067 jcr:primaryType="nt:unstructured"
                                sling:resourceType="help/components/article-3/text"
                                text="&lt;p&gt;Create a fatigue rule using a &lt;strong&gt;variable threshold&lt;/strong&gt; based on a &lt;strong&gt;profile field&lt;/strong&gt;: &lt;/p&gt;&#xA;"
                                textIsRich="true"/>
                     <text_1068 jcr:primaryType="nt:unstructured"
                                sling:resourceType="help/components/article-3/text"
                                text="&lt;p&gt;You have extended the profiles resource with a 'Communication limit' field, to define a different threshold for each profile. In your fatigue rule, define a variable threshold based on this field and select a sliding period of 2 days. Let's take two examples of profiles: John has a communication limit of 1 and David has a threshold of 2. Both have already received a newsletter email yesterday. You decide to send them another email today. Only David will receive it, because John has been excluded from the target. &lt;/p&gt;&#xA;"
                                textIsRich="true"/>
                     <image_148 jcr:primaryType="nt:unstructured"
                                sling:resourceType="help/components/article-3/image"
                                jcr:title=""
                                alt=""
                                captionBottom=""
                                fileName="fatigue24.png"
                                originalFileName="images/en/fatigue24.png"
                                fileReference="/content/dam/help/en/campaign/standard/fatigue24.png"
                                imageRotate="0"
                                originalHeight=""
                                originalWidth=""
                                scaleOption="toTemplate"
                                status="legacy"/>
                  </step_par>
               </step_483_70>
               <step_484_70 jcr:primaryType="nt:unstructured" sling:resourceType="help/components/step">
                  <step_par jcr:primaryType="nt:unstructured"
                            sling:resourceType="help/components/procedure/step_parsys">
                     <text_1069 jcr:primaryType="nt:unstructured"
                                sling:resourceType="help/components/article-3/text"
                                text="&lt;p&gt;Create a fatigue rule using a &lt;strong&gt;threshold computation formula&lt;/strong&gt;: &lt;/p&gt;&#xA;"
                                textIsRich="true"/>
                     <text_1070 jcr:primaryType="nt:unstructured"
                                sling:resourceType="help/components/article-3/text"
                                text="&lt;p&gt;You want to change the threshold according to the age of your profiles. If a profile is under 40, you want to define a limit of 4 and for older profiles, a limit of 2. Instead of defining this threshold for each profile with an extended field, you can create a formula directly in your fatigue rule to calculate the threshold according to the profiles' age. In our example, the formula would be &lt;strong&gt;Iif (@age&amp;lt;40, 4, 2)&lt;/strong&gt;. &lt;/p&gt;&#xA;"
                                textIsRich="true"/>
                     <image_149 jcr:primaryType="nt:unstructured"
                                sling:resourceType="help/components/article-3/image"
                                jcr:title=""
                                alt=""
                                captionBottom=""
                                fileName="fatigue25.png"
                                originalFileName="images/en/fatigue25.png"
                                fileReference="/content/dam/help/en/campaign/standard/fatigue25.png"
                                imageRotate="0"
                                originalHeight=""
                                originalWidth=""
                                scaleOption="toTemplate"
                                status="legacy"/>
                     <note_44 jcr:primaryType="nt:unstructured"
                              sling:resourceType="help/components/article-3/note"
                              text="&lt;p&gt;&#xA;              This section also includes a step-by-step example of a fatigue rule using a threshold computation formula.&#xA;            &lt;/p&gt;&#xA;"
                              textIsRich="true"
                              type="note"/>
                  </step_par>
               </step_484_70>
               <step_485_70 jcr:primaryType="nt:unstructured" sling:resourceType="help/components/step">
                  <step_par jcr:primaryType="nt:unstructured"
                            sling:resourceType="help/components/procedure/step_parsys">
                     <text_1072 jcr:primaryType="nt:unstructured"
                                sling:resourceType="help/components/article-3/text"
                                text="&lt;p&gt;Create a fatigue rule that &lt;strong&gt;refines the threshold&lt;/strong&gt; on profiles and deliveries:&lt;/p&gt;&#xA;"
                                textIsRich="true"/>
                     <text_1073 jcr:primaryType="nt:unstructured"
                                sling:resourceType="help/components/article-3/text"
                                text="&lt;p&gt;You have extended the profiles resource with a 'Score' field and you also have extended the deliveries resource with a 'Type' field. You want to define a constant threshold of 3 but you want to exclude from the count all the deliveries of the type 'Alert' or 'Black Friday' and all the profiles with a score greater than 10. When the rule will execute, it will count, among the past and scheduled deliveries, all the deliveries that are not of the type 'Alert' or 'Black Friday' sent to profiles whose score is smaller than 10. &lt;/p&gt;&#xA;"
                                textIsRich="true"/>
                     <image_150 jcr:primaryType="nt:unstructured"
                                sling:resourceType="help/components/article-3/image"
                                jcr:title=""
                                alt=""
                                captionBottom=""
                                fileName="fatigue26.png"
                                originalFileName="images/en/fatigue26.png"
                                fileReference="/content/dam/help/en/campaign/standard/fatigue26.png"
                                imageRotate="0"
                                originalHeight=""
                                originalWidth=""
                                scaleOption="toTemplate"
                                status="legacy"/>
                  </step_par>
               </step_485_70>
            </proc_par>
         </procedure_70>
        <text_1074 jcr:primaryType="nt:unstructured"
                    sling:resourceType="help/components/article-3/text"
                    text="&lt;p&gt;Here is a step-by-step example of a fatigue rule using a threshold computation formula.&lt;/p&gt;&#xA;"
                    textIsRich="true"/>
          <text_1075 jcr:primaryType="nt:unstructured"
                    sling:resourceType="help/components/article-3/text"
                    text="&lt;p&gt;In this use case, we want to create a typology rule to prevent the delivery of more than 2 messages per week to premium profiles and 2 messages per week to standard profiles. &lt;/p&gt;&#xA;"
                    textIsRich="true"/>
          <text_1076 jcr:primaryType="nt:unstructured"
                    sling:resourceType="help/components/article-3/text"
                    text="&lt;p&gt;To identify customers and prospects, we extended the profiles resource with the &lt;strong&gt;Status&lt;/strong&gt; field, which contains 0 for premium profiles and 1 for standard profiles.&lt;/p&gt;&#xA;"
                    textIsRich="true"/>
          <text_1077 jcr:primaryType="nt:unstructured"
                    sling:resourceType="help/components/article-3/text"
                    text="&lt;p&gt;To create the rule, apply the following steps:&lt;/p&gt;&#xA;"
                    textIsRich="true"/>
          <procedure_40_10 jcr:primaryType="nt:unstructured"
                          sling:resourceType="help/components/procedure">
            <proc_par jcr:primaryType="nt:unstructured"
                      sling:resourceType="help/components/procedure/proc_parsys">
               <step_486_0 jcr:primaryType="nt:unstructured" sling:resourceType="help/components/step">
                  <step_par jcr:primaryType="nt:unstructured"
                            sling:resourceType="help/components/procedure/step_parsys">
                     <text_1078 jcr:primaryType="nt:unstructured"
                                sling:resourceType="help/components/article-3/text"
                                text="&lt;p&gt;Create a new &lt;strong&gt;Fatigue&lt;/strong&gt; type typology rule.&lt;/p&gt;&#xA;"
                                textIsRich="true"/>
                  </step_par>
               </step_486_0>
               <step_487_0 jcr:primaryType="nt:unstructured" sling:resourceType="help/components/step">
                  <step_par jcr:primaryType="nt:unstructured"
                            sling:resourceType="help/components/procedure/step_parsys">
                     <text_1079 jcr:primaryType="nt:unstructured"
                                sling:resourceType="help/components/article-3/text"
                                text="&lt;p&gt;In the &lt;strong&gt;Threshold&lt;/strong&gt; section, we want to create a formula to calculate the threshold depending on each profile. Select the &lt;strong&gt;Depends on the recipient&lt;/strong&gt; value in the &lt;strong&gt;Threshold type&lt;/strong&gt; field, then click the icon the second button on the right of the &lt;strong&gt;Threshold computation formula&lt;/strong&gt; field.&lt;/p&gt;&#xA;"
                                textIsRich="true"/>
                     <image_151 jcr:primaryType="nt:unstructured"
                                sling:resourceType="help/components/article-3/image"
                                jcr:title=""
                                alt=""
                                captionBottom=""
                                fileName="fatigue7.png"
                                originalFileName="images/en/fatigue7.png"
                                fileReference="/content/dam/help/en/campaign/standard/fatigue7.png"
                                imageRotate="0"
                                originalHeight=""
                                originalWidth=""
                                scaleOption="toTemplate"
                                status="legacy"/>
                  </step_par>
               </step_487_0>
               <step_488_0 jcr:primaryType="nt:unstructured" sling:resourceType="help/components/step">
                  <step_par jcr:primaryType="nt:unstructured"
                            sling:resourceType="help/components/procedure/step_parsys">
                     <text_1080 jcr:primaryType="nt:unstructured"
                                sling:resourceType="help/components/article-3/text"
                                text="&lt;p&gt;In the &lt;strong&gt;List of functions&lt;/strong&gt; section, double-click the &lt;strong&gt;Iif&lt;/strong&gt; function in the &lt;strong&gt;Others&lt;/strong&gt; node.&lt;/p&gt;&#xA;"
                                textIsRich="true"/>
                     <image_152 jcr:primaryType="nt:unstructured"
                                sling:resourceType="help/components/article-3/image"
                                jcr:title=""
                                alt=""
                                captionBottom=""
                                fileName="fatigue8.png"
                                originalFileName="images/en/fatigue8.png"
                                fileReference="/content/dam/help/en/campaign/standard/fatigue8.png"
                                imageRotate="0"
                                originalHeight=""
                                originalWidth=""
                                scaleOption="toTemplate"
                                status="legacy"/>
                  </step_par>
               </step_488_0>
               <step_489_0 jcr:primaryType="nt:unstructured" sling:resourceType="help/components/step">
                  <step_par jcr:primaryType="nt:unstructured"
                            sling:resourceType="help/components/procedure/step_parsys">
                     <text_1081 jcr:primaryType="nt:unstructured"
                                sling:resourceType="help/components/article-3/text"
                                text="&lt;p&gt;Then select the profile's &lt;strong&gt;Status&lt;/strong&gt; in the &lt;strong&gt;Available fields&lt;/strong&gt; section.&lt;/p&gt;&#xA;"
                                textIsRich="true"/>
                     <image_153 jcr:primaryType="nt:unstructured"
                                sling:resourceType="help/components/article-3/image"
                                jcr:title=""
                                alt=""
                                captionBottom=""
                                fileName="fatigue9.png"
                                originalFileName="images/en/fatigue9.png"
                                fileReference="/content/dam/help/en/campaign/standard/fatigue9.png"
                                imageRotate="0"
                                originalHeight=""
                                originalWidth=""
                                scaleOption="toTemplate"
                                status="legacy"/>
                  </step_par>
               </step_489_0>
               <step_490_0 jcr:primaryType="nt:unstructured" sling:resourceType="help/components/step">
                  <step_par jcr:primaryType="nt:unstructured"
                            sling:resourceType="help/components/procedure/step_parsys">
                     <text_1082 jcr:primaryType="nt:unstructured"
                                sling:resourceType="help/components/article-3/text"
                                text="&lt;p&gt;Enter the desired values to create the following formula: &lt;strong&gt;Iif(@status=0,2,4)&lt;/strong&gt;&lt;/p&gt;&#xA;"
                                textIsRich="true"/>
                     <image_154 jcr:primaryType="nt:unstructured"
                                sling:resourceType="help/components/article-3/image"
                                jcr:title=""
                                alt=""
                                captionBottom=""
                                fileName="fatigue10.png"
                                originalFileName="images/en/fatigue10.png"
                                fileReference="/content/dam/help/en/campaign/standard/fatigue10.png"
                                imageRotate="0"
                                originalHeight=""
                                originalWidth=""
                                scaleOption="toTemplate"
                                status="legacy"/>
                     <text_1083 jcr:primaryType="nt:unstructured"
                                sling:resourceType="help/components/article-3/text"
                                text="&lt;p&gt;This formula lets you assign the value 2 if the status equals 0, and the value 4 for all other statuses.&lt;/p&gt;&#xA;"
                                textIsRich="true"/>
                  </step_par>
               </step_490_0>
               <step_491_0 jcr:primaryType="nt:unstructured" sling:resourceType="help/components/step">
                  <step_par jcr:primaryType="nt:unstructured"
                            sling:resourceType="help/components/procedure/step_parsys">
                     <text_1084 jcr:primaryType="nt:unstructured"
                                sling:resourceType="help/components/article-3/text"
                                text="&lt;p&gt;Click &lt;strong&gt;Confirm&lt;/strong&gt; to approve the formula. &lt;/p&gt;&#xA;"
                                textIsRich="true"/>
                  </step_par>
               </step_491_0>
               <step_492_0 jcr:primaryType="nt:unstructured" sling:resourceType="help/components/step">
                  <step_par jcr:primaryType="nt:unstructured"
                            sling:resourceType="help/components/procedure/step_parsys">
                     <text_1085 jcr:primaryType="nt:unstructured"
                                sling:resourceType="help/components/article-3/text"
                                text="&lt;p&gt;Indicate the &lt;strong&gt;Sliding period&lt;/strong&gt; on which the rule will apply: 7 days in this case, to restrict the deliveries taken into account to a 2-week period.&lt;/p&gt;&#xA;"
                                textIsRich="true"/>
                     <image_155 jcr:primaryType="nt:unstructured"
                                sling:resourceType="help/components/article-3/image"
                                jcr:title=""
                                alt=""
                                captionBottom=""
                                fileName="fatigue11.png"
                                originalFileName="images/en/fatigue11.png"
                                fileReference="/content/dam/help/en/campaign/standard/fatigue11.png"
                                imageRotate="0"
                                originalHeight=""
                                originalWidth=""
                                scaleOption="toTemplate"
                                status="legacy"/>
                  </step_par>
               </step_492_0>
               <step_493_0 jcr:primaryType="nt:unstructured" sling:resourceType="help/components/step">
                  <step_par jcr:primaryType="nt:unstructured"
                            sling:resourceType="help/components/procedure/step_parsys">
                     <text_1086 jcr:primaryType="nt:unstructured"
                                sling:resourceType="help/components/article-3/text"
                                text="&lt;p&gt;Now link the rule which you have just created to a typology in order to apply it to your deliveries. To do this, select the &lt;strong&gt;Typologies&lt;/strong&gt; tab, click &lt;strong&gt;Create element&lt;/strong&gt; and select the typology used for your deliveries.&lt;/p&gt;&#xA;"
                                textIsRich="true"/>
                     <image_156 jcr:primaryType="nt:unstructured"
                                sling:resourceType="help/components/article-3/image"
                                jcr:title=""
                                alt=""
                                captionBottom=""
                                fileName="fatigue12.png"
                                originalFileName="images/en/fatigue12.png"
                                fileReference="/content/dam/help/en/campaign/standard/fatigue12.png"
                                imageRotate="0"
                                originalHeight=""
                                originalWidth=""
                                scaleOption="toTemplate"
                                status="legacy"/>
                  </step_par>
               </step_493_0>
               <step_494_0 jcr:primaryType="nt:unstructured" sling:resourceType="help/components/step">
                  <step_par jcr:primaryType="nt:unstructured"
                            sling:resourceType="help/components/procedure/step_parsys">
                     <text_1087 jcr:primaryType="nt:unstructured"
                                sling:resourceType="help/components/article-3/text"
                                text="&lt;p&gt;Save the rule to approve creation.&lt;/p&gt;&#xA;"
                                textIsRich="true"/>
                  </step_par>
               </step_494_0>
            </proc_par>
         </procedure_40_10>
        <text_1088 jcr:primaryType="nt:unstructured"
                    sling:resourceType="help/components/article-3/text"
                    text="&lt;p&gt;The rule will be applied to all deliveries based on the typology.&lt;/p&gt;&#xA;"
                    textIsRich="true"/>
      
      </main-pars>
      <hero jcr:primaryType="nt:unstructured"
            sling:resourceType="foundation/components/image"/>
      <thumbnail jcr:primaryType="nt:unstructured"
                 sling:resourceType="foundation/components/image"/>
      <publisherLogo jcr:primaryType="nt:unstructured"
                     sling:resourceType="foundation/components/image"/>
   </jcr:content>
</jcr:root>