<?xml version="1.0" encoding="UTF-8"?>
<jcr:root xmlns:nt="http://www.jcp.org/jcr/nt/1.0" xmlns:json="http://json.org/"
          xmlns:sling="http://sling.apache.org/jcr/sling/1.0"
          xmlns:cq="http://www.day.com/jcr/cq/1.0"
          xmlns:jcr="http://www.jcp.org/jcr/1.0"
          xmlns:mix="http://www.jcp.org/jcr/mix/1.0"
          jcr:primaryType="cq:Page">
   <jcr:content navTitle="Managing groups and users" jcr:primaryType="cq:PageContent"
                sling:resourceType="help/components/pages/article-3"
                heroGradient="light"
                jcr:language="en_us"
                cq:designPath="/etc/designs/help"
                cq:template="/apps/help/templates/article-3"
                jcr:mixinTypes="[mix:versionable]"
                jcr:title="Managing groups and users"
                jcr:description="Managing groups and users"
                seoDescription="Learn how to create security groups and manage users."
                primaryProductTag="[products:SG_CAMPAIGN/STANDARD]"
                cq:tags="[products:SG_CAMPAIGN/STANDARD,audience:administration,content_type:reference,topic_tags:users-e-security]"
                primaryAudienceTag="[audience:administration]"
                contentOwner="sauviat"
                isReadyForLocalization="true"
                publishExternalDate="2018-09-04">
      <main-pars jcr:primaryType="nt:unstructured"
                 sling:resourceType="foundation/components/parsys">
        
    
    
      
    
      
        <header_15 jcr:primaryType="nt:unstructured" sling:resourceType="help/components/header"
                    id="about-security-groups"
                    level="2"
                    text="&lt;p&gt;About security groups&lt;/p&gt;&#xA;"
                    textIsRich="'true'"/>
        <text_159 jcr:primaryType="nt:unstructured"
                   sling:resourceType="help/components/article-3/text"
                   text="&lt;p&gt;Security groups are sets of users that share the same roles and rights within your organization.&lt;/p&gt;&#xA;"
                   textIsRich="true"/>
        <text_160 jcr:primaryType="nt:unstructured"
                   sling:resourceType="help/components/article-3/text"
                   text="&lt;p&gt;Users must always be linked to a security group. This will allow you to assign them specific roles, organizational and geographical units.&lt;/p&gt;&#xA;"
                   textIsRich="true"/>
         <text_161 jcr:primaryType="nt:unstructured"
                   sling:resourceType="help/components/article-3/text"
                   text="&lt;p&gt;For more information on roles, the tables in the following page present the different operations available according to a user's role(s): &#xA;&lt;a href=&#34;https://docs.campaign.adobe.com/doc/standard/en/Technotes/AdobeCampaign-ACSRights.pdf&#34;&gt;Adobe Campaign Standard authorizations&lt;/a&gt;.&lt;/p&gt;&#xA;"
                   textIsRich="true"/>
         <text_162 jcr:primaryType="nt:unstructured"
                   sling:resourceType="help/components/article-3/text"
                   text="&lt;p&gt;If a user is not linked to any security group, he will not be able to access Adobe Campaign.&lt;/p&gt;&#xA;"
                   textIsRich="true"/>
        <text_163 jcr:primaryType="nt:unstructured"
                   sling:resourceType="help/components/article-3/text"
                   text="&lt;p&gt;To restrict a user's access, do not add the user to the Campaign Standard users group as this is linked to &lt;strong&gt;All&lt;/strong&gt; geographical and organizational units. &lt;/p&gt;&#xA;"
                   textIsRich="true"/>
      
    
      
        <header_16 jcr:primaryType="nt:unstructured" sling:resourceType="help/components/header"
                    id="creating-a-security-group-and-assigning-users"
                    level="2"
                    text="&lt;p&gt;Creating a security group and assigning users&lt;/p&gt;&#xA;"
                    textIsRich="'true'"/>
         <note_5 jcr:primaryType="nt:unstructured"
                 sling:resourceType="help/components/article-3/note"
                 text="&lt;p&gt;&#xA;        In the Admin console, security groups are referred as profiles and tenants as products.&#xA;      &lt;/p&gt;&#xA;"
                 textIsRich="true"
                 type="note"/>
        
        <text_165 jcr:primaryType="nt:unstructured"
                   sling:resourceType="help/components/article-3/text"
                   text="&lt;p&gt;You can create your own security groups if the out-of-the-box groups are not enough to manage your users. They can be managed by Administrators that have access to both Adobe Campaign administration menus and the Admin console. For more information on the Admin console, refer to this &#xA;&lt;a href=&#34;https://helpx.adobe.com/enterprise/managing/user-guide.html&#34;&gt;documentation&lt;/a&gt;.&lt;/p&gt;&#xA;"
                   textIsRich="true"/>
         <text_166 jcr:primaryType="nt:unstructured"
                   sling:resourceType="help/components/article-3/text"
                   text="&lt;p&gt;Here, we first need to assign the two out-of-the-box groups Standard user and Administrator to our users. These security groups will restrict some functionalities of Adobe Campaign: the Standard User has basics access to Adobe Campaign whereas the Administrator can access the administration menus for example. &lt;/p&gt;&#xA;"
                   textIsRich="true"/>
         <text_167 jcr:primaryType="nt:unstructured"
                   sling:resourceType="help/components/article-3/text"
                   text="&lt;p&gt;Note that any changes made to security groups on the admin console will be synchronized as soon as users log into Adobe Campaign.&lt;/p&gt;&#xA;"
                   textIsRich="true"/>
         <text_168 jcr:primaryType="nt:unstructured"
                   sling:resourceType="help/components/article-3/text"
                   text="&lt;p&gt;Then, we want to create a set of security groups Europe and France that will restrict some products depending on the geographical units of our Standard user and Administrator.&lt;/p&gt;&#xA;"
                   textIsRich="true"/>
         <image_25 jcr:primaryType="nt:unstructured"
                   sling:resourceType="help/components/article-3/image"
                   jcr:title=""
                   alt=""
                   captionBottom=""
                   fileName="ootb_security_group_1.png"
                   originalFileName="images/en/ootb_security_group_1.png"
                   fileReference="/content/dam/help/en/campaign/standard/ootb_security_group_1.png"
                   imageRotate="0"
                   originalHeight=""
                   originalWidth=""
                   scaleOption="toTemplate"
                   status="legacy"/>
         <text_169 jcr:primaryType="nt:unstructured"
                   sling:resourceType="help/components/article-3/text"
                   text="&lt;p&gt;You first need to assign one of the out-of-the-box security group to your users:&lt;/p&gt;&#xA;"
                   textIsRich="true"/>
         <procedure_4_10 jcr:primaryType="nt:unstructured"
                         sling:resourceType="help/components/procedure">
            <proc_par jcr:primaryType="nt:unstructured"
                      sling:resourceType="help/components/procedure/proc_parsys">
               <step_80_0 jcr:primaryType="nt:unstructured" sling:resourceType="help/components/step">
                  <step_par jcr:primaryType="nt:unstructured"
                            sling:resourceType="help/components/procedure/step_parsys">
                     <text_170 jcr:primaryType="nt:unstructured"
                               sling:resourceType="help/components/article-3/text"
                               text="&lt;p&gt;In the Admin console, select your tenant then the &lt;strong&gt;Users&lt;/strong&gt; tab.&lt;/p&gt;&#xA;"
                               textIsRich="true"/>
                     <image_26 jcr:primaryType="nt:unstructured"
                               sling:resourceType="help/components/article-3/image"
                               jcr:title=""
                               alt=""
                               captionBottom=""
                               fileName="manage_security_group_2.png"
                               originalFileName="images/en/manage_security_group_2.png"
                               fileReference="/content/dam/help/en/campaign/standard/manage_security_group_2.png"
                               imageRotate="0"
                               originalHeight=""
                               originalWidth=""
                               scaleOption="toTemplate"
                               status="legacy"/>
                  </step_par>
               </step_80_0>
               <step_81_0 jcr:primaryType="nt:unstructured" sling:resourceType="help/components/step">
                  <step_par jcr:primaryType="nt:unstructured"
                            sling:resourceType="help/components/procedure/step_parsys">
                     <text_171 jcr:primaryType="nt:unstructured"
                               sling:resourceType="help/components/article-3/text"
                               text="&lt;p&gt;Click the &lt;strong&gt;Add user&lt;/strong&gt; button and enter your user's email address.&lt;/p&gt;&#xA;"
                               textIsRich="true"/>
                  </step_par>
               </step_81_0>
               <step_82_0 jcr:primaryType="nt:unstructured" sling:resourceType="help/components/step">
                  <step_par jcr:primaryType="nt:unstructured"
                            sling:resourceType="help/components/procedure/step_parsys">
                     <text_172 jcr:primaryType="nt:unstructured"
                               sling:resourceType="help/components/article-3/text"
                               text="&lt;p&gt;In the &lt;strong&gt;Assign Products&lt;/strong&gt; tab, select your tenant then the Administrators out-of-the-box security group from the drop-down list. This will allow the user to have access to the administration menus and to create the next security groups.&lt;/p&gt;&#xA;"
                               textIsRich="true"/>
                     <image_27 jcr:primaryType="nt:unstructured"
                               sling:resourceType="help/components/article-3/image"
                               jcr:title=""
                               alt=""
                               captionBottom=""
                               fileName="ootb_security_group_2.png"
                               originalFileName="images/en/ootb_security_group_2.png"
                               fileReference="/content/dam/help/en/campaign/standard/ootb_security_group_2.png"
                               imageRotate="0"
                               originalHeight=""
                               originalWidth=""
                               scaleOption="toTemplate"
                               status="legacy"/>
                  </step_par>
               </step_82_0>
               <step_83_0 jcr:primaryType="nt:unstructured" sling:resourceType="help/components/step">
                  <step_par jcr:primaryType="nt:unstructured"
                            sling:resourceType="help/components/procedure/step_parsys">
                     <text_173 jcr:primaryType="nt:unstructured"
                               sling:resourceType="help/components/article-3/text"
                               text="&lt;p&gt;Click &lt;strong&gt;Save&lt;/strong&gt; and follow the same procedures to assign the Standard Users out-of-the-box security group to your new user.&lt;/p&gt;&#xA;"
                               textIsRich="true"/>
                     <image_28 jcr:primaryType="nt:unstructured"
                               sling:resourceType="help/components/article-3/image"
                               jcr:title=""
                               alt=""
                               captionBottom=""
                               fileName="ootb_security_group_3.png"
                               originalFileName="images/en/ootb_security_group_3.png"
                               fileReference="/content/dam/help/en/campaign/standard/ootb_security_group_3.png"
                               imageRotate="0"
                               originalHeight=""
                               originalWidth=""
                               scaleOption="toTemplate"
                               status="legacy"/>
                  </step_par>
               </step_83_0>
            </proc_par>
         </procedure_4_10>
         <text_174 jcr:primaryType="nt:unstructured"
                   sling:resourceType="help/components/article-3/text"
                   text="&lt;p&gt;Once your two users are attached to the Administrators and Standard users out-of-the-box security groups which assign roles to our users, the Administrator user can now create the two security groups France and Europe that will assign geographical units to our users in addition to the out-of-the-box security groups.&lt;/p&gt;&#xA;"
                   textIsRich="true"/>
        <procedure_5_10 jcr:primaryType="nt:unstructured"
                         sling:resourceType="help/components/procedure">
            <proc_par jcr:primaryType="nt:unstructured"
                      sling:resourceType="help/components/procedure/proc_parsys">
               <step_84_0 jcr:primaryType="nt:unstructured" sling:resourceType="help/components/step">
                  <step_par jcr:primaryType="nt:unstructured"
                            sling:resourceType="help/components/procedure/step_parsys">
                     <text_175 jcr:primaryType="nt:unstructured"
                               sling:resourceType="help/components/article-3/text"
                               text="&lt;p&gt;In the Admin console, select your tenant then the &lt;strong&gt;Products&lt;/strong&gt; tab.&lt;/p&gt;&#xA;"
                               textIsRich="true"/>
                  </step_par>
               </step_84_0>
               <step_85_0 jcr:primaryType="nt:unstructured" sling:resourceType="help/components/step">
                  <step_par jcr:primaryType="nt:unstructured"
                            sling:resourceType="help/components/procedure/step_parsys">
                     <text_176 jcr:primaryType="nt:unstructured"
                               sling:resourceType="help/components/article-3/text"
                               text="&lt;p&gt;Click the &lt;strong&gt;New Profile&lt;/strong&gt; button to create the Europe security group.&lt;/p&gt;&#xA;"
                               textIsRich="true"/>
                     <image_29 jcr:primaryType="nt:unstructured"
                               sling:resourceType="help/components/article-3/image"
                               jcr:title=""
                               alt=""
                               captionBottom=""
                               fileName="create_security_1.png"
                               originalFileName="images/en/create_security_1.png"
                               fileReference="/content/dam/help/en/campaign/standard/create_security_1.png"
                               imageRotate="0"
                               originalHeight=""
                               originalWidth=""
                               scaleOption="toTemplate"
                               status="legacy"/>
                  </step_par>
               </step_85_0>
               <step_86_0 jcr:primaryType="nt:unstructured" sling:resourceType="help/components/step">
                  <step_par jcr:primaryType="nt:unstructured"
                            sling:resourceType="help/components/procedure/step_parsys">
                     <text_177 jcr:primaryType="nt:unstructured"
                               sling:resourceType="help/components/article-3/text"
                               text="&lt;p&gt;Type the &lt;strong&gt;Profile name&lt;/strong&gt; by following this exact syntax: &lt;strong&gt;Campaign Standard- tenantname - ID of the security group&lt;/strong&gt; and click &lt;strong&gt;Done&lt;/strong&gt;.&lt;/p&gt;&#xA;"
                               textIsRich="true"/>
                     <text_178 jcr:primaryType="nt:unstructured"
                               sling:resourceType="help/components/article-3/text"
                               text="&lt;p&gt;The ID chosen will then be used while creating the security group in Adobe Campaign. &lt;/p&gt;&#xA;"
                               textIsRich="true"/>
                     <note_6 jcr:primaryType="nt:unstructured"
                             sling:resourceType="help/components/article-3/note"
                             text="&lt;p&gt;&#xA;            If the above syntax doesn't seem to work with an older instance, it needs to be replaced by &lt;strong&gt;Campaign - tenantname - ID of the security group&lt;/strong&gt;.&#xA;          &lt;/p&gt;&#xA;"
                             textIsRich="true"
                             type="note"/>
                     <image_30 jcr:primaryType="nt:unstructured"
                               sling:resourceType="help/components/article-3/image"
                               jcr:title=""
                               alt=""
                               captionBottom=""
                               fileName="manage_security_group_1.png"
                               originalFileName="images/en/manage_security_group_1.png"
                               fileReference="/content/dam/help/en/campaign/standard/manage_security_group_1.png"
                               imageRotate="0"
                               originalHeight=""
                               originalWidth=""
                               scaleOption="toTemplate"
                               status="legacy"/>
                  </step_par>
               </step_86_0>
               <step_87_0 jcr:primaryType="nt:unstructured" sling:resourceType="help/components/step">
                  <step_par jcr:primaryType="nt:unstructured"
                            sling:resourceType="help/components/procedure/step_parsys">
                     <text_180 jcr:primaryType="nt:unstructured"
                               sling:resourceType="help/components/article-3/text"
                               text="&lt;p&gt;Then, follow the same procedures to create the France security group.&lt;/p&gt;&#xA;"
                               textIsRich="true"/>
                  </step_par>
               </step_87_0>
               <step_88_0 jcr:primaryType="nt:unstructured" sling:resourceType="help/components/step">
                  <step_par jcr:primaryType="nt:unstructured"
                            sling:resourceType="help/components/procedure/step_parsys">
                     <text_181 jcr:primaryType="nt:unstructured"
                               sling:resourceType="help/components/article-3/text"
                               text="&lt;p&gt;Assign your security group to your user by selecting the &lt;strong&gt;Users&lt;/strong&gt; tab.&lt;/p&gt;&#xA;"
                               textIsRich="true"/>
                     <image_31 jcr:primaryType="nt:unstructured"
                               sling:resourceType="help/components/article-3/image"
                               jcr:title=""
                               alt=""
                               captionBottom=""
                               fileName="manage_security_group_2.png"
                               originalFileName="images/en/manage_security_group_2.png"
                               fileReference="/content/dam/help/en/campaign/standard/manage_security_group_2.png"
                               imageRotate="0"
                               originalHeight=""
                               originalWidth=""
                               scaleOption="toTemplate"
                               status="legacy"/>
                  </step_par>
               </step_88_0>
               <step_89_0 jcr:primaryType="nt:unstructured" sling:resourceType="help/components/step">
                  <step_par jcr:primaryType="nt:unstructured"
                            sling:resourceType="help/components/procedure/step_parsys">
                     <text_182 jcr:primaryType="nt:unstructured"
                               sling:resourceType="help/components/article-3/text"
                               text="&lt;p&gt;Click your previously created user then the &#xA;&#x9;&lt;img height=&#34;21px&#34; src=&#34;/content/dam/help/en/campaign/standard/managing_security_group_10.png&#34; /&gt;&#xA;&#x9;&#xA; icon in the &lt;strong&gt;Products&lt;/strong&gt; category. &lt;/p&gt;&#xA;"
                               textIsRich="true"/>
                     <text_183 jcr:primaryType="nt:unstructured"
                               sling:resourceType="help/components/article-3/text"
                               text="&lt;p&gt;Select &lt;strong&gt;Edit products assigned directly&lt;/strong&gt; to start assigning new security group to your user.&lt;/p&gt;&#xA;"
                               textIsRich="true"/>
                     <image_32 jcr:primaryType="nt:unstructured"
                               sling:resourceType="help/components/article-3/image"
                               jcr:title=""
                               alt=""
                               captionBottom=""
                               fileName="manage_security_group_8.png"
                               originalFileName="images/en/manage_security_group_8.png"
                               fileReference="/content/dam/help/en/campaign/standard/manage_security_group_8.png"
                               imageRotate="0"
                               originalHeight=""
                               originalWidth=""
                               scaleOption="toTemplate"
                               status="legacy"/>
                  </step_par>
               </step_89_0>
               <step_90_0 jcr:primaryType="nt:unstructured" sling:resourceType="help/components/step">
                  <step_par jcr:primaryType="nt:unstructured"
                            sling:resourceType="help/components/procedure/step_parsys">
                     <text_184 jcr:primaryType="nt:unstructured"
                               sling:resourceType="help/components/article-3/text"
                               text="&lt;p&gt;In the &lt;strong&gt;Assign Products&lt;/strong&gt; tab, select your tenant then your previously created security groups Europe from the drop-down list.&lt;/p&gt;&#xA;"
                               textIsRich="true"/>
                     <text_185 jcr:primaryType="nt:unstructured"
                               sling:resourceType="help/components/article-3/text"
                               text="&lt;p&gt;Click &lt;strong&gt;Save&lt;/strong&gt;.&lt;/p&gt;&#xA;"
                               textIsRich="true"/>
                     <image_33 jcr:primaryType="nt:unstructured"
                               sling:resourceType="help/components/article-3/image"
                               jcr:title=""
                               alt=""
                               captionBottom=""
                               fileName="manage_security_group_3.png"
                               originalFileName="images/en/manage_security_group_3.png"
                               fileReference="/content/dam/help/en/campaign/standard/manage_security_group_3.png"
                               imageRotate="0"
                               originalHeight=""
                               originalWidth=""
                               scaleOption="toTemplate"
                               status="legacy"/>
                     <text_186 jcr:primaryType="nt:unstructured"
                               sling:resourceType="help/components/article-3/text"
                               text="&lt;p&gt;If a user is in several groups: &lt;/p&gt;&#xA;"
                               textIsRich="true"/>
                     <procedure_12 jcr:primaryType="nt:unstructured"
                                   sling:resourceType="help/components/procedure"
                                   isBulleted="true">
                        <proc_par jcr:primaryType="nt:unstructured"
                                  sling:resourceType="help/components/procedure/proc_parsys">
                           <step_90_12 jcr:primaryType="nt:unstructured" sling:resourceType="help/components/step">
                              <step_par jcr:primaryType="nt:unstructured"
                                        sling:resourceType="help/components/procedure/step_parsys">
                                 <text_187 jcr:primaryType="nt:unstructured"
                                           sling:resourceType="help/components/article-3/text"
                                           text="&lt;p&gt;The roles of the different groups are cumulated. Here, users are in two different groups: one that will act on roles the other on units.&lt;/p&gt;&#xA;"
                                           textIsRich="true"/>
                              </step_par>
                           </step_90_12>
                           <step_91_12 jcr:primaryType="nt:unstructured" sling:resourceType="help/components/step">
                              <step_par jcr:primaryType="nt:unstructured"
                                        sling:resourceType="help/components/procedure/step_parsys">
                                 <text_188 jcr:primaryType="nt:unstructured"
                                           sling:resourceType="help/components/article-3/text"
                                           text="&lt;p&gt;It is the unit that is the highest in the hierarchy that will be used (see example in the &#xA;&#x9;&#x9;&#x9;&#x9;&#x9;&#xA;&lt;a href=&#34;/content/help/en/campaign/standard/administration/using/organizational-and-geographical-units.html&#34; target=&#34;_blank&#34;&gt;Organizational and geographical units&lt;/a&gt; section).&lt;/p&gt;&#xA;"
                                           textIsRich="true"/>
                              </step_par>
                           </step_91_12>
                           <step_92_12 jcr:primaryType="nt:unstructured" sling:resourceType="help/components/step">
                              <step_par jcr:primaryType="nt:unstructured"
                                        sling:resourceType="help/components/procedure/step_parsys">
                                 <text_189 jcr:primaryType="nt:unstructured"
                                           sling:resourceType="help/components/article-3/text"
                                           text="&lt;p&gt;The user will no longer be able to connect if units have the same equivalent level and are in parallel branches in the hierarchy (such as Canada and the US).&lt;/p&gt;&#xA;"
                                           textIsRich="true"/>
                              </step_par>
                           </step_92_12>
                        </proc_par>
                     </procedure_12>
                  </step_par>
               </step_90_0>
               <step_94_0 jcr:primaryType="nt:unstructured" sling:resourceType="help/components/step">
                  <step_par jcr:primaryType="nt:unstructured"
                            sling:resourceType="help/components/procedure/step_parsys">
                     <text_190 jcr:primaryType="nt:unstructured"
                               sling:resourceType="help/components/article-3/text"
                               text="&lt;p&gt;Follow the same procedures to assign the France security group to your Standard user.&lt;/p&gt;&#xA;"
                               textIsRich="true"/>
                     <image_34 jcr:primaryType="nt:unstructured"
                               sling:resourceType="help/components/article-3/image"
                               jcr:title=""
                               alt=""
                               captionBottom=""
                               fileName="manage_security_group_9.png"
                               originalFileName="images/en/manage_security_group_9.png"
                               fileReference="/content/dam/help/en/campaign/standard/manage_security_group_9.png"
                               imageRotate="0"
                               originalHeight=""
                               originalWidth=""
                               scaleOption="toTemplate"
                               status="legacy"/>
                  </step_par>
               </step_94_0>
            </proc_par>
         </procedure_5_10>
         <text_191 jcr:primaryType="nt:unstructured"
                   sling:resourceType="help/components/article-3/text"
                   text="&lt;p&gt;The newly created security groups are now created in the Admin console. For them to be completely synced, you also need to create them in Adobe Campaign.&lt;/p&gt;&#xA;"
                   textIsRich="true"/>
        <text_192 jcr:primaryType="nt:unstructured"
                   sling:resourceType="help/components/article-3/text"
                   text="&lt;p&gt;The Administrator user has to create the set of security groups that are used to assign geographical units: Europe and France. To learn how to create geographical or organizational units, see &#xA;&#x9;&#x9;&#x9;&#x9;&#x9;&#xA;&lt;a href=&#34;/content/help/en/campaign/standard/administration/using/organizational-and-geographical-units.html#creating-and-managing-units&#34; target=&#34;_blank&#34;&gt;Creating and managing units&lt;/a&gt; .&lt;/p&gt;&#xA;"
                   textIsRich="true"/>
         <procedure_6_10 jcr:primaryType="nt:unstructured"
                         sling:resourceType="help/components/procedure">
            <proc_par jcr:primaryType="nt:unstructured"
                      sling:resourceType="help/components/procedure/proc_parsys">
               <step_95_0 jcr:primaryType="nt:unstructured" sling:resourceType="help/components/step">
                  <step_par jcr:primaryType="nt:unstructured"
                            sling:resourceType="help/components/procedure/step_parsys">
                     <text_193 jcr:primaryType="nt:unstructured"
                               sling:resourceType="help/components/article-3/text"
                               text="&lt;p&gt;Click the &lt;strong&gt;Adobe Campaign&lt;/strong&gt; logo, in the top left corner, then select &lt;strong&gt;Administration &gt; Users &amp; Security &gt; Security groups&lt;/strong&gt;.&lt;/p&gt;&#xA;"
                               textIsRich="true"/>
                  </step_par>
               </step_95_0>
               <step_96_0 jcr:primaryType="nt:unstructured" sling:resourceType="help/components/step">
                  <step_par jcr:primaryType="nt:unstructured"
                            sling:resourceType="help/components/procedure/step_parsys">
                     <text_194 jcr:primaryType="nt:unstructured"
                               sling:resourceType="help/components/article-3/text"
                               text="&lt;p&gt;Create your new security group and specify its &lt;strong&gt;Label&lt;/strong&gt; and &lt;strong&gt;ID&lt;/strong&gt;. &lt;/p&gt;&#xA;"
                               textIsRich="true"/>
                     <text_195 jcr:primaryType="nt:unstructured"
                               sling:resourceType="help/components/article-3/text"
                               text="&lt;p&gt;The ID needs to be the same as the one chosen in the Admin console.&lt;/p&gt;&#xA;"
                               textIsRich="true"/>
                  </step_par>
               </step_96_0>
               <step_97_0 jcr:primaryType="nt:unstructured" sling:resourceType="help/components/step">
                  <step_par jcr:primaryType="nt:unstructured"
                            sling:resourceType="help/components/procedure/step_parsys">
                     <text_196 jcr:primaryType="nt:unstructured"
                               sling:resourceType="help/components/article-3/text"
                               text="&lt;p&gt;In the &lt;strong&gt;User access&lt;/strong&gt; field, assign organizational and geographical units. Here, the Europe security group is assigned the All and Europe units.&lt;/p&gt;&#xA;"
                               textIsRich="true"/>
                     <image_35 jcr:primaryType="nt:unstructured"
                               sling:resourceType="help/components/article-3/image"
                               jcr:title=""
                               alt=""
                               captionBottom=""
                               fileName="manage_security_group_6.png"
                               originalFileName="images/en/manage_security_group_6.png"
                               fileReference="/content/dam/help/en/campaign/standard/manage_security_group_6.png"
                               imageRotate="0"
                               originalHeight=""
                               originalWidth=""
                               scaleOption="toTemplate"
                               status="legacy"/>
                  </step_par>
               </step_97_0>
               <step_98_0 jcr:primaryType="nt:unstructured" sling:resourceType="help/components/step">
                  <step_par jcr:primaryType="nt:unstructured"
                            sling:resourceType="help/components/procedure/step_parsys">
                     <text_197 jcr:primaryType="nt:unstructured"
                               sling:resourceType="help/components/article-3/text"
                               text="&lt;p&gt;You can also assign roles to your security group. In our case, this step is not needed since the out-of-the-box security groups Administrators and Standard users are used to assign roles.&lt;/p&gt;&#xA;"
                               textIsRich="true"/>
                  </step_par>
               </step_98_0>
               <step_99_0 jcr:primaryType="nt:unstructured" sling:resourceType="help/components/step">
                  <step_par jcr:primaryType="nt:unstructured"
                            sling:resourceType="help/components/procedure/step_parsys">
                     <text_198 jcr:primaryType="nt:unstructured"
                               sling:resourceType="help/components/article-3/text"
                               text="&lt;p&gt;Follow the same procedures to create the last security France and assign the France geographical unit.&lt;/p&gt;&#xA;"
                               textIsRich="true"/>
                     <image_36 jcr:primaryType="nt:unstructured"
                               sling:resourceType="help/components/article-3/image"
                               jcr:title=""
                               alt=""
                               captionBottom=""
                               fileName="manage_security_group_7.png"
                               originalFileName="images/en/manage_security_group_7.png"
                               fileReference="/content/dam/help/en/campaign/standard/manage_security_group_7.png"
                               imageRotate="0"
                               originalHeight=""
                               originalWidth=""
                               scaleOption="toTemplate"
                               status="legacy"/>
                  </step_par>
               </step_99_0>
            </proc_par>
         </procedure_6_10>
        <text_199 jcr:primaryType="nt:unstructured"
                   sling:resourceType="help/components/article-3/text"
                   text="&lt;p&gt;Your users are now assigned to a security group and can connect to Adobe Campaign.&lt;/p&gt;&#xA;"
                   textIsRich="true"/>
         <caution_5 jcr:primaryType="nt:unstructured"
                    sling:resourceType="help/components/article-3/note"
                    text="&lt;p&gt;&#xA;        If users are removed from a security group in the admin console, they will remain part of the Adobe Campaign security group and will no longer be able to log in Adobe Campaign. In this case, remove the users' email addresses in the admin console to prevent them from receiving sensitive information.&#xA;      &lt;/p&gt;&#xA;"
                    textIsRich="true"
                    type="caution"/>
      
    
      </main-pars>
      <hero jcr:primaryType="nt:unstructured"
            sling:resourceType="foundation/components/image"/>
      <thumbnail jcr:primaryType="nt:unstructured"
                 sling:resourceType="foundation/components/image"/>
      <publisherLogo jcr:primaryType="nt:unstructured"
                     sling:resourceType="foundation/components/image"/>
   </jcr:content>
</jcr:root>