<?xml version="1.0" encoding="UTF-8"?>
<jcr:root xmlns:nt="http://www.jcp.org/jcr/nt/1.0" xmlns:json="http://json.org/"
          xmlns:sling="http://sling.apache.org/jcr/sling/1.0"
          xmlns:cq="http://www.day.com/jcr/cq/1.0"
          xmlns:jcr="http://www.jcp.org/jcr/1.0"
          xmlns:mix="http://www.jcp.org/jcr/mix/1.0"
          jcr:primaryType="cq:Page">
   <jcr:content navTitle="Organizational and geographical units"
                jcr:primaryType="cq:PageContent"
                sling:resourceType="help/components/pages/article-3"
                heroGradient="light"
                jcr:language="en_us"
                cq:designPath="/etc/designs/help"
                cq:template="/apps/help/templates/article-3"
                jcr:mixinTypes="[mix:versionable]"
                jcr:title="Organizational and geographical units"
                jcr:description="Organizational and geographical units"
                seoDescription="Define your users' access levels using organizational and geographical units."
                primaryProductTag="[products:SG_CAMPAIGN/STANDARD]"
                cq:tags="[products:SG_CAMPAIGN/STANDARD,audience:administration,content_type:reference,topic_tags:users-e-security]"
                primaryAudienceTag="[audience:administration]"
                contentOwner="sauviat"
                isReadyForLocalization="true"
                publishExternalDate="2018-09-04">
      <main-pars jcr:primaryType="nt:unstructured"
                 sling:resourceType="foundation/components/parsys">
    
    
    
      
    
    
         <header_9 jcr:primaryType="nt:unstructured" sling:resourceType="help/components/header"
                   id="about-units"
                   level="2"
                   text="&lt;p&gt;About units&lt;/p&gt;&#xA;"
                   textIsRich="'true'"/>
    
         <text_82 jcr:primaryType="nt:unstructured"
                  sling:resourceType="help/components/article-3/text"
                  text="&lt;p&gt;Each object and user of the platform is linked to a geographical and organizational unit. These units allow a hierarchical structure to be defined in order to give users a filtered view. A user's unit defines their access level for different platform objects. &lt;/p&gt;&#xA;"
                  textIsRich="true"/>
         <caution_1 jcr:primaryType="nt:unstructured"
                    sling:resourceType="help/components/article-3/note"
                    text="&lt;p&gt;&#xA;      If a user is not linked to any unit, that user will not be able to connect to Adobe Campaign.&#xA;      If you would like to restrict access for a particular user or group of users, do not link it to the &lt;strong&gt;All&lt;/strong&gt; unit.&#xA;    &lt;/p&gt;&#xA;"
                    textIsRich="true"
                    type="caution"/>
         <text_85 jcr:primaryType="nt:unstructured"
                  sling:resourceType="help/components/article-3/text"
                  text="&lt;p&gt;A user has read-only access to all of the objects in the parent units. He has read and write access to all objects of his unit and child units. A user does not have access to objects in parallel branches. &lt;/p&gt;&#xA;"
                  textIsRich="true"/>
         <text_86 jcr:primaryType="nt:unstructured"
                  sling:resourceType="help/components/article-3/text"
                  text="&lt;p&gt;By default, only the &lt;strong&gt;All&lt;/strong&gt; units are available.&lt;/p&gt;&#xA;"
                  textIsRich="true"/>
         <text_87 jcr:primaryType="nt:unstructured"
                  sling:resourceType="help/components/article-3/text"
                  text="&lt;p&gt;When the user is assigned geographical and organizational units, these units will always be applied to the objects the user created.&lt;/p&gt;&#xA;"
                  textIsRich="true"/>
         <image_5 jcr:primaryType="nt:unstructured"
                  sling:resourceType="help/components/article-3/image"
                  jcr:title=""
                  alt=""
                  captionBottom=""
                  fileName="user_management_2.png"
                  originalFileName="images/en/user_management_2.png"
                  fileReference="/content/dam/help/en/campaign/standard/user_management_2.png"
                  imageRotate="0"
                  originalHeight=""
                  originalWidth=""
                  scaleOption="toTemplate"
                  status="legacy"/>
         <text_88 jcr:primaryType="nt:unstructured"
                  sling:resourceType="help/components/article-3/text"
                  text="&lt;p&gt;If we take a user linked to the NAM geographical unit (North America). This user has read-only access to objects linked to the Americas and ALL units. He also has read and write access to the objects linked to his unit and child units: NAM, Canada, US, and Mexico. The user does not have access to other branches in the hierarchy (LATAM, EMEA, APAC).&lt;/p&gt;&#xA;"
                  textIsRich="true"/>
         <image_6 jcr:primaryType="nt:unstructured"
                  sling:resourceType="help/components/article-3/image"
                  jcr:title=""
                  alt=""
                  captionBottom=""
                  fileName="user_management_8.png"
                  originalFileName="images/en/user_management_8.png"
                  fileReference="/content/dam/help/en/campaign/standard/user_management_8.png"
                  imageRotate="0"
                  originalHeight=""
                  originalWidth=""
                  scaleOption="toTemplate"
                  status="legacy"/>
         <note_2 jcr:primaryType="nt:unstructured"
                 sling:resourceType="help/components/article-3/note"
                 text="&lt;p&gt;&#xA;      When a user is in several groups linked to different units, certain rules are applied. For more information, refer to the &#xA;&#x9;&#x9;&#x9;&#x9;&#x9;&#xA;&lt;a href=&#34;/content/help/en/campaign/standard/administration/using/managing-groups-and-users.html&#34; target=&#34;_blank&#34;&gt;Managing groups and users&lt;/a&gt; section.&#xA;    &lt;/p&gt;&#xA;"
                 textIsRich="true"
                 type="note"/>
    
    
   
         <header_10 jcr:primaryType="nt:unstructured" sling:resourceType="help/components/header"
                    id="creating-and-managing-units"
                    level="2"
                    text="&lt;p&gt;Creating and managing units&lt;/p&gt;&#xA;"
                    textIsRich="'true'"/>
         <caution_2 jcr:primaryType="nt:unstructured"
                    sling:resourceType="help/components/article-3/note"
                    text="&lt;p&gt;&#xA;        Note that new Campaign Standard instances, as well as existing instances with no geographical units created, cannot have the geographical unit capability implemented starting 18.7 release.&#xA;      &lt;/p&gt;&#xA;"
                    textIsRich="true"
                    type="caution"/>
         <text_91 jcr:primaryType="nt:unstructured"
                  sling:resourceType="help/components/article-3/text"
                  text="&lt;p&gt;Geographical and organizational units allow you to filter your tenant depending on the country or organization your users are linked to.&lt;/p&gt;&#xA;"
                  textIsRich="true"/>
         <text_92 jcr:primaryType="nt:unstructured"
                  sling:resourceType="help/components/article-3/text"
                  text="&lt;p&gt;Here, we previously created security groups with different roles to two users: one user is assigned the security groups Administrators and Europe, the other user belongs to the security groups Standard user and France. See &#xA;&#x9;&#x9;&#x9;&#x9;&#x9;&#xA;&lt;a href=&#34;/content/help/en/campaign/standard/administration/using/managing-groups-and-users.html#creating-a-security-group-and-assigning-users&#34; target=&#34;_blank&#34;&gt;Creating a security group and assigning users&lt;/a&gt; for the full example.&lt;/p&gt;&#xA;"
                  textIsRich="true"/>
         <text_93 jcr:primaryType="nt:unstructured"
                  sling:resourceType="help/components/article-3/text"
                  text="&lt;p&gt;We now need to create the geographical and organizational units for the France and Europe security groups:&lt;/p&gt;&#xA;"
                  textIsRich="true"/>
         <procedure_0_10 jcr:primaryType="nt:unstructured"
                         sling:resourceType="help/components/procedure">
            <proc_par jcr:primaryType="nt:unstructured"
                      sling:resourceType="help/components/procedure/proc_parsys">
               <step_42_0 jcr:primaryType="nt:unstructured" sling:resourceType="help/components/step">
                  <step_par jcr:primaryType="nt:unstructured"
                            sling:resourceType="help/components/procedure/step_parsys">
                     <text_94 jcr:primaryType="nt:unstructured"
                              sling:resourceType="help/components/article-3/text"
                              text="&lt;p&gt;From Adobe campaign advanced menu, select &lt;strong&gt;Administration&lt;/strong&gt; &gt; &lt;strong&gt;Users &amp; security&lt;/strong&gt; &gt; &lt;strong&gt;Geographical units&lt;/strong&gt;.&lt;/p&gt;&#xA;"
                              textIsRich="true"/>
                  </step_par>
               </step_42_0>
               <step_43_0 jcr:primaryType="nt:unstructured" sling:resourceType="help/components/step">
                  <step_par jcr:primaryType="nt:unstructured"
                            sling:resourceType="help/components/procedure/step_parsys">
                     <text_95 jcr:primaryType="nt:unstructured"
                              sling:resourceType="help/components/article-3/text"
                              text="&lt;p&gt;Click &lt;strong&gt;Create &lt;/strong&gt;to start configuring your geographical unit.&lt;/p&gt;&#xA;"
                              textIsRich="true"/>
                     <image_7 jcr:primaryType="nt:unstructured"
                              sling:resourceType="help/components/article-3/image"
                              jcr:title=""
                              alt=""
                              captionBottom=""
                              fileName="manage_units_1.png"
                              originalFileName="images/en/manage_units_1.png"
                              fileReference="/content/dam/help/en/campaign/standard/manage_units_1.png"
                              imageRotate="0"
                              originalHeight=""
                              originalWidth=""
                              scaleOption="toTemplate"
                              status="legacy"/>
                  </step_par>
               </step_43_0>
               <step_44_0 jcr:primaryType="nt:unstructured" sling:resourceType="help/components/step">
                  <step_par jcr:primaryType="nt:unstructured"
                            sling:resourceType="help/components/procedure/step_parsys">
                     <text_96 jcr:primaryType="nt:unstructured"
                              sling:resourceType="help/components/article-3/text"
                              text="&lt;p&gt;Change the default &lt;strong&gt;Label&lt;/strong&gt; and &lt;strong&gt;ID&lt;/strong&gt; to Europe.&lt;/p&gt;&#xA;"
                              textIsRich="true"/>
                  </step_par>
               </step_44_0>
               <step_45_0 jcr:primaryType="nt:unstructured" sling:resourceType="help/components/step">
                  <step_par jcr:primaryType="nt:unstructured"
                            sling:resourceType="help/components/procedure/step_parsys">
                     <text_97 jcr:primaryType="nt:unstructured"
                              sling:resourceType="help/components/article-3/text"
                              text="&lt;p&gt;Then, link this unit to a parent unit. Here, we chose &lt;strong&gt;All&lt;/strong&gt;.&lt;/p&gt;&#xA;"
                              textIsRich="true"/>
                     <image_8 jcr:primaryType="nt:unstructured"
                              sling:resourceType="help/components/article-3/image"
                              jcr:title=""
                              alt=""
                              captionBottom=""
                              fileName="manage_units_2.png"
                              originalFileName="images/en/manage_units_2.png"
                              fileReference="/content/dam/help/en/campaign/standard/manage_units_2.png"
                              imageRotate="0"
                              originalHeight=""
                              originalWidth=""
                              scaleOption="toTemplate"
                              status="legacy"/>
                  </step_par>
               </step_45_0>
               <step_46_0 jcr:primaryType="nt:unstructured" sling:resourceType="help/components/step">
                  <step_par jcr:primaryType="nt:unstructured"
                            sling:resourceType="help/components/procedure/step_parsys">
                     <text_98 jcr:primaryType="nt:unstructured"
                              sling:resourceType="help/components/article-3/text"
                              text="&lt;p&gt;Finally, click &lt;strong&gt;Create&lt;/strong&gt; to start assigning your new geographical unit to security group.&lt;/p&gt;&#xA;"
                              textIsRich="true"/>
                  </step_par>
               </step_46_0>
               <step_47_0 jcr:primaryType="nt:unstructured" sling:resourceType="help/components/step">
                  <step_par jcr:primaryType="nt:unstructured"
                            sling:resourceType="help/components/procedure/step_parsys">
                     <text_99 jcr:primaryType="nt:unstructured"
                              sling:resourceType="help/components/article-3/text"
                              text="&lt;p&gt;Follow the same procedure for the France unit, except that its parent unit has to be the previously created unit, Europe.&lt;/p&gt;&#xA;"
                              textIsRich="true"/>
                     <image_9 jcr:primaryType="nt:unstructured"
                              sling:resourceType="help/components/article-3/image"
                              jcr:title=""
                              alt=""
                              captionBottom=""
                              fileName="manage_units_3.png"
                              originalFileName="images/en/manage_units_3.png"
                              fileReference="/content/dam/help/en/campaign/standard/manage_units_3.png"
                              imageRotate="0"
                              originalHeight=""
                              originalWidth=""
                              scaleOption="toTemplate"
                              status="legacy"/>
                  </step_par>
               </step_47_0>
            </proc_par>
         </procedure_0_10>
         <text_100 jcr:primaryType="nt:unstructured"
                   sling:resourceType="help/components/article-3/text"
                   text="&lt;p&gt;To see the impact of assigning different units to different security group, the user assigned to the Administrator and Europe groups will create two email templates to see what the other user assigned to Standard User and France can or cannot access.&lt;/p&gt;&#xA;"
                   textIsRich="true"/>
         <procedure_1_10 jcr:primaryType="nt:unstructured"
                         sling:resourceType="help/components/procedure">
            <proc_par jcr:primaryType="nt:unstructured"
                      sling:resourceType="help/components/procedure/proc_parsys">
               <step_48_0 jcr:primaryType="nt:unstructured" sling:resourceType="help/components/step">
                  <step_par jcr:primaryType="nt:unstructured"
                            sling:resourceType="help/components/procedure/step_parsys">
                     <text_101 jcr:primaryType="nt:unstructured"
                               sling:resourceType="help/components/article-3/text"
                               text="&lt;p&gt;From the advanced menu, select &lt;strong&gt;Resources&lt;/strong&gt; &gt; &lt;strong&gt;Templates&lt;/strong&gt; &gt; &lt;strong&gt;Delivery Templates&lt;/strong&gt;.&lt;/p&gt;&#xA;"
                               textIsRich="true"/>
                  </step_par>
               </step_48_0>
               <step_49_0 jcr:primaryType="nt:unstructured" sling:resourceType="help/components/step">
                  <step_par jcr:primaryType="nt:unstructured"
                            sling:resourceType="help/components/procedure/step_parsys">
                     <text_102 jcr:primaryType="nt:unstructured"
                               sling:resourceType="help/components/article-3/text"
                               text="&lt;p&gt;Duplicate an existing template and personalize it as needed. For more on this, refer to the &#xA;&#x9;&#x9;&#x9;&#x9;&#x9;&#x9;&#x9;&#x9;&#x9;&#x9;&#x9;&#xA;&#x9;&#x9;&#x9;&#x9;&#x9;&#x9;&#x9;&lt;a href=&#34;/content/help/en/campaign/standard/start/using/about-templates.html&#34;&gt;About templates&lt;/a&gt; section.&lt;/p&gt;&#xA;"
                               textIsRich="true"/>
                  </step_par>
               </step_49_0>
               <step_50_0 jcr:primaryType="nt:unstructured" sling:resourceType="help/components/step">
                  <step_par jcr:primaryType="nt:unstructured"
                            sling:resourceType="help/components/procedure/step_parsys">
                     <text_103 jcr:primaryType="nt:unstructured"
                               sling:resourceType="help/components/article-3/text"
                               text="&lt;p&gt;When the template is created, select the &lt;strong&gt;Edit properties&lt;/strong&gt; icon to assign units to your template.&lt;/p&gt;&#xA;"
                               textIsRich="true"/>
                     <image_10 jcr:primaryType="nt:unstructured"
                               sling:resourceType="help/components/article-3/image"
                               jcr:title=""
                               alt=""
                               captionBottom=""
                               fileName="manage_units_6.png"
                               originalFileName="images/en/manage_units_6.png"
                               fileReference="/content/dam/help/en/campaign/standard/manage_units_6.png"
                               imageRotate="0"
                               originalHeight=""
                               originalWidth=""
                               scaleOption="toTemplate"
                               status="legacy"/>
                  </step_par>
               </step_50_0>
               <step_51_0 jcr:primaryType="nt:unstructured" sling:resourceType="help/components/step">
                  <step_par jcr:primaryType="nt:unstructured"
                            sling:resourceType="help/components/procedure/step_parsys">
                     <text_104 jcr:primaryType="nt:unstructured"
                               sling:resourceType="help/components/article-3/text"
                               text="&lt;p&gt;In the &lt;strong&gt;Access authorization&lt;/strong&gt; drop down menu, select the geographical and organizational unit. &lt;/p&gt;&#xA;"
                               textIsRich="true"/>
                     <text_105 jcr:primaryType="nt:unstructured"
                               sling:resourceType="help/components/article-3/text"
                               text="&lt;p&gt;Here we are going to create one template with the previously created geographical unit Europe.&lt;/p&gt;&#xA;"
                               textIsRich="true"/>
                     <image_11 jcr:primaryType="nt:unstructured"
                               sling:resourceType="help/components/article-3/image"
                               jcr:title=""
                               alt=""
                               captionBottom=""
                               fileName="manage_units_5.png"
                               originalFileName="images/en/manage_units_5.png"
                               fileReference="/content/dam/help/en/campaign/standard/manage_units_5.png"
                               imageRotate="0"
                               originalHeight=""
                               originalWidth=""
                               scaleOption="toTemplate"
                               status="legacy"/>
                  </step_par>
               </step_51_0>
               <step_52_0 jcr:primaryType="nt:unstructured" sling:resourceType="help/components/step">
                  <step_par jcr:primaryType="nt:unstructured"
                            sling:resourceType="help/components/procedure/step_parsys">
                     <text_106 jcr:primaryType="nt:unstructured"
                               sling:resourceType="help/components/article-3/text"
                               text="&lt;p&gt;Follow the same procedures to create the second template assigned to the previously created France geographical unit.&lt;/p&gt;&#xA;"
                               textIsRich="true"/>
                  </step_par>
               </step_52_0>
            </proc_par>
         </procedure_1_10>
         <text_107 jcr:primaryType="nt:unstructured"
                   sling:resourceType="help/components/article-3/text"
                   text="&lt;p&gt;The user assigned to the Standard User and France groups will be able to see both templates. Because of the hierarchical structure of the geographical units, he will have read and write access to the template linked to the France unit and only read-only access to the template linked to the Europe unit.&lt;/p&gt;&#xA;"
                   textIsRich="true"/>
         <image_12 jcr:primaryType="nt:unstructured"
                   sling:resourceType="help/components/article-3/image"
                   jcr:title=""
                   alt=""
                   captionBottom=""
                   fileName="manage_units_7.png"
                   originalFileName="images/en/manage_units_7.png"
                   fileReference="/content/dam/help/en/campaign/standard/manage_units_7.png"
                   imageRotate="0"
                   originalHeight=""
                   originalWidth=""
                   scaleOption="toTemplate"
                   status="legacy"/>
         <text_108 jcr:primaryType="nt:unstructured"
                   sling:resourceType="help/components/article-3/text"
                   text="&lt;p&gt;Since the France unit is a child unit of Europe, the following message appears when the user tries to modify the Europe template: &lt;/p&gt;&#xA;"
                   textIsRich="true"/>
         <image_13 jcr:primaryType="nt:unstructured"
                   sling:resourceType="help/components/article-3/image"
                   jcr:title=""
                   alt=""
                   captionBottom=""
                   fileName="manage_units_8.png"
                   originalFileName="images/en/manage_units_8.png"
                   fileReference="/content/dam/help/en/campaign/standard/manage_units_8.png"
                   imageRotate="0"
                   originalHeight=""
                   originalWidth=""
                   scaleOption="toTemplate"
                   status="legacy"/>
         <text_109 jcr:primaryType="nt:unstructured"
                   sling:resourceType="help/components/article-3/text"
                   text="&lt;p&gt;Geographical and organizational units can restrict the access to different products such as profiles. For example, if our France user access the Profiles tab, he will be able to fully access and modify the profiles with the France geographical unit. &lt;/p&gt;&#xA;"
                   textIsRich="true"/>
         <text_110 jcr:primaryType="nt:unstructured"
                   sling:resourceType="help/components/article-3/text"
                   text="&lt;p&gt;Whereas the profiles with the Europe geographical unit will be read only, the following error will appear if our user tries to modify one profile: You do not have the rights needed to modify the 'profile' resource of ID.&lt;/p&gt;&#xA;"
                   textIsRich="true"/>
         <image_14 jcr:primaryType="nt:unstructured"
                   sling:resourceType="help/components/article-3/image"
                   jcr:title=""
                   alt=""
                   captionBottom=""
                   fileName="manage_units_10.png"
                   originalFileName="images/en/manage_units_10.png"
                   fileReference="/content/dam/help/en/campaign/standard/manage_units_10.png"
                   imageRotate="0"
                   originalHeight=""
                   originalWidth=""
                   scaleOption="toTemplate"
                   status="legacy"/>
     
    
         <header_11 jcr:primaryType="nt:unstructured" sling:resourceType="help/components/header"
                    id="partitioning-profiles"
                    level="2"
                    text="&lt;p&gt;Partitioning profiles&lt;/p&gt;&#xA;"
                    textIsRich="'true'"/>
         <text_111 jcr:primaryType="nt:unstructured"
                   sling:resourceType="help/components/article-3/text"
                   text="&lt;p&gt;If your organization needs to isolate the profiles contacted by each of your different brands, you can partition your profiles by their organizational or geographical units.&lt;/p&gt;&#xA;"
                   textIsRich="true"/>
         <text_112 jcr:primaryType="nt:unstructured"
                   sling:resourceType="help/components/article-3/text"
                   text="&lt;p&gt;By default, the organizational or geographical unit fields are not available on your profiles and need to be added. &lt;/p&gt;&#xA;"
                   textIsRich="true"/>
         <text_113 jcr:primaryType="nt:unstructured"
                   sling:resourceType="help/components/article-3/text"
                   text="&lt;p&gt;Profiles with no organizational or geographical units cannot be accessed by users.&lt;/p&gt;&#xA;"
                   textIsRich="true"/>
         <caution_3 jcr:primaryType="nt:unstructured"
                    sling:resourceType="help/components/article-3/note"
                    text="&lt;p&gt;&#xA;        We recommend adding this option before importing any profiles. If you have already imported your customer database, an update is necessary in order to set the organizational and geographical unit values on the already imported Profiles.&#xA;      &lt;/p&gt;&#xA;"
                    textIsRich="true"
                    type="caution"/>
         <procedure_2_10 jcr:primaryType="nt:unstructured"
                         sling:resourceType="help/components/procedure">
            <proc_par jcr:primaryType="nt:unstructured"
                      sling:resourceType="help/components/procedure/proc_parsys">
               <step_53_0 jcr:primaryType="nt:unstructured" sling:resourceType="help/components/step">
                  <step_par jcr:primaryType="nt:unstructured"
                            sling:resourceType="help/components/procedure/step_parsys">
                     <text_115 jcr:primaryType="nt:unstructured"
                               sling:resourceType="help/components/article-3/text"
                               text="&lt;p&gt;From the advanced menu, via the Adobe Campaign logo, select &lt;strong&gt;Administration &gt; Development &gt; Custom resources&lt;/strong&gt;.&lt;/p&gt;&#xA;"
                               textIsRich="true"/>
                  </step_par>
               </step_53_0>
               <step_54_0 jcr:primaryType="nt:unstructured" sling:resourceType="help/components/step">
                  <step_par jcr:primaryType="nt:unstructured"
                            sling:resourceType="help/components/procedure/step_parsys">
                     <text_116 jcr:primaryType="nt:unstructured"
                               sling:resourceType="help/components/article-3/text"
                               text="&lt;p&gt;Select &lt;strong&gt;Profile&lt;/strong&gt; or create a new custom resource to extend the profiles.&lt;/p&gt;&#xA;"
                               textIsRich="true"/>
                  </step_par>
               </step_54_0>
               <step_55_0 jcr:primaryType="nt:unstructured" sling:resourceType="help/components/step">
                  <step_par jcr:primaryType="nt:unstructured"
                            sling:resourceType="help/components/procedure/step_parsys">
                     <text_117 jcr:primaryType="nt:unstructured"
                               sling:resourceType="help/components/article-3/text"
                               text="&lt;p&gt;Check the &lt;strong&gt;Add access authorization management fields&lt;/strong&gt; box to add the organizational and geographical units in the &lt;strong&gt;Profile&lt;/strong&gt; extension.&lt;/p&gt;&#xA;"
                               textIsRich="true"/>
                     <image_15 jcr:primaryType="nt:unstructured"
                               sling:resourceType="help/components/article-3/image"
                               jcr:title=""
                               alt=""
                               captionBottom=""
                               fileName="user_management_9.png"
                               originalFileName="images/en/user_management_9.png"
                               fileReference="/content/dam/help/en/campaign/standard/user_management_9.png"
                               imageRotate="0"
                               originalHeight=""
                               originalWidth=""
                               scaleOption="toTemplate"
                               status="legacy"/>
                  </step_par>
               </step_55_0>
               <step_56_0 jcr:primaryType="nt:unstructured" sling:resourceType="help/components/step">
                  <step_par jcr:primaryType="nt:unstructured"
                            sling:resourceType="help/components/procedure/step_parsys">
                     <text_118 jcr:primaryType="nt:unstructured"
                               sling:resourceType="help/components/article-3/text"
                               text="&lt;p&gt;Click &lt;strong&gt;Save&lt;/strong&gt;.&lt;/p&gt;&#xA;"
                               textIsRich="true"/>
                  </step_par>
               </step_56_0>
               <step_57_0 jcr:primaryType="nt:unstructured" sling:resourceType="help/components/step">
                  <step_par jcr:primaryType="nt:unstructured"
                            sling:resourceType="help/components/procedure/step_parsys">
                     <text_119 jcr:primaryType="nt:unstructured"
                               sling:resourceType="help/components/article-3/text"
                               text="&lt;p&gt;Update the structure by re-publishing the custom resources. For more information about the publication process, refer to &#xA;&#x9;&#x9;&#x9;&#x9;&#x9;&#x9;&#x9;&#x9;&#x9;&#x9;&#x9;&#xA;&#x9;&#x9;&#x9;&#x9;&#x9;&#x9;&#x9;&lt;a href=&#34;/content/help/en/campaign/standard/developing/using/data-model-concepts.html&#34;&gt;Updating the structure&lt;/a&gt; section.&lt;/p&gt;&#xA;"
                               textIsRich="true"/>
                  </step_par>
               </step_57_0>
            </proc_par>
         </procedure_2_10>
         <text_120 jcr:primaryType="nt:unstructured"
                   sling:resourceType="help/components/article-3/text"
                   text="&lt;p&gt;The organizational and geographical unit fields are added to your profiles in the &lt;strong&gt;Access authorization&lt;/strong&gt; section. &lt;/p&gt;&#xA;"
                   textIsRich="true"/>
         <image_16 jcr:primaryType="nt:unstructured"
                   sling:resourceType="help/components/article-3/image"
                   jcr:title=""
                   alt=""
                   captionBottom=""
                   fileName="user_management_10.png"
                   originalFileName="images/en/user_management_10.png"
                   fileReference="/content/dam/help/en/campaign/standard/user_management_10.png"
                   imageRotate="0"
                   originalHeight=""
                   originalWidth=""
                   scaleOption="toTemplate"
                   status="legacy"/>
         <text_121 jcr:primaryType="nt:unstructured"
                   sling:resourceType="help/components/article-3/text"
                   text="&lt;p&gt;&lt;strong&gt;Related topics&lt;/strong&gt;:&lt;/p&gt;&#xA;"
                   textIsRich="true"/>
         <procedure_9 jcr:primaryType="nt:unstructured"
                      sling:resourceType="help/components/procedure"
                      isBulleted="true">
            <proc_par jcr:primaryType="nt:unstructured"
                      sling:resourceType="help/components/procedure/proc_parsys">
               <step_58_9 jcr:primaryType="nt:unstructured" sling:resourceType="help/components/step">
                  <step_par jcr:primaryType="nt:unstructured"
                            sling:resourceType="help/components/procedure/step_parsys">
                     <text_122 jcr:primaryType="nt:unstructured"
                               sling:resourceType="help/components/article-3/text"
                               text="&lt;p&gt;&#xA;&#x9;&#x9;&#x9;&#x9;&#x9;&#xA;&lt;a href=&#34;/content/help/en/campaign/standard/administration/using/organizational-and-geographical-units.html#about-units&#34; target=&#34;_blank&#34;&gt;About units&lt;/a&gt;&lt;/p&gt;&#xA;"
                               textIsRich="true"/>
                  </step_par>
               </step_58_9>
               <step_59_9 jcr:primaryType="nt:unstructured" sling:resourceType="help/components/step">
                  <step_par jcr:primaryType="nt:unstructured"
                            sling:resourceType="help/components/procedure/step_parsys">
                     <text_123 jcr:primaryType="nt:unstructured"
                               sling:resourceType="help/components/article-3/text"
                               text="&lt;p&gt;&#xA;&#x9;&#x9;&#x9;&#x9;&#x9;&#xA;&lt;a href=&#34;/content/help/en/campaign/standard/administration/using/about-access-management.html&#34; target=&#34;_blank&#34;&gt;About access management&lt;/a&gt;&lt;/p&gt;&#xA;"
                               textIsRich="true"/>
                  </step_par>
               </step_59_9>
            </proc_par>
         </procedure_9>
    
    
         <header_12 jcr:primaryType="nt:unstructured" sling:resourceType="help/components/header"
                    id="example--add-or-update-a-profile-s-geographical-unit-with-an-import-workflow"
                    level="2"
                    text="&lt;p&gt;Example: Add or update a profile's geographical unit with an import workflow&lt;/p&gt;&#xA;"
                    textIsRich="'true'"/>
         <text_124 jcr:primaryType="nt:unstructured"
                   sling:resourceType="help/components/article-3/text"
                   text="&lt;p&gt;In this example, we want to add new profiles but also update existing ones and reconcile their countries with the corresponding geographical units in Adobe Campaign. &lt;/p&gt;&#xA;"
                   textIsRich="true"/>
         <text_125 jcr:primaryType="nt:unstructured"
                   sling:resourceType="help/components/article-3/text"
                   text="&lt;p&gt;To do so, we will import in a &lt;strong&gt;Load file&lt;/strong&gt; activity, a file containing new or existing profiles with the following information: first name, last name, email, country and birthdate. The profiles will then be added or updated with the &lt;strong&gt;Update data&lt;/strong&gt; activity.&lt;/p&gt;&#xA;"
                   textIsRich="true"/>
         <note_3 jcr:primaryType="nt:unstructured"
                 sling:resourceType="help/components/article-3/note"
                 text="&lt;p&gt;&#xA;        This example assumes that all needed geographical units are already configured in Adobe Campaign.&#xA;        Note that new Campaign Standard instances, as well as existing instances with no geographical units created, cannot have the geographical unit capability implemented starting 18.7 release.&#xA;      &lt;/p&gt;&#xA;"
                 textIsRich="true"
                 type="note"/>
         <text_128 jcr:primaryType="nt:unstructured"
                   sling:resourceType="help/components/article-3/text"
                   text="&lt;p&gt;Here, in the imported file, four profiles are detailed: two new profiles and two existing ones which will be updated with their respective geographical units.&lt;/p&gt;&#xA;"
                   textIsRich="true"/>
         <image_17 jcr:primaryType="nt:unstructured"
                   sling:resourceType="help/components/article-3/image"
                   jcr:title=""
                   alt=""
                   captionBottom=""
                   fileName="workflow_geo_1.png"
                   originalFileName="images/en/workflow_geo_1.png"
                   fileReference="/content/dam/help/en/campaign/standard/workflow_geo_1.png"
                   imageRotate="0"
                   originalHeight=""
                   originalWidth=""
                   scaleOption="toTemplate"
                   status="legacy"/>
         <procedure_3_10 jcr:primaryType="nt:unstructured"
                         sling:resourceType="help/components/procedure">
            <proc_par jcr:primaryType="nt:unstructured"
                      sling:resourceType="help/components/procedure/proc_parsys">
               <step_60_0 jcr:primaryType="nt:unstructured" sling:resourceType="help/components/step">
                  <step_par jcr:primaryType="nt:unstructured"
                            sling:resourceType="help/components/procedure/step_parsys">
                     <text_129 jcr:primaryType="nt:unstructured"
                               sling:resourceType="help/components/article-3/text"
                               text="&lt;p&gt;From the &lt;strong&gt;Marketing activities&lt;/strong&gt; tab, create a workflow. For more on this, refer to this &#xA;&lt;a href=&#34;&#34;&gt;page&lt;/a&gt;.&lt;/p&gt;&#xA;"
                               textIsRich="true"/>
                  </step_par>
               </step_60_0>
               <step_61_0 jcr:primaryType="nt:unstructured" sling:resourceType="help/components/step">
                  <step_par jcr:primaryType="nt:unstructured"
                            sling:resourceType="help/components/procedure/step_parsys">
                     <text_130 jcr:primaryType="nt:unstructured"
                               sling:resourceType="help/components/article-3/text"
                               text="&lt;p&gt;Drag and drop a &lt;strong&gt;Load file&lt;/strong&gt; activity to your workflow and open it to select your file to import.&lt;/p&gt;&#xA;"
                               textIsRich="true"/>
                  </step_par>
               </step_61_0>
               <step_62_0 jcr:primaryType="nt:unstructured" sling:resourceType="help/components/step">
                  <step_par jcr:primaryType="nt:unstructured"
                            sling:resourceType="help/components/procedure/step_parsys">
                     <text_131 jcr:primaryType="nt:unstructured"
                               sling:resourceType="help/components/article-3/text"
                               text="&lt;p&gt;Select &lt;strong&gt;Use the last uploaded file&lt;/strong&gt; and check in the &lt;strong&gt;Column definition&lt;/strong&gt; tab that your values were correctly added.&lt;/p&gt;&#xA;"
                               textIsRich="true"/>
                     <image_18 jcr:primaryType="nt:unstructured"
                               sling:resourceType="help/components/article-3/image"
                               jcr:title=""
                               alt=""
                               captionBottom=""
                               fileName="workflow_geo_2.png"
                               originalFileName="images/en/workflow_geo_2.png"
                               fileReference="/content/dam/help/en/campaign/standard/workflow_geo_2.png"
                               imageRotate="0"
                               originalHeight=""
                               originalWidth=""
                               scaleOption="toTemplate"
                               status="legacy"/>
                  </step_par>
               </step_62_0>
               <step_63_0 jcr:primaryType="nt:unstructured" sling:resourceType="help/components/step">
                  <step_par jcr:primaryType="nt:unstructured"
                            sling:resourceType="help/components/procedure/step_parsys">
                     <text_132 jcr:primaryType="nt:unstructured"
                               sling:resourceType="help/components/article-3/text"
                               text="&lt;p&gt;Drag and drop a &lt;strong&gt;Reconciliation&lt;/strong&gt; activity. This query allows you to reconcile the country value from your file with the geographical units from Adobe Campaign.&lt;/p&gt;&#xA;"
                               textIsRich="true"/>
                  </step_par>
               </step_63_0>
               <step_64_0 jcr:primaryType="nt:unstructured" sling:resourceType="help/components/step">
                  <step_par jcr:primaryType="nt:unstructured"
                            sling:resourceType="help/components/procedure/step_parsys">
                     <text_133 jcr:primaryType="nt:unstructured"
                               sling:resourceType="help/components/article-3/text"
                               text="&lt;p&gt;In the &lt;strong&gt;Relations&lt;/strong&gt; tab of your activity, click &lt;strong&gt;Create element&lt;/strong&gt;. Here we are targeting the geographical unit dimension.&lt;/p&gt;&#xA;"
                               textIsRich="true"/>
                  </step_par>
               </step_64_0>
               <step_65_0 jcr:primaryType="nt:unstructured" sling:resourceType="help/components/step">
                  <step_par jcr:primaryType="nt:unstructured"
                            sling:resourceType="help/components/procedure/step_parsys">
                     <text_134 jcr:primaryType="nt:unstructured"
                               sling:resourceType="help/components/article-3/text"
                               text="&lt;p&gt;In the &lt;strong&gt;Reconciliation criteria for target dimension&lt;/strong&gt; field, click &lt;strong&gt;Create Element&lt;/strong&gt;. &lt;/p&gt;&#xA;"
                               textIsRich="true"/>
                     <text_135 jcr:primaryType="nt:unstructured"
                               sling:resourceType="help/components/article-3/text"
                               text="&lt;p&gt;In our case, the &lt;strong&gt;Source&lt;/strong&gt; corresponds to the country value of the imported file which matches with the &lt;strong&gt;Label&lt;/strong&gt; field of the geographical unit. &lt;/p&gt;&#xA;"
                               textIsRich="true"/>
                     <image_19 jcr:primaryType="nt:unstructured"
                               sling:resourceType="help/components/article-3/image"
                               jcr:title=""
                               alt=""
                               captionBottom=""
                               fileName="workflow_geo_3.png"
                               originalFileName="images/en/workflow_geo_3.png"
                               fileReference="/content/dam/help/en/campaign/standard/workflow_geo_3.png"
                               imageRotate="0"
                               originalHeight=""
                               originalWidth=""
                               scaleOption="toTemplate"
                               status="legacy"/>
                  </step_par>
               </step_65_0>
               <step_66_0 jcr:primaryType="nt:unstructured" sling:resourceType="help/components/step">
                  <step_par jcr:primaryType="nt:unstructured"
                            sling:resourceType="help/components/procedure/step_parsys">
                     <text_136 jcr:primaryType="nt:unstructured"
                               sling:resourceType="help/components/article-3/text"
                               text="&lt;p&gt;Drag and drop an &lt;strong&gt;Update data&lt;/strong&gt; activity to add your new profiles or update your existing profiles.&lt;/p&gt;&#xA;"
                               textIsRich="true"/>
                  </step_par>
               </step_66_0>
               <step_67_0 jcr:primaryType="nt:unstructured" sling:resourceType="help/components/step">
                  <step_par jcr:primaryType="nt:unstructured"
                            sling:resourceType="help/components/procedure/step_parsys">
                     <text_137 jcr:primaryType="nt:unstructured"
                               sling:resourceType="help/components/article-3/text"
                               text="&lt;p&gt;In the &lt;strong&gt;Identification&lt;/strong&gt; tab of your activity, select &lt;strong&gt;Using reconciliation criteria&lt;/strong&gt; and the value &lt;strong&gt;Profiles&lt;/strong&gt; as &lt;strong&gt;Dimension to update&lt;/strong&gt;.&lt;/p&gt;&#xA;"
                               textIsRich="true"/>
                     <image_20 jcr:primaryType="nt:unstructured"
                               sling:resourceType="help/components/article-3/image"
                               jcr:title=""
                               alt=""
                               captionBottom=""
                               fileName="workflow_geo_4.png"
                               originalFileName="images/en/workflow_geo_4.png"
                               fileReference="/content/dam/help/en/campaign/standard/workflow_geo_4.png"
                               imageRotate="0"
                               originalHeight=""
                               originalWidth=""
                               scaleOption="toTemplate"
                               status="legacy"/>
                  </step_par>
               </step_67_0>
               <step_68_0 jcr:primaryType="nt:unstructured" sling:resourceType="help/components/step">
                  <step_par jcr:primaryType="nt:unstructured"
                            sling:resourceType="help/components/procedure/step_parsys">
                     <text_138 jcr:primaryType="nt:unstructured"
                               sling:resourceType="help/components/article-3/text"
                               text="&lt;p&gt;Click the &lt;strong&gt;Create element&lt;/strong&gt; button in the &lt;strong&gt;Reconciliation criteria for finding records&lt;/strong&gt; field. Here, we choose the email as a reconciliation criterion of existing profiles.&lt;/p&gt;&#xA;"
                               textIsRich="true"/>
                     <image_21 jcr:primaryType="nt:unstructured"
                               sling:resourceType="help/components/article-3/image"
                               jcr:title=""
                               alt=""
                               captionBottom=""
                               fileName="workflow_geo_5.png"
                               originalFileName="images/en/workflow_geo_5.png"
                               fileReference="/content/dam/help/en/campaign/standard/workflow_geo_5.png"
                               imageRotate="0"
                               originalHeight=""
                               originalWidth=""
                               scaleOption="toTemplate"
                               status="legacy"/>
                  </step_par>
               </step_68_0>
               <step_69_0 jcr:primaryType="nt:unstructured" sling:resourceType="help/components/step">
                  <step_par jcr:primaryType="nt:unstructured"
                            sling:resourceType="help/components/procedure/step_parsys">
                     <text_139 jcr:primaryType="nt:unstructured"
                               sling:resourceType="help/components/article-3/text"
                               text="&lt;p&gt;Use the &#xA;&#x9;&lt;img height=&#34;21px&#34; src=&#34;/content/dam/help/en/campaign/standard/workflow_geo_6.png&#34; /&gt;&#xA;&#x9;&#xA; icon to automatically detect the fields from the imported file.&lt;/p&gt;&#xA;"
                               textIsRich="true"/>
                     <note_4 jcr:primaryType="nt:unstructured"
                             sling:resourceType="help/components/article-3/note"
                             text="&lt;p&gt;&#xA;            In this example, the &lt;strong&gt;Country&lt;/strong&gt; field has been automatically detected but needs to be deleted since it is only used to update our profiles' geographical units.&#xA;          &lt;/p&gt;&#xA;"
                             textIsRich="true"
                             type="note"/>
                     <image_22 jcr:primaryType="nt:unstructured"
                               sling:resourceType="help/components/article-3/image"
                               jcr:title=""
                               alt=""
                               captionBottom=""
                               fileName="workflow_geo_7.png"
                               originalFileName="images/en/workflow_geo_7.png"
                               fileReference="/content/dam/help/en/campaign/standard/workflow_geo_7.png"
                               imageRotate="0"
                               originalHeight=""
                               originalWidth=""
                               scaleOption="toTemplate"
                               status="legacy"/>
                  </step_par>
               </step_69_0>
               <step_70_0 jcr:primaryType="nt:unstructured" sling:resourceType="help/components/step">
                  <step_par jcr:primaryType="nt:unstructured"
                            sling:resourceType="help/components/procedure/step_parsys">
                     <text_141 jcr:primaryType="nt:unstructured"
                               sling:resourceType="help/components/article-3/text"
                               text="&lt;p&gt;Start your workflow.&lt;/p&gt;&#xA;"
                               textIsRich="true"/>
                  </step_par>
               </step_70_0>
            </proc_par>
         </procedure_3_10>
         <text_142 jcr:primaryType="nt:unstructured"
                   sling:resourceType="help/components/article-3/text"
                   text="&lt;p&gt;The new profiles have been added with geographical units corresponding to their countries and existing profiles have been updated with the corresponding geographical units.&lt;/p&gt;&#xA;"
                   textIsRich="true"/>
         <image_23 jcr:primaryType="nt:unstructured"
                   sling:resourceType="help/components/article-3/image"
                   jcr:title=""
                   alt=""
                   captionBottom=""
                   fileName="workflow_geo_8.png"
                   originalFileName="images/en/workflow_geo_8.png"
                   fileReference="/content/dam/help/en/campaign/standard/workflow_geo_8.png"
                   imageRotate="0"
                   originalHeight=""
                   originalWidth=""
                   scaleOption="toTemplate"
                   status="legacy"/>
    
    
      </main-pars>
      <hero jcr:primaryType="nt:unstructured"
            sling:resourceType="foundation/components/image"/>
      <thumbnail jcr:primaryType="nt:unstructured"
                 sling:resourceType="foundation/components/image"/>
      <publisherLogo jcr:primaryType="nt:unstructured"
                     sling:resourceType="foundation/components/image"/>
   </jcr:content>
</jcr:root>