<?xml version="1.0" encoding="UTF-8"?>
<jcr:root xmlns:nt="http://www.jcp.org/jcr/nt/1.0" xmlns:json="http://json.org/"
          xmlns:sling="http://sling.apache.org/jcr/sling/1.0"
          xmlns:cq="http://www.day.com/jcr/cq/1.0"
          xmlns:jcr="http://www.jcp.org/jcr/1.0"
          xmlns:mix="http://www.jcp.org/jcr/mix/1.0"
          jcr:primaryType="cq:Page">
   <jcr:content navTitle="Types of users" jcr:primaryType="cq:PageContent"
                sling:resourceType="help/components/pages/article-3"
                heroGradient="light"
                jcr:language="en_us"
                cq:designPath="/etc/designs/help"
                cq:template="/apps/help/templates/article-3"
                jcr:mixinTypes="[mix:versionable]"
                jcr:title="Types of users"
                jcr:description="Types of users"
                seoDescription="Adobe Campaign users hold specific roles. Discover the main user types. "
                primaryProductTag="[products:SG_CAMPAIGN/STANDARD]"
                cq:tags="[products:SG_CAMPAIGN/STANDARD,audience:administration,content_type:reference,topic_tags:users-e-security]"
                primaryAudienceTag="[audience:administration]"
                contentOwner="sauviat"
                isReadyForLocalization="true"
                publishExternalDate="2018-09-04">
      <main-pars jcr:primaryType="nt:unstructured"
                 sling:resourceType="foundation/components/parsys">
    
      
    
         <text_39 jcr:primaryType="nt:unstructured"
                  sling:resourceType="help/components/article-3/text"
                  text="&lt;p&gt;Administrators can manage users from the Admin console. Users are then automatically synchronized with Adobe Campaign. &lt;/p&gt;&#xA;"
                  textIsRich="true"/>
         <text_40 jcr:primaryType="nt:unstructured"
                  sling:resourceType="help/components/article-3/text"
                  text="&lt;p&gt;For more on this, refer to the &#xA;&lt;a href=&#34;https://helpx.adobe.com/enterprise/using/users.html&#34;&gt;Admin console&lt;/a&gt; documentation.&lt;/p&gt;&#xA;"
                  textIsRich="true"/>
         <text_41 jcr:primaryType="nt:unstructured"
                  sling:resourceType="help/components/article-3/text"
                  text="&lt;p&gt;To view the users in Adobe Campaign, click the &lt;strong&gt;Adobe Campaign&lt;/strong&gt; logo, in the top left corner, then select &lt;strong&gt;Administration &gt; Users &amp; Security &gt; Users&lt;/strong&gt;. &lt;/p&gt;&#xA;"
                  textIsRich="true"/>
         <text_42 jcr:primaryType="nt:unstructured"
                  sling:resourceType="help/components/article-3/text"
                  text="&lt;p&gt;To access the user management interface from Adobe Campaign, click &lt;strong&gt;User administration&lt;/strong&gt;. &lt;/p&gt;&#xA;"
                  textIsRich="true"/>
         <image_4 jcr:primaryType="nt:unstructured"
                  sling:resourceType="help/components/article-3/image"
                  jcr:title=""
                  alt=""
                  captionBottom=""
                  fileName="user_management_5.png"
                  originalFileName="images/en/user_management_5.png"
                  fileReference="/content/dam/help/en/campaign/standard/user_management_5.png"
                  imageRotate="0"
                  originalHeight=""
                  originalWidth=""
                  scaleOption="toTemplate"
                  status="legacy"/>
         <text_43 jcr:primaryType="nt:unstructured"
                  sling:resourceType="help/components/article-3/text"
                  text="&lt;p&gt;Adobe Campaign allows you to assign a set of roles to your users to define which part of the interface they can access.&lt;/p&gt;&#xA;"
                  textIsRich="true"/>
         <text_44 jcr:primaryType="nt:unstructured"
                  sling:resourceType="help/components/article-3/text"
                  text="&lt;p&gt;The specific roles and the corresponding authorizations are detailed in the following sections: &#xA;&#x9;&#x9;&#x9;&#x9;&#x9;&#x9;&#x9;&#x9;&#x9;&#x9;&#x9;&#xA;&#x9;&#x9;&#x9;&#x9;&#x9;&#x9;&#x9;&lt;a href=&#34;/content/help/en/campaign/standard/administration/using/list-of-roles.html&#34;&gt;understanding roles&lt;/a&gt; and &#xA;&lt;a href=&#34;https://docs.campaign.adobe.com/doc/standard/en/Technotes/AdobeCampaign-ACSRights.pdf&#34;&gt;authorizations&lt;/a&gt;.&lt;/p&gt;&#xA;"
                  textIsRich="true"/>
         <text_45 jcr:primaryType="nt:unstructured"
                  sling:resourceType="help/components/article-3/text"
                  text="&lt;p&gt;This user segmentation is not mandatory, it is only a representation of the most common usage of Adobe Campaign.&lt;/p&gt;&#xA;"
                  textIsRich="true"/>
         <text_46 jcr:primaryType="nt:unstructured"
                  sling:resourceType="help/components/article-3/text"
                  text="&lt;p&gt;This section will help you understand the main types of Adobe Campaign users. Here, we will not go into all the specific roles that a user can hold (start deliveries, export, prepare deliveries, etc.). For more information on roles, refer to &#xA;&#x9;&#x9;&#x9;&#x9;&#x9;&#xA;&lt;a href=&#34;/content/help/en/campaign/standard/administration/using/list-of-roles.html&#34; target=&#34;_blank&#34;&gt;List of roles&lt;/a&gt; and &#xA;&#x9;&#x9;&#x9;&#x9;&#x9;&#xA;&lt;a href=&#34;/content/help/en/campaign/standard/administration/using/managing-groups-and-users.html&#34; target=&#34;_blank&#34;&gt;Managing groups and users&lt;/a&gt; pages.&lt;/p&gt;&#xA;"
                  textIsRich="true"/>
         <text_47 jcr:primaryType="nt:unstructured"
                  sling:resourceType="help/components/article-3/text"
                  text="&lt;p&gt;We will rather focus on how the different tasks in Adobe Campaign are split between three main user types:&lt;/p&gt;&#xA;"
                  textIsRich="true"/>
         <procedure_4 jcr:primaryType="nt:unstructured"
                      sling:resourceType="help/components/procedure"
                      isBulleted="true">
            <proc_par jcr:primaryType="nt:unstructured"
                      sling:resourceType="help/components/procedure/proc_parsys">
               <step_18_4 jcr:primaryType="nt:unstructured" sling:resourceType="help/components/step">
                  <step_par jcr:primaryType="nt:unstructured"
                            sling:resourceType="help/components/procedure/step_parsys">
                     <text_48 jcr:primaryType="nt:unstructured"
                              sling:resourceType="help/components/article-3/text"
                              text="&lt;p&gt;&#xA;&#x9;&#x9;&#x9;&#x9;&#x9;&#x9;&#x9;&#x9;&#x9;&#x9;&#x9;&#xA;&#x9;&#x9;&#x9;&#x9;&#x9;&#x9;&#x9;&lt;a href=&#34;/content/help/en/campaign/standard/administration/using/types-of-users.html#functional-administrators&#34;&gt;Functional administrators&lt;/a&gt;: among all your organization's users, they are the most technical.&lt;/p&gt;&#xA;"
                              textIsRich="true"/>
                  </step_par>
               </step_18_4>
               <step_19_4 jcr:primaryType="nt:unstructured" sling:resourceType="help/components/step">
                  <step_par jcr:primaryType="nt:unstructured"
                            sling:resourceType="help/components/procedure/step_parsys">
                     <text_49 jcr:primaryType="nt:unstructured"
                              sling:resourceType="help/components/article-3/text"
                              text="&lt;p&gt;&#xA;&#x9;&#x9;&#x9;&#x9;&#x9;&#x9;&#x9;&#x9;&#x9;&#x9;&#x9;&#xA;&#x9;&#x9;&#x9;&#x9;&#x9;&#x9;&#x9;&lt;a href=&#34;/content/help/en/campaign/standard/administration/using/types-of-users.html#advanced-users&#34;&gt;Advanced users&lt;/a&gt;: they setup all the elements that marketers need to send and monitor their deliveries. &lt;/p&gt;&#xA;"
                              textIsRich="true"/>
                  </step_par>
               </step_19_4>
               <step_20_4 jcr:primaryType="nt:unstructured" sling:resourceType="help/components/step">
                  <step_par jcr:primaryType="nt:unstructured"
                            sling:resourceType="help/components/procedure/step_parsys">
                     <text_50 jcr:primaryType="nt:unstructured"
                              sling:resourceType="help/components/article-3/text"
                              text="&lt;p&gt;&#xA;&#x9;&#x9;&#x9;&#x9;&#x9;&#x9;&#x9;&#x9;&#x9;&#x9;&#x9;&#xA;&#x9;&#x9;&#x9;&#x9;&#x9;&#x9;&#x9;&lt;a href=&#34;/content/help/en/campaign/standard/administration/using/types-of-users.html#basic-users&#34;&gt;Basic users&lt;/a&gt;: they are the marketers who personalize, deliver and monitor their campaigns. &lt;/p&gt;&#xA;"
                              textIsRich="true"/>
                  </step_par>
               </step_20_4>
            </proc_par>
         </procedure_4>
         <note_1 jcr:primaryType="nt:unstructured"
                 sling:resourceType="help/components/article-3/note"
                 text="&lt;p&gt;&#xA;      Functional administrators are different from the Adobe technical administrators. Adobe technical administrators hold an Adobe internal role which no customer can use. They manage the instance provisioning, hosting, infrastructure monitoring and supervision, technical troubleshooting.&#xA;    &lt;/p&gt;&#xA;"
                 textIsRich="true"
                 type="note"/>
         <text_52 jcr:primaryType="nt:unstructured"
                  sling:resourceType="help/components/article-3/text"
                  text="&lt;p&gt;&lt;strong&gt;Related topics:&lt;/strong&gt;&lt;/p&gt;&#xA;"
                  textIsRich="true"/>
         <procedure_5 jcr:primaryType="nt:unstructured"
                      sling:resourceType="help/components/procedure"
                      isBulleted="true">
            <proc_par jcr:primaryType="nt:unstructured"
                      sling:resourceType="help/components/procedure/proc_parsys">
               <step_21_5 jcr:primaryType="nt:unstructured" sling:resourceType="help/components/step">
                  <step_par jcr:primaryType="nt:unstructured"
                            sling:resourceType="help/components/procedure/step_parsys">
                     <text_53 jcr:primaryType="nt:unstructured"
                              sling:resourceType="help/components/article-3/text"
                              text="&lt;p&gt;&#xA;&lt;a href=&#34;https://docs.campaign.adobe.com/doc/standard/en/Videos/user_access.mp4&#34;&gt;Managing user permissions&lt;/a&gt; video&lt;/p&gt;&#xA;"
                              textIsRich="true"/>
                  </step_par>
               </step_21_5>
               <step_22_5 jcr:primaryType="nt:unstructured" sling:resourceType="help/components/step">
                  <step_par jcr:primaryType="nt:unstructured"
                            sling:resourceType="help/components/procedure/step_parsys">
                     <text_54 jcr:primaryType="nt:unstructured"
                              sling:resourceType="help/components/article-3/text"
                              text="&lt;p&gt;&#xA;&#x9;&#x9;&#x9;&#x9;&#x9;&#x9;&#x9;&#x9;&#x9;&#x9;&#x9;&#xA;&#x9;&#x9;&#x9;&#x9;&#x9;&#x9;&#x9;&lt;a href=&#34;/content/help/en/campaign/standard/administration/using/list-of-roles.html&#34;&gt;List of roles&lt;/a&gt;&lt;/p&gt;&#xA;"
                              textIsRich="true"/>
                  </step_par>
               </step_22_5>
               <step_23_5 jcr:primaryType="nt:unstructured" sling:resourceType="help/components/step">
                  <step_par jcr:primaryType="nt:unstructured"
                            sling:resourceType="help/components/procedure/step_parsys">
                     <text_55 jcr:primaryType="nt:unstructured"
                              sling:resourceType="help/components/article-3/text"
                              text="&lt;p&gt;&#xA;&lt;a href=&#34;https://docs.campaign.adobe.com/doc/standard/en/Technotes/AdobeCampaign-ACSRights.pdf&#34;&gt;List of authorizations&lt;/a&gt;&lt;/p&gt;&#xA;"
                              textIsRich="true"/>
                  </step_par>
               </step_23_5>
            </proc_par>
         </procedure_5>
    
         <header_5 jcr:primaryType="nt:unstructured" sling:resourceType="help/components/header"
                   id="functional-administrators"
                   level="2"
                   text="&lt;p&gt;Functional administrators&lt;/p&gt;&#xA;"
                   textIsRich="'true'"/>
         <text_56 jcr:primaryType="nt:unstructured"
                  sling:resourceType="help/components/article-3/text"
                  text="&lt;p&gt;Functional administrators are users who can access the most technical parts of the interface. They hold the &lt;strong&gt;Administration&lt;/strong&gt; role and make sure that the platform is all set up so that marketers only have to focus on delivering their campaigns. &lt;/p&gt;&#xA;"
                  textIsRich="true"/>
         <text_57 jcr:primaryType="nt:unstructured"
                  sling:resourceType="help/components/article-3/text"
                  text="&lt;p&gt;Functional administrators are the only users who can access the &lt;strong&gt;Administration&lt;/strong&gt; menu, in the Adobe Campaign interface.&lt;/p&gt;&#xA;"
                  textIsRich="true"/>
         <text_58 jcr:primaryType="nt:unstructured"
                  sling:resourceType="help/components/article-3/text"
                  text="&lt;p&gt;Here are the main tasks they can perform:&lt;/p&gt;&#xA;"
                  textIsRich="true"/>
         <procedure_6 jcr:primaryType="nt:unstructured"
                      sling:resourceType="help/components/procedure"
                      isBulleted="true">
            <proc_par jcr:primaryType="nt:unstructured"
                      sling:resourceType="help/components/procedure/proc_parsys">
               <step_24_6 jcr:primaryType="nt:unstructured" sling:resourceType="help/components/step">
                  <step_par jcr:primaryType="nt:unstructured"
                            sling:resourceType="help/components/procedure/step_parsys">
                     <text_59 jcr:primaryType="nt:unstructured"
                              sling:resourceType="help/components/article-3/text"
                              text="&lt;p&gt;&#xA;&#x9;&#x9;&#x9;&#x9;&#x9;&#x9;&#x9;&#x9;&#x9;&#x9;&#x9;&#xA;&#x9;&#x9;&#x9;&#x9;&#x9;&#x9;&#x9;&lt;a href=&#34;/content/help/en/campaign/standard/administration/using/about-access-management.html&#34;&gt;Manage users and permissions&lt;/a&gt;: manage the access to the platform (users, roles, security groups, units).&lt;/p&gt;&#xA;"
                              textIsRich="true"/>
                  </step_par>
               </step_24_6>
               <step_25_6 jcr:primaryType="nt:unstructured" sling:resourceType="help/components/step">
                  <step_par jcr:primaryType="nt:unstructured"
                            sling:resourceType="help/components/procedure/step_parsys">
                     <text_60 jcr:primaryType="nt:unstructured"
                              sling:resourceType="help/components/article-3/text"
                              text="&lt;p&gt;&#xA;&#x9;&#x9;&#x9;&#x9;&#x9;&#x9;&#x9;&#x9;&#x9;&#x9;&#x9;&#xA;&#x9;&#x9;&#x9;&#x9;&#x9;&#x9;&#x9;&lt;a href=&#34;/content/help/en/campaign/standard/administration/using/about-channel-configuration.html&#34;&gt;Configure the different channels&lt;/a&gt;: set up the different platform channels as well as typology and quarantine management.&lt;/p&gt;&#xA;"
                              textIsRich="true"/>
                  </step_par>
               </step_25_6>
               <step_26_6 jcr:primaryType="nt:unstructured" sling:resourceType="help/components/step">
                  <step_par jcr:primaryType="nt:unstructured"
                            sling:resourceType="help/components/procedure/step_parsys">
                     <text_61 jcr:primaryType="nt:unstructured"
                              sling:resourceType="help/components/article-3/text"
                              text="&lt;p&gt;&#xA;&#x9;&#x9;&#x9;&#x9;&#x9;&#x9;&#x9;&#x9;&#x9;&#x9;&#x9;&#xA;&#x9;&#x9;&#x9;&#x9;&#x9;&#x9;&#x9;&lt;a href=&#34;/content/help/en/campaign/standard/administration/using/external-accounts.html&#34;&gt;Configure the general application settings&lt;/a&gt;: configure the different application elements (external accounts, options, technical workflows).&lt;/p&gt;&#xA;"
                              textIsRich="true"/>
                  </step_par>
               </step_26_6>
               <step_27_6 jcr:primaryType="nt:unstructured" sling:resourceType="help/components/step">
                  <step_par jcr:primaryType="nt:unstructured"
                            sling:resourceType="help/components/procedure/step_parsys">
                     <text_62 jcr:primaryType="nt:unstructured"
                              sling:resourceType="help/components/article-3/text"
                              text="&lt;p&gt;&#xA;&#x9;&#x9;&#x9;&#x9;&#x9;&#x9;&#x9;&#x9;&#x9;&#x9;&#x9;&#xA;&#x9;&#x9;&#x9;&#x9;&#x9;&#x9;&#x9;&lt;a href=&#34;/content/help/en/campaign/standard/developing/using/data-model-concepts.html&#34;&gt;Develop new features to enhance out-of-the-box functionalities&lt;/a&gt;: manage your custom resources and access diagnostic tools.&lt;/p&gt;&#xA;"
                              textIsRich="true"/>
                  </step_par>
               </step_27_6>
               <step_28_6 jcr:primaryType="nt:unstructured" sling:resourceType="help/components/step">
                  <step_par jcr:primaryType="nt:unstructured"
                            sling:resourceType="help/components/procedure/step_parsys">
                     <text_63 jcr:primaryType="nt:unstructured"
                              sling:resourceType="help/components/article-3/text"
                              text="&lt;p&gt;&#xA;&#x9;&#x9;&#x9;&#x9;&#x9;&#x9;&#x9;&#x9;&#x9;&#x9;&#x9;&#xA;&#x9;&#x9;&#x9;&#x9;&#x9;&#x9;&#x9;&lt;a href=&#34;/content/help/en/campaign/standard/administration/using/branding.html&#34;&gt;Set up the instance parameters&lt;/a&gt;: define your different brands and configure their settings (logo, manage tracking, URL domain to access the landing pages, etc.).&lt;/p&gt;&#xA;"
                              textIsRich="true"/>
                  </step_par>
               </step_28_6>
               <step_29_6 jcr:primaryType="nt:unstructured" sling:resourceType="help/components/step">
                  <step_par jcr:primaryType="nt:unstructured"
                            sling:resourceType="help/components/procedure/step_parsys">
                     <text_64 jcr:primaryType="nt:unstructured"
                              sling:resourceType="help/components/article-3/text"
                              text="&lt;p&gt;&#xA;&#x9;&#x9;&#x9;&#x9;&#x9;&#x9;&#x9;&#x9;&#x9;&#x9;&#x9;&#xA;&#x9;&#x9;&#x9;&#x9;&#x9;&#x9;&#x9;&lt;a href=&#34;/content/help/en/campaign/standard/automating/using/managing-packages.html&#34;&gt;Export and import data packages&lt;/a&gt;: exchange resources between different Adobe Campaign instances through structured XML files.&lt;/p&gt;&#xA;"
                              textIsRich="true"/>
                  </step_par>
               </step_29_6>
               <step_30_6 jcr:primaryType="nt:unstructured" sling:resourceType="help/components/step">
                  <step_par jcr:primaryType="nt:unstructured"
                            sling:resourceType="help/components/procedure/step_parsys">
                     <text_65 jcr:primaryType="nt:unstructured"
                              sling:resourceType="help/components/article-3/text"
                              text="&lt;p&gt;&#xA;&#x9;&#x9;&#x9;&#x9;&#x9;&#x9;&#x9;&#x9;&#x9;&#x9;&#x9;&#xA;&#x9;&#x9;&#x9;&#x9;&#x9;&#x9;&#x9;&lt;a href=&#34;/content/help/en/campaign/standard/automating/using/exporting-logs.html&#34;&gt;Export logs&lt;/a&gt; and &#xA;&#x9;&#x9;&#x9;&#x9;&#x9;&#x9;&#x9;&#x9;&#x9;&#x9;&#x9;&#xA;&#x9;&#x9;&#x9;&#x9;&#x9;&#x9;&#x9;&lt;a href=&#34;/content/help/en/campaign/standard/automating/using/defining-import-templates.html&#34;&gt;define import templates&lt;/a&gt;.&lt;/p&gt;&#xA;"
                              textIsRich="true"/>
                  </step_par>
               </step_30_6>
            </proc_par>
         </procedure_6>
    
    
         <header_6 jcr:primaryType="nt:unstructured" sling:resourceType="help/components/header"
                   id="advanced-users"
                   level="2"
                   text="&lt;p&gt;Advanced users&lt;/p&gt;&#xA;"
                   textIsRich="'true'"/>
         <text_66 jcr:primaryType="nt:unstructured"
                  sling:resourceType="help/components/article-3/text"
                  text="&lt;p&gt;Advanced users are marketing users who perform the most technical use cases in Adobe Campaign. They preconfigure all the elements that marketers use to send and monitor their deliveries. &lt;/p&gt;&#xA;"
                  textIsRich="true"/>
         <text_67 jcr:primaryType="nt:unstructured"
                  sling:resourceType="help/components/article-3/text"
                  text="&lt;p&gt;Here are the main tasks they can perform:&lt;/p&gt;&#xA;"
                  textIsRich="true"/>
         <procedure_7 jcr:primaryType="nt:unstructured"
                      sling:resourceType="help/components/procedure"
                      isBulleted="true">
            <proc_par jcr:primaryType="nt:unstructured"
                      sling:resourceType="help/components/procedure/proc_parsys">
               <step_31_7 jcr:primaryType="nt:unstructured" sling:resourceType="help/components/step">
                  <step_par jcr:primaryType="nt:unstructured"
                            sling:resourceType="help/components/procedure/step_parsys">
                     <text_68 jcr:primaryType="nt:unstructured"
                              sling:resourceType="help/components/article-3/text"
                              text="&lt;p&gt;&#xA;&#x9;&#x9;&#x9;&#x9;&#x9;&#x9;&#x9;&#x9;&#x9;&#x9;&#x9;&#xA;&#x9;&#x9;&#x9;&#x9;&#x9;&#x9;&#x9;&lt;a href=&#34;/content/help/en/campaign/standard/automating/using/about-data-management-activities.html&#34;&gt;Create and execute complex data management workflows&lt;/a&gt;: import, enrich and transform data to feed your database, or export the data you need in external files to process it in your own tools.&lt;/p&gt;&#xA;"
                              textIsRich="true"/>
                  </step_par>
               </step_31_7>
               <step_32_7 jcr:primaryType="nt:unstructured" sling:resourceType="help/components/step">
                  <step_par jcr:primaryType="nt:unstructured"
                            sling:resourceType="help/components/procedure/step_parsys">
                     <text_69 jcr:primaryType="nt:unstructured"
                              sling:resourceType="help/components/article-3/text"
                              text="&lt;p&gt;&#xA;&#x9;&#x9;&#x9;&#x9;&#x9;&#x9;&#x9;&#x9;&#x9;&#x9;&#x9;&#xA;&#x9;&#x9;&#x9;&#x9;&#x9;&#x9;&#x9;&lt;a href=&#34;/content/help/en/campaign/standard/start/using/about-templates.html&#34;&gt;Manage templates&lt;/a&gt;: manage your templates to pre-configure certain parameters of your marketing activities according to your needs.&lt;/p&gt;&#xA;"
                              textIsRich="true"/>
                  </step_par>
               </step_32_7>
               <step_33_7 jcr:primaryType="nt:unstructured" sling:resourceType="help/components/step">
                  <step_par jcr:primaryType="nt:unstructured"
                            sling:resourceType="help/components/procedure/step_parsys">
                     <text_70 jcr:primaryType="nt:unstructured"
                              sling:resourceType="help/components/article-3/text"
                              text="&lt;p&gt;&#xA;&#x9;&#x9;&#x9;&#x9;&#x9;&#x9;&#x9;&#x9;&#x9;&#x9;&#x9;&#xA;&#x9;&#x9;&#x9;&#x9;&#x9;&#x9;&#x9;&lt;a href=&#34;/content/help/en/campaign/standard/automating/using/editing-queries.html#about-query-editor&#34;&gt;Create queries&lt;/a&gt; and &#xA;&#x9;&#x9;&#x9;&#x9;&#x9;&#x9;&#x9;&#x9;&#x9;&#x9;&#x9;&#xA;&#x9;&#x9;&#x9;&#x9;&#x9;&#x9;&#x9;&lt;a href=&#34;/content/help/en/campaign/standard/audiences/using/about-audiences.html&#34;&gt;manage your audiences&lt;/a&gt;: create your audiences manually using queries or automatically using dedicated workflows.&lt;/p&gt;&#xA;"
                              textIsRich="true"/>
                  </step_par>
               </step_33_7>
               <step_34_7 jcr:primaryType="nt:unstructured" sling:resourceType="help/components/step">
                  <step_par jcr:primaryType="nt:unstructured"
                            sling:resourceType="help/components/procedure/step_parsys">
                     <text_71 jcr:primaryType="nt:unstructured"
                              sling:resourceType="help/components/article-3/text"
                              text="&lt;p&gt;&#xA;&#x9;&#x9;&#x9;&#x9;&#x9;&#x9;&#x9;&#x9;&#x9;&#x9;&#x9;&#xA;&#x9;&#x9;&#x9;&#x9;&#x9;&#x9;&#x9;&lt;a href=&#34;/content/help/en/campaign/standard/automating/using/editing-queries.html#about-query-editor&#34;&gt;Perform advanced expression editing&lt;/a&gt;: use advanced functions to manipulate the values used to carry out specific queries such as dates, strings, numerical fields, sorting, etc.&lt;/p&gt;&#xA;"
                              textIsRich="true"/>
                  </step_par>
               </step_34_7>
               <step_35_7 jcr:primaryType="nt:unstructured" sling:resourceType="help/components/step">
                  <step_par jcr:primaryType="nt:unstructured"
                            sling:resourceType="help/components/procedure/step_parsys">
                     <text_72 jcr:primaryType="nt:unstructured"
                              sling:resourceType="help/components/article-3/text"
                              text="&lt;p&gt;&#xA;&#x9;&#x9;&#x9;&#x9;&#x9;&#x9;&#x9;&#x9;&#x9;&#x9;&#x9;&#xA;&#x9;&#x9;&#x9;&#x9;&#x9;&#x9;&#x9;&lt;a href=&#34;/content/help/en/campaign/standard/automating/using/exporting-lists.html&#34;&gt;Export lists&lt;/a&gt; and &#xA;&#x9;&#x9;&#x9;&#x9;&#x9;&#x9;&#x9;&#x9;&#x9;&#x9;&#x9;&#xA;&#x9;&#x9;&#x9;&#x9;&#x9;&#x9;&#x9;&lt;a href=&#34;/content/help/en/campaign/standard/automating/using/importing-data-with-import-templates.html&#34;&gt;import data using existing import templates&lt;/a&gt;.&lt;/p&gt;&#xA;"
                              textIsRich="true"/>
                  </step_par>
               </step_35_7>
            </proc_par>
         </procedure_7>
    
    
         <header_7 jcr:primaryType="nt:unstructured" sling:resourceType="help/components/header"
                   id="basic-users"
                   level="2"
                   text="&lt;p&gt;Basic users&lt;/p&gt;&#xA;"
                   textIsRich="'true'"/>
         <text_73 jcr:primaryType="nt:unstructured"
                  sling:resourceType="help/components/article-3/text"
                  text="&lt;p&gt;Thanks to the functional administrator and advanced users, marketers can personalize, deliver and monitor their campaigns without having to worry about the technical configuration. &lt;/p&gt;&#xA;"
                  textIsRich="true"/>
         <text_74 jcr:primaryType="nt:unstructured"
                  sling:resourceType="help/components/article-3/text"
                  text="&lt;p&gt;Here are the main tasks they can perform:&lt;/p&gt;&#xA;"
                  textIsRich="true"/>
         <procedure_8 jcr:primaryType="nt:unstructured"
                      sling:resourceType="help/components/procedure"
                      isBulleted="true">
            <proc_par jcr:primaryType="nt:unstructured"
                      sling:resourceType="help/components/procedure/proc_parsys">
               <step_36_8 jcr:primaryType="nt:unstructured" sling:resourceType="help/components/step">
                  <step_par jcr:primaryType="nt:unstructured"
                            sling:resourceType="help/components/procedure/step_parsys">
                     <text_75 jcr:primaryType="nt:unstructured"
                              sling:resourceType="help/components/article-3/text"
                              text="&lt;p&gt;&#xA;&#x9;&#x9;&#x9;&#x9;&#x9;&#x9;&#x9;&#x9;&#x9;&#x9;&#x9;&#xA;&#x9;&#x9;&#x9;&#x9;&#x9;&#x9;&#x9;&lt;a href=&#34;/content/help/en/campaign/standard/start/using/programs-and-campaigns.html&#34;&gt;Manage programs and campaigns&lt;/a&gt;: create marketing campaigns including different types of activities (emails, SMS messages, push notifications, workflows, landing pages).&lt;/p&gt;&#xA;"
                              textIsRich="true"/>
                  </step_par>
               </step_36_8>
               <step_37_8 jcr:primaryType="nt:unstructured" sling:resourceType="help/components/step">
                  <step_par jcr:primaryType="nt:unstructured"
                            sling:resourceType="help/components/procedure/step_parsys">
                     <text_76 jcr:primaryType="nt:unstructured"
                              sling:resourceType="help/components/article-3/text"
                              text="&lt;p&gt;Manage &#xA;&#x9;&#x9;&#x9;&#x9;&#x9;&#x9;&#x9;&#x9;&#x9;&#x9;&#x9;&#xA;&#x9;&#x9;&#x9;&#x9;&#x9;&#x9;&#x9;&lt;a href=&#34;/content/help/en/campaign/standard/audiences/using/about-profiles.html&#34;&gt;profiles&lt;/a&gt; and &#xA;&#x9;&#x9;&#x9;&#x9;&#x9;&#x9;&#x9;&#x9;&#x9;&#x9;&#x9;&#xA;&#x9;&#x9;&#x9;&#x9;&#x9;&#x9;&#x9;&lt;a href=&#34;/content/help/en/campaign/standard/sending/using/managing-test-profiles-and-sending-proofs.html&#34;&gt;test profiles&lt;/a&gt;: manage the identified and test recipients that will be targeted by your deliveries. Add information such as first name, last name, contact information, subscriptions, emails, etc.&lt;/p&gt;&#xA;"
                              textIsRich="true"/>
                  </step_par>
               </step_37_8>
               <step_38_8 jcr:primaryType="nt:unstructured" sling:resourceType="help/components/step">
                  <step_par jcr:primaryType="nt:unstructured"
                            sling:resourceType="help/components/procedure/step_parsys">
                     <text_77 jcr:primaryType="nt:unstructured"
                              sling:resourceType="help/components/article-3/text"
                              text="&lt;p&gt;&#xA;&#x9;&#x9;&#x9;&#x9;&#x9;&#x9;&#x9;&#x9;&#x9;&#x9;&#x9;&#xA;&#x9;&#x9;&#x9;&#x9;&#x9;&#x9;&#x9;&lt;a href=&#34;/content/help/en/campaign/standard/sending/using/confirming-the-send.html&#34;&gt;Create and send messages&lt;/a&gt;: create your message, select the audience, define the message content and its personalization elements, send proofs and send the final message to your audience.&lt;/p&gt;&#xA;"
                              textIsRich="true"/>
                  </step_par>
               </step_38_8>
               <step_39_8 jcr:primaryType="nt:unstructured" sling:resourceType="help/components/step">
                  <step_par jcr:primaryType="nt:unstructured"
                            sling:resourceType="help/components/procedure/step_parsys">
                     <text_78 jcr:primaryType="nt:unstructured"
                              sling:resourceType="help/components/article-3/text"
                              text="&lt;p&gt;&#xA;&#x9;&#x9;&#x9;&#x9;&#x9;&#x9;&#x9;&#x9;&#x9;&#x9;&#x9;&#xA;&#x9;&#x9;&#x9;&#x9;&#x9;&#x9;&#x9;&lt;a href=&#34;/content/help/en/campaign/standard/channels/using/about-landing-pages.html&#34;&gt;Create and publish landing pages&lt;/a&gt;: create and manage a set of services that you wish to offer your clients, for example subscription or unsubscription forms.&lt;/p&gt;&#xA;"
                              textIsRich="true"/>
                  </step_par>
               </step_39_8>
               <step_40_8 jcr:primaryType="nt:unstructured" sling:resourceType="help/components/step">
                  <step_par jcr:primaryType="nt:unstructured"
                            sling:resourceType="help/components/procedure/step_parsys">
                     <text_79 jcr:primaryType="nt:unstructured"
                              sling:resourceType="help/components/article-3/text"
                              text="&lt;p&gt;&#xA;&#x9;&#x9;&#x9;&#x9;&#x9;&#x9;&#x9;&#x9;&#x9;&#x9;&#x9;&#xA;&#x9;&#x9;&#x9;&#x9;&#x9;&#x9;&#x9;&lt;a href=&#34;/content/help/en/campaign/standard/automating/using/building-a-workflow.html&#34;&gt;Create and execute campaign workflows&lt;/a&gt;: automate your campaign processes using workflows.&lt;/p&gt;&#xA;"
                              textIsRich="true"/>
                  </step_par>
               </step_40_8>
               <step_41_8 jcr:primaryType="nt:unstructured" sling:resourceType="help/components/step">
                  <step_par jcr:primaryType="nt:unstructured"
                            sling:resourceType="help/components/procedure/step_parsys">
                     <text_80 jcr:primaryType="nt:unstructured"
                              sling:resourceType="help/components/article-3/text"
                              text="&lt;p&gt;Monitor your marketing activities through the &#xA;&#x9;&#x9;&#x9;&#x9;&#x9;&#x9;&#x9;&#x9;&#x9;&#x9;&#x9;&#xA;&#x9;&#x9;&#x9;&#x9;&#x9;&#x9;&#x9;&lt;a href=&#34;/content/help/en/campaign/standard/reporting/using/defining-the-report-period.html&#34;&gt;available reports&lt;/a&gt;.&lt;/p&gt;&#xA;"
                              textIsRich="true"/>
                  </step_par>
               </step_41_8>
            </proc_par>
         </procedure_8>
    
      </main-pars>
      <hero jcr:primaryType="nt:unstructured"
            sling:resourceType="foundation/components/image"/>
      <thumbnail jcr:primaryType="nt:unstructured"
                 sling:resourceType="foundation/components/image"/>
      <publisherLogo jcr:primaryType="nt:unstructured"
                     sling:resourceType="foundation/components/image"/>
   </jcr:content>
</jcr:root>