<?xml version="1.0" encoding="UTF-8"?>
<jcr:root xmlns:nt="http://www.jcp.org/jcr/nt/1.0" xmlns:json="http://json.org/"
          xmlns:sling="http://sling.apache.org/jcr/sling/1.0"
          xmlns:cq="http://www.day.com/jcr/cq/1.0"
          xmlns:jcr="http://www.jcp.org/jcr/1.0"
          xmlns:mix="http://www.jcp.org/jcr/mix/1.0"
          jcr:primaryType="cq:Page">
   <jcr:content navTitle="Use case: users &amp; security" jcr:primaryType="cq:PageContent"
                sling:resourceType="help/components/pages/article-3"
                heroGradient="light"
                jcr:language="en_us"
                cq:designPath="/etc/designs/help"
                cq:template="/apps/help/templates/article-3"
                jcr:mixinTypes="[mix:versionable]"
                jcr:title="Use case: users &amp; security"
                jcr:description="Use case: users &amp; security"
                seoDescription="Discover access and security management through a step-by-step use case."
                primaryProductTag="[products:SG_CAMPAIGN/STANDARD]"
                cq:tags="[products:SG_CAMPAIGN/STANDARD,audience:administration,content_type:reference,topic_tags:users-e-security]"
                primaryAudienceTag="[audience:administration]"
                contentOwner="sauviat"
                isReadyForLocalization="true"
                publishExternalDate="2018-09-04">
      <main-pars jcr:primaryType="nt:unstructured"
                 sling:resourceType="foundation/components/parsys">
 

      
    
      
    
         <note_8 jcr:primaryType="nt:unstructured"
                 sling:resourceType="help/components/article-3/note"
                 text="&lt;p&gt;&#xA;      Only users with administration rights have access to the configuration of users and security groups in the Admin console and in Adobe Campaign.&#xA;      Note that new Campaign Standard instances, as well as existing instances with no geographical units created, cannot have the geographical unit capability implemented starting 18.7 release.&#xA;    &lt;/p&gt;&#xA;"
                 textIsRich="true"
                 type="note"/>
         <text_212 jcr:primaryType="nt:unstructured"
                   sling:resourceType="help/components/article-3/text"
                   text="&lt;p&gt;Specialized in sportswear, Geometrixx wants to open new branches across the world: one for clothes in France called Geometrixx Clothes and another one for sports equipment in New York called Geometrixx Sport. &lt;/p&gt;&#xA;"
                   textIsRich="true"/>
         <text_213 jcr:primaryType="nt:unstructured"
                   sling:resourceType="help/components/article-3/text"
                   text="&lt;p&gt;Each branch will assign a security group composed of a geographical and organizational unit. The French team will be in charge of running the publications whereas the New York team will work on workflows only.&lt;/p&gt;&#xA;"
                   textIsRich="true"/>
         <text_214 jcr:primaryType="nt:unstructured"
                   sling:resourceType="help/components/article-3/text"
                   text="&lt;p&gt;The goal here is to start by creating geographical and organizational units in Adobe Campaign then create a security group with the different roles along with users in the Admin console. &lt;/p&gt;&#xA;"
                   textIsRich="true"/>
         <text_215 jcr:primaryType="nt:unstructured"
                   sling:resourceType="help/components/article-3/text"
                   text="&lt;p&gt;To do this, you must follow these 4 steps:&lt;/p&gt;&#xA;"
                   textIsRich="true"/>
         <procedure_14 jcr:primaryType="nt:unstructured"
                       sling:resourceType="help/components/procedure"
                       isBulleted="true">
            <proc_par jcr:primaryType="nt:unstructured"
                      sling:resourceType="help/components/procedure/proc_parsys">
               <step_103_14 jcr:primaryType="nt:unstructured" sling:resourceType="help/components/step">
                  <step_par jcr:primaryType="nt:unstructured"
                            sling:resourceType="help/components/procedure/step_parsys">
                     <text_216 jcr:primaryType="nt:unstructured"
                               sling:resourceType="help/components/article-3/text"
                               text="&lt;p&gt;Create a geographical unit&lt;/p&gt;&#xA;"
                               textIsRich="true"/>
                  </step_par>
               </step_103_14>
               <step_104_14 jcr:primaryType="nt:unstructured" sling:resourceType="help/components/step">
                  <step_par jcr:primaryType="nt:unstructured"
                            sling:resourceType="help/components/procedure/step_parsys">
                     <text_217 jcr:primaryType="nt:unstructured"
                               sling:resourceType="help/components/article-3/text"
                               text="&lt;p&gt;Create an organizational unit&lt;/p&gt;&#xA;"
                               textIsRich="true"/>
                  </step_par>
               </step_104_14>
               <step_105_14 jcr:primaryType="nt:unstructured" sling:resourceType="help/components/step">
                  <step_par jcr:primaryType="nt:unstructured"
                            sling:resourceType="help/components/procedure/step_parsys">
                     <text_218 jcr:primaryType="nt:unstructured"
                               sling:resourceType="help/components/article-3/text"
                               text="&lt;p&gt;Create a security group and a product profile&lt;/p&gt;&#xA;"
                               textIsRich="true"/>
                  </step_par>
               </step_105_14>
               <step_106_14 jcr:primaryType="nt:unstructured" sling:resourceType="help/components/step">
                  <step_par jcr:primaryType="nt:unstructured"
                            sling:resourceType="help/components/procedure/step_parsys">
                     <text_219 jcr:primaryType="nt:unstructured"
                               sling:resourceType="help/components/article-3/text"
                               text="&lt;p&gt;Create users&lt;/p&gt;&#xA;"
                               textIsRich="true"/>
                  </step_par>
               </step_106_14>
            </proc_par>
         </procedure_14>
      
        <header_19 jcr:primaryType="nt:unstructured" sling:resourceType="help/components/header"
                    id="step-1--create-a-geographical-unit"
                    level="2"
                    text="&lt;p&gt;Step 1: Create a geographical unit&lt;/p&gt;&#xA;"
                    textIsRich="'true'"/>
          <text_220 jcr:primaryType="nt:unstructured"
                   sling:resourceType="help/components/article-3/text"
                   text="&lt;p&gt;In order to define a hierarchical structure to give users a filtered view, Geometrixx will have to assign each brand to its respective country. &lt;/p&gt;&#xA;"
                   textIsRich="true"/>
          <text_221 jcr:primaryType="nt:unstructured"
                   sling:resourceType="help/components/article-3/text"
                   text="&lt;p&gt;The user will then have read and write access to all objects within their units.&lt;/p&gt;&#xA;"
                   textIsRich="true"/>
          <procedure_7_10 jcr:primaryType="nt:unstructured"
                         sling:resourceType="help/components/procedure">
            <proc_par jcr:primaryType="nt:unstructured"
                      sling:resourceType="help/components/procedure/proc_parsys">
               <step_107_0 jcr:primaryType="nt:unstructured" sling:resourceType="help/components/step">
                  <step_par jcr:primaryType="nt:unstructured"
                            sling:resourceType="help/components/procedure/step_parsys">
                     <text_222 jcr:primaryType="nt:unstructured"
                               sling:resourceType="help/components/article-3/text"
                               text="&lt;p&gt;From the advanced menu, via the Adobe Campaign logo, select &lt;strong&gt;Administration &gt; Users &amp; Security &gt; Geographical Units&lt;/strong&gt;.&lt;/p&gt;&#xA;"
                               textIsRich="true"/>
                  </step_par>
               </step_107_0>
               <step_108_0 jcr:primaryType="nt:unstructured" sling:resourceType="help/components/step">
                  <step_par jcr:primaryType="nt:unstructured"
                            sling:resourceType="help/components/procedure/step_parsys">
                     <text_223 jcr:primaryType="nt:unstructured"
                               sling:resourceType="help/components/article-3/text"
                               text="&lt;p&gt;Click &lt;strong&gt;Create&lt;/strong&gt; to add a new geographical unit.&lt;/p&gt;&#xA;"
                               textIsRich="true"/>
                  </step_par>
               </step_108_0>
               <step_109_0 jcr:primaryType="nt:unstructured" sling:resourceType="help/components/step">
                  <step_par jcr:primaryType="nt:unstructured"
                            sling:resourceType="help/components/procedure/step_parsys">
                     <text_224 jcr:primaryType="nt:unstructured"
                               sling:resourceType="help/components/article-3/text"
                               text="&lt;p&gt;Change the default Label and ID to the targeted country.&lt;/p&gt;&#xA;"
                               textIsRich="true"/>
                  </step_par>
               </step_109_0>
               <step_110_0 jcr:primaryType="nt:unstructured" sling:resourceType="help/components/step">
                  <step_par jcr:primaryType="nt:unstructured"
                            sling:resourceType="help/components/procedure/step_parsys">
                     <text_225 jcr:primaryType="nt:unstructured"
                               sling:resourceType="help/components/article-3/text"
                               text="&lt;p&gt;Select a &lt;strong&gt;Parent element&lt;/strong&gt;. For example, France will be linked to Europe.&lt;/p&gt;&#xA;"
                               textIsRich="true"/>
                     <image_37 jcr:primaryType="nt:unstructured"
                               sling:resourceType="help/components/article-3/image"
                               jcr:title=""
                               alt=""
                               captionBottom=""
                               fileName="geo_unit_1.png"
                               originalFileName="images/en/geo_unit_1.png"
                               fileReference="/content/dam/help/en/campaign/standard/geo_unit_1.png"
                               imageRotate="0"
                               originalHeight=""
                               originalWidth=""
                               scaleOption="toTemplate"
                               status="legacy"/>
                  </step_par>
               </step_110_0>
               <step_111_0 jcr:primaryType="nt:unstructured" sling:resourceType="help/components/step">
                  <step_par jcr:primaryType="nt:unstructured"
                            sling:resourceType="help/components/procedure/step_parsys">
                     <text_226 jcr:primaryType="nt:unstructured"
                               sling:resourceType="help/components/article-3/text"
                               text="&lt;p&gt;Click &lt;strong&gt;Create&lt;/strong&gt;.&lt;/p&gt;&#xA;"
                               textIsRich="true"/>
                  </step_par>
               </step_111_0>
            </proc_par>
         </procedure_7_10>
         <text_227 jcr:primaryType="nt:unstructured"
                   sling:resourceType="help/components/article-3/text"
                   text="&lt;p&gt;The geographical unit is created and can now be selected in the &lt;strong&gt;Access management&lt;/strong&gt; properties of all entities.&lt;/p&gt;&#xA;"
                   textIsRich="true"/>
        
      
        
          <header_20 jcr:primaryType="nt:unstructured" sling:resourceType="help/components/header"
                    id="step-2--create-an-organizational-unit"
                    level="2"
                    text="&lt;p&gt;Step 2: Create an organizational unit&lt;/p&gt;&#xA;"
                    textIsRich="'true'"/>
         <text_228 jcr:primaryType="nt:unstructured"
                   sling:resourceType="help/components/article-3/text"
                   text="&lt;p&gt;Organization units can represent different brands or departments within your organization.&lt;/p&gt;&#xA;"
                   textIsRich="true"/>
         <text_229 jcr:primaryType="nt:unstructured"
                   sling:resourceType="help/components/article-3/text"
                   text="&lt;p&gt;In this example, we use organization units to create two brands.&lt;/p&gt;&#xA;"
                   textIsRich="true"/>
         <procedure_8_10 jcr:primaryType="nt:unstructured"
                         sling:resourceType="help/components/procedure">
            <proc_par jcr:primaryType="nt:unstructured"
                      sling:resourceType="help/components/procedure/proc_parsys">
               <step_112_0 jcr:primaryType="nt:unstructured" sling:resourceType="help/components/step">
                  <step_par jcr:primaryType="nt:unstructured"
                            sling:resourceType="help/components/procedure/step_parsys">
                     <text_230 jcr:primaryType="nt:unstructured"
                               sling:resourceType="help/components/article-3/text"
                               text="&lt;p&gt;From the advanced menu, via the Adobe Campaign logo, select &lt;strong&gt;Administration &gt; Users &amp; Security &gt; Organizational Units&lt;/strong&gt;.&lt;/p&gt;&#xA;"
                               textIsRich="true"/>
                  </step_par>
               </step_112_0>
               <step_113_0 jcr:primaryType="nt:unstructured" sling:resourceType="help/components/step">
                  <step_par jcr:primaryType="nt:unstructured"
                            sling:resourceType="help/components/procedure/step_parsys">
                     <text_231 jcr:primaryType="nt:unstructured"
                               sling:resourceType="help/components/article-3/text"
                               text="&lt;p&gt;Click &lt;strong&gt;Create&lt;/strong&gt; to add a new organizational unit.&lt;/p&gt;&#xA;"
                               textIsRich="true"/>
                  </step_par>
               </step_113_0>
               <step_114_0 jcr:primaryType="nt:unstructured" sling:resourceType="help/components/step">
                  <step_par jcr:primaryType="nt:unstructured"
                            sling:resourceType="help/components/procedure/step_parsys">
                     <text_232 jcr:primaryType="nt:unstructured"
                               sling:resourceType="help/components/article-3/text"
                               text="&lt;p&gt;Change the default Label and ID.&lt;/p&gt;&#xA;"
                               textIsRich="true"/>
                  </step_par>
               </step_114_0>
               <step_115_0 jcr:primaryType="nt:unstructured" sling:resourceType="help/components/step">
                  <step_par jcr:primaryType="nt:unstructured"
                            sling:resourceType="help/components/procedure/step_parsys">
                     <text_233 jcr:primaryType="nt:unstructured"
                               sling:resourceType="help/components/article-3/text"
                               text="&lt;p&gt;Select a &lt;strong&gt;Parent element&lt;/strong&gt;.&lt;/p&gt;&#xA;"
                               textIsRich="true"/>
                     <image_38 jcr:primaryType="nt:unstructured"
                               sling:resourceType="help/components/article-3/image"
                               jcr:title=""
                               alt=""
                               captionBottom=""
                               fileName="org_unit_2.png"
                               originalFileName="images/en/org_unit_2.png"
                               fileReference="/content/dam/help/en/campaign/standard/org_unit_2.png"
                               imageRotate="0"
                               originalHeight=""
                               originalWidth=""
                               scaleOption="toTemplate"
                               status="legacy"/>
                  </step_par>
               </step_115_0>
               <step_116_0 jcr:primaryType="nt:unstructured" sling:resourceType="help/components/step">
                  <step_par jcr:primaryType="nt:unstructured"
                            sling:resourceType="help/components/procedure/step_parsys">
                     <text_234 jcr:primaryType="nt:unstructured"
                               sling:resourceType="help/components/article-3/text"
                               text="&lt;p&gt;Click &lt;strong&gt;Create&lt;/strong&gt;.&lt;/p&gt;&#xA;"
                               textIsRich="true"/>
                  </step_par>
               </step_116_0>
            </proc_par>
         </procedure_8_10>
         <text_235 jcr:primaryType="nt:unstructured"
                   sling:resourceType="help/components/article-3/text"
                   text="&lt;p&gt;The organizational units are created and can now be selected in the &lt;strong&gt;Access management&lt;/strong&gt; properties of all entities.&lt;/p&gt;&#xA;"
                   textIsRich="true"/>
        
    
         <header_21 jcr:primaryType="nt:unstructured" sling:resourceType="help/components/header"
                    id="step-3--create-and-manage-a-security-group-"
                    level="2"
                    text="&lt;p&gt;Step 3: Create and manage a security group &lt;/p&gt;&#xA;"
                    textIsRich="'true'"/>
         <text_236 jcr:primaryType="nt:unstructured"
                   sling:resourceType="help/components/article-3/text"
                   text="&lt;p&gt;The security group must first be created in the Admin console then in Adobe Campaign using the exact same configuration name in order for them to be correctly synchronized. &lt;/p&gt;&#xA;"
                   textIsRich="true"/>
         <procedure_9_10 jcr:primaryType="nt:unstructured"
                         sling:resourceType="help/components/procedure">
            <proc_par jcr:primaryType="nt:unstructured"
                      sling:resourceType="help/components/procedure/proc_parsys">
               <step_117_0 jcr:primaryType="nt:unstructured" sling:resourceType="help/components/step">
                  <step_par jcr:primaryType="nt:unstructured"
                            sling:resourceType="help/components/procedure/step_parsys">
                     <text_237 jcr:primaryType="nt:unstructured"
                               sling:resourceType="help/components/article-3/text"
                               text="&lt;p&gt;From the Admin console dashboard, select your tenant then the &lt;strong&gt;Products&lt;/strong&gt; tab.&lt;/p&gt;&#xA;"
                               textIsRich="true"/>
                  </step_par>
               </step_117_0>
               <step_118_0 jcr:primaryType="nt:unstructured" sling:resourceType="help/components/step">
                  <step_par jcr:primaryType="nt:unstructured"
                            sling:resourceType="help/components/procedure/step_parsys">
                     <text_238 jcr:primaryType="nt:unstructured"
                               sling:resourceType="help/components/article-3/text"
                               text="&lt;p&gt;Click the &lt;strong&gt;New Profile&lt;/strong&gt; button to create a security group.&lt;/p&gt;&#xA;"
                               textIsRich="true"/>
                     <image_39 jcr:primaryType="nt:unstructured"
                               sling:resourceType="help/components/article-3/image"
                               jcr:title=""
                               alt=""
                               captionBottom=""
                               fileName="create_security_1.png"
                               originalFileName="images/en/create_security_1.png"
                               fileReference="/content/dam/help/en/campaign/standard/create_security_1.png"
                               imageRotate="0"
                               originalHeight=""
                               originalWidth=""
                               scaleOption="toTemplate"
                               status="legacy"/>
                  </step_par>
               </step_118_0>
               <step_119_0 jcr:primaryType="nt:unstructured" sling:resourceType="help/components/step">
                  <step_par jcr:primaryType="nt:unstructured"
                            sling:resourceType="help/components/procedure/step_parsys">
                     <text_239 jcr:primaryType="nt:unstructured"
                               sling:resourceType="help/components/article-3/text"
                               text="&lt;p&gt;Type the Profile name by following this exact syntax: &lt;strong&gt;Campaign Standard- tenantname - ID chosen in Adobe Campaign&lt;/strong&gt;.&lt;/p&gt;&#xA;"
                               textIsRich="true"/>
                     <text_240 jcr:primaryType="nt:unstructured"
                               sling:resourceType="help/components/article-3/text"
                               text="&lt;p&gt;Add a description to your Product profile if needed.&lt;/p&gt;&#xA;"
                               textIsRich="true"/>
                     <image_40 jcr:primaryType="nt:unstructured"
                               sling:resourceType="help/components/article-3/image"
                               jcr:title=""
                               alt=""
                               captionBottom=""
                               fileName="create_security_2.png"
                               originalFileName="images/en/create_security_2.png"
                               fileReference="/content/dam/help/en/campaign/standard/create_security_2.png"
                               imageRotate="0"
                               originalHeight=""
                               originalWidth=""
                               scaleOption="toTemplate"
                               status="legacy"/>
                  </step_par>
               </step_119_0>
               <step_120_0 jcr:primaryType="nt:unstructured" sling:resourceType="help/components/step">
                  <step_par jcr:primaryType="nt:unstructured"
                            sling:resourceType="help/components/procedure/step_parsys">
                     <text_241 jcr:primaryType="nt:unstructured"
                               sling:resourceType="help/components/article-3/text"
                               text="&lt;p&gt;Click &lt;strong&gt;Save&lt;/strong&gt;.&lt;/p&gt;&#xA;"
                               textIsRich="true"/>
                  </step_par>
               </step_120_0>
               <step_121_0 jcr:primaryType="nt:unstructured" sling:resourceType="help/components/step">
                  <step_par jcr:primaryType="nt:unstructured"
                            sling:resourceType="help/components/procedure/step_parsys">
                     <text_242 jcr:primaryType="nt:unstructured"
                               sling:resourceType="help/components/article-3/text"
                               text="&lt;p&gt;From the advanced menu, via the Adobe Campaign logo, select &lt;strong&gt;Administration &gt; Users &amp; Security &gt; Security Groups&lt;/strong&gt;.&lt;/p&gt;&#xA;"
                               textIsRich="true"/>
                  </step_par>
               </step_121_0>
               <step_122_0 jcr:primaryType="nt:unstructured" sling:resourceType="help/components/step">
                  <step_par jcr:primaryType="nt:unstructured"
                            sling:resourceType="help/components/procedure/step_parsys">
                     <text_243 jcr:primaryType="nt:unstructured"
                               sling:resourceType="help/components/article-3/text"
                               text="&lt;p&gt;Click &lt;strong&gt;Create&lt;/strong&gt; to add your security group.&lt;/p&gt;&#xA;"
                               textIsRich="true"/>
                     <image_41 jcr:primaryType="nt:unstructured"
                               sling:resourceType="help/components/article-3/image"
                               jcr:title=""
                               alt=""
                               captionBottom=""
                               fileName="create_security_4.png"
                               originalFileName="images/en/create_security_4.png"
                               fileReference="/content/dam/help/en/campaign/standard/create_security_4.png"
                               imageRotate="0"
                               originalHeight=""
                               originalWidth=""
                               scaleOption="toTemplate"
                               status="legacy"/>
                  </step_par>
               </step_122_0>
               <step_123_0 jcr:primaryType="nt:unstructured" sling:resourceType="help/components/step">
                  <step_par jcr:primaryType="nt:unstructured"
                            sling:resourceType="help/components/procedure/step_parsys">
                     <text_244 jcr:primaryType="nt:unstructured"
                               sling:resourceType="help/components/article-3/text"
                               text="&lt;p&gt;Change the &lt;strong&gt;Label&lt;/strong&gt; and &lt;strong&gt;ID&lt;/strong&gt;. The chosen ID has to be the same as the one used for the product profile created in the Admin console.&lt;/p&gt;&#xA;"
                               textIsRich="true"/>
                  </step_par>
               </step_123_0>
               <step_124_0 jcr:primaryType="nt:unstructured" sling:resourceType="help/components/step">
                  <step_par jcr:primaryType="nt:unstructured"
                            sling:resourceType="help/components/procedure/step_parsys">
                     <text_245 jcr:primaryType="nt:unstructured"
                               sling:resourceType="help/components/article-3/text"
                               text="&lt;p&gt;Select the previously created organizational and geographical units.&lt;/p&gt;&#xA;"
                               textIsRich="true"/>
                  </step_par>
               </step_124_0>
               <step_125_0 jcr:primaryType="nt:unstructured" sling:resourceType="help/components/step">
                  <step_par jcr:primaryType="nt:unstructured"
                            sling:resourceType="help/components/procedure/step_parsys">
                     <text_246 jcr:primaryType="nt:unstructured"
                               sling:resourceType="help/components/article-3/text"
                               text="&lt;p&gt;In the&lt;strong&gt; Roles&lt;/strong&gt; tab, add as many roles as your team needs using the &lt;strong&gt;Add element&lt;/strong&gt; button. &lt;/p&gt;&#xA;"
                               textIsRich="true"/>
                     <text_247 jcr:primaryType="nt:unstructured"
                               sling:resourceType="help/components/article-3/text"
                               text="&lt;p&gt;For example, the French Geometrixx team will be assigned the Datamodel role so that they can run publications and the American team will be assigned the Workflow role to access the workflows.&lt;/p&gt;&#xA;"
                               textIsRich="true"/>
                     <image_42 jcr:primaryType="nt:unstructured"
                               sling:resourceType="help/components/article-3/image"
                               jcr:title=""
                               alt=""
                               captionBottom=""
                               fileName="create_security_5.png"
                               originalFileName="images/en/create_security_5.png"
                               fileReference="/content/dam/help/en/campaign/standard/create_security_5.png"
                               imageRotate="0"
                               originalHeight=""
                               originalWidth=""
                               scaleOption="toTemplate"
                               status="legacy"/>
                  </step_par>
               </step_125_0>
               <step_126_0 jcr:primaryType="nt:unstructured" sling:resourceType="help/components/step">
                  <step_par jcr:primaryType="nt:unstructured"
                            sling:resourceType="help/components/procedure/step_parsys">
                     <text_248 jcr:primaryType="nt:unstructured"
                               sling:resourceType="help/components/article-3/text"
                               text="&lt;p&gt;Click save to create your security group.&lt;/p&gt;&#xA;"
                               textIsRich="true"/>
                  </step_par>
               </step_126_0>
            </proc_par>
         </procedure_9_10>
         <text_249 jcr:primaryType="nt:unstructured"
                   sling:resourceType="help/components/article-3/text"
                   text="&lt;p&gt;Your group is now created in Adobe Campaign and in the Admin console. You can now add users to it.&lt;/p&gt;&#xA;"
                   textIsRich="true"/>
    
        
          <header_22 jcr:primaryType="nt:unstructured" sling:resourceType="help/components/header"
                    id="step-4--create-users"
                    level="2"
                    text="&lt;p&gt;Step 4: Create users&lt;/p&gt;&#xA;"
                    textIsRich="'true'"/>
          <text_250 jcr:primaryType="nt:unstructured"
                   sling:resourceType="help/components/article-3/text"
                   text="&lt;p&gt;Users can only be managed from the Admin console. They are in read-only mode in Adobe Campaign.&lt;/p&gt;&#xA;"
                   textIsRich="true"/>
         <text_251 jcr:primaryType="nt:unstructured"
                   sling:resourceType="help/components/article-3/text"
                   text="&lt;p&gt;You can add users to your different groups and invite them to use a specific Experience Cloud product.&lt;/p&gt;&#xA;"
                   textIsRich="true"/>
          <procedure_10_10 jcr:primaryType="nt:unstructured"
                          sling:resourceType="help/components/procedure">
            <proc_par jcr:primaryType="nt:unstructured"
                      sling:resourceType="help/components/procedure/proc_parsys">
               <step_127_0 jcr:primaryType="nt:unstructured" sling:resourceType="help/components/step">
                  <step_par jcr:primaryType="nt:unstructured"
                            sling:resourceType="help/components/procedure/step_parsys">
                     <text_252 jcr:primaryType="nt:unstructured"
                               sling:resourceType="help/components/article-3/text"
                               text="&lt;p&gt;From the &lt;strong&gt;Products&lt;/strong&gt; tab of your tenant, click the &lt;strong&gt;Add user&lt;/strong&gt; button.&lt;/p&gt;&#xA;"
                               textIsRich="true"/>
                     <image_43 jcr:primaryType="nt:unstructured"
                               sling:resourceType="help/components/article-3/image"
                               jcr:title=""
                               alt=""
                               captionBottom=""
                               fileName="create_user_1.png"
                               originalFileName="images/en/create_user_1.png"
                               fileReference="/content/dam/help/en/campaign/standard/create_user_1.png"
                               imageRotate="0"
                               originalHeight=""
                               originalWidth=""
                               scaleOption="toTemplate"
                               status="legacy"/>
                  </step_par>
               </step_127_0>
               <step_128_0 jcr:primaryType="nt:unstructured" sling:resourceType="help/components/step">
                  <step_par jcr:primaryType="nt:unstructured"
                            sling:resourceType="help/components/procedure/step_parsys">
                     <text_253 jcr:primaryType="nt:unstructured"
                               sling:resourceType="help/components/article-3/text"
                               text="&lt;p&gt;Type in the email address or name of the user you want to add.&lt;/p&gt;&#xA;"
                               textIsRich="true"/>
                  </step_par>
               </step_128_0>
               <step_129_0 jcr:primaryType="nt:unstructured" sling:resourceType="help/components/step">
                  <step_par jcr:primaryType="nt:unstructured"
                            sling:resourceType="help/components/procedure/step_parsys">
                     <text_254 jcr:primaryType="nt:unstructured"
                               sling:resourceType="help/components/article-3/text"
                               text="&lt;p&gt;Select the previously created product profile in the drop-down menu to assign a security group to your user.&lt;/p&gt;&#xA;"
                               textIsRich="true"/>
                     <image_44 jcr:primaryType="nt:unstructured"
                               sling:resourceType="help/components/article-3/image"
                               jcr:title=""
                               alt=""
                               captionBottom=""
                               fileName="create_user_3.png"
                               originalFileName="images/en/create_user_3.png"
                               fileReference="/content/dam/help/en/campaign/standard/create_user_3.png"
                               imageRotate="0"
                               originalHeight=""
                               originalWidth=""
                               scaleOption="toTemplate"
                               status="legacy"/>
                  </step_par>
               </step_129_0>
               <step_130_0 jcr:primaryType="nt:unstructured" sling:resourceType="help/components/step">
                  <step_par jcr:primaryType="nt:unstructured"
                            sling:resourceType="help/components/procedure/step_parsys">
                     <text_255 jcr:primaryType="nt:unstructured"
                               sling:resourceType="help/components/article-3/text"
                               text="&lt;p&gt;Click &lt;strong&gt;Save&lt;/strong&gt; to create your new user. &lt;/p&gt;&#xA;"
                               textIsRich="true"/>
                     <image_45 jcr:primaryType="nt:unstructured"
                               sling:resourceType="help/components/article-3/image"
                               jcr:title=""
                               alt=""
                               captionBottom=""
                               fileName="create_user_2.png"
                               originalFileName="images/en/create_user_2.png"
                               fileReference="/content/dam/help/en/campaign/standard/create_user_2.png"
                               imageRotate="0"
                               originalHeight=""
                               originalWidth=""
                               scaleOption="toTemplate"
                               status="legacy"/>
                  </step_par>
               </step_130_0>
            </proc_par>
         </procedure_10_10>
          <text_256 jcr:primaryType="nt:unstructured"
                   sling:resourceType="help/components/article-3/text"
                   text="&lt;p&gt;Once created, the user will automatically be synchronized with Adobe Campaign and assigned to the security group that you created.&lt;/p&gt;&#xA;"
                   textIsRich="true"/>
         <text_257 jcr:primaryType="nt:unstructured"
                   sling:resourceType="help/components/article-3/text"
                   text="&lt;p&gt;The two branches will not have the same access to Adobe Campaign. For example, the French team will have access to the Administration menu but only the Development option in order to access the publications.&lt;/p&gt;&#xA;"
                   textIsRich="true"/>
          <image_46 jcr:primaryType="nt:unstructured"
                   sling:resourceType="help/components/article-3/image"
                   jcr:title=""
                   alt=""
                   captionBottom=""
                   fileName="create_user_4.png"
                   originalFileName="images/en/create_user_4.png"
                   fileReference="/content/dam/help/en/campaign/standard/create_user_4.png"
                   imageRotate="0"
                   originalHeight=""
                   originalWidth=""
                   scaleOption="toTemplate"
                   status="legacy"/>
         <text_258 jcr:primaryType="nt:unstructured"
                   sling:resourceType="help/components/article-3/text"
                   text="&lt;p&gt;Whereas the New York team will not have access to the Administration  menu since they only need to create workflows. &lt;/p&gt;&#xA;"
                   textIsRich="true"/>
          <image_47 jcr:primaryType="nt:unstructured"
                   sling:resourceType="help/components/article-3/image"
                   jcr:title=""
                   alt=""
                   captionBottom=""
                   fileName="create_user_6.png"
                   originalFileName="images/en/create_user_6.png"
                   fileReference="/content/dam/help/en/campaign/standard/create_user_6.png"
                   imageRotate="0"
                   originalHeight=""
                   originalWidth=""
                   scaleOption="toTemplate"
                   status="legacy"/>
        
      
      </main-pars>
      <hero jcr:primaryType="nt:unstructured"
            sling:resourceType="foundation/components/image"/>
      <thumbnail jcr:primaryType="nt:unstructured"
                 sling:resourceType="foundation/components/image"/>
      <publisherLogo jcr:primaryType="nt:unstructured"
                     sling:resourceType="foundation/components/image"/>
   </jcr:content>
</jcr:root>