<?xml version="1.0" encoding="UTF-8"?>
<jcr:root xmlns:nt="http://www.jcp.org/jcr/nt/1.0" xmlns:json="http://json.org/"
          xmlns:sling="http://sling.apache.org/jcr/sling/1.0"
          xmlns:cq="http://www.day.com/jcr/cq/1.0"
          xmlns:jcr="http://www.jcp.org/jcr/1.0"
          xmlns:mix="http://www.jcp.org/jcr/mix/1.0"
          jcr:primaryType="cq:Page">
   <jcr:content cq:designPath="/etc/designs/help"
                cq:template="/apps/help/templates/contenttype"
                jcr:language="en_us"
                jcr:primaryType="cq:PageContent"
                jcr:title="using"
                sling:resourceType="help/components/contenttype"
                contentOwner="sauviat"
                preview="false"
                isReadyForLocalization="true"/>
   <campaign-orchestration/>
   <managing-profiles-/>
   <data-acquisition/>
   <personalization/>
   <monitoring-and-tracking/>
   <integrating-with-adobe-solutions/>
   <about-the-interface/>
   <interface-description/>
   <compatible-browsers/>
   <customizing-lists/>
   <programs-and-campaigns/>
   <marketing-activities/>
   <timeline/>
   <about-templates/>
   <creating-a-new-template/>
   <creating-a-multilingual-template/>
   <using-a-template/>
   <step-by-step-guides/>
   <how-to-videos/>
</jcr:root>