<?xml version="1.0" encoding="UTF-8"?>
<jcr:root xmlns:nt="http://www.jcp.org/jcr/nt/1.0" xmlns:json="http://json.org/"
          xmlns:sling="http://sling.apache.org/jcr/sling/1.0"
          xmlns:cq="http://www.day.com/jcr/cq/1.0"
          xmlns:jcr="http://www.jcp.org/jcr/1.0"
          xmlns:mix="http://www.jcp.org/jcr/mix/1.0"
          jcr:primaryType="cq:Page">
   <jcr:content navTitle="Campaign orchestration" jcr:primaryType="cq:PageContent"
                sling:resourceType="help/components/pages/article-3"
                heroGradient="light"
                jcr:language="en_us"
                cq:designPath="/etc/designs/help"
                cq:template="/apps/help/templates/article-3"
                jcr:mixinTypes="[mix:versionable]"
                jcr:title="Campaign orchestration"
                jcr:description="Campaign orchestration"
                seoDescription="With Adobe Campaign, you can control the entire process of creating, executing and tracking cross channel campaigns, and send personalized messages."
                primaryProductTag="[products:SG_CAMPAIGN/STANDARD]"
                cq:tags="[products:SG_CAMPAIGN/STANDARD,audience:start,content_type:reference,topic_tags:about-adobe-campaign]"
                primaryAudienceTag="[audience:start]"
                contentOwner="sauviat"
                isReadyForLocalization="true"
                publishExternalDate="2018-09-04">
      <main-pars jcr:primaryType="nt:unstructured"
                 sling:resourceType="foundation/components/parsys">
        
        
        <text_8 jcr:primaryType="nt:unstructured"
                 sling:resourceType="help/components/article-3/text"
                 text="&lt;p&gt;Adobe Campaign offers a platform for managing campaigns which allows you to control the entire process of creating, executing, and tracking cross channel campaigns, as well as send messages that are personalized according to the profile, behavior, preferences, and needs of the clients. You can easily orchestrate, modelize and automate the entire marketing process, and integrate with other Adobe solutions. Adobe Campaign key capabilities are:&lt;/p&gt;&#xA;"
                 textIsRich="true"/>
        <procedure_0 jcr:primaryType="nt:unstructured"
                      sling:resourceType="help/components/procedure"
                      isBulleted="true">
            <proc_par jcr:primaryType="nt:unstructured"
                      sling:resourceType="help/components/procedure/proc_parsys">
               <step_0_0 jcr:primaryType="nt:unstructured" sling:resourceType="help/components/step">
                  <step_par jcr:primaryType="nt:unstructured"
                            sling:resourceType="help/components/procedure/step_parsys">
                     <text_9 jcr:primaryType="nt:unstructured"
                             sling:resourceType="help/components/article-3/text"
                             text="&lt;p&gt;Marketing database creation and growth: profile management, import/export mechanisms, query editor. &lt;/p&gt;&#xA;"
                             textIsRich="true"/>
                  </step_par>
               </step_0_0>
               <step_1_0 jcr:primaryType="nt:unstructured" sling:resourceType="help/components/step">
                  <step_par jcr:primaryType="nt:unstructured"
                            sling:resourceType="help/components/procedure/step_parsys">
                     <text_10 jcr:primaryType="nt:unstructured"
                              sling:resourceType="help/components/article-3/text"
                              text="&lt;p&gt;Data segmentation and targeting functionalities to send the right message to the right audience.&lt;/p&gt;&#xA;"
                              textIsRich="true"/>
                  </step_par>
               </step_1_0>
               <step_2_0 jcr:primaryType="nt:unstructured" sling:resourceType="help/components/step">
                  <step_par jcr:primaryType="nt:unstructured"
                            sling:resourceType="help/components/procedure/step_parsys">
                     <text_11 jcr:primaryType="nt:unstructured"
                              sling:resourceType="help/components/article-3/text"
                              text="&lt;p&gt;Cross-channel campaign orchestration, management and execution through marketing plan and various marketing activities: landing pages, workflows, online and offline messages, transactional messages, etc.&lt;/p&gt;&#xA;"
                              textIsRich="true"/>
                  </step_par>
               </step_2_0>
               <step_3_0 jcr:primaryType="nt:unstructured" sling:resourceType="help/components/step">
                  <step_par jcr:primaryType="nt:unstructured"
                            sling:resourceType="help/components/procedure/step_parsys">
                     <text_12 jcr:primaryType="nt:unstructured"
                              sling:resourceType="help/components/article-3/text"
                              text="&lt;p&gt;Messages design and delivery on different communication channels, including email delivery optimization for multiple devices through testing and responsive design strategies. &lt;/p&gt;&#xA;"
                              textIsRich="true"/>
                  </step_par>
               </step_3_0>
               <step_4_0 jcr:primaryType="nt:unstructured" sling:resourceType="help/components/step">
                  <step_par jcr:primaryType="nt:unstructured"
                            sling:resourceType="help/components/procedure/step_parsys">
                     <text_13 jcr:primaryType="nt:unstructured"
                              sling:resourceType="help/components/article-3/text"
                              text="&lt;p&gt;Operational reports generation to track the impact of your campaigns and pilot your solution, and dynamic reporting capabilities to create your own reports.&lt;/p&gt;&#xA;"
                              textIsRich="true"/>
                  </step_par>
               </step_4_0>
            </proc_par>
         </procedure_0>
        <image_0 jcr:primaryType="nt:unstructured"
                  sling:resourceType="help/components/article-3/image"
                  jcr:title=""
                  alt=""
                  captionBottom=""
                  fileName="ac_capabilities.png"
                  originalFileName="images/en/ac_capabilities.png"
                  fileReference="/content/dam/help/en/campaign/standard/ac_capabilities.png"
                  imageRotate="0"
                  originalHeight=""
                  originalWidth=""
                  scaleOption="toTemplate"
                  status="legacy"/>
        <text_14 jcr:primaryType="nt:unstructured"
                  sling:resourceType="help/components/article-3/text"
                  text="&lt;p&gt;Key steps to create and orchestrate a marketing campaign with Adobe Campaign are:&lt;/p&gt;&#xA;"
                  textIsRich="true"/>
        <procedure_1 jcr:primaryType="nt:unstructured"
                      sling:resourceType="help/components/procedure"
                      isBulleted="true">
            <proc_par jcr:primaryType="nt:unstructured"
                      sling:resourceType="help/components/procedure/proc_parsys">
               <step_5_1 jcr:primaryType="nt:unstructured" sling:resourceType="help/components/step">
                  <step_par jcr:primaryType="nt:unstructured"
                            sling:resourceType="help/components/procedure/step_parsys">
                     <text_15 jcr:primaryType="nt:unstructured"
                              sling:resourceType="help/components/article-3/text"
                              text="&lt;p&gt;&lt;strong&gt;Preparing&lt;/strong&gt; - This initial phase allows the user to formalize the need, intention, and objective of the campaign: creating the marketing plan, identifying the target, defining the content and creation mode, expected results, and people involved.&lt;/p&gt;&#xA;"
                              textIsRich="true"/>
                  </step_par>
               </step_5_1>
               <step_6_1 jcr:primaryType="nt:unstructured" sling:resourceType="help/components/step">
                  <step_par jcr:primaryType="nt:unstructured"
                            sling:resourceType="help/components/procedure/step_parsys">
                     <text_16 jcr:primaryType="nt:unstructured"
                              sling:resourceType="help/components/article-3/text"
                              text="&lt;p&gt;&lt;strong&gt;Targeting&lt;/strong&gt; - The targeting phase allows the user to define the data collection mode, their structure, their segmentation, audiences, seeds and tests, filtering conditions to design, etc. During this phase, you can also set up subscription/unsubscription methods. See &#xA;&#x9;&#x9;&#x9;&#x9;&#x9;&#x9;&#x9;&#x9;&#x9;&#x9;&#x9;&#xA;&#x9;&#x9;&#x9;&#x9;&#x9;&#x9;&#x9;&lt;a href=&#34;/content/help/en/campaign/standard/audiences/using/about-profiles.html&#34;&gt;About profiles and audiences&lt;/a&gt;.&lt;/p&gt;&#xA;"
                              textIsRich="true"/>
                  </step_par>
               </step_6_1>
               <step_7_1 jcr:primaryType="nt:unstructured" sling:resourceType="help/components/step">
                  <step_par jcr:primaryType="nt:unstructured"
                            sling:resourceType="help/components/procedure/step_parsys">
                     <text_17 jcr:primaryType="nt:unstructured"
                              sling:resourceType="help/components/article-3/text"
                              text="&lt;p&gt;&lt;strong&gt;Designing content&lt;/strong&gt; - This phase involves creating the delivery/ies, selecting the communication channel, setting up the approval mode. You can also design online pages to acquire or update profiles, and grow your database. See &#xA;&#x9;&#x9;&#x9;&#x9;&#x9;&#x9;&#x9;&#x9;&#x9;&#x9;&#x9;&#xA;&#x9;&#x9;&#x9;&#x9;&#x9;&#x9;&#x9;&lt;a href=&#34;/content/help/en/campaign/standard/designing/using/about-email-content-design.html&#34;&gt;About content designing&lt;/a&gt;.&lt;/p&gt;&#xA;"
                              textIsRich="true"/>
                  </step_par>
               </step_7_1>
               <step_8_1 jcr:primaryType="nt:unstructured" sling:resourceType="help/components/step">
                  <step_par jcr:primaryType="nt:unstructured"
                            sling:resourceType="help/components/procedure/step_parsys">
                     <text_18 jcr:primaryType="nt:unstructured"
                              sling:resourceType="help/components/article-3/text"
                              text="&lt;p&gt;&lt;strong&gt;Testing and sending&lt;/strong&gt; - The execution phase allows the user to carry out the various validation steps (content, target) particularly via preview screens and by sending a proof to the approvers, before sending. See &#xA;&#x9;&#x9;&#x9;&#x9;&#x9;&#x9;&#x9;&#x9;&#x9;&#x9;&#x9;&#xA;&#x9;&#x9;&#x9;&#x9;&#x9;&#x9;&#x9;&lt;a href=&#34;/content/help/en/campaign/standard/sending/using/about-sending-messages-with-campaign.html&#34;&gt;About testing and sending&lt;/a&gt;.&lt;/p&gt;&#xA;"
                              textIsRich="true"/>
                  </step_par>
               </step_8_1>
               <step_9_1 jcr:primaryType="nt:unstructured" sling:resourceType="help/components/step">
                  <step_par jcr:primaryType="nt:unstructured"
                            sling:resourceType="help/components/procedure/step_parsys">
                     <text_19 jcr:primaryType="nt:unstructured"
                              sling:resourceType="help/components/article-3/text"
                              text="&lt;p&gt;&lt;strong&gt;Monitoring and reporting&lt;/strong&gt; - Once the campaign has been executed and the different messages have been sent, this stage allows the user to collect the different statuses of the sends, and the tracking and monitoring information. The campaign and delivery reports are generated to track the impact of the campaign and the recipients' activities. See &#xA;&#x9;&#x9;&#x9;&#x9;&#x9;&#x9;&#x9;&#x9;&#x9;&#x9;&#x9;&#xA;&#x9;&#x9;&#x9;&#x9;&#x9;&#x9;&#x9;&lt;a href=&#34;/content/help/en/campaign/standard/reporting/using/about-dynamic-reports.html&#34;&gt;About reporting&lt;/a&gt;.&lt;/p&gt;&#xA;"
                              textIsRich="true"/>
                  </step_par>
               </step_9_1>
               <step_10_1 jcr:primaryType="nt:unstructured" sling:resourceType="help/components/step">
                  <step_par jcr:primaryType="nt:unstructured"
                            sling:resourceType="help/components/procedure/step_parsys">
                     <text_20 jcr:primaryType="nt:unstructured"
                              sling:resourceType="help/components/article-3/text"
                              text="&lt;p&gt;&lt;strong&gt;Automating&lt;/strong&gt; - During this stage, additional factors such as the import/export mechanism implementation methods, the data management and update modes, personalization data identification, etc. are defined. See &#xA;&#x9;&#x9;&#x9;&#x9;&#x9;&#x9;&#x9;&#x9;&#x9;&#x9;&#x9;&#xA;&#x9;&#x9;&#x9;&#x9;&#x9;&#x9;&#x9;&lt;a href=&#34;/content/help/en/campaign/standard/automating/using/about-data-and-processes.html&#34;&gt;About workflows and data management&lt;/a&gt;.&lt;/p&gt;&#xA;"
                              textIsRich="true"/>
                  </step_par>
               </step_10_1>
            </proc_par>
         </procedure_1>
      </main-pars>
      <hero jcr:primaryType="nt:unstructured"
            sling:resourceType="foundation/components/image"/>
      <thumbnail jcr:primaryType="nt:unstructured"
                 sling:resourceType="foundation/components/image"/>
      <publisherLogo jcr:primaryType="nt:unstructured"
                     sling:resourceType="foundation/components/image"/>
   </jcr:content>
</jcr:root>