<?xml version="1.0" encoding="UTF-8"?>
<jcr:root xmlns:nt="http://www.jcp.org/jcr/nt/1.0" xmlns:json="http://json.org/"
          xmlns:sling="http://sling.apache.org/jcr/sling/1.0"
          xmlns:cq="http://www.day.com/jcr/cq/1.0"
          xmlns:jcr="http://www.jcp.org/jcr/1.0"
          xmlns:mix="http://www.jcp.org/jcr/mix/1.0"
          jcr:primaryType="cq:Page">
   <jcr:content navTitle="How-to videos" jcr:primaryType="cq:PageContent"
                sling:resourceType="help/components/pages/article-3"
                heroGradient="light"
                jcr:language="en_us"
                cq:designPath="/etc/designs/help"
                cq:template="/apps/help/templates/article-3"
                jcr:mixinTypes="[mix:versionable]"
                jcr:title="How-to videos"
                jcr:description="How-to videos"
                seoDescription="Discover Adobe Campaign's main features by watching our how-to videos."
                primaryProductTag="[products:SG_CAMPAIGN/STANDARD]"
                cq:tags="[products:SG_CAMPAIGN/STANDARD,audience:start,content_type:reference,topic_tags:tutorials]"
                primaryAudienceTag="[audience:start]"
                contentOwner="sauviat"
                isReadyForLocalization="true"
                publishExternalDate="2018-09-04">
      <main-pars jcr:primaryType="nt:unstructured"
                 sling:resourceType="foundation/components/parsys">
        
        
            
        
        <text_332 jcr:primaryType="nt:unstructured"
                   sling:resourceType="help/components/article-3/text"
                   text="&lt;p&gt;Discover Adobe Campaign's main features by watching our how-to videos.&lt;/p&gt;&#xA;"
                   textIsRich="true"/>
        <procedure_28 jcr:primaryType="nt:unstructured"
                       sling:resourceType="help/components/procedure"
                       isBulleted="true">
            <proc_par jcr:primaryType="nt:unstructured"
                      sling:resourceType="help/components/procedure/proc_parsys">
               <step_163_28 jcr:primaryType="nt:unstructured" sling:resourceType="help/components/step">
                  <step_par jcr:primaryType="nt:unstructured"
                            sling:resourceType="help/components/procedure/step_parsys">
                     <text_333 jcr:primaryType="nt:unstructured"
                               sling:resourceType="help/components/article-3/text"
                               text="&lt;p&gt;&#xA;&lt;a href=&#34;https://docs.campaign.adobe.com/doc/standard/en/Videos/email_creation.mp4&#34;&gt;Creating an email&lt;/a&gt;: create an email from the home page in Adobe Campaign.&lt;/p&gt;&#xA;"
                               textIsRich="true"/>
                  </step_par>
               </step_163_28>
               <step_164_28 jcr:primaryType="nt:unstructured" sling:resourceType="help/components/step">
                  <step_par jcr:primaryType="nt:unstructured"
                            sling:resourceType="help/components/procedure/step_parsys">
                     <text_334 jcr:primaryType="nt:unstructured"
                               sling:resourceType="help/components/article-3/text"
                               text="&lt;p&gt;&#xA;&lt;a href=&#34;https://docs.campaign.adobe.com/doc/standard/en/Videos/LP_creation.mp4&#34;&gt;Creating a landing page&lt;/a&gt;: create and edit a landing page in Adobe Campaign.&lt;/p&gt;&#xA;"
                               textIsRich="true"/>
                  </step_par>
               </step_164_28>
               <step_165_28 jcr:primaryType="nt:unstructured" sling:resourceType="help/components/step">
                  <step_par jcr:primaryType="nt:unstructured"
                            sling:resourceType="help/components/procedure/step_parsys">
                     <text_335 jcr:primaryType="nt:unstructured"
                               sling:resourceType="help/components/article-3/text"
                               text="&lt;p&gt;&#xA;&lt;a href=&#34;https://docs.campaign.adobe.com/doc/standard/en/Videos/ACS_Dreamweaver.mp4&#34;&gt;Adobe Campaign and Dreamweaver integration&lt;/a&gt;: use Adobe Campaign Standard and Dreamweaver. &lt;/p&gt;&#xA;"
                               textIsRich="true"/>
                  </step_par>
               </step_165_28>
               <step_166_28 jcr:primaryType="nt:unstructured" sling:resourceType="help/components/step">
                  <step_par jcr:primaryType="nt:unstructured"
                            sling:resourceType="help/components/procedure/step_parsys">
                     <text_336 jcr:primaryType="nt:unstructured"
                               sling:resourceType="help/components/article-3/text"
                               text="&lt;p&gt;&#xA;&lt;a href=&#34;https://docs.campaign.adobe.com/doc/standard/en/Videos/workflow_creation.mp4&#34;&gt;Creating a workflow&lt;/a&gt;: create and edit a workflow in Adobe Campaign.&lt;/p&gt;&#xA;"
                               textIsRich="true"/>
                  </step_par>
               </step_166_28>
               <step_167_28 jcr:primaryType="nt:unstructured" sling:resourceType="help/components/step">
                  <step_par jcr:primaryType="nt:unstructured"
                            sling:resourceType="help/components/procedure/step_parsys">
                     <text_337 jcr:primaryType="nt:unstructured"
                               sling:resourceType="help/components/article-3/text"
                               text="&lt;p&gt;&#xA;&lt;a href=&#34;https://docs.campaign.adobe.com/doc/standard/en/Videos/test_profile_creation.mp4&#34;&gt;Creating a test profile&lt;/a&gt;: create a test profile and use it in Adobe Campaign.&lt;/p&gt;&#xA;"
                               textIsRich="true"/>
                  </step_par>
               </step_167_28>
               <step_168_28 jcr:primaryType="nt:unstructured" sling:resourceType="help/components/step">
                  <step_par jcr:primaryType="nt:unstructured"
                            sling:resourceType="help/components/procedure/step_parsys">
                     <text_338 jcr:primaryType="nt:unstructured"
                               sling:resourceType="help/components/article-3/text"
                               text="&lt;p&gt;&#xA;&lt;a href=&#34;https://docs.campaign.adobe.com/doc/standard/en/Videos/test_preparing_sending_email.mp4&#34;&gt;Sending a test, preparing and sending an email&lt;/a&gt;: send a test, and prepare and send an email in Adobe Campaign.&lt;/p&gt;&#xA;"
                               textIsRich="true"/>
                  </step_par>
               </step_168_28>
               <step_169_28 jcr:primaryType="nt:unstructured" sling:resourceType="help/components/step">
                  <step_par jcr:primaryType="nt:unstructured"
                            sling:resourceType="help/components/procedure/step_parsys">
                     <text_339 jcr:primaryType="nt:unstructured"
                               sling:resourceType="help/components/article-3/text"
                               text="&lt;p&gt;&#xA;&lt;a href=&#34;https://docs.campaign.adobe.com/doc/standard/en/Videos/test_and_publish_landing_page.mp4&#34;&gt;Testing and publishing a landing page&lt;/a&gt;: test and publish a landing page in Adobe Campaign.&lt;/p&gt;&#xA;"
                               textIsRich="true"/>
                  </step_par>
               </step_169_28>
               <step_170_28 jcr:primaryType="nt:unstructured" sling:resourceType="help/components/step">
                  <step_par jcr:primaryType="nt:unstructured"
                            sling:resourceType="help/components/procedure/step_parsys">
                     <text_340 jcr:primaryType="nt:unstructured"
                               sling:resourceType="help/components/article-3/text"
                               text="&lt;p&gt;&#xA;&lt;a href=&#34;https://docs.campaign.adobe.com/doc/standard/en/Videos/user_access.mp4&#34;&gt;Managing user permissions&lt;/a&gt;: define and manage permissions in Adobe Campaign.&lt;/p&gt;&#xA;"
                               textIsRich="true"/>
                  </step_par>
               </step_170_28>
               <step_171_28 jcr:primaryType="nt:unstructured" sling:resourceType="help/components/step">
                  <step_par jcr:primaryType="nt:unstructured"
                            sling:resourceType="help/components/procedure/step_parsys">
                     <text_341 jcr:primaryType="nt:unstructured"
                               sling:resourceType="help/components/article-3/text"
                               text="&lt;p&gt;&#xA;&lt;a href=&#34;https://docs.campaign.adobe.com/doc/standard/en/Videos/service_creation.mp4&#34;&gt;Managing a service and subscriptions&lt;/a&gt;: create a service and manage its subscriptions in Adobe Campaign.&lt;/p&gt;&#xA;"
                               textIsRich="true"/>
                  </step_par>
               </step_171_28>
               <step_172_28 jcr:primaryType="nt:unstructured" sling:resourceType="help/components/step">
                  <step_par jcr:primaryType="nt:unstructured"
                            sling:resourceType="help/components/procedure/step_parsys">
                     <text_342 jcr:primaryType="nt:unstructured"
                               sling:resourceType="help/components/article-3/text"
                               text="&lt;p&gt;&#xA;&lt;a href=&#34;https://docs.campaign.adobe.com/doc/standard/en/Videos/managing_campaigns.mp4&#34;&gt;Managing campaigns&lt;/a&gt;: manage a campaign in Adobe Campaign.&lt;/p&gt;&#xA;"
                               textIsRich="true"/>
                  </step_par>
               </step_172_28>
               <step_173_28 jcr:primaryType="nt:unstructured" sling:resourceType="help/components/step">
                  <step_par jcr:primaryType="nt:unstructured"
                            sling:resourceType="help/components/procedure/step_parsys">
                     <text_343 jcr:primaryType="nt:unstructured"
                               sling:resourceType="help/components/article-3/text"
                               text="&lt;p&gt;&#xA;&lt;a href=&#34;https://docs.campaign.adobe.com/doc/standard/en/Videos/LP_template_configuration.mp4&#34;&gt;Managing landing page template&lt;/a&gt;: create and manage a landing page template in Adobe Campaign.&lt;/p&gt;&#xA;"
                               textIsRich="true"/>
                  </step_par>
               </step_173_28>
               <step_174_28 jcr:primaryType="nt:unstructured" sling:resourceType="help/components/step">
                  <step_par jcr:primaryType="nt:unstructured"
                            sling:resourceType="help/components/procedure/step_parsys">
                     <text_344 jcr:primaryType="nt:unstructured"
                               sling:resourceType="help/components/article-3/text"
                               text="&lt;p&gt;&#xA;&lt;a href=&#34;https://docs.campaign.adobe.com/doc/standard/en/Videos/importing_profiles.mp4&#34;&gt;Importing profiles with a workflow&lt;/a&gt;: import profiles with a workflow in Adobe Campaign.&lt;/p&gt;&#xA;"
                               textIsRich="true"/>
                  </step_par>
               </step_174_28>
               <step_175_28 jcr:primaryType="nt:unstructured" sling:resourceType="help/components/step">
                  <step_par jcr:primaryType="nt:unstructured"
                            sling:resourceType="help/components/procedure/step_parsys">
                     <text_345 jcr:primaryType="nt:unstructured"
                               sling:resourceType="help/components/article-3/text"
                               text="&lt;p&gt;&#xA;&lt;a href=&#34;https://docs.campaign.adobe.com/doc/standard/en/Videos/creating_sms.mp4&#34;&gt;Creating an SMS delivery&lt;/a&gt;: create an SMS in Adobe Campaign.&lt;/p&gt;&#xA;"
                               textIsRich="true"/>
                  </step_par>
               </step_175_28>
               <step_176_28 jcr:primaryType="nt:unstructured" sling:resourceType="help/components/step">
                  <step_par jcr:primaryType="nt:unstructured"
                            sling:resourceType="help/components/procedure/step_parsys">
                     <text_346 jcr:primaryType="nt:unstructured"
                               sling:resourceType="help/components/article-3/text"
                               text="&lt;p&gt;&#xA;&lt;a href=&#34;https://docs.campaign.adobe.com/doc/standard/en/Videos/creating_profile_using_audience.mp4&#34;&gt;Creating a profile using an audience&lt;/a&gt;: create a profile and add it to an audience in Adobe Campaign.&lt;/p&gt;&#xA;"
                               textIsRich="true"/>
                  </step_par>
               </step_176_28>
               <step_177_28 jcr:primaryType="nt:unstructured" sling:resourceType="help/components/step">
                  <step_par jcr:primaryType="nt:unstructured"
                            sling:resourceType="help/components/procedure/step_parsys">
                     <text_347 jcr:primaryType="nt:unstructured"
                               sling:resourceType="help/components/article-3/text"
                               text="&lt;p&gt;&#xA;&lt;a href=&#34;https://docs.campaign.adobe.com/doc/standard/en/Videos/configuring_list_ACS.mp4&#34;&gt;Configuring a list&lt;/a&gt;: configure a list in Adobe Campaign.&lt;/p&gt;&#xA;"
                               textIsRich="true"/>
                  </step_par>
               </step_177_28>
               <step_178_28 jcr:primaryType="nt:unstructured" sling:resourceType="help/components/step">
                  <step_par jcr:primaryType="nt:unstructured"
                            sling:resourceType="help/components/procedure/step_parsys">
                     <text_348 jcr:primaryType="nt:unstructured"
                               sling:resourceType="help/components/article-3/text"
                               text="&lt;p&gt;&#xA;&lt;a href=&#34;https://docs.campaign.adobe.com/doc/standard/en/Videos/dynamic_reports.mp4&#34;&gt;Creating a report&lt;/a&gt;: create your own dynamic report.&lt;/p&gt;&#xA;"
                               textIsRich="true"/>
                  </step_par>
               </step_178_28>
            </proc_par>
         </procedure_28>
        <text_349 jcr:primaryType="nt:unstructured"
                   sling:resourceType="help/components/article-3/text"
                   text="&lt;p&gt;Besides these short and detailed videos, you can also find &#xA;&lt;a href=&#34;https://training.adobe.com/training/courses.html&#34;&gt;training courses&lt;/a&gt; as well as &#xA;&lt;a href=&#34;http://www.adobe.com/training/video.html&#34;&gt;presentation videos&lt;/a&gt; on our website.&lt;/p&gt;&#xA;"
                   textIsRich="true"/>
      </main-pars>
      <hero jcr:primaryType="nt:unstructured"
            sling:resourceType="foundation/components/image"/>
      <thumbnail jcr:primaryType="nt:unstructured"
                 sling:resourceType="foundation/components/image"/>
      <publisherLogo jcr:primaryType="nt:unstructured"
                     sling:resourceType="foundation/components/image"/>
   </jcr:content>
</jcr:root>