<?xml version="1.0" encoding="UTF-8"?>
<jcr:root xmlns:nt="http://www.jcp.org/jcr/nt/1.0" xmlns:json="http://json.org/"
          xmlns:sling="http://sling.apache.org/jcr/sling/1.0"
          xmlns:cq="http://www.day.com/jcr/cq/1.0"
          xmlns:jcr="http://www.jcp.org/jcr/1.0"
          xmlns:mix="http://www.jcp.org/jcr/mix/1.0"
          jcr:primaryType="cq:Page">
   <jcr:content navTitle="Integrating with Adobe solutions" jcr:primaryType="cq:PageContent"
                sling:resourceType="help/components/pages/article-3"
                heroGradient="light"
                jcr:language="en_us"
                cq:designPath="/etc/designs/help"
                cq:template="/apps/help/templates/article-3"
                jcr:mixinTypes="[mix:versionable]"
                jcr:title="Integrating with Adobe solutions"
                jcr:description="Integrating with Adobe solutions"
                seoDescription="Learn how integrations with Adobe Experience Cloud core services and solutions such as Adobe Analytics and Experience Manager can improve your Adobe Campaign strategy with deep insights and convenient content management."
                primaryProductTag="[products:SG_CAMPAIGN/STANDARD]"
                cq:tags="[products:SG_CAMPAIGN/STANDARD,audience:start,content_type:reference,topic_tags:about-adobe-campaign]"
                primaryAudienceTag="[audience:start]"
                contentOwner="sauviat"
                isReadyForLocalization="true"
                publishExternalDate="2018-09-04">
      <main-pars jcr:primaryType="nt:unstructured"
                 sling:resourceType="foundation/components/parsys">
            
            
            <text_41 jcr:primaryType="nt:unstructured"
                  sling:resourceType="help/components/article-3/text"
                  text="&lt;p&gt;Integration with other Adobe Experience Cloud solutions may require you to adapt your initial configuration. Contact your Adobe technical administrator for more information.&lt;/p&gt;&#xA;"
                  textIsRich="true"/>
            <text_42 jcr:primaryType="nt:unstructured"
                  sling:resourceType="help/components/article-3/text"
                  text="&lt;p&gt;If you have other Adobe Experience Cloud solutions, you can integrate them with Adobe Campaign, and then you will be able to:&lt;/p&gt;&#xA;"
                  textIsRich="true"/>
            <procedure_2 jcr:primaryType="nt:unstructured"
                      sling:resourceType="help/components/procedure"
                      isBulleted="true">
            <proc_par jcr:primaryType="nt:unstructured"
                      sling:resourceType="help/components/procedure/proc_parsys">
                <step_11_2 jcr:primaryType="nt:unstructured" sling:resourceType="help/components/step">
                  <step_par jcr:primaryType="nt:unstructured"
                            sling:resourceType="help/components/procedure/step_parsys">
                    <text_43 jcr:primaryType="nt:unstructured"
                              sling:resourceType="help/components/article-3/text"
                              text="&lt;p&gt;Use contents created from Adobe Experience Manager in Adobe Campaign messages.&lt;/p&gt;&#xA;"
                              textIsRich="true"/>
                    <text_44 jcr:primaryType="nt:unstructured"
                              sling:resourceType="help/components/article-3/text"
                              text="&lt;p&gt;For more on this, refer to  &#xA;&#x9;&#x9;&#x9;&#x9;&#x9;&#x9;&#x9;&#x9;&#x9;&#x9;&#x9;&#xA;&#x9;&#x9;&#x9;&#x9;&#x9;&#x9;&#x9;&lt;a href=&#34;/content/help/en/campaign/standard/integrating/using/integrating-with-experience-manager.html&#34;&gt;Working with Campaign and Experience Manager&lt;/a&gt;.&lt;/p&gt;&#xA;"
                              textIsRich="true"/>
                  </step_par>
               </step_11_2>
                <step_12_2 jcr:primaryType="nt:unstructured" sling:resourceType="help/components/step">
                  <step_par jcr:primaryType="nt:unstructured"
                            sling:resourceType="help/components/procedure/step_parsys">
                    <text_45 jcr:primaryType="nt:unstructured"
                              sling:resourceType="help/components/article-3/text"
                              text="&lt;p&gt;Import shared audiences from different Experience Cloud solutions in order to use them in Adobe Campaign, and export Adobe Campaign audiences into Adobe Experience Cloud, so that they can be used in different solutions.&lt;/p&gt;&#xA;"
                              textIsRich="true"/>
                    <text_46 jcr:primaryType="nt:unstructured"
                              sling:resourceType="help/components/article-3/text"
                              text="&lt;p&gt;For more on this, refer to &#xA;&#x9;&#x9;&#x9;&#x9;&#x9;&#x9;&#x9;&#x9;&#x9;&#x9;&#x9;&#xA;&#x9;&#x9;&#x9;&#x9;&#x9;&#x9;&#x9;&lt;a href=&#34;/content/help/en/campaign/standard/integrating/using/about-campaign-audience-manager-or-people-core-service-integration.html&#34;&gt;Working with Campaign and People Core Service&lt;/a&gt;.&lt;/p&gt;&#xA;"
                              textIsRich="true"/>
                  </step_par>
               </step_12_2>
                <step_13_2 jcr:primaryType="nt:unstructured" sling:resourceType="help/components/step">
                  <step_par jcr:primaryType="nt:unstructured"
                            sling:resourceType="help/components/procedure/step_parsys">
                    <text_47 jcr:primaryType="nt:unstructured"
                              sling:resourceType="help/components/article-3/text"
                              text="&lt;p&gt;Insert dynamic images generated by Adobe Target into your Adobe Campaign messages.&lt;/p&gt;&#xA;"
                              textIsRich="true"/>
                    <text_48 jcr:primaryType="nt:unstructured"
                              sling:resourceType="help/components/article-3/text"
                              text="&lt;p&gt;For more on this, refer to &#xA;&#x9;&#x9;&#x9;&#x9;&#x9;&#x9;&#x9;&#x9;&#x9;&#x9;&#x9;&#xA;&#x9;&#x9;&#x9;&#x9;&#x9;&#x9;&#x9;&lt;a href=&#34;/content/help/en/campaign/standard/integrating/using/about-campaign-target-integration.html&#34;&gt;Working with Campaign and Target&lt;/a&gt;.&lt;/p&gt;&#xA;"
                              textIsRich="true"/>
                  </step_par>
               </step_13_2>
               <step_14_2 jcr:primaryType="nt:unstructured" sling:resourceType="help/components/step">
                  <step_par jcr:primaryType="nt:unstructured"
                            sling:resourceType="help/components/procedure/step_parsys">
                     <text_49 jcr:primaryType="nt:unstructured"
                              sling:resourceType="help/components/article-3/text"
                              text="&lt;p&gt;Use resources shared from Adobe Experience Cloud in your Adobe Campaign messages and landing pages.&lt;/p&gt;&#xA;"
                              textIsRich="true"/>
                     <text_50 jcr:primaryType="nt:unstructured"
                              sling:resourceType="help/components/article-3/text"
                              text="&lt;p&gt;For more on this, refer to &#xA;&#x9;&#x9;&#x9;&#x9;&#x9;&#x9;&#x9;&#x9;&#x9;&#x9;&#x9;&#xA;&#x9;&#x9;&#x9;&#x9;&#x9;&#x9;&#x9;&lt;a href=&#34;/content/help/en/campaign/standard/integrating/using/working-with-campaign-and-assets-core-service.html&#34;&gt;Working with Campaign and Assets core service&lt;/a&gt;.&lt;/p&gt;&#xA;"
                              textIsRich="true"/>
                  </step_par>
               </step_14_2>
               <step_15_2 jcr:primaryType="nt:unstructured" sling:resourceType="help/components/step">
                  <step_par jcr:primaryType="nt:unstructured"
                            sling:resourceType="help/components/procedure/step_parsys">
                     <text_51 jcr:primaryType="nt:unstructured"
                              sling:resourceType="help/components/article-3/text"
                              text="&lt;p&gt;Track the success of your email deliveries directly in Adobe Analytics.&lt;/p&gt;&#xA;"
                              textIsRich="true"/>
                     <text_52 jcr:primaryType="nt:unstructured"
                              sling:resourceType="help/components/article-3/text"
                              text="&lt;p&gt;For more on this, refer to  &#xA;&#x9;&#x9;&#x9;&#x9;&#x9;&#x9;&#x9;&#x9;&#x9;&#x9;&#x9;&#xA;&#x9;&#x9;&#x9;&#x9;&#x9;&#x9;&#x9;&lt;a href=&#34;/content/help/en/campaign/standard/integrating/using/about-campaign-analytics-integration.html&#34;&gt;Working with Campaign and Analytics&lt;/a&gt;.&lt;/p&gt;&#xA;"
                              textIsRich="true"/>
                  </step_par>
               </step_15_2>
                <step_16_2 jcr:primaryType="nt:unstructured" sling:resourceType="help/components/step">
                  <step_par jcr:primaryType="nt:unstructured"
                            sling:resourceType="help/components/procedure/step_parsys">
                    <text_53 jcr:primaryType="nt:unstructured"
                              sling:resourceType="help/components/article-3/text"
                              text="&lt;p&gt;Through integration with Adobe Analytics for mobile, use the Points of Interest data collected from your mobile application's subscribers to send them personalized marketing messages.&lt;/p&gt;&#xA;"
                              textIsRich="true"/>
                    <text_54 jcr:primaryType="nt:unstructured"
                              sling:resourceType="help/components/article-3/text"
                              text="&lt;p&gt;For more on this, refer to &#xA;&#x9;&#x9;&#x9;&#x9;&#x9;&#x9;&#x9;&#x9;&#x9;&#x9;&#x9;&#xA;&#x9;&#x9;&#x9;&#x9;&#x9;&#x9;&#x9;&lt;a href=&#34;/content/help/en/campaign/standard/integrating/using/about-campaign-points-of-interest-data-integration.html&#34;&gt;Working with Campaign and Analytics for mobile/Points of Interest data&lt;/a&gt;.&lt;/p&gt;&#xA;"
                              textIsRich="true"/>
                  </step_par>
               </step_16_2>
               <step_17_2 jcr:primaryType="nt:unstructured" sling:resourceType="help/components/step">
                  <step_par jcr:primaryType="nt:unstructured"
                            sling:resourceType="help/components/procedure/step_parsys">
                     <text_55 jcr:primaryType="nt:unstructured"
                              sling:resourceType="help/components/article-3/text"
                              text="&lt;p&gt;Create and modify the content of your emails in Dreamweaver.&lt;/p&gt;&#xA;"
                              textIsRich="true"/>
                     <text_56 jcr:primaryType="nt:unstructured"
                              sling:resourceType="help/components/article-3/text"
                              text="&lt;p&gt;For more on this refer to &#xA;&#x9;&#x9;&#x9;&#x9;&#x9;&#x9;&#x9;&#x9;&#x9;&#x9;&#x9;&#xA;&#x9;&#x9;&#x9;&#x9;&#x9;&#x9;&#x9;&lt;a href=&#34;/content/help/en/campaign/standard/designing/using/about-email-content-design.html#editing-content-in-dreamweaver&#34;&gt;Editing content in Dreamweaver&lt;/a&gt;.&lt;/p&gt;&#xA;"
                              textIsRich="true"/>
                  </step_par>
               </step_17_2>
            </proc_par>
         </procedure_2>
        </main-pars>
      <hero jcr:primaryType="nt:unstructured"
            sling:resourceType="foundation/components/image"/>
      <thumbnail jcr:primaryType="nt:unstructured"
                 sling:resourceType="foundation/components/image"/>
      <publisherLogo jcr:primaryType="nt:unstructured"
                     sling:resourceType="foundation/components/image"/>
   </jcr:content>
</jcr:root>