<?xml version="1.0" encoding="UTF-8"?>
<jcr:root xmlns:nt="http://www.jcp.org/jcr/nt/1.0" xmlns:json="http://json.org/"
          xmlns:sling="http://sling.apache.org/jcr/sling/1.0"
          xmlns:cq="http://www.day.com/jcr/cq/1.0"
          xmlns:jcr="http://www.jcp.org/jcr/1.0"
          xmlns:mix="http://www.jcp.org/jcr/mix/1.0"
          jcr:primaryType="cq:Page">
   <jcr:content navTitle="Monitoring and tracking" jcr:primaryType="cq:PageContent"
                sling:resourceType="help/components/pages/article-3"
                heroGradient="light"
                jcr:language="en_us"
                cq:designPath="/etc/designs/help"
                cq:template="/apps/help/templates/article-3"
                jcr:mixinTypes="[mix:versionable]"
                jcr:title="Monitoring and tracking"
                jcr:description="Monitoring and tracking"
                seoDescription="Learn how to track and understand your customers' behavior by enriching their profile data. With Adobe Campaign, use reporting and analysis tools to capitalize on each new campaign."
                primaryProductTag="[products:SG_CAMPAIGN/STANDARD]"
                cq:tags="[products:SG_CAMPAIGN/STANDARD,audience:start,content_type:reference,topic_tags:about-adobe-campaign]"
                primaryAudienceTag="[audience:start]"
                contentOwner="sauviat"
                isReadyForLocalization="true"
                publishExternalDate="2018-09-04">
      <main-pars jcr:primaryType="nt:unstructured"
                 sling:resourceType="foundation/components/parsys">
            
            
            <text_36 jcr:primaryType="nt:unstructured"
                  sling:resourceType="help/components/article-3/text"
                  text="&lt;p&gt;Track and understand your clients' behavior by progressively enriching their profile data. Reporting and analysis tools allow you to capitalize on each new campaign, better target your marketing actions, and optimize their impact and return on investment.&lt;/p&gt;&#xA;"
                  textIsRich="true"/>
            <text_37 jcr:primaryType="nt:unstructured"
                  sling:resourceType="help/components/article-3/text"
                  text="&lt;p&gt;The graphical interface provides fast, easy access to the main indicators and delivery statistics.&lt;/p&gt;&#xA;"
                  textIsRich="true"/>
        <image_3 jcr:primaryType="nt:unstructured"
                  sling:resourceType="help/components/article-3/image"
                  jcr:title=""
                  alt=""
                  captionBottom=""
                  fileName="dynamic_report_intro.png"
                  originalFileName="images/en/dynamic_report_intro.png"
                  fileReference="/content/dam/help/en/campaign/standard/dynamic_report_intro.png"
                  imageRotate="0"
                  originalHeight=""
                  originalWidth=""
                  scaleOption="toTemplate"
                  status="legacy"/>
            <text_38 jcr:primaryType="nt:unstructured"
                  sling:resourceType="help/components/article-3/text"
                  text="&lt;p&gt;For more information on reports, refer to the &#xA;&#x9;&#x9;&#x9;&#x9;&#x9;&#x9;&#x9;&#x9;&#x9;&#x9;&#x9;&#xA;&#x9;&#x9;&#x9;&#x9;&#x9;&#x9;&#x9;&lt;a href=&#34;/content/help/en/campaign/standard/reporting/using/about-dynamic-reports.html&#34;&gt;Accessing reports&lt;/a&gt; section.&lt;/p&gt;&#xA;"
                  textIsRich="true"/>
        <text_39 jcr:primaryType="nt:unstructured"
                  sling:resourceType="help/components/article-3/text"
                  text="&lt;p&gt;With Adobe Campaign, you can monitor and track each delivery individually. The message dashboard displays dedicated logs to follow-up processes, rules and identify possible errors and warnings. For more about delivery monitoring, refer to the &#xA;&#x9;&#x9;&#x9;&#x9;&#x9;&#x9;&#x9;&#x9;&#x9;&#x9;&#x9;&#xA;&#x9;&#x9;&#x9;&#x9;&#x9;&#x9;&#x9;&lt;a href=&#34;/content/help/en/campaign/standard/sending/using/monitoring-a-delivery.html&#34;&gt;Monitoring a delivery&lt;/a&gt; section. Tracking principles and capabilities are presented in the &#xA;&#x9;&#x9;&#x9;&#x9;&#x9;&#x9;&#x9;&#x9;&#x9;&#x9;&#x9;&#xA;&#x9;&#x9;&#x9;&#x9;&#x9;&#x9;&#x9;&lt;a href=&#34;/content/help/en/campaign/standard/sending/using/tracking-messages.html&#34;&gt;Tracking messages&lt;/a&gt; section.&lt;/p&gt;&#xA;"
                  textIsRich="true"/>
        </main-pars>
      <hero jcr:primaryType="nt:unstructured"
            sling:resourceType="foundation/components/image"/>
      <thumbnail jcr:primaryType="nt:unstructured"
                 sling:resourceType="foundation/components/image"/>
      <publisherLogo jcr:primaryType="nt:unstructured"
                     sling:resourceType="foundation/components/image"/>
   </jcr:content>
</jcr:root>