<?xml version="1.0" encoding="UTF-8"?>
<jcr:root xmlns:nt="http://www.jcp.org/jcr/nt/1.0" xmlns:json="http://json.org/"
          xmlns:sling="http://sling.apache.org/jcr/sling/1.0"
          xmlns:cq="http://www.day.com/jcr/cq/1.0"
          xmlns:jcr="http://www.jcp.org/jcr/1.0"
          xmlns:mix="http://www.jcp.org/jcr/mix/1.0"
          jcr:primaryType="cq:Page">
   <jcr:content navTitle="Programs and campaigns" jcr:primaryType="cq:PageContent"
                sling:resourceType="help/components/pages/article-3"
                heroGradient="light"
                jcr:language="en_us"
                cq:designPath="/etc/designs/help"
                cq:template="/apps/help/templates/article-3"
                jcr:mixinTypes="[mix:versionable]"
                jcr:title="Programs and campaigns"
                jcr:description="Programs and campaigns"
                seoDescription="In Adobe Campaign, programs and campaigns allow you to group and orchestrate the different marketing activities that are linked to them. Reports on programs and campaigns allow you to analyze their impact."
                primaryProductTag="[products:SG_CAMPAIGN/STANDARD]"
                cq:tags="[products:SG_CAMPAIGN/STANDARD,audience:start,content_type:reference,topic_tags:marketing-plans]"
                primaryAudienceTag="[audience:start]"
                contentOwner="sauviat"
                isReadyForLocalization="true"
                publishExternalDate="2018-09-04">
      <main-pars jcr:primaryType="nt:unstructured"
                 sling:resourceType="foundation/components/parsys">
    
    
      
        
            <header_27 jcr:primaryType="nt:unstructured" sling:resourceType="help/components/header"
                    id="about-plans--programs-and-campaigns"
                    level="2"
                    text="&lt;p&gt;About plans, programs and campaigns&lt;/p&gt;&#xA;"
                    textIsRich="'true'"/>
            <text_157 jcr:primaryType="nt:unstructured"
                   sling:resourceType="help/components/article-3/text"
                   text="&lt;p&gt;Adobe Campaign allows you to plan marketing campaigns in which you can create and manage different types of activities: emails, SMS messages, push notifications, workflows, landing pages. These campaigns and their contents can be gathered into programs.&lt;/p&gt;&#xA;"
                   textIsRich="true"/>
            <text_158 jcr:primaryType="nt:unstructured"
                   sling:resourceType="help/components/article-3/text"
                   text="&lt;p&gt;The programs and campaigns allow you to regroup and view the different marketing activities that are linked to them.&lt;/p&gt;&#xA;"
                   textIsRich="true"/>
            <procedure_15 jcr:primaryType="nt:unstructured"
                       sling:resourceType="help/components/procedure"
                       isBulleted="true">
            <proc_par jcr:primaryType="nt:unstructured"
                      sling:resourceType="help/components/procedure/proc_parsys">
                <step_73_15 jcr:primaryType="nt:unstructured" sling:resourceType="help/components/step">
                  <step_par jcr:primaryType="nt:unstructured"
                            sling:resourceType="help/components/procedure/step_parsys">
                    <text_159 jcr:primaryType="nt:unstructured"
                               sling:resourceType="help/components/article-3/text"
                               text="&lt;p&gt;A &lt;strong&gt;program&lt;/strong&gt; may contain other programs as well as campaigns, workflows, and landing pages. It appears in the timeline and help you organize your marketing activities: you can separate them by country, by brand, by unit, etc.&lt;/p&gt;&#xA;"
                               textIsRich="true"/>
                  </step_par>
               </step_73_15>
                <step_74_15 jcr:primaryType="nt:unstructured" sling:resourceType="help/components/step">
                  <step_par jcr:primaryType="nt:unstructured"
                            sling:resourceType="help/components/procedure/step_parsys">
                    <text_160 jcr:primaryType="nt:unstructured"
                               sling:resourceType="help/components/article-3/text"
                               text="&lt;p&gt;A &lt;strong&gt;campaign&lt;/strong&gt; enables you to gather all the marketing activities of your choice under a single entity. A campaign may contain emails, SMS, push notifications, direct mails, workflows, and landing pages.&lt;/p&gt;&#xA;"
                               textIsRich="true"/>
                  </step_par>
               </step_74_15>
            </proc_par>
         </procedure_15>
         <text_161 jcr:primaryType="nt:unstructured"
                   sling:resourceType="help/components/article-3/text"
                   text="&lt;p&gt;To better organize your marketing plans, Adobe recommends the following hierarchy: Program &gt; Sub-programs &gt; Campaigns &gt; Workflows &gt; Deliveries.&lt;/p&gt;&#xA;"
                   textIsRich="true"/>
         <text_162 jcr:primaryType="nt:unstructured"
                   sling:resourceType="help/components/article-3/text"
                   text="&lt;p&gt;Reports on programs and campaigns allow you to analyze their impact. For example, you can build reports at the campaign level to aggregate data on all deliveries contained in that campaign.&lt;/p&gt;&#xA;"
                   textIsRich="true"/>
         <text_163 jcr:primaryType="nt:unstructured"
                   sling:resourceType="help/components/article-3/text"
                   text="&lt;p&gt;&lt;strong&gt;Related topics:&lt;/strong&gt;&lt;/p&gt;&#xA;"
                   textIsRich="true"/>
         <procedure_16 jcr:primaryType="nt:unstructured"
                       sling:resourceType="help/components/procedure"
                       isBulleted="true">
            <proc_par jcr:primaryType="nt:unstructured"
                      sling:resourceType="help/components/procedure/proc_parsys">
               <step_75_16 jcr:primaryType="nt:unstructured" sling:resourceType="help/components/step">
                  <step_par jcr:primaryType="nt:unstructured"
                            sling:resourceType="help/components/procedure/step_parsys">
                     <text_164 jcr:primaryType="nt:unstructured"
                               sling:resourceType="help/components/article-3/text"
                               text="&lt;p&gt;&#xA;&#x9;&#x9;&#x9;&#x9;&#x9;&#x9;&#x9;&#x9;&#x9;&#x9;&#x9;&#xA;&#x9;&#x9;&#x9;&#x9;&#x9;&#x9;&#x9;&lt;a href=&#34;/content/help/en/campaign/standard/start/using/timeline.html&#34;&gt;Timeline&lt;/a&gt;&lt;/p&gt;&#xA;"
                               textIsRich="true"/>
                  </step_par>
               </step_75_16>
               <step_76_16 jcr:primaryType="nt:unstructured" sling:resourceType="help/components/step">
                  <step_par jcr:primaryType="nt:unstructured"
                            sling:resourceType="help/components/procedure/step_parsys">
                     <text_165 jcr:primaryType="nt:unstructured"
                               sling:resourceType="help/components/article-3/text"
                               text="&lt;p&gt;&#xA;&#x9;&#x9;&#x9;&#x9;&#x9;&#x9;&#x9;&#x9;&#x9;&#x9;&#x9;&#xA;&#x9;&#x9;&#x9;&#x9;&#x9;&#x9;&#x9;&lt;a href=&#34;/content/help/en/campaign/standard/reporting/using/about-dynamic-reports.html&#34;&gt;About dynamic reports&lt;/a&gt;&lt;/p&gt;&#xA;"
                               textIsRich="true"/>
                  </step_par>
               </step_76_16>
            </proc_par>
         </procedure_16>
        
    

         <header_28 jcr:primaryType="nt:unstructured" sling:resourceType="help/components/header"
                    id="creating-a-program"
                    level="2"
                    text="&lt;p&gt;Creating a program&lt;/p&gt;&#xA;"
                    textIsRich="'true'"/>
         <text_166 jcr:primaryType="nt:unstructured"
                   sling:resourceType="help/components/article-3/text"
                   text="&lt;p&gt;The program is the first level of organization. It can contain sub-programs, campaigns, workflows or landing pages. &lt;/p&gt;&#xA;"
                   textIsRich="true"/>
         <procedure_1_10 jcr:primaryType="nt:unstructured"
                         sling:resourceType="help/components/procedure">
            <proc_par jcr:primaryType="nt:unstructured"
                      sling:resourceType="help/components/procedure/proc_parsys">
               <step_77_0 jcr:primaryType="nt:unstructured" sling:resourceType="help/components/step">
                  <step_par jcr:primaryType="nt:unstructured"
                            sling:resourceType="help/components/procedure/step_parsys">
                     <text_167 jcr:primaryType="nt:unstructured"
                               sling:resourceType="help/components/article-3/text"
                               text="&lt;p&gt;From the Adobe Campaign home page, select the &lt;strong&gt;Programs &amp; Campaigns&lt;/strong&gt; card.&lt;/p&gt;&#xA;"
                               textIsRich="true"/>
                  </step_par>
               </step_77_0>
               <step_78_0 jcr:primaryType="nt:unstructured" sling:resourceType="help/components/step">
                  <step_par jcr:primaryType="nt:unstructured"
                            sling:resourceType="help/components/procedure/step_parsys">
                    <text_168 jcr:primaryType="nt:unstructured"
                               sling:resourceType="help/components/article-3/text"
                               text="&lt;p&gt;Click on the &lt;strong&gt;Create&lt;/strong&gt; button. &lt;/p&gt;&#xA;"
                               textIsRich="true"/>
                  </step_par>
               </step_78_0>
                <step_79_0 jcr:primaryType="nt:unstructured" sling:resourceType="help/components/step">
                  <step_par jcr:primaryType="nt:unstructured"
                            sling:resourceType="help/components/procedure/step_parsys">
                    <text_169 jcr:primaryType="nt:unstructured"
                               sling:resourceType="help/components/article-3/text"
                               text="&lt;p&gt;In the &lt;strong&gt;Creation mode&lt;/strong&gt; screen, select a program type.&lt;/p&gt;&#xA;"
                               textIsRich="true"/>
                    <image_17 jcr:primaryType="nt:unstructured"
                               sling:resourceType="help/components/article-3/image"
                               jcr:title=""
                               alt=""
                               captionBottom=""
                               fileName="programs_and_campaigns_2.png"
                               originalFileName="images/en/programs_and_campaigns_2.png"
                               fileReference="/content/dam/help/en/campaign/standard/programs_and_campaigns_2.png"
                               imageRotate="0"
                               originalHeight=""
                               originalWidth=""
                               scaleOption="toTemplate"
                               status="legacy"/>
                     <text_170 jcr:primaryType="nt:unstructured"
                               sling:resourceType="help/components/article-3/text"
                               text="&lt;p&gt;The program types available are based on templates defined in the &lt;strong&gt;Resources&lt;/strong&gt; &gt; &lt;strong&gt;Templates&lt;/strong&gt; &gt; &lt;strong&gt;Program templates&lt;/strong&gt; section. For more on this, refer to the &#xA;&#x9;&#x9;&#x9;&#x9;&#x9;&#x9;&#x9;&#x9;&#x9;&#x9;&#x9;&#xA;&#x9;&#x9;&#x9;&#x9;&#x9;&#x9;&#x9;&lt;a href=&#34;/content/help/en/campaign/standard/start/using/about-templates.html&#34;&gt;Managing templates&lt;/a&gt; section.&lt;/p&gt;&#xA;"
                               textIsRich="true"/>
                  </step_par>
               </step_79_0>
               <step_80_0 jcr:primaryType="nt:unstructured" sling:resourceType="help/components/step">
                  <step_par jcr:primaryType="nt:unstructured"
                            sling:resourceType="help/components/procedure/step_parsys">
                     <text_171 jcr:primaryType="nt:unstructured"
                               sling:resourceType="help/components/article-3/text"
                               text="&lt;p&gt;In the &lt;strong&gt;Properties&lt;/strong&gt; screen, enter the name and ID of the program.&lt;/p&gt;&#xA;"
                               textIsRich="true"/>
                     <image_18 jcr:primaryType="nt:unstructured"
                               sling:resourceType="help/components/article-3/image"
                               jcr:title=""
                               alt=""
                               captionBottom=""
                               fileName="programs_and_campaigns_3.png"
                               originalFileName="images/en/programs_and_campaigns_3.png"
                               fileReference="/content/dam/help/en/campaign/standard/programs_and_campaigns_3.png"
                               imageRotate="0"
                               originalHeight=""
                               originalWidth=""
                               scaleOption="toTemplate"
                               status="legacy"/>
                  </step_par>
               </step_80_0>
               <step_81_0 jcr:primaryType="nt:unstructured" sling:resourceType="help/components/step">
                  <step_par jcr:primaryType="nt:unstructured"
                            sling:resourceType="help/components/procedure/step_parsys">
                     <text_172 jcr:primaryType="nt:unstructured"
                               sling:resourceType="help/components/article-3/text"
                               text="&lt;p&gt;Select a start and end date to your program. These dates only apply to the program itself.&lt;/p&gt;&#xA;"
                               textIsRich="true"/>
                     <text_173 jcr:primaryType="nt:unstructured"
                               sling:resourceType="help/components/article-3/text"
                               text="&lt;p&gt;You can create your program within a parent program. To do this, select the parent program from the existing programs.&lt;/p&gt;&#xA;"
                               textIsRich="true"/>
                  </step_par>
               </step_81_0>
               <step_82_0 jcr:primaryType="nt:unstructured" sling:resourceType="help/components/step">
                  <step_par jcr:primaryType="nt:unstructured"
                            sling:resourceType="help/components/procedure/step_parsys">
                     <text_174 jcr:primaryType="nt:unstructured"
                               sling:resourceType="help/components/article-3/text"
                               text="&lt;p&gt;Click on &lt;strong&gt;Create&lt;/strong&gt; to confirm the creation of the program.&lt;/p&gt;&#xA;"
                               textIsRich="true"/>
                  </step_par>
               </step_82_0>
            </proc_par>
         </procedure_1_10>
         <text_175 jcr:primaryType="nt:unstructured"
                   sling:resourceType="help/components/article-3/text"
                   text="&lt;p&gt;The program is created and displayed. Use the &lt;strong&gt;Create&lt;/strong&gt; button to add sub-programs, campaigns, workflows or landing pages.&lt;/p&gt;&#xA;"
                   textIsRich="true"/>
         <note_0 jcr:primaryType="nt:unstructured"
                 sling:resourceType="help/components/article-3/note"
                 text="&lt;p&gt;&#xA;        You can also create a program from the list of marketing activities.&#xA;      &lt;/p&gt;&#xA;"
                 textIsRich="true"
                 type="note"/>
    
    

         <header_29 jcr:primaryType="nt:unstructured" sling:resourceType="help/components/header"
                    id="creating-a-campaign"
                    level="2"
                    text="&lt;p&gt;Creating a campaign&lt;/p&gt;&#xA;"
                    textIsRich="'true'"/>
         <text_177 jcr:primaryType="nt:unstructured"
                   sling:resourceType="help/components/article-3/text"
                   text="&lt;p&gt;In programs and sub-programs, you can add campaigns. Campaigns can contain marketing activities such as emails, SMS, push notifications, workflows, and landing pages.  &lt;/p&gt;&#xA;"
                   textIsRich="true"/>
         <procedure_2_10 jcr:primaryType="nt:unstructured"
                         sling:resourceType="help/components/procedure">
            <proc_par jcr:primaryType="nt:unstructured"
                      sling:resourceType="help/components/procedure/proc_parsys">
               <step_83_0 jcr:primaryType="nt:unstructured" sling:resourceType="help/components/step">
                  <step_par jcr:primaryType="nt:unstructured"
                            sling:resourceType="help/components/procedure/step_parsys">
                     <text_178 jcr:primaryType="nt:unstructured"
                               sling:resourceType="help/components/article-3/text"
                               text="&lt;p&gt;From the Adobe Campaign home page, select the &lt;strong&gt;Programs &amp; Campaigns&lt;/strong&gt; card and access a program or sub-program. &lt;/p&gt;&#xA;"
                               textIsRich="true"/>
                  </step_par>
               </step_83_0>
               <step_84_0 jcr:primaryType="nt:unstructured" sling:resourceType="help/components/step">
                  <step_par jcr:primaryType="nt:unstructured"
                            sling:resourceType="help/components/procedure/step_parsys">
                     <text_179 jcr:primaryType="nt:unstructured"
                               sling:resourceType="help/components/article-3/text"
                               text="&lt;p&gt;Click on the &lt;strong&gt;Create&lt;/strong&gt; button and select &lt;strong&gt;Campaign&lt;/strong&gt;.&lt;/p&gt;&#xA;"
                               textIsRich="true"/>
                  </step_par>
               </step_84_0>
               <step_85_0 jcr:primaryType="nt:unstructured" sling:resourceType="help/components/step">
                  <step_par jcr:primaryType="nt:unstructured"
                            sling:resourceType="help/components/procedure/step_parsys">
                     <text_180 jcr:primaryType="nt:unstructured"
                               sling:resourceType="help/components/article-3/text"
                               text="&lt;p&gt;In the &lt;strong&gt;Creation mode&lt;/strong&gt; screen, select a campaign type.&lt;/p&gt;&#xA;"
                               textIsRich="true"/>
                     <image_19 jcr:primaryType="nt:unstructured"
                               sling:resourceType="help/components/article-3/image"
                               jcr:title=""
                               alt=""
                               captionBottom=""
                               fileName="programs_and_campaigns_7.png"
                               originalFileName="images/en/programs_and_campaigns_7.png"
                               fileReference="/content/dam/help/en/campaign/standard/programs_and_campaigns_7.png"
                               imageRotate="0"
                               originalHeight=""
                               originalWidth=""
                               scaleOption="toTemplate"
                               status="legacy"/>
                     <text_181 jcr:primaryType="nt:unstructured"
                               sling:resourceType="help/components/article-3/text"
                               text="&lt;p&gt;The campaign types available are based on templates defined in &lt;strong&gt;Resources&lt;/strong&gt; &gt; &lt;strong&gt;Templates&lt;/strong&gt; &gt; &lt;strong&gt;Campaign templates&lt;/strong&gt;. For more on this, refer to the &#xA;&#x9;&#x9;&#x9;&#x9;&#x9;&#x9;&#x9;&#x9;&#x9;&#x9;&#x9;&#xA;&#x9;&#x9;&#x9;&#x9;&#x9;&#x9;&#x9;&lt;a href=&#34;/content/help/en/campaign/standard/start/using/about-templates.html&#34;&gt;Managing templates&lt;/a&gt; section.&lt;/p&gt;&#xA;"
                               textIsRich="true"/>
                  </step_par>
               </step_85_0>
               <step_86_0 jcr:primaryType="nt:unstructured" sling:resourceType="help/components/step">
                  <step_par jcr:primaryType="nt:unstructured"
                            sling:resourceType="help/components/procedure/step_parsys">
                     <text_182 jcr:primaryType="nt:unstructured"
                               sling:resourceType="help/components/article-3/text"
                               text="&lt;p&gt;In the &lt;strong&gt;Properties&lt;/strong&gt; screen, enter the name and ID of the campaign.&lt;/p&gt;&#xA;"
                               textIsRich="true"/>
                  </step_par>
               </step_86_0>
               <step_87_0 jcr:primaryType="nt:unstructured" sling:resourceType="help/components/step">
                  <step_par jcr:primaryType="nt:unstructured"
                            sling:resourceType="help/components/procedure/step_parsys">
                     <text_183 jcr:primaryType="nt:unstructured"
                               sling:resourceType="help/components/article-3/text"
                               text="&lt;p&gt;Select a start and end date to your campaign. These dates only apply to the campaign itself.&lt;/p&gt;&#xA;"
                               textIsRich="true"/>
                     <image_20 jcr:primaryType="nt:unstructured"
                               sling:resourceType="help/components/article-3/image"
                               jcr:title=""
                               alt=""
                               captionBottom=""
                               fileName="programs_and_campaigns_8.png"
                               originalFileName="images/en/programs_and_campaigns_8.png"
                               fileReference="/content/dam/help/en/campaign/standard/programs_and_campaigns_8.png"
                               imageRotate="0"
                               originalHeight=""
                               originalWidth=""
                               scaleOption="toTemplate"
                               status="legacy"/>
                  </step_par>
               </step_87_0>
               <step_88_0 jcr:primaryType="nt:unstructured" sling:resourceType="help/components/step">
                  <step_par jcr:primaryType="nt:unstructured"
                            sling:resourceType="help/components/procedure/step_parsys">
                     <text_184 jcr:primaryType="nt:unstructured"
                               sling:resourceType="help/components/article-3/text"
                               text="&lt;p&gt;Click on &lt;strong&gt;Create&lt;/strong&gt; to confirm the creation of the campaign.&lt;/p&gt;&#xA;"
                               textIsRich="true"/>
                  </step_par>
               </step_88_0>
            </proc_par>
         </procedure_2_10>
         <text_185 jcr:primaryType="nt:unstructured"
                   sling:resourceType="help/components/article-3/text"
                   text="&lt;p&gt;The campaign is created and displayed. Use the &lt;strong&gt;Create&lt;/strong&gt; button to add marketing activities to your campaign.&lt;/p&gt;&#xA;"
                   textIsRich="true"/>
         <note_1 jcr:primaryType="nt:unstructured"
                 sling:resourceType="help/components/article-3/note"
                 text="&lt;p&gt;&#xA;        Depending on your license agreement, you may access only some of these activities.&#xA;      &lt;/p&gt;&#xA;"
                 textIsRich="true"
                 type="note"/>
            <text_187 jcr:primaryType="nt:unstructured"
                   sling:resourceType="help/components/article-3/text"
                   text="&lt;p&gt;You can also create a campaign from the marketing activity list. You can choose to link the marketing activity to a parent program or sub-program via the properties window of the campaign.&lt;/p&gt;&#xA;"
                   textIsRich="true"/>
    
        
            <header_30 jcr:primaryType="nt:unstructured" sling:resourceType="help/components/header"
                    id="programs-and-campaigns-icons-and-statuses"
                    level="2"
                    text="&lt;p&gt;Programs and campaigns icons and statuses&lt;/p&gt;&#xA;"
                    textIsRich="'true'"/>
            <text_188 jcr:primaryType="nt:unstructured"
                   sling:resourceType="help/components/article-3/text"
                   text="&lt;p&gt;Each program and each campaign in the list has a visual symbol and an icon whose color indicates the execution status. This status depends on the validity period of the program or the campaign.&lt;/p&gt;&#xA;"
                   textIsRich="true"/>
            <procedure_17 jcr:primaryType="nt:unstructured"
                       sling:resourceType="help/components/procedure"
                       isBulleted="true">
            <proc_par jcr:primaryType="nt:unstructured"
                      sling:resourceType="help/components/procedure/proc_parsys">
                <step_89_17 jcr:primaryType="nt:unstructured" sling:resourceType="help/components/step">
                  <step_par jcr:primaryType="nt:unstructured"
                            sling:resourceType="help/components/procedure/step_parsys">
                    <text_189 jcr:primaryType="nt:unstructured"
                               sling:resourceType="help/components/article-3/text"
                               text="&lt;p&gt;Gray: the program/campaign has not yet started - &lt;strong&gt;Editing&lt;/strong&gt; status.&lt;/p&gt;&#xA;"
                               textIsRich="true"/>
                  </step_par>
               </step_89_17>
                <step_90_17 jcr:primaryType="nt:unstructured" sling:resourceType="help/components/step">
                  <step_par jcr:primaryType="nt:unstructured"
                            sling:resourceType="help/components/procedure/step_parsys">
                    <text_190 jcr:primaryType="nt:unstructured"
                               sling:resourceType="help/components/article-3/text"
                               text="&lt;p&gt;Blue: the program/campaign is in progress - &lt;strong&gt;In progress&lt;/strong&gt; status.&lt;/p&gt;&#xA;"
                               textIsRich="true"/>
                  </step_par>
               </step_90_17>
                <step_91_17 jcr:primaryType="nt:unstructured" sling:resourceType="help/components/step">
                  <step_par jcr:primaryType="nt:unstructured"
                            sling:resourceType="help/components/procedure/step_parsys">
                    <text_191 jcr:primaryType="nt:unstructured"
                               sling:resourceType="help/components/article-3/text"
                               text="&lt;p&gt;Green: the program/campaign has finished - &lt;strong&gt;Finished&lt;/strong&gt; status. By default, the current date is automatically shown as the validity start date and the end date is calculated according to the start date (&lt;strong&gt;D+186 days&lt;/strong&gt;). You can change these dates in the program or campaign properties.&lt;/p&gt;&#xA;"
                               textIsRich="true"/>
                  </step_par>
               </step_91_17>
            </proc_par>
         </procedure_17>
            <image_21 jcr:primaryType="nt:unstructured"
                   sling:resourceType="help/components/article-3/image"
                   jcr:title=""
                   alt=""
                   captionBottom=""
                   fileName="programs_and_campaigns.png"
                   originalFileName="images/en/programs_and_campaigns.png"
                   fileReference="/content/dam/help/en/campaign/standard/programs_and_campaigns.png"
                   imageRotate="0"
                   originalHeight=""
                   originalWidth=""
                   scaleOption="toTemplate"
                   status="legacy"/>
        
      </main-pars>
      <hero jcr:primaryType="nt:unstructured"
            sling:resourceType="foundation/components/image"/>
      <thumbnail jcr:primaryType="nt:unstructured"
                 sling:resourceType="foundation/components/image"/>
      <publisherLogo jcr:primaryType="nt:unstructured"
                     sling:resourceType="foundation/components/image"/>
   </jcr:content>
</jcr:root>