<?xml version="1.0" encoding="UTF-8"?>
<jcr:root xmlns:nt="http://www.jcp.org/jcr/nt/1.0" xmlns:json="http://json.org/"
          xmlns:sling="http://sling.apache.org/jcr/sling/1.0"
          xmlns:cq="http://www.day.com/jcr/cq/1.0"
          xmlns:jcr="http://www.jcp.org/jcr/1.0"
          xmlns:mix="http://www.jcp.org/jcr/mix/1.0"
          jcr:primaryType="cq:Page">
   <jcr:content navTitle="Adding panels" jcr:primaryType="cq:PageContent"
                sling:resourceType="help/components/pages/article-3"
                heroGradient="light"
                jcr:language="en_us"
                cq:designPath="/etc/designs/help"
                cq:template="/apps/help/templates/article-3"
                jcr:mixinTypes="[mix:versionable]"
                jcr:title="Adding panels"
                jcr:description="Adding panels"
                seoDescription="Dynamic report allows you to add panel to better filter your data depending on the chosen time period."
                primaryProductTag="[products:SG_CAMPAIGN/STANDARD]"
                cq:tags="[products:SG_CAMPAIGN/STANDARD,audience:reporting,content_type:reference,topic_tags:customizing-reports]"
                primaryAudienceTag="[audience:reporting]"
                contentOwner="sauviat"
                isReadyForLocalization="true"
                publishExternalDate="2019-01-09">
      <main-pars jcr:primaryType="nt:unstructured"
                 sling:resourceType="foundation/components/parsys">
		
		
			
		
		
			      <header_34 jcr:primaryType="nt:unstructured" sling:resourceType="help/components/header"
                    id="adding-a-blank-panel"
                    level="2"
                    text="&lt;p&gt;Adding a blank panel&lt;/p&gt;&#xA;"
                    textIsRich="'true'"/>
			      <text_499 jcr:primaryType="nt:unstructured"
                   sling:resourceType="help/components/article-3/text"
                   text="&lt;p&gt;To start your report, you can add a set of panels to an out of the box or custom report. Each panel contains different data sets and is composed of freeform tables and visualizations.&lt;/p&gt;&#xA;"
                   textIsRich="true"/>
			      <text_500 jcr:primaryType="nt:unstructured"
                   sling:resourceType="help/components/article-3/text"
                   text="&lt;p&gt;This panel allows you to build your reports as needed. You can add as many panels as you want in your reports in order to filter your data with different time periods.&lt;/p&gt;&#xA;"
                   textIsRich="true"/>
			      <procedure_3_10 jcr:primaryType="nt:unstructured"
                         sling:resourceType="help/components/procedure">
            <proc_par jcr:primaryType="nt:unstructured"
                      sling:resourceType="help/components/procedure/proc_parsys">
				           <step_117_0 jcr:primaryType="nt:unstructured" sling:resourceType="help/components/step">
                  <step_par jcr:primaryType="nt:unstructured"
                            sling:resourceType="help/components/procedure/step_parsys">
					                <text_501 jcr:primaryType="nt:unstructured"
                               sling:resourceType="help/components/article-3/text"
                               text="&lt;p&gt;Click the &lt;strong&gt;Panels&lt;/strong&gt; icon. You can also add a panel by clicking the &lt;strong&gt;Insert tab&lt;/strong&gt; and selecting &lt;strong&gt;New Blank Panel&lt;/strong&gt;. &lt;/p&gt;&#xA;"
                               textIsRich="true"/>
					                <image_35 jcr:primaryType="nt:unstructured"
                               sling:resourceType="help/components/article-3/image"
                               jcr:title=""
                               alt=""
                               captionBottom=""
                               fileName="dynamic_report_panel_1.png"
                               originalFileName="images/en/dynamic_report_panel_1.png"
                               fileReference="/content/dam/help/en/campaign/standard/dynamic_report_panel_1.png"
                               imageRotate="0"
                               originalHeight=""
                               originalWidth=""
                               scaleOption="toTemplate"
                               status="legacy"/>
				              </step_par>
               </step_117_0>
				           <step_118_0 jcr:primaryType="nt:unstructured" sling:resourceType="help/components/step">
                  <step_par jcr:primaryType="nt:unstructured"
                            sling:resourceType="help/components/procedure/step_parsys">
					                <text_502 jcr:primaryType="nt:unstructured"
                               sling:resourceType="help/components/article-3/text"
                               text="&lt;p&gt;Drag and drop the &lt;strong&gt;Blank Panel&lt;/strong&gt; into your dashboard. &lt;/p&gt;&#xA;"
                               textIsRich="true"/>
					                <image_36 jcr:primaryType="nt:unstructured"
                               sling:resourceType="help/components/article-3/image"
                               jcr:title=""
                               alt=""
                               captionBottom=""
                               fileName="dynamic_report_panel.png"
                               originalFileName="images/en/dynamic_report_panel.png"
                               fileReference="/content/dam/help/en/campaign/standard/dynamic_report_panel.png"
                               imageRotate="0"
                               originalHeight=""
                               originalWidth=""
                               scaleOption="toTemplate"
                               status="legacy"/>
				              </step_par>
               </step_118_0>
			         </proc_par>
         </procedure_3_10>
			      <text_503 jcr:primaryType="nt:unstructured"
                   sling:resourceType="help/components/article-3/text"
                   text="&lt;p&gt;You can now add a freeform table to your panel to start targeting data.&lt;/p&gt;&#xA;"
                   textIsRich="true"/>
		
		
			      <header_35 jcr:primaryType="nt:unstructured" sling:resourceType="help/components/header"
                    id="adding-a-freeform-table"
                    level="2"
                    text="&lt;p&gt;Adding a freeform table&lt;/p&gt;&#xA;"
                    textIsRich="'true'"/>
			      <text_504 jcr:primaryType="nt:unstructured"
                   sling:resourceType="help/components/article-3/text"
                   text="&lt;p&gt;Freeform tables allow you to create a table to analyze your data using the different metrics and dimensions available in the &lt;strong&gt;Component&lt;/strong&gt; table.&lt;/p&gt;&#xA;"
                   textIsRich="true"/>
			      <text_505 jcr:primaryType="nt:unstructured"
                   sling:resourceType="help/components/article-3/text"
                   text="&lt;p&gt;Each table and visualization is resizable and can be moved to better customize your report.&lt;/p&gt;&#xA;"
                   textIsRich="true"/>
			      <procedure_4_10 jcr:primaryType="nt:unstructured"
                         sling:resourceType="help/components/procedure">
            <proc_par jcr:primaryType="nt:unstructured"
                      sling:resourceType="help/components/procedure/proc_parsys">
				           <step_119_0 jcr:primaryType="nt:unstructured" sling:resourceType="help/components/step">
                  <step_par jcr:primaryType="nt:unstructured"
                            sling:resourceType="help/components/procedure/step_parsys">
					                <text_506 jcr:primaryType="nt:unstructured"
                               sling:resourceType="help/components/article-3/text"
                               text="&lt;p&gt;Click the &lt;strong&gt;Panels&lt;/strong&gt; icon.&lt;/p&gt;&#xA;"
                               textIsRich="true"/>
					                <image_37 jcr:primaryType="nt:unstructured"
                               sling:resourceType="help/components/article-3/image"
                               jcr:title=""
                               alt=""
                               captionBottom=""
                               fileName="dynamic_report_panel_1.png"
                               originalFileName="images/en/dynamic_report_panel_1.png"
                               fileReference="/content/dam/help/en/campaign/standard/dynamic_report_panel_1.png"
                               imageRotate="0"
                               originalHeight=""
                               originalWidth=""
                               scaleOption="toTemplate"
                               status="legacy"/>
				              </step_par>
               </step_119_0>
				           <step_120_0 jcr:primaryType="nt:unstructured" sling:resourceType="help/components/step">
                  <step_par jcr:primaryType="nt:unstructured"
                            sling:resourceType="help/components/procedure/step_parsys">
					                <text_507 jcr:primaryType="nt:unstructured"
                               sling:resourceType="help/components/article-3/text"
                               text="&lt;p&gt;Drag and drop the &lt;strong&gt;Freeform&lt;/strong&gt; item into your dashboard. &lt;/p&gt;&#xA;"
                               textIsRich="true"/>
					                <text_508 jcr:primaryType="nt:unstructured"
                               sling:resourceType="help/components/article-3/text"
                               text="&lt;p&gt;You can also add a table by clicking the &lt;strong&gt;Insert&lt;/strong&gt; tab and selecting &lt;strong&gt;New Freeform&lt;/strong&gt; or by clicking &lt;strong&gt;Add a freeform table&lt;/strong&gt; in an empty panel. &lt;/p&gt;&#xA;"
                               textIsRich="true"/>
					                <image_38 jcr:primaryType="nt:unstructured"
                               sling:resourceType="help/components/article-3/image"
                               jcr:title=""
                               alt=""
                               captionBottom=""
                               fileName="dynamic_report_panel_2.png"
                               originalFileName="images/en/dynamic_report_panel_2.png"
                               fileReference="/content/dam/help/en/campaign/standard/dynamic_report_panel_2.png"
                               imageRotate="0"
                               originalHeight=""
                               originalWidth=""
                               scaleOption="toTemplate"
                               status="legacy"/>
				              </step_par>
               </step_120_0>
				           <step_121_0 jcr:primaryType="nt:unstructured" sling:resourceType="help/components/step">
                  <step_par jcr:primaryType="nt:unstructured"
                            sling:resourceType="help/components/procedure/step_parsys">
					                <text_509 jcr:primaryType="nt:unstructured"
                               sling:resourceType="help/components/article-3/text"
                               text="&lt;p&gt;If needed, drag and drop &#xA;&lt;span class=&#34;uicontrol&#34;&gt;Segments&lt;/span&gt;&#xA; from the &#xA;&lt;span class=&#34;uicontrol&#34;&gt;Components&lt;/span&gt;&#xA; tab into the top bar to filter your report depending on your recipient's age range.&lt;/p&gt;&#xA;"
                               textIsRich="true"/>
					                <image_39 jcr:primaryType="nt:unstructured"
                               sling:resourceType="help/components/article-3/image"
                               jcr:title=""
                               alt=""
                               captionBottom=""
                               fileName="dynamic_report_panel_3.png"
                               originalFileName="images/en/dynamic_report_panel_3.png"
                               fileReference="/content/dam/help/en/campaign/standard/dynamic_report_panel_3.png"
                               imageRotate="0"
                               originalHeight=""
                               originalWidth=""
                               scaleOption="toTemplate"
                               status="legacy"/>
				              </step_par>
               </step_121_0>
				           <step_122_0 jcr:primaryType="nt:unstructured" sling:resourceType="help/components/step">
                  <step_par jcr:primaryType="nt:unstructured"
                            sling:resourceType="help/components/procedure/step_parsys">
					                <text_510 jcr:primaryType="nt:unstructured"
                               sling:resourceType="help/components/article-3/text"
                               text="&lt;p&gt;Drag and drop items from the &lt;strong&gt;Components&lt;/strong&gt; tab into the columns and rows to build your table.&lt;/p&gt;&#xA;"
                               textIsRich="true"/>
					                <image_40 jcr:primaryType="nt:unstructured"
                               sling:resourceType="help/components/article-3/image"
                               jcr:title=""
                               alt=""
                               captionBottom=""
                               fileName="dynamic_report_freeform_3.png"
                               originalFileName="images/en/dynamic_report_freeform_3.png"
                               fileReference="/content/dam/help/en/campaign/standard/dynamic_report_freeform_3.png"
                               imageRotate="0"
                               originalHeight=""
                               originalWidth=""
                               scaleOption="toTemplate"
                               status="legacy"/>
				              </step_par>
               </step_122_0>
				           <step_123_0 jcr:primaryType="nt:unstructured" sling:resourceType="help/components/step">
                  <step_par jcr:primaryType="nt:unstructured"
                            sling:resourceType="help/components/procedure/step_parsys">
					                <text_511 jcr:primaryType="nt:unstructured"
                               sling:resourceType="help/components/article-3/text"
                               text="&lt;p&gt;Click the &lt;strong&gt;Settings&lt;/strong&gt; icon to change how the data is displayed in your columns.&lt;/p&gt;&#xA;"
                               textIsRich="true"/>
					                <image_41 jcr:primaryType="nt:unstructured"
                               sling:resourceType="help/components/article-3/image"
                               jcr:title=""
                               alt=""
                               captionBottom=""
                               fileName="dynamic_report_freeform_4.png"
                               originalFileName="images/en/dynamic_report_freeform_4.png"
                               fileReference="/content/dam/help/en/campaign/standard/dynamic_report_freeform_4.png"
                               imageRotate="0"
                               originalHeight=""
                               originalWidth=""
                               scaleOption="toTemplate"
                               status="legacy"/>
					                <text_512 jcr:primaryType="nt:unstructured"
                               sling:resourceType="help/components/article-3/text"
                               text="&lt;p&gt;The &#xA;&lt;span class=&#34;uicontrol&#34;&gt;Column settings&lt;/span&gt;&#xA; is composed of:&lt;/p&gt;&#xA;"
                               textIsRich="true"/>
					                <procedure_30 jcr:primaryType="nt:unstructured"
                                   sling:resourceType="help/components/procedure"
                                   isBulleted="true">
                        <proc_par jcr:primaryType="nt:unstructured"
                                  sling:resourceType="help/components/procedure/proc_parsys">
						                     <step_123_30 jcr:primaryType="nt:unstructured" sling:resourceType="help/components/step">
                              <step_par jcr:primaryType="nt:unstructured"
                                        sling:resourceType="help/components/procedure/step_parsys">
							                          <text_513 jcr:primaryType="nt:unstructured"
                                           sling:resourceType="help/components/article-3/text"
                                           text="&lt;p&gt;&#xA;&lt;span class=&#34;uicontrol&#34;&gt;Number&lt;/span&gt;&#xA;: lets you show or hide summary numbers in the column.&lt;/p&gt;&#xA;"
                                           textIsRich="true"/>
						                        </step_par>
                           </step_123_30>
						                     <step_124_30 jcr:primaryType="nt:unstructured" sling:resourceType="help/components/step">
                              <step_par jcr:primaryType="nt:unstructured"
                                        sling:resourceType="help/components/procedure/step_parsys">
							                          <text_514 jcr:primaryType="nt:unstructured"
                                           sling:resourceType="help/components/article-3/text"
                                           text="&lt;p&gt;&#xA;&lt;span class=&#34;uicontrol&#34;&gt;Percent&lt;/span&gt;&#xA;: lets you show or hide percent in the column.&lt;/p&gt;&#xA;"
                                           textIsRich="true"/>
						                        </step_par>
                           </step_124_30>
						                     <step_125_30 jcr:primaryType="nt:unstructured" sling:resourceType="help/components/step">
                              <step_par jcr:primaryType="nt:unstructured"
                                        sling:resourceType="help/components/procedure/step_parsys">
							                          <text_515 jcr:primaryType="nt:unstructured"
                                           sling:resourceType="help/components/article-3/text"
                                           text="&lt;p&gt;&#xA;&lt;span class=&#34;uicontrol&#34;&gt;Interpret zero as no value&lt;/span&gt;&#xA;: lets you show or hide when value equals zero.&lt;/p&gt;&#xA;"
                                           textIsRich="true"/>
						                        </step_par>
                           </step_125_30>
						                     <step_126_30 jcr:primaryType="nt:unstructured" sling:resourceType="help/components/step">
                              <step_par jcr:primaryType="nt:unstructured"
                                        sling:resourceType="help/components/procedure/step_parsys">
							                          <text_516 jcr:primaryType="nt:unstructured"
                                           sling:resourceType="help/components/article-3/text"
                                           text="&lt;p&gt;&#xA;&lt;span class=&#34;uicontrol&#34;&gt;Background&lt;/span&gt;&#xA;: lets you show or hide the horizontal progress bar in cells.&lt;/p&gt;&#xA;"
                                           textIsRich="true"/>
						                        </step_par>
                           </step_126_30>
						                     <step_127_30 jcr:primaryType="nt:unstructured" sling:resourceType="help/components/step">
                              <step_par jcr:primaryType="nt:unstructured"
                                        sling:resourceType="help/components/procedure/step_parsys">
							                          <text_517 jcr:primaryType="nt:unstructured"
                                           sling:resourceType="help/components/article-3/text"
                                           text="&lt;p&gt;&#xA;&lt;span class=&#34;uicontrol&#34;&gt;Include retries&lt;/span&gt;&#xA;: lets you include retries in the result. This is only available for &#xA;&lt;span class=&#34;uicontrol&#34;&gt;Sent&lt;/span&gt;&#xA; and &#xA;&lt;span class=&#34;uicontrol&#34;&gt;Bounces + Errors&lt;/span&gt;&#xA;.&lt;/p&gt;&#xA;"
                                           textIsRich="true"/>
						                        </step_par>
                           </step_127_30>
					                   </proc_par>
                     </procedure_30>
				              </step_par>
               </step_123_0>
				           <step_129_0 jcr:primaryType="nt:unstructured" sling:resourceType="help/components/step">
                  <step_par jcr:primaryType="nt:unstructured"
                            sling:resourceType="help/components/procedure/step_parsys">
					                <text_518 jcr:primaryType="nt:unstructured"
                               sling:resourceType="help/components/article-3/text"
                               text="&lt;p&gt;Select one or multiple rows and click the &lt;strong&gt;Visualize&lt;/strong&gt; icon. A visualization is added to reflect the rows you have selected.&lt;/p&gt;&#xA;"
                               textIsRich="true"/>
					                <image_42 jcr:primaryType="nt:unstructured"
                               sling:resourceType="help/components/article-3/image"
                               jcr:title=""
                               alt=""
                               captionBottom=""
                               fileName="dynamic_report_freeform_5.png"
                               originalFileName="images/en/dynamic_report_freeform_5.png"
                               fileReference="/content/dam/help/en/campaign/standard/dynamic_report_freeform_5.png"
                               imageRotate="0"
                               originalHeight=""
                               originalWidth=""
                               scaleOption="toTemplate"
                               status="legacy"/>
				              </step_par>
               </step_129_0>
			         </proc_par>
         </procedure_4_10>
			      <text_519 jcr:primaryType="nt:unstructured"
                   sling:resourceType="help/components/article-3/text"
                   text="&lt;p&gt;You can now add as many components as you need and also add visualizations to give graphical representations of your data.&lt;/p&gt;&#xA;"
                   textIsRich="true"/>
		
	     </main-pars>
      <hero jcr:primaryType="nt:unstructured"
            sling:resourceType="foundation/components/image"/>
      <thumbnail jcr:primaryType="nt:unstructured"
                 sling:resourceType="foundation/components/image"/>
      <publisherLogo jcr:primaryType="nt:unstructured"
                     sling:resourceType="foundation/components/image"/>
   </jcr:content>
</jcr:root>