<?xml version="1.0" encoding="UTF-8"?>
<jcr:root xmlns:nt="http://www.jcp.org/jcr/nt/1.0" xmlns:json="http://json.org/"
          xmlns:sling="http://sling.apache.org/jcr/sling/1.0"
          xmlns:cq="http://www.day.com/jcr/cq/1.0"
          xmlns:jcr="http://www.jcp.org/jcr/1.0"
          xmlns:mix="http://www.jcp.org/jcr/mix/1.0"
          jcr:primaryType="cq:Page">
   <jcr:content navTitle="Bounce summary" jcr:primaryType="cq:PageContent"
                sling:resourceType="help/components/pages/article-3"
                heroGradient="light"
                jcr:language="en_us"
                cq:designPath="/etc/designs/help"
                cq:template="/apps/help/templates/article-3"
                jcr:mixinTypes="[mix:versionable]"
                jcr:title="Bounce summary"
                jcr:description="Bounce summary"
                seoDescription="With the Bounce summary out-of-the-box report, learn about the status of your sent campaigns and errors they may have encountered."
                primaryProductTag="[products:SG_CAMPAIGN/STANDARD]"
                cq:tags="[products:SG_CAMPAIGN/STANDARD,audience:reporting,content_type:reference,topic_tags:list-of-reports]"
                primaryAudienceTag="[audience:reporting]"
                contentOwner="sauviat"
                isReadyForLocalization="true"
                publishExternalDate="2019-01-09">
      <main-pars jcr:primaryType="nt:unstructured"
                 sling:resourceType="foundation/components/parsys">
		
		
		
			
		
		       <text_380 jcr:primaryType="nt:unstructured"
                   sling:resourceType="help/components/article-3/text"
                   text="&lt;p&gt;This report details the overall hard and soft errors encountered during deliveries as well as the automatic processing of bounces.&lt;/p&gt;&#xA;"
                   textIsRich="true"/>
		       <image_19 jcr:primaryType="nt:unstructured"
                   sling:resourceType="help/components/article-3/image"
                   jcr:title=""
                   alt=""
                   captionBottom=""
                   fileName="campaign_reports_bounces.png"
                   originalFileName="images/en/campaign_reports_bounces.png"
                   fileReference="/content/dam/help/en/campaign/standard/campaign_reports_bounces.png"
                   imageRotate="0"
                   originalHeight=""
                   originalWidth=""
                   scaleOption="toTemplate"
                   status="legacy"/>
		       <text_381 jcr:primaryType="nt:unstructured"
                   sling:resourceType="help/components/article-3/text"
                   text="&lt;p&gt;Each table is represented by summary numbers and charts. You can change how the details are shown in their respective visualization settings.&lt;/p&gt;&#xA;"
                   textIsRich="true"/>
		       <text_382 jcr:primaryType="nt:unstructured"
                   sling:resourceType="help/components/article-3/text"
                   text="&lt;p&gt;&lt;strong&gt;Flop 5 repartition&lt;/strong&gt; lists the five deliveries with the highest number of quarantines: &#xA;&#x9;&#x9;&#x9;&#x9;&#xA;&#x9;&#x9;&#x9;&#x9;&#x9;&#xA;&#x9;&#x9;&#x9;&#x9;&#xA;&#x9;&#x9;&#x9;&#x9;&#xA;&#x9;&#x9;&#x9;&#x9;&#x9;&#xA;&#x9;&#x9;&#x9;&#x9;&#xA;&#x9;&#x9;&#x9;&#x9;&#xA;&#x9;&#x9;&#x9;&#x9;&#x9;&#xA;&#x9;&#x9;&#x9;&#x9;&#xA;&#x9;&#x9;&#x9;&#x9;&#xA;&#x9;&#x9;&#x9;&#x9;&#x9;&#xA;&#x9;&#x9;&#x9;&#x9;&#xA;&#x9;&#x9;&#x9;&#x9;&#xA;&#x9;&#x9;&#x9;&#x9;&#x9;&#xA;&#x9;&#x9;&#x9;&#x9;&#xA;&#x9;&#x9;&#x9;&lt;/p&gt;&#xA;"
                   textIsRich="true"/>
		       <text_388 jcr:primaryType="nt:unstructured"
                   sling:resourceType="help/components/article-3/text"
                   text="&lt;p&gt;The &lt;strong&gt;Bounce reasons&lt;/strong&gt; table contains the available data for the types of errors that caused bounces for each delivery: &lt;/p&gt;&#xA;"
                   textIsRich="true"/>
		       <procedure_17 jcr:primaryType="nt:unstructured"
                       sling:resourceType="help/components/procedure"
                       isBulleted="true">
            <proc_par jcr:primaryType="nt:unstructured"
                      sling:resourceType="help/components/procedure/proc_parsys">
			            <step_68_17 jcr:primaryType="nt:unstructured" sling:resourceType="help/components/step">
                  <step_par jcr:primaryType="nt:unstructured"
                            sling:resourceType="help/components/procedure/step_parsys">
				                 <text_389 jcr:primaryType="nt:unstructured"
                               sling:resourceType="help/components/article-3/text"
                               text="&lt;p&gt;&#xA;&lt;span class=&#34;uicontrol&#34;&gt;User unknown&lt;/span&gt;&#xA;: The type of error generated when a delivery is sent to an invalid email address.&lt;/p&gt;&#xA;"
                               textIsRich="true"/>
			               </step_par>
               </step_68_17>
			            <step_69_17 jcr:primaryType="nt:unstructured" sling:resourceType="help/components/step">
                  <step_par jcr:primaryType="nt:unstructured"
                            sling:resourceType="help/components/procedure/step_parsys">
				                 <text_390 jcr:primaryType="nt:unstructured"
                               sling:resourceType="help/components/article-3/text"
                               text="&lt;p&gt;&#xA;&lt;span class=&#34;uicontrol&#34;&gt;Invalid domain&lt;/span&gt;&#xA;: The type of error generated when a delivery is sent to an email address whose domain is wrong or no longer exists.&lt;/p&gt;&#xA;"
                               textIsRich="true"/>
			               </step_par>
               </step_69_17>
			            <step_70_17 jcr:primaryType="nt:unstructured" sling:resourceType="help/components/step">
                  <step_par jcr:primaryType="nt:unstructured"
                            sling:resourceType="help/components/procedure/step_parsys">
				                 <text_391 jcr:primaryType="nt:unstructured"
                               sling:resourceType="help/components/article-3/text"
                               text="&lt;p&gt;&#xA;&lt;span class=&#34;uicontrol&#34;&gt;Unreachable&lt;/span&gt;&#xA;: The type of error encountered in the message delivery string. For example, SMTP relay incident, domain temporarily unreachable, etc. &lt;/p&gt;&#xA;"
                               textIsRich="true"/>
			               </step_par>
               </step_70_17>
			            <step_71_17 jcr:primaryType="nt:unstructured" sling:resourceType="help/components/step">
                  <step_par jcr:primaryType="nt:unstructured"
                            sling:resourceType="help/components/procedure/step_parsys">
				                 <text_392 jcr:primaryType="nt:unstructured"
                               sling:resourceType="help/components/article-3/text"
                               text="&lt;p&gt;&#xA;&lt;span class=&#34;uicontrol&#34;&gt;Account disabled&lt;/span&gt;&#xA;: The type of error generated when a delivery is sent to an email address that no longer exists.&lt;/p&gt;&#xA;"
                               textIsRich="true"/>
			               </step_par>
               </step_71_17>
			            <step_72_17 jcr:primaryType="nt:unstructured" sling:resourceType="help/components/step">
                  <step_par jcr:primaryType="nt:unstructured"
                            sling:resourceType="help/components/procedure/step_parsys">
				                 <text_393 jcr:primaryType="nt:unstructured"
                               sling:resourceType="help/components/article-3/text"
                               text="&lt;p&gt;&#xA;&lt;span class=&#34;uicontrol&#34;&gt;Mailbox full&lt;/span&gt;&#xA;: The type of error generated when the recipient's inbox is full. There are five attempts to deliver the message before this error is generated.&lt;/p&gt;&#xA;"
                               textIsRich="true"/>
			               </step_par>
               </step_72_17>
			            <step_73_17 jcr:primaryType="nt:unstructured" sling:resourceType="help/components/step">
                  <step_par jcr:primaryType="nt:unstructured"
                            sling:resourceType="help/components/procedure/step_parsys">
				                 <text_394 jcr:primaryType="nt:unstructured"
                               sling:resourceType="help/components/article-3/text"
                               text="&lt;p&gt;&#xA;&lt;span class=&#34;uicontrol&#34;&gt;Not connected&lt;/span&gt;&#xA;: The type of error generated when the recipient's mobile phone is off or it is not connected to a network at the time the message is sent.&lt;/p&gt;&#xA;"
                               textIsRich="true"/>
				                 <note_3 jcr:primaryType="nt:unstructured"
                             sling:resourceType="help/components/article-3/note"
                             text="&lt;p&gt;&#xA;&#x9;&#x9;&#x9;&#x9;&#x9;This type of error only concerns deliveries on mobile channels. &#xA;&#x9;&#x9;&#x9;&#x9;&lt;/p&gt;&#xA;"
                             textIsRich="true"
                             type="note"/>
			               </step_par>
               </step_73_17>
			            <step_74_17 jcr:primaryType="nt:unstructured" sling:resourceType="help/components/step">
                  <step_par jcr:primaryType="nt:unstructured"
                            sling:resourceType="help/components/procedure/step_parsys">
				                 <text_396 jcr:primaryType="nt:unstructured"
                               sling:resourceType="help/components/article-3/text"
                               text="&lt;p&gt;&#xA;&lt;span class=&#34;uicontrol&#34;&gt;Refused&lt;/span&gt;&#xA;: The type of error generated when an address is refused by the Internet service provider (ISP). For example, when a security rule has been applied by anti-Spam software.&lt;/p&gt;&#xA;"
                               textIsRich="true"/>
			               </step_par>
               </step_74_17>
		          </proc_par>
         </procedure_17>
		       <text_397 jcr:primaryType="nt:unstructured"
                   sling:resourceType="help/components/article-3/text"
                   text="&lt;p&gt;The &lt;strong&gt;Domain repartition&lt;/strong&gt; table displays the overall problems encountered during the deliveries according to the recipient domain.&lt;/p&gt;&#xA;"
                   textIsRich="true"/>
	     </main-pars>
      <hero jcr:primaryType="nt:unstructured"
            sling:resourceType="foundation/components/image"/>
      <thumbnail jcr:primaryType="nt:unstructured"
                 sling:resourceType="foundation/components/image"/>
      <publisherLogo jcr:primaryType="nt:unstructured"
                     sling:resourceType="foundation/components/image"/>
   </jcr:content>
</jcr:root>