<?xml version="1.0" encoding="UTF-8"?>
<jcr:root xmlns:nt="http://www.jcp.org/jcr/nt/1.0" xmlns:json="http://json.org/"
          xmlns:sling="http://sling.apache.org/jcr/sling/1.0"
          xmlns:cq="http://www.day.com/jcr/cq/1.0"
          xmlns:jcr="http://www.jcp.org/jcr/1.0"
          xmlns:mix="http://www.jcp.org/jcr/mix/1.0"
          jcr:primaryType="cq:Page">
   <jcr:content navTitle="Breakdown by domains" jcr:primaryType="cq:PageContent"
                sling:resourceType="help/components/pages/article-3"
                heroGradient="light"
                jcr:language="en_us"
                cq:designPath="/etc/designs/help"
                cq:template="/apps/help/templates/article-3"
                jcr:mixinTypes="[mix:versionable]"
                jcr:title="Breakdown by domains"
                jcr:description="Breakdown by domains"
                seoDescription="With the Breakdown by domains out-of-the-box report, learn about the performance data of your deliveries depending on each of your customer's domain."
                primaryProductTag="[products:SG_CAMPAIGN/STANDARD]"
                cq:tags="[products:SG_CAMPAIGN/STANDARD,audience:reporting,content_type:reference,topic_tags:list-of-reports]"
                primaryAudienceTag="[audience:reporting]"
                contentOwner="sauviat"
                isReadyForLocalization="true"
                publishExternalDate="2019-01-09">
      <main-pars jcr:primaryType="nt:unstructured"
                 sling:resourceType="foundation/components/parsys">
		
		
		
			
		
		       <text_413 jcr:primaryType="nt:unstructured"
                   sling:resourceType="help/components/article-3/text"
                   text="&lt;p&gt;This report contains the performance data for each domain represented in the audience for an email delivery. If it is a campaign or program report, the performance data is available for multiple audiences. This data allows you to analyze the behavior of each domain in reaction to specific events. For example, link display, URL blacklisting, etc.&lt;/p&gt;&#xA;"
                   textIsRich="true"/>
		       <image_22 jcr:primaryType="nt:unstructured"
                   sling:resourceType="help/components/article-3/image"
                   jcr:title=""
                   alt=""
                   captionBottom=""
                   fileName="delivery_reports_6.png"
                   originalFileName="images/en/delivery_reports_6.png"
                   fileReference="/content/dam/help/en/campaign/standard/delivery_reports_6.png"
                   imageRotate="0"
                   originalHeight=""
                   originalWidth=""
                   scaleOption="toTemplate"
                   status="legacy"/>
		       <text_414 jcr:primaryType="nt:unstructured"
                   sling:resourceType="help/components/article-3/text"
                   text="&lt;p&gt;The table &lt;strong&gt;Broadcast statistics&lt;/strong&gt; contains the available data for possible errors encountered with each domain, such as:&lt;/p&gt;&#xA;"
                   textIsRich="true"/>
		       <procedure_20 jcr:primaryType="nt:unstructured"
                       sling:resourceType="help/components/procedure"
                       isBulleted="true">
            <proc_par jcr:primaryType="nt:unstructured"
                      sling:resourceType="help/components/procedure/proc_parsys">
			            <step_83_20 jcr:primaryType="nt:unstructured" sling:resourceType="help/components/step">
                  <step_par jcr:primaryType="nt:unstructured"
                            sling:resourceType="help/components/procedure/step_parsys">
				                 <text_415 jcr:primaryType="nt:unstructured"
                               sling:resourceType="help/components/article-3/text"
                               text="&lt;p&gt;&lt;strong&gt;Sent&lt;/strong&gt;: The number of emails sent.&lt;/p&gt;&#xA;"
                               textIsRich="true"/>
			               </step_par>
               </step_83_20>
			            <step_84_20 jcr:primaryType="nt:unstructured" sling:resourceType="help/components/step">
                  <step_par jcr:primaryType="nt:unstructured"
                            sling:resourceType="help/components/procedure/step_parsys">
				                 <text_416 jcr:primaryType="nt:unstructured"
                               sling:resourceType="help/components/article-3/text"
                               text="&lt;p&gt;&lt;strong&gt;Delivered&lt;/strong&gt;: The number of emails delivered.&lt;/p&gt;&#xA;"
                               textIsRich="true"/>
			               </step_par>
               </step_84_20>
			            <step_85_20 jcr:primaryType="nt:unstructured" sling:resourceType="help/components/step">
                  <step_par jcr:primaryType="nt:unstructured"
                            sling:resourceType="help/components/procedure/step_parsys">
				                 <text_417 jcr:primaryType="nt:unstructured"
                               sling:resourceType="help/components/article-3/text"
                               text="&lt;p&gt;&lt;strong&gt;Bounces + Errors&lt;/strong&gt;: The number of messages that could not be delivered.&lt;/p&gt;&#xA;"
                               textIsRich="true"/>
			               </step_par>
               </step_85_20>
			            <step_86_20 jcr:primaryType="nt:unstructured" sling:resourceType="help/components/step">
                  <step_par jcr:primaryType="nt:unstructured"
                            sling:resourceType="help/components/procedure/step_parsys">
				                 <text_418 jcr:primaryType="nt:unstructured"
                               sling:resourceType="help/components/article-3/text"
                               text="&lt;p&gt;&lt;strong&gt;Hard bounce&lt;/strong&gt;: The total number of permanent errors, such as a wrong email address.&lt;/p&gt;&#xA;"
                               textIsRich="true"/>
			               </step_par>
               </step_86_20>
			            <step_87_20 jcr:primaryType="nt:unstructured" sling:resourceType="help/components/step">
                  <step_par jcr:primaryType="nt:unstructured"
                            sling:resourceType="help/components/procedure/step_parsys">
				                 <text_419 jcr:primaryType="nt:unstructured"
                               sling:resourceType="help/components/article-3/text"
                               text="&lt;p&gt;&lt;strong&gt;Soft bounce&lt;/strong&gt;: The total number of temporary errors, such as a full inbox.&lt;/p&gt;&#xA;"
                               textIsRich="true"/>
			               </step_par>
               </step_87_20>
		          </proc_par>
         </procedure_20>
		       <text_420 jcr:primaryType="nt:unstructured"
                   sling:resourceType="help/components/article-3/text"
                   text="&lt;p&gt;The second table, &lt;strong&gt;Tracking statistics&lt;/strong&gt;, contains the available data for recipient reactivity to delivery, such as:&lt;/p&gt;&#xA;"
                   textIsRich="true"/>
		       <procedure_21 jcr:primaryType="nt:unstructured"
                       sling:resourceType="help/components/procedure"
                       isBulleted="true">
            <proc_par jcr:primaryType="nt:unstructured"
                      sling:resourceType="help/components/procedure/proc_parsys">
			            <step_88_21 jcr:primaryType="nt:unstructured" sling:resourceType="help/components/step">
                  <step_par jcr:primaryType="nt:unstructured"
                            sling:resourceType="help/components/procedure/step_parsys">
				                 <text_421 jcr:primaryType="nt:unstructured"
                               sling:resourceType="help/components/article-3/text"
                               text="&lt;p&gt;&lt;strong&gt;Delivered&lt;/strong&gt;: The number of emails delivered&lt;/p&gt;&#xA;"
                               textIsRich="true"/>
			               </step_par>
               </step_88_21>
			            <step_89_21 jcr:primaryType="nt:unstructured" sling:resourceType="help/components/step">
                  <step_par jcr:primaryType="nt:unstructured"
                            sling:resourceType="help/components/procedure/step_parsys">
				                 <text_422 jcr:primaryType="nt:unstructured"
                               sling:resourceType="help/components/article-3/text"
                               text="&lt;p&gt;&lt;strong&gt;Open&lt;/strong&gt;: The number of times a message was opened in a delivery.&lt;/p&gt;&#xA;"
                               textIsRich="true"/>
			               </step_par>
               </step_89_21>
			            <step_90_21 jcr:primaryType="nt:unstructured" sling:resourceType="help/components/step">
                  <step_par jcr:primaryType="nt:unstructured"
                            sling:resourceType="help/components/procedure/step_parsys">
				                 <text_423 jcr:primaryType="nt:unstructured"
                               sling:resourceType="help/components/article-3/text"
                               text="&lt;p&gt;&lt;strong&gt;Click&lt;/strong&gt;: The number of times content was clicked in a delivery.&lt;/p&gt;&#xA;"
                               textIsRich="true"/>
			               </step_par>
               </step_90_21>
			            <step_91_21 jcr:primaryType="nt:unstructured" sling:resourceType="help/components/step">
                  <step_par jcr:primaryType="nt:unstructured"
                            sling:resourceType="help/components/procedure/step_parsys">
				                 <text_424 jcr:primaryType="nt:unstructured"
                               sling:resourceType="help/components/article-3/text"
                               text="&lt;p&gt;&lt;strong&gt;Unsubscribed&lt;/strong&gt;: The number of clicks on the subscription link.&lt;/p&gt;&#xA;"
                               textIsRich="true"/>
			               </step_par>
               </step_91_21>
			            <step_92_21 jcr:primaryType="nt:unstructured" sling:resourceType="help/components/step">
                  <step_par jcr:primaryType="nt:unstructured"
                            sling:resourceType="help/components/procedure/step_parsys">
				                 <text_425 jcr:primaryType="nt:unstructured"
                               sling:resourceType="help/components/article-3/text"
                               text="&lt;p&gt;&lt;strong&gt;Mirror Page&lt;/strong&gt;: The number of clicks on the mirror page link.&lt;/p&gt;&#xA;"
                               textIsRich="true"/>
			               </step_par>
               </step_92_21>
			            <step_93_21 jcr:primaryType="nt:unstructured" sling:resourceType="help/components/step">
                  <step_par jcr:primaryType="nt:unstructured"
                            sling:resourceType="help/components/procedure/step_parsys">
				                 <text_426 jcr:primaryType="nt:unstructured"
                               sling:resourceType="help/components/article-3/text"
                               text="&lt;p&gt;&lt;strong&gt;Blacklisted&lt;/strong&gt;: The number of recipients who have declared an email as spam or junk (see &#xA;&#x9;&#x9;&#x9;&#x9;&#x9;&#x9;&#x9;&#x9;&#x9;&#x9;&#x9;&#xA;&#x9;&#x9;&#x9;&#x9;&#x9;&#x9;&#x9;&lt;a href=&#34;/content/help/en/campaign/standard/audiences/using/about-opt-in-and-opt-out-in-campaign.html&#34;&gt;Managing blacklisting in Campaign&lt;/a&gt;).&lt;/p&gt;&#xA;"
                               textIsRich="true"/>
			               </step_par>
               </step_93_21>
		          </proc_par>
         </procedure_21>
	     </main-pars>
      <hero jcr:primaryType="nt:unstructured"
            sling:resourceType="foundation/components/image"/>
      <thumbnail jcr:primaryType="nt:unstructured"
                 sling:resourceType="foundation/components/image"/>
      <publisherLogo jcr:primaryType="nt:unstructured"
                     sling:resourceType="foundation/components/image"/>
   </jcr:content>
</jcr:root>