<?xml version="1.0" encoding="UTF-8"?>
<jcr:root xmlns:nt="http://www.jcp.org/jcr/nt/1.0" xmlns:json="http://json.org/"
          xmlns:sling="http://sling.apache.org/jcr/sling/1.0"
          xmlns:cq="http://www.day.com/jcr/cq/1.0"
          xmlns:jcr="http://www.jcp.org/jcr/1.0"
          xmlns:mix="http://www.jcp.org/jcr/mix/1.0"
          jcr:primaryType="cq:Page">
   <jcr:content navTitle="Complaints" jcr:primaryType="cq:PageContent"
                sling:resourceType="help/components/pages/article-3"
                heroGradient="light"
                jcr:language="en_us"
                cq:designPath="/etc/designs/help"
                cq:template="/apps/help/templates/article-3"
                jcr:mixinTypes="[mix:versionable]"
                jcr:title="Complaints"
                jcr:description="Complaints"
                seoDescription="With the Complaints out-of-the-box report, learn how many time delivery was declared as spam."
                primaryProductTag="[products:SG_CAMPAIGN/STANDARD]"
                cq:tags="[products:SG_CAMPAIGN/STANDARD,audience:reporting,content_type:reference,topic_tags:list-of-reports]"
                primaryAudienceTag="[audience:reporting]"
                contentOwner="sauviat"
                isReadyForLocalization="true"
                publishExternalDate="2019-01-09">
      <main-pars jcr:primaryType="nt:unstructured"
                 sling:resourceType="foundation/components/parsys">
		
		
		
			
		
		       <text_443 jcr:primaryType="nt:unstructured"
                   sling:resourceType="help/components/article-3/text"
                   text="&lt;p&gt;The &#xA;&lt;span class=&#34;uicontrol&#34;&gt;Complaints&lt;/span&gt;&#xA; report identifies the deliveries that have received the most declarations as spam.&lt;/p&gt;&#xA;"
                   textIsRich="true"/>
		       <image_25 jcr:primaryType="nt:unstructured"
                   sling:resourceType="help/components/article-3/image"
                   jcr:title=""
                   alt=""
                   captionBottom=""
                   fileName="delivery_reports_complaints.png"
                   originalFileName="images/en/delivery_reports_complaints.png"
                   fileReference="/content/dam/help/en/campaign/standard/delivery_reports_complaints.png"
                   imageRotate="0"
                   originalHeight=""
                   originalWidth=""
                   scaleOption="toTemplate"
                   status="legacy"/>
		       <text_444 jcr:primaryType="nt:unstructured"
                   sling:resourceType="help/components/article-3/text"
                   text="&lt;p&gt;The &lt;strong&gt;Flop&lt;/strong&gt; table, sorted by recipient domain, displays the number of recipients that have declared an email or junk. The table's results are also available in a chart and summary numbers.&lt;/p&gt;&#xA;"
                   textIsRich="true"/>
		       <text_445 jcr:primaryType="nt:unstructured"
                   sling:resourceType="help/components/article-3/text"
                   text="&lt;p&gt;The &lt;strong&gt;Delivered vs Blacklisted rate&lt;/strong&gt; table lists the number of recipients that have declared an email as spam or junk. The table is sorted by delivery.&lt;/p&gt;&#xA;"
                   textIsRich="true"/>
	     </main-pars>
      <hero jcr:primaryType="nt:unstructured"
            sling:resourceType="foundation/components/image"/>
      <thumbnail jcr:primaryType="nt:unstructured"
                 sling:resourceType="foundation/components/image"/>
      <publisherLogo jcr:primaryType="nt:unstructured"
                     sling:resourceType="foundation/components/image"/>
   </jcr:content>
</jcr:root>