<?xml version="1.0" encoding="UTF-8"?>
<jcr:root xmlns:nt="http://www.jcp.org/jcr/nt/1.0" xmlns:json="http://json.org/"
          xmlns:sling="http://sling.apache.org/jcr/sling/1.0"
          xmlns:cq="http://www.day.com/jcr/cq/1.0"
          xmlns:jcr="http://www.jcp.org/jcr/1.0"
          xmlns:mix="http://www.jcp.org/jcr/mix/1.0"
          jcr:primaryType="cq:Page">
   <jcr:content navTitle="Defining the report period" jcr:primaryType="cq:PageContent"
                sling:resourceType="help/components/pages/article-3"
                heroGradient="light"
                jcr:language="en_us"
                cq:designPath="/etc/designs/help"
                cq:template="/apps/help/templates/article-3"
                jcr:mixinTypes="[mix:versionable]"
                jcr:title="Defining the report period"
                jcr:description="Defining the report period"
                seoDescription="The time period of your report allows you to filter your data depending on the chosen dates."
                primaryProductTag="[products:SG_CAMPAIGN/STANDARD]"
                cq:tags="[products:SG_CAMPAIGN/STANDARD,audience:reporting,content_type:reference,topic_tags:list-of-reports]"
                primaryAudienceTag="[audience:reporting]"
                contentOwner="sauviat"
                isReadyForLocalization="true"
                publishExternalDate="2019-01-09">
      <main-pars jcr:primaryType="nt:unstructured"
                 sling:resourceType="foundation/components/parsys">
		
		
			
		
		       <text_362 jcr:primaryType="nt:unstructured"
                   sling:resourceType="help/components/article-3/text"
                   text="&lt;p&gt;Before starting or accessing a report, you must apply a time period. The given period can be accessed on the top right of the report. &lt;/p&gt;&#xA;"
                   textIsRich="true"/>
		       <text_363 jcr:primaryType="nt:unstructured"
                   sling:resourceType="help/components/article-3/text"
                   text="&lt;p&gt;By default, for a campaign or program, the filter period is set to the start and end date of the program or campaign. For a delivery, the start date corresponds to the sent date and the end date to the sent date plus 7 days. &lt;/p&gt;&#xA;"
                   textIsRich="true"/>
		       <text_364 jcr:primaryType="nt:unstructured"
                   sling:resourceType="help/components/article-3/text"
                   text="&lt;p&gt;To modify the filter, select a start date and a period or use the pre-set time period such as last week, two months ago, etc.&lt;/p&gt;&#xA;"
                   textIsRich="true"/>
		       <text_365 jcr:primaryType="nt:unstructured"
                   sling:resourceType="help/components/article-3/text"
                   text="&lt;p&gt;The report is automatically updated when a filter is applied or modified.&lt;/p&gt;&#xA;"
                   textIsRich="true"/>
		       <image_17 jcr:primaryType="nt:unstructured"
                   sling:resourceType="help/components/article-3/image"
                   jcr:title=""
                   alt=""
                   captionBottom=""
                   fileName="campaign_reports_5.png"
                   originalFileName="images/en/campaign_reports_5.png"
                   fileReference="/content/dam/help/en/campaign/standard/campaign_reports_5.png"
                   imageRotate="0"
                   originalHeight=""
                   originalWidth=""
                   scaleOption="toTemplate"
                   status="legacy"/>
	     </main-pars>
      <hero jcr:primaryType="nt:unstructured"
            sling:resourceType="foundation/components/image"/>
      <thumbnail jcr:primaryType="nt:unstructured"
                 sling:resourceType="foundation/components/image"/>
      <publisherLogo jcr:primaryType="nt:unstructured"
                     sling:resourceType="foundation/components/image"/>
   </jcr:content>
</jcr:root>