<?xml version="1.0" encoding="UTF-8"?>
<jcr:root xmlns:nt="http://www.jcp.org/jcr/nt/1.0" xmlns:json="http://json.org/"
          xmlns:sling="http://sling.apache.org/jcr/sling/1.0"
          xmlns:cq="http://www.day.com/jcr/cq/1.0"
          xmlns:jcr="http://www.jcp.org/jcr/1.0"
          xmlns:mix="http://www.jcp.org/jcr/mix/1.0"
          jcr:primaryType="cq:Page">
   <jcr:content navTitle="Hot clicks" jcr:primaryType="cq:PageContent"
                sling:resourceType="help/components/pages/article-3"
                heroGradient="light"
                jcr:language="en_us"
                cq:designPath="/etc/designs/help"
                cq:template="/apps/help/templates/article-3"
                jcr:mixinTypes="[mix:versionable]"
                jcr:title="Hot clicks"
                jcr:description="Hot clicks"
                seoDescription="With the Hot clicks out-of-the-box report, learn where your customer clicked on your delivery."
                primaryProductTag="[products:SG_CAMPAIGN/STANDARD]"
                cq:tags="[products:SG_CAMPAIGN/STANDARD,audience:reporting,content_type:reference,topic_tags:list-of-reports]"
                primaryAudienceTag="[audience:reporting]"
                contentOwner="sauviat"
                isReadyForLocalization="true"
                publishExternalDate="2019-01-09">
      <main-pars jcr:primaryType="nt:unstructured"
                 sling:resourceType="foundation/components/parsys">
		
		
		
			
		
		       <text_474 jcr:primaryType="nt:unstructured"
                   sling:resourceType="help/components/article-3/text"
                   text="&lt;p&gt;This report can be accessed from the &#xA;&lt;span class=&#34;uicontrol&#34;&gt;Reports&lt;/span&gt;&#xA; button in each delivery or transactional message.&lt;/p&gt;&#xA;"
                   textIsRich="true"/>
		       <image_30 jcr:primaryType="nt:unstructured"
                   sling:resourceType="help/components/article-3/image"
                   jcr:title=""
                   alt=""
                   captionBottom=""
                   fileName="delivery_reports_hot-clicks_4.png"
                   originalFileName="images/en/delivery_reports_hot-clicks_4.png"
                   fileReference="/content/dam/help/en/campaign/standard/delivery_reports_hot-clicks_4.png"
                   imageRotate="0"
                   originalHeight=""
                   originalWidth=""
                   scaleOption="toTemplate"
                   status="legacy"/>
		       <text_475 jcr:primaryType="nt:unstructured"
                   sling:resourceType="help/components/article-3/text"
                   text="&lt;p&gt;It presents the message content (HTML and/or text) with the percentage of clicks on each link.&lt;/p&gt;&#xA;"
                   textIsRich="true"/>
		       <image_31 jcr:primaryType="nt:unstructured"
                   sling:resourceType="help/components/article-3/image"
                   jcr:title=""
                   alt=""
                   captionBottom=""
                   fileName="delivery_reports_10.png"
                   originalFileName="images/en/delivery_reports_10.png"
                   fileReference="/content/dam/help/en/campaign/standard/delivery_reports_10.png"
                   imageRotate="0"
                   originalHeight=""
                   originalWidth=""
                   scaleOption="toTemplate"
                   status="legacy"/>
         <text_476 jcr:primaryType="nt:unstructured"
                   sling:resourceType="help/components/article-3/text"
                   text="&lt;p&gt;If you created dynamic content for your delivery, you can view the percentages for each condition that you defined. For more on inserting conditional content in a delivery, see &#xA;&#x9;&#x9;&#x9;&#x9;&#x9;&#x9;&#x9;&#x9;&#x9;&#x9;&#x9;&#xA;&#x9;&#x9;&#x9;&#x9;&#x9;&#x9;&#x9;&lt;a href=&#34;/content/help/en/campaign/standard/designing/using/defining-dynamic-content-in-a-landing-page.html&#34;&gt;Defining dynamic content&lt;/a&gt;.&lt;/p&gt;&#xA;"
                   textIsRich="true"/>
		       <text_477 jcr:primaryType="nt:unstructured"
                   sling:resourceType="help/components/article-3/text"
                   text="&lt;p&gt;For example, imagine you created a delivery with the following conditions:&lt;/p&gt;&#xA;"
                   textIsRich="true"/>
		       <procedure_28 jcr:primaryType="nt:unstructured"
                       sling:resourceType="help/components/procedure"
                       isBulleted="true">
            <proc_par jcr:primaryType="nt:unstructured"
                      sling:resourceType="help/components/procedure/proc_parsys">
			            <step_113_28 jcr:primaryType="nt:unstructured" sling:resourceType="help/components/step">
                  <step_par jcr:primaryType="nt:unstructured"
                            sling:resourceType="help/components/procedure/step_parsys">
				                 <text_478 jcr:primaryType="nt:unstructured"
                               sling:resourceType="help/components/article-3/text"
                               text="&lt;p&gt;The link on the main image is different if the recipient is a man or a woman.&lt;/p&gt;&#xA;"
                               textIsRich="true"/>
			               </step_par>
               </step_113_28>
			            <step_114_28 jcr:primaryType="nt:unstructured" sling:resourceType="help/components/step">
                  <step_par jcr:primaryType="nt:unstructured"
                            sling:resourceType="help/components/procedure/step_parsys">
				                 <text_479 jcr:primaryType="nt:unstructured"
                               sling:resourceType="help/components/article-3/text"
                               text="&lt;p&gt;You also added a link to a special offer that is only visible to recipients over 25.&lt;/p&gt;&#xA;"
                               textIsRich="true"/>
			               </step_par>
               </step_114_28>
		          </proc_par>
         </procedure_28>
		       <text_480 jcr:primaryType="nt:unstructured"
                   sling:resourceType="help/components/article-3/text"
                   text="&lt;p&gt;Once your message is sent, select &#xA;&lt;span class=&#34;uicontrol&#34;&gt;Reports&lt;/span&gt;&#xA; &gt; &#xA;&lt;span class=&#34;uicontrol&#34;&gt;Hot clicks&lt;/span&gt;&#xA; from the delivery dashboard.&lt;/p&gt;&#xA;"
                   textIsRich="true"/>
		       <text_481 jcr:primaryType="nt:unstructured"
                   sling:resourceType="help/components/article-3/text"
                   text="&lt;p&gt;By default, no profile is selected. Only clicks for recipients whose gender is unknown and for recipients who are under 25 or whose age is unknown are displayed.&lt;/p&gt;&#xA;"
                   textIsRich="true"/>
		       <image_32 jcr:primaryType="nt:unstructured"
                   sling:resourceType="help/components/article-3/image"
                   jcr:title=""
                   alt=""
                   captionBottom=""
                   fileName="delivery_reports_hot-clicks_1.png"
                   originalFileName="images/en/delivery_reports_hot-clicks_1.png"
                   fileReference="/content/dam/help/en/campaign/standard/delivery_reports_hot-clicks_1.png"
                   imageRotate="0"
                   originalHeight=""
                   originalWidth=""
                   scaleOption="toTemplate"
                   status="legacy"/>
		       <text_482 jcr:primaryType="nt:unstructured"
                   sling:resourceType="help/components/article-3/text"
                   text="&lt;p&gt;To display clicks for women, click the &#xA;&lt;span class=&#34;uicontrol&#34;&gt;Change profile&lt;/span&gt;&#xA; button and select a female test profile. To display clicks for men, proceed similarly and select a male test profile.&lt;/p&gt;&#xA;"
                   textIsRich="true"/>
		       <image_33 jcr:primaryType="nt:unstructured"
                   sling:resourceType="help/components/article-3/image"
                   jcr:title=""
                   alt=""
                   captionBottom=""
                   fileName="delivery_reports_hot-clicks_2.png"
                   originalFileName="images/en/delivery_reports_hot-clicks_2.png"
                   fileReference="/content/dam/help/en/campaign/standard/delivery_reports_hot-clicks_2.png"
                   imageRotate="0"
                   originalHeight=""
                   originalWidth=""
                   scaleOption="toTemplate"
                   status="legacy"/>
		       <text_483 jcr:primaryType="nt:unstructured"
                   sling:resourceType="help/components/article-3/text"
                   text="&lt;p&gt;To display clicks for recipients over 25, click the &#xA;&lt;span class=&#34;uicontrol&#34;&gt;Change profile&lt;/span&gt;&#xA; button and select a test profile whose birth date is matching this condition.&lt;/p&gt;&#xA;"
                   textIsRich="true"/>
		       <text_484 jcr:primaryType="nt:unstructured"
                   sling:resourceType="help/components/article-3/text"
                   text="&lt;p&gt;For more on test profiles, see &#xA;&#x9;&#x9;&#x9;&#x9;&#x9;&#x9;&#x9;&#x9;&#x9;&#x9;&#x9;&#xA;&#x9;&#x9;&#x9;&#x9;&#x9;&#x9;&#x9;&lt;a href=&#34;/content/help/en/campaign/standard/sending/using/managing-test-profiles-and-sending-proofs.html#about-test-profiles&#34;&gt;About test profiles&lt;/a&gt;.&lt;/p&gt;&#xA;"
                   textIsRich="true"/>
		       <note_5 jcr:primaryType="nt:unstructured"
                 sling:resourceType="help/components/article-3/note"
                 text="&lt;p&gt;&#xA;&#x9;&#x9;&#x9;The number of clicks on a specific link is a percentage of the total clicks for all conditional contents in a delivery. Therefore, if you defined dynamic content, the total of the percentages displayed for a specific test profile might not equal 100.&#xA;&#x9;&#x9;&lt;/p&gt;&#xA;"
                 textIsRich="true"
                 type="note"/>
         <text_486 jcr:primaryType="nt:unstructured"
                   sling:resourceType="help/components/article-3/text"
                   text="&lt;p&gt;Similarly, for recurring deliveries and transactional messages, you can select the test profile corresponding to the dynamic content that you want to display, but you can also view the click percentages according to the selected execution delivery.&lt;/p&gt;&#xA;"
                   textIsRich="true"/>
		       <text_487 jcr:primaryType="nt:unstructured"
                   sling:resourceType="help/components/article-3/text"
                   text="&lt;p&gt;An execution delivery is a non-actionable and non-functional technical message that is created in the following cases:&lt;/p&gt;&#xA;"
                   textIsRich="true"/>
		       <procedure_29 jcr:primaryType="nt:unstructured"
                       sling:resourceType="help/components/procedure"
                       isBulleted="true">
            <proc_par jcr:primaryType="nt:unstructured"
                      sling:resourceType="help/components/procedure/proc_parsys">
			            <step_115_29 jcr:primaryType="nt:unstructured" sling:resourceType="help/components/step">
                  <step_par jcr:primaryType="nt:unstructured"
                            sling:resourceType="help/components/procedure/step_parsys">
				                 <text_488 jcr:primaryType="nt:unstructured"
                               sling:resourceType="help/components/article-3/text"
                               text="&lt;p&gt;Each time a recurring delivery is executed or updated.&lt;/p&gt;&#xA;"
                               textIsRich="true"/>
				                 <text_489 jcr:primaryType="nt:unstructured"
                               sling:resourceType="help/components/article-3/text"
                               text="&lt;p&gt;For example, if the workflow managing this delivery is executed once a month, there will be one execution delivery per month. In addition to this, each time the content of the delivery is updated, an additional execution delivery is created.&lt;/p&gt;&#xA;"
                               textIsRich="true"/>
				                 <text_490 jcr:primaryType="nt:unstructured"
                               sling:resourceType="help/components/article-3/text"
                               text="&lt;p&gt;For more on recurring email deliveries, see &#xA;&#x9;&#x9;&#x9;&#x9;&#x9;&#x9;&#x9;&#x9;&#x9;&#x9;&#x9;&#xA;&#x9;&#x9;&#x9;&#x9;&#x9;&#x9;&#x9;&lt;a href=&#34;/content/help/en/campaign/standard/automating/using/email-delivery.html&#34;&gt;Email delivery&lt;/a&gt;.&lt;/p&gt;&#xA;"
                               textIsRich="true"/>
			               </step_par>
               </step_115_29>
			            <step_116_29 jcr:primaryType="nt:unstructured" sling:resourceType="help/components/step">
                  <step_par jcr:primaryType="nt:unstructured"
                            sling:resourceType="help/components/procedure/step_parsys">
				                 <text_491 jcr:primaryType="nt:unstructured"
                               sling:resourceType="help/components/article-3/text"
                               text="&lt;p&gt;By default once a month for transactional messages, and each time a transactional message is edited and published again.&lt;/p&gt;&#xA;"
                               textIsRich="true"/>
				                 <text_492 jcr:primaryType="nt:unstructured"
                               sling:resourceType="help/components/article-3/text"
                               text="&lt;p&gt;For more on transactional messages, see &#xA;&#x9;&#x9;&#x9;&#x9;&#x9;&#x9;&#x9;&#x9;&#x9;&#x9;&#x9;&#xA;&#x9;&#x9;&#x9;&#x9;&#x9;&#x9;&#x9;&lt;a href=&#34;/content/help/en/campaign/standard/channels/using/about-transactional-messaging.html&#34;&gt;About transactional messaging&lt;/a&gt;.&lt;/p&gt;&#xA;"
                               textIsRich="true"/>
			               </step_par>
               </step_116_29>
		          </proc_par>
         </procedure_29>
		       <note_6 jcr:primaryType="nt:unstructured"
                 sling:resourceType="help/components/article-3/note"
                 text="&lt;p&gt;&#xA;&#x9;&#x9;&#x9;Because the tracked URLs' IDs are different for each execution, the hot clicks data cannot be aggregated for all the execution deliveries of a given message. It can only be displayed for one execution delivery at a time.&#xA;&#x9;&#x9;&#x9;&#xA;&#x9;&#x9;&lt;/p&gt;&#xA;"
                 textIsRich="true"
                 type="note"/>
		       <text_494 jcr:primaryType="nt:unstructured"
                   sling:resourceType="help/components/article-3/text"
                   text="&lt;p&gt;Once your message is sent, select &#xA;&lt;span class=&#34;uicontrol&#34;&gt;Reports&lt;/span&gt;&#xA; &gt; &#xA;&lt;span class=&#34;uicontrol&#34;&gt;Hot clicks&lt;/span&gt;&#xA; from the delivery dashboard.&lt;/p&gt;&#xA;"
                   textIsRich="true"/>
		       <text_495 jcr:primaryType="nt:unstructured"
                   sling:resourceType="help/components/article-3/text"
                   text="&lt;p&gt;By default, the last execution delivery is selected. Click the &#xA;&lt;span class=&#34;uicontrol&#34;&gt;Change execution delivery&lt;/span&gt;&#xA; button to select another one.&lt;/p&gt;&#xA;"
                   textIsRich="true"/>
		       <image_34 jcr:primaryType="nt:unstructured"
                   sling:resourceType="help/components/article-3/image"
                   jcr:title=""
                   alt=""
                   captionBottom=""
                   fileName="delivery_reports_hot-clicks_3.png"
                   originalFileName="images/en/delivery_reports_hot-clicks_3.png"
                   fileReference="/content/dam/help/en/campaign/standard/delivery_reports_hot-clicks_3.png"
                   imageRotate="0"
                   originalHeight=""
                   originalWidth=""
                   scaleOption="toTemplate"
                   status="legacy"/>
		       <text_496 jcr:primaryType="nt:unstructured"
                   sling:resourceType="help/components/article-3/text"
                   text="&lt;p&gt;Only the click percentages for the selected delivery execution are displayed.&lt;/p&gt;&#xA;"
                   textIsRich="true"/>
		
	     </main-pars>
      <hero jcr:primaryType="nt:unstructured"
            sling:resourceType="foundation/components/image"/>
      <thumbnail jcr:primaryType="nt:unstructured"
                 sling:resourceType="foundation/components/image"/>
      <publisherLogo jcr:primaryType="nt:unstructured"
                     sling:resourceType="foundation/components/image"/>
   </jcr:content>
</jcr:root>