<?xml version="1.0" encoding="UTF-8"?>
<jcr:root xmlns:nt="http://www.jcp.org/jcr/nt/1.0" xmlns:json="http://json.org/"
          xmlns:sling="http://sling.apache.org/jcr/sling/1.0"
          xmlns:cq="http://www.day.com/jcr/cq/1.0"
          xmlns:jcr="http://www.jcp.org/jcr/1.0"
          xmlns:mix="http://www.jcp.org/jcr/mix/1.0"
          jcr:primaryType="cq:Page">
   <jcr:content navTitle="Push notification report" jcr:primaryType="cq:PageContent"
                sling:resourceType="help/components/pages/article-3"
                heroGradient="light"
                jcr:language="en_us"
                cq:designPath="/etc/designs/help"
                cq:template="/apps/help/templates/article-3"
                jcr:mixinTypes="[mix:versionable]"
                jcr:title="Push notification report"
                jcr:description="Push notification report"
                seoDescription="With the Push notification out-of-the-box report, learn about the success of your push notifications."
                primaryProductTag="[products:SG_CAMPAIGN/STANDARD]"
                cq:tags="[products:SG_CAMPAIGN/STANDARD,audience:reporting,content_type:reference,topic_tags:list-of-reports]"
                primaryAudienceTag="[audience:reporting]"
                contentOwner="sauviat"
                isReadyForLocalization="true"
                publishExternalDate="2019-01-09">
      <main-pars jcr:primaryType="nt:unstructured"
                 sling:resourceType="foundation/components/parsys">
		
		
			
		
		       <text_461 jcr:primaryType="nt:unstructured"
                   sling:resourceType="help/components/article-3/text"
                   text="&lt;p&gt;The &lt;strong&gt;Push notification&lt;/strong&gt; report provides details related to push notifications. For example, delivered and open rates.&lt;/p&gt;&#xA;"
                   textIsRich="true"/>
		       <image_28 jcr:primaryType="nt:unstructured"
                   sling:resourceType="help/components/article-3/image"
                   jcr:title=""
                   alt=""
                   captionBottom=""
                   fileName="dynamic_report_push.png"
                   originalFileName="images/en/dynamic_report_push.png"
                   fileReference="/content/dam/help/en/campaign/standard/dynamic_report_push.png"
                   imageRotate="0"
                   originalHeight=""
                   originalWidth=""
                   scaleOption="toTemplate"
                   status="legacy"/>
		       <text_462 jcr:primaryType="nt:unstructured"
                   sling:resourceType="help/components/article-3/text"
                   text="&lt;p&gt;Each table is represented by summary numbers and charts. You can change how the details are shown in their respective visualization settings.&lt;/p&gt;&#xA;"
                   textIsRich="true"/>
		       <text_463 jcr:primaryType="nt:unstructured"
                   sling:resourceType="help/components/article-3/text"
                   text="&lt;p&gt;The first table, &lt;strong&gt;Push summary&lt;/strong&gt;, contains the data available for sent push notification: &lt;/p&gt;&#xA;"
                   textIsRich="true"/>
		       <procedure_26 jcr:primaryType="nt:unstructured"
                       sling:resourceType="help/components/procedure"
                       isBulleted="true">
            <proc_par jcr:primaryType="nt:unstructured"
                      sling:resourceType="help/components/procedure/proc_parsys">
			            <step_108_26 jcr:primaryType="nt:unstructured" sling:resourceType="help/components/step">
                  <step_par jcr:primaryType="nt:unstructured"
                            sling:resourceType="help/components/procedure/step_parsys">
				                 <text_464 jcr:primaryType="nt:unstructured"
                               sling:resourceType="help/components/article-3/text"
                               text="&lt;p&gt;&lt;strong&gt;Processed/Sent&lt;/strong&gt;: Total number of sends for the delivery.&lt;/p&gt;&#xA;"
                               textIsRich="true"/>
			               </step_par>
               </step_108_26>
			            <step_109_26 jcr:primaryType="nt:unstructured" sling:resourceType="help/components/step">
                  <step_par jcr:primaryType="nt:unstructured"
                            sling:resourceType="help/components/procedure/step_parsys">
				                 <text_465 jcr:primaryType="nt:unstructured"
                               sling:resourceType="help/components/article-3/text"
                               text="&lt;p&gt;&lt;strong&gt;Delivered&lt;/strong&gt;: Number of push notifications successfully sent, in relation to the total number of sent messages.&lt;/p&gt;&#xA;"
                               textIsRich="true"/>
			               </step_par>
               </step_109_26>
			            <step_110_26 jcr:primaryType="nt:unstructured" sling:resourceType="help/components/step">
                  <step_par jcr:primaryType="nt:unstructured"
                            sling:resourceType="help/components/procedure/step_parsys">
				                 <text_466 jcr:primaryType="nt:unstructured"
                               sling:resourceType="help/components/article-3/text"
                               text="&lt;p&gt;&lt;strong&gt;Open&lt;/strong&gt;: Number of time a user's interaction with Push notification causes the App to be launched.&lt;/p&gt;&#xA;"
                               textIsRich="true"/>
			               </step_par>
               </step_110_26>
		          </proc_par>
         </procedure_26>
		       <text_467 jcr:primaryType="nt:unstructured"
                   sling:resourceType="help/components/article-3/text"
                   text="&lt;p&gt;The following two tables, &lt;strong&gt;Mobile app repartition&lt;/strong&gt; and &lt;strong&gt;Platform repartition&lt;/strong&gt;, contain the available data for push notifications. This data depends upon:&lt;/p&gt;&#xA;"
                   textIsRich="true"/>
		       <procedure_27 jcr:primaryType="nt:unstructured"
                       sling:resourceType="help/components/procedure"
                       isBulleted="true">
            <proc_par jcr:primaryType="nt:unstructured"
                      sling:resourceType="help/components/procedure/proc_parsys">
			            <step_111_27 jcr:primaryType="nt:unstructured" sling:resourceType="help/components/step">
                  <step_par jcr:primaryType="nt:unstructured"
                            sling:resourceType="help/components/procedure/step_parsys">
				                 <text_468 jcr:primaryType="nt:unstructured"
                               sling:resourceType="help/components/article-3/text"
                               text="&lt;p&gt;The mobile applications used to send the push notifications.&lt;/p&gt;&#xA;"
                               textIsRich="true"/>
			               </step_par>
               </step_111_27>
			            <step_112_27 jcr:primaryType="nt:unstructured" sling:resourceType="help/components/step">
                  <step_par jcr:primaryType="nt:unstructured"
                            sling:resourceType="help/components/procedure/step_parsys">
				                 <text_469 jcr:primaryType="nt:unstructured"
                               sling:resourceType="help/components/article-3/text"
                               text="&lt;p&gt;The recipients' mobile operating systems.&lt;/p&gt;&#xA;"
                               textIsRich="true"/>
			               </step_par>
               </step_112_27>
		          </proc_par>
         </procedure_27>
	     </main-pars>
      <hero jcr:primaryType="nt:unstructured"
            sling:resourceType="foundation/components/image"/>
      <thumbnail jcr:primaryType="nt:unstructured"
                 sling:resourceType="foundation/components/image"/>
      <publisherLogo jcr:primaryType="nt:unstructured"
                     sling:resourceType="foundation/components/image"/>
   </jcr:content>
</jcr:root>