<?xml version="1.0" encoding="UTF-8"?>
<jcr:root xmlns:nt="http://www.jcp.org/jcr/nt/1.0" xmlns:json="http://json.org/"
          xmlns:sling="http://sling.apache.org/jcr/sling/1.0"
          xmlns:cq="http://www.day.com/jcr/cq/1.0"
          xmlns:jcr="http://www.jcp.org/jcr/1.0"
          xmlns:mix="http://www.jcp.org/jcr/mix/1.0"
          jcr:primaryType="cq:Page">
   <jcr:content navTitle="Tracking indicators" jcr:primaryType="cq:PageContent"
                sling:resourceType="help/components/pages/article-3"
                heroGradient="light"
                jcr:language="en_us"
                cq:designPath="/etc/designs/help"
                cq:template="/apps/help/templates/article-3"
                jcr:mixinTypes="[mix:versionable]"
                jcr:title="Tracking indicators"
                jcr:description="Tracking indicators"
                seoDescription="With the Tracking indicators out-of-the-box report, learn about the behavior of your customers when they receive email messages."
                primaryProductTag="[products:SG_CAMPAIGN/STANDARD]"
                cq:tags="[products:SG_CAMPAIGN/STANDARD,audience:reporting,content_type:reference,topic_tags:list-of-reports]"
                primaryAudienceTag="[audience:reporting]"
                contentOwner="sauviat"
                isReadyForLocalization="true"
                publishExternalDate="2019-01-09">
      <main-pars jcr:primaryType="nt:unstructured"
                 sling:resourceType="foundation/components/parsys">
		
		
		
			
		
		       <text_403 jcr:primaryType="nt:unstructured"
                   sling:resourceType="help/components/article-3/text"
                   text="&lt;p&gt;The &#xA;&lt;span class=&#34;uicontrol&#34;&gt;Tracking indicators&lt;/span&gt;&#xA; report contains the key indicators for tracking behavior after email messages are received.&lt;/p&gt;&#xA;"
                   textIsRich="true"/>
		       <note_4 jcr:primaryType="nt:unstructured"
                 sling:resourceType="help/components/article-3/note"
                 text="&lt;p&gt;&#xA;&#x9;&#x9;&#x9;To access this data, tracking has to be enabled when preparing a delivery.&#xA;&#x9;&#x9;&lt;/p&gt;&#xA;"
                 textIsRich="true"
                 type="note"/>
		       <image_21 jcr:primaryType="nt:unstructured"
                   sling:resourceType="help/components/article-3/image"
                   jcr:title=""
                   alt=""
                   captionBottom=""
                   fileName="delivery_reports_2.png"
                   originalFileName="images/en/delivery_reports_2.png"
                   fileReference="/content/dam/help/en/campaign/standard/delivery_reports_2.png"
                   imageRotate="0"
                   originalHeight=""
                   originalWidth=""
                   scaleOption="toTemplate"
                   status="legacy"/>
		       <text_405 jcr:primaryType="nt:unstructured"
                   sling:resourceType="help/components/article-3/text"
                   text="&lt;p&gt;The &#xA;&lt;span class=&#34;uicontrol&#34;&gt;Tracking indicators&lt;/span&gt;&#xA; table and &lt;strong&gt;Top 5 deliveries &lt;/strong&gt;graph contain the available data for email tracking, such as: &lt;/p&gt;&#xA;"
                   textIsRich="true"/>
		       <procedure_19 jcr:primaryType="nt:unstructured"
                       sling:resourceType="help/components/procedure"
                       isBulleted="true">
            <proc_par jcr:primaryType="nt:unstructured"
                      sling:resourceType="help/components/procedure/proc_parsys">
			            <step_77_19 jcr:primaryType="nt:unstructured" sling:resourceType="help/components/step">
                  <step_par jcr:primaryType="nt:unstructured"
                            sling:resourceType="help/components/procedure/step_parsys">
				                 <text_406 jcr:primaryType="nt:unstructured"
                               sling:resourceType="help/components/article-3/text"
                               text="&lt;p&gt;&#xA;&lt;span class=&#34;uicontrol&#34;&gt;Delivered&lt;/span&gt;&#xA;: The number of messages successfully sent. Errors raised (bounces) are taken into account. however, complaints (spam declarations) and away messages such as &#34;out of office&#34; are not taken into account.&lt;/p&gt;&#xA;"
                               textIsRich="true"/>
			               </step_par>
               </step_77_19>
			            <step_78_19 jcr:primaryType="nt:unstructured" sling:resourceType="help/components/step">
                  <step_par jcr:primaryType="nt:unstructured"
                            sling:resourceType="help/components/procedure/step_parsys">
				                 <text_407 jcr:primaryType="nt:unstructured"
                               sling:resourceType="help/components/article-3/text"
                               text="&lt;p&gt;&lt;strong&gt;Open&lt;/strong&gt;: The number of times a message was opened in a delivery.&lt;/p&gt;&#xA;"
                               textIsRich="true"/>
			               </step_par>
               </step_78_19>
			            <step_79_19 jcr:primaryType="nt:unstructured" sling:resourceType="help/components/step">
                  <step_par jcr:primaryType="nt:unstructured"
                            sling:resourceType="help/components/procedure/step_parsys">
				                 <text_408 jcr:primaryType="nt:unstructured"
                               sling:resourceType="help/components/article-3/text"
                               text="&lt;p&gt;&lt;strong&gt;Click&lt;/strong&gt;: The number of times content was clicked in a delivery.&lt;/p&gt;&#xA;"
                               textIsRich="true"/>
			               </step_par>
               </step_79_19>
			            <step_80_19 jcr:primaryType="nt:unstructured" sling:resourceType="help/components/step">
                  <step_par jcr:primaryType="nt:unstructured"
                            sling:resourceType="help/components/procedure/step_parsys">
				                 <text_409 jcr:primaryType="nt:unstructured"
                               sling:resourceType="help/components/article-3/text"
                               text="&lt;p&gt;&lt;strong&gt;Unsubscribed&lt;/strong&gt;: The number of clicks on the subscription link.&lt;/p&gt;&#xA;"
                               textIsRich="true"/>
			               </step_par>
               </step_80_19>
			            <step_81_19 jcr:primaryType="nt:unstructured" sling:resourceType="help/components/step">
                  <step_par jcr:primaryType="nt:unstructured"
                            sling:resourceType="help/components/procedure/step_parsys">
				                 <text_410 jcr:primaryType="nt:unstructured"
                               sling:resourceType="help/components/article-3/text"
                               text="&lt;p&gt;&lt;strong&gt;Spam:&lt;/strong&gt; The number of recipients who have declared an email as spam.&lt;/p&gt;&#xA;"
                               textIsRich="true"/>
			               </step_par>
               </step_81_19>
			            <step_82_19 jcr:primaryType="nt:unstructured" sling:resourceType="help/components/step">
                  <step_par jcr:primaryType="nt:unstructured"
                            sling:resourceType="help/components/procedure/step_parsys">
				                 <text_411 jcr:primaryType="nt:unstructured"
                               sling:resourceType="help/components/article-3/text"
                               text="&lt;p&gt;&lt;strong&gt;Mirror Page&lt;/strong&gt;: The number of clicks on the mirror page link.&lt;/p&gt;&#xA;"
                               textIsRich="true"/>
			               </step_par>
               </step_82_19>
		          </proc_par>
         </procedure_19>
		
	     </main-pars>
      <hero jcr:primaryType="nt:unstructured"
            sling:resourceType="foundation/components/image"/>
      <thumbnail jcr:primaryType="nt:unstructured"
                 sling:resourceType="foundation/components/image"/>
      <publisherLogo jcr:primaryType="nt:unstructured"
                     sling:resourceType="foundation/components/image"/>
   </jcr:content>
</jcr:root>