<?xml version="1.0" encoding="UTF-8"?>
<jcr:root xmlns:nt="http://www.jcp.org/jcr/nt/1.0" xmlns:json="http://json.org/"
          xmlns:sling="http://sling.apache.org/jcr/sling/1.0"
          xmlns:cq="http://www.day.com/jcr/cq/1.0"
          xmlns:jcr="http://www.jcp.org/jcr/1.0"
          xmlns:mix="http://www.jcp.org/jcr/mix/1.0"
          jcr:primaryType="cq:Page">
   <jcr:content cq:designPath="/etc/designs/help"
                cq:template="/apps/help/templates/contenttype"
                jcr:language="en_us"
                jcr:primaryType="cq:PageContent"
                jcr:title="using"
                sling:resourceType="help/components/contenttype"
                contentOwner="sauviat"
                preview="false"
                isReadyForLocalization="true"/>
   <about-administrating-adobe-campaign/>
   <about-access-management/>
   <types-of-users/>
   <organizational-units/>
   <list-of-roles/>
   <managing-groups-and-users/>
   <auditing-export-logs/>
   <licenses/>
   <about-channel-configuration/>
   <configuring-email-channel/>
   <configuring-sms-channel/>
   <configuring-transactional-messaging/>
   <about-typology-rules/>
   <filtering-rules/>
   <fatigue-rules/>
   <control-rules/>
   <external-accounts/>
   <target-mappings-in-campaign/>
   <technical-workflows/>
   <branding/>
   <adobe-campaign-notifications/>
</jcr:root>