<?xml version="1.0" encoding="UTF-8"?>
<jcr:root xmlns:nt="http://www.jcp.org/jcr/nt/1.0" xmlns:json="http://json.org/"
          xmlns:sling="http://sling.apache.org/jcr/sling/1.0"
          xmlns:cq="http://www.day.com/jcr/cq/1.0"
          xmlns:jcr="http://www.jcp.org/jcr/1.0"
          xmlns:mix="http://www.jcp.org/jcr/mix/1.0"
          jcr:primaryType="cq:Page">
   <jcr:content navTitle="About access management" jcr:primaryType="cq:PageContent"
                sling:resourceType="help/components/pages/article-3"
                heroGradient="light"
                jcr:language="en_us"
                cq:designPath="/etc/designs/help"
                cq:template="/apps/help/templates/article-3"
                jcr:mixinTypes="[mix:versionable]"
                jcr:title="About access management"
                jcr:description="About access management"
                seoDescription="Manage your Adobe Campaign operators using roles, groups and organizational units."
                primaryProductTag="[products:SG_CAMPAIGN/STANDARD]"
                cq:tags="[products:SG_CAMPAIGN/STANDARD,audience:administration,content_type:reference,topic_tags:users-e-security]"
                primaryAudienceTag="[audience:administration]"
                contentOwner="sauviat"
                isReadyForLocalization="true"
                publishExternalDate="2019-01-09">
      <main-pars jcr:primaryType="nt:unstructured"
                 sling:resourceType="foundation/components/parsys">
    
    
      
    
         <caution_0 jcr:primaryType="nt:unstructured"
                    sling:resourceType="help/components/article-3/note"
                    text="&lt;p&gt;&#xA;      Note that the geographical unit capability has been deprecated. For more on this, refer to this &#xA;&lt;a href=&#34;https://helpx.adobe.com/campaign/kb/acs-deprecated-and-removed-features.html&#34;&gt;page&lt;/a&gt;.&#xA;    &lt;/p&gt;&#xA;"
                    textIsRich="true"
                    type="caution"/>
         <text_28 jcr:primaryType="nt:unstructured"
                  sling:resourceType="help/components/article-3/text"
                  text="&lt;p&gt;Adobe Campaign allows you to define and manage the permissions assigned to different users. Permissions are a set of rights and restrictions that authorize or deny access to certain functionalities or objects in the interface. These permissions are based on two concepts:&lt;/p&gt;&#xA;"
                  textIsRich="true"/>
         <procedure_2 jcr:primaryType="nt:unstructured"
                      sling:resourceType="help/components/procedure"
                      isBulleted="true">
            <proc_par jcr:primaryType="nt:unstructured"
                      sling:resourceType="help/components/procedure/proc_parsys">
               <step_13_2 jcr:primaryType="nt:unstructured" sling:resourceType="help/components/step">
                  <step_par jcr:primaryType="nt:unstructured"
                            sling:resourceType="help/components/procedure/step_parsys">
                     <text_29 jcr:primaryType="nt:unstructured"
                              sling:resourceType="help/components/article-3/text"
                              text="&lt;p&gt;&lt;strong&gt;Organizational units&lt;/strong&gt;: These allow you to define a hierarchy of permissions on the different objects of the platform (emails, workflows, templates, users, profiles, etc.). Refer to the &#xA;&#x9;&#x9;&#x9;&#x9;&#x9;&#xA;&lt;a href=&#34;/content/help/en/campaign/standard/administration/using/organizational-units.html&#34; target=&#34;_blank&#34;&gt;Organizational units&lt;/a&gt; section.&lt;/p&gt;&#xA;"
                              textIsRich="true"/>
                  </step_par>
               </step_13_2>
               <step_14_2 jcr:primaryType="nt:unstructured" sling:resourceType="help/components/step">
                  <step_par jcr:primaryType="nt:unstructured"
                            sling:resourceType="help/components/procedure/step_parsys">
                     <text_30 jcr:primaryType="nt:unstructured"
                              sling:resourceType="help/components/article-3/text"
                              text="&lt;p&gt;&lt;strong&gt;Roles&lt;/strong&gt;: A set of unitary rights that allow you to define the authorizations assigned to users and user groups. Refer to the &#xA;&#x9;&#x9;&#x9;&#x9;&#x9;&#xA;&lt;a href=&#34;/content/help/en/campaign/standard/administration/using/list-of-roles.html&#34; target=&#34;_blank&#34;&gt;List of roles&lt;/a&gt; section.&lt;/p&gt;&#xA;"
                              textIsRich="true"/>
                     <text_31 jcr:primaryType="nt:unstructured"
                              sling:resourceType="help/components/article-3/text"
                              text="&lt;p&gt;Combined with organizational units, roles give users a filtered view of the interface and define their access to the different features. For more on this, refer to the &#xA;&lt;a href=&#34;https://docs.campaign.adobe.com/doc/standard/en/Technotes/AdobeCampaign-ACSRights.pdf&#34;&gt;Roles and permissions table&lt;/a&gt;.&lt;/p&gt;&#xA;"
                              textIsRich="true"/>
                  </step_par>
               </step_14_2>
            </proc_par>
         </procedure_2>
         <text_32 jcr:primaryType="nt:unstructured"
                  sling:resourceType="help/components/article-3/text"
                  text="&lt;p&gt;Roles, groups, and organizational units can be managed by the functional administrator of the platform, under the &#xA;&lt;span class=&#34;uicontrol&#34;&gt;Administration &gt; Users &amp; Security&lt;/span&gt;&#xA; menu. &lt;/p&gt;&#xA;"
                  textIsRich="true"/>
         <image_2 jcr:primaryType="nt:unstructured"
                  sling:resourceType="help/components/article-3/image"
                  jcr:title=""
                  alt=""
                  captionBottom=""
                  fileName="user_management_1.png"
                  originalFileName="images/en/user_management_1.png"
                  fileReference="/content/dam/help/en/campaign/standard/user_management_1.png"
                  imageRotate="0"
                  originalHeight=""
                  originalWidth=""
                  scaleOption="toTemplate"
                  status="legacy"/>
         <text_33 jcr:primaryType="nt:unstructured"
                  sling:resourceType="help/components/article-3/text"
                  text="&lt;p&gt;Users are managed in the Admin console (refer to the &#xA;&#x9;&#x9;&#x9;&#x9;&#x9;&#xA;&lt;a href=&#34;/content/help/en/campaign/standard/administration/using/managing-groups-and-users.html&#34; target=&#34;_blank&#34;&gt;Managing groups and users&lt;/a&gt; section or the &#xA;&lt;a href=&#34;https://helpx.adobe.com/enterprise/managing/user-guide.html&#34;&gt;Admin console documentation&lt;/a&gt;).&lt;/p&gt;&#xA;"
                  textIsRich="true"/>
         <image_3 jcr:primaryType="nt:unstructured"
                  sling:resourceType="help/components/article-3/image"
                  jcr:title=""
                  alt=""
                  captionBottom=""
                  fileName="user_management_6.png"
                  originalFileName="images/en/user_management_6.png"
                  fileReference="/content/dam/help/en/campaign/standard/user_management_6.png"
                  imageRotate="0"
                  originalHeight=""
                  originalWidth=""
                  scaleOption="toTemplate"
                  status="legacy"/>
         <caution_1 jcr:primaryType="nt:unstructured"
                    sling:resourceType="help/components/article-3/note"
                    text="&lt;p&gt;&#xA;      Only users with administration rights have access to user management.&#xA;    &lt;/p&gt;&#xA;"
                    textIsRich="true"
                    type="caution"/>
         <text_35 jcr:primaryType="nt:unstructured"
                  sling:resourceType="help/components/article-3/text"
                  text="&lt;p&gt;&lt;strong&gt;Related topics&lt;/strong&gt;&lt;/p&gt;&#xA;"
                  textIsRich="true"/>
         <procedure_3 jcr:primaryType="nt:unstructured"
                      sling:resourceType="help/components/procedure"
                      isBulleted="true">
            <proc_par jcr:primaryType="nt:unstructured"
                      sling:resourceType="help/components/procedure/proc_parsys">
               <step_15_3 jcr:primaryType="nt:unstructured" sling:resourceType="help/components/step">
                  <step_par jcr:primaryType="nt:unstructured"
                            sling:resourceType="help/components/procedure/step_parsys">
                     <text_36 jcr:primaryType="nt:unstructured"
                              sling:resourceType="help/components/article-3/text"
                              text="&lt;p&gt;&#xA;&#x9;&#x9;&#x9;&#x9;&#x9;&#xA;&lt;a href=&#34;/content/help/en/campaign/standard/administration/using/organizational-units.html&#34; target=&#34;_blank&#34;&gt;Organizational units&lt;/a&gt;&lt;/p&gt;&#xA;"
                              textIsRich="true"/>
                  </step_par>
               </step_15_3>
               <step_16_3 jcr:primaryType="nt:unstructured" sling:resourceType="help/components/step">
                  <step_par jcr:primaryType="nt:unstructured"
                            sling:resourceType="help/components/procedure/step_parsys">
                     <text_37 jcr:primaryType="nt:unstructured"
                              sling:resourceType="help/components/article-3/text"
                              text="&lt;p&gt;&#xA;&#x9;&#x9;&#x9;&#x9;&#x9;&#xA;&lt;a href=&#34;/content/help/en/campaign/standard/administration/using/list-of-roles.html&#34; target=&#34;_blank&#34;&gt;List of roles&lt;/a&gt;&lt;/p&gt;&#xA;"
                              textIsRich="true"/>
                  </step_par>
               </step_16_3>
               <step_17_3 jcr:primaryType="nt:unstructured" sling:resourceType="help/components/step">
                  <step_par jcr:primaryType="nt:unstructured"
                            sling:resourceType="help/components/procedure/step_parsys">
                     <text_38 jcr:primaryType="nt:unstructured"
                              sling:resourceType="help/components/article-3/text"
                              text="&lt;p&gt;&#xA;&#x9;&#x9;&#x9;&#x9;&#x9;&#xA;&lt;a href=&#34;/content/help/en/campaign/standard/administration/using/managing-groups-and-users.html&#34; target=&#34;_blank&#34;&gt;Managing groups and users&lt;/a&gt;&lt;/p&gt;&#xA;"
                              textIsRich="true"/>
                  </step_par>
               </step_17_3>
            </proc_par>
         </procedure_3>
      </main-pars>
      <hero jcr:primaryType="nt:unstructured"
            sling:resourceType="foundation/components/image"/>
      <thumbnail jcr:primaryType="nt:unstructured"
                 sling:resourceType="foundation/components/image"/>
      <publisherLogo jcr:primaryType="nt:unstructured"
                     sling:resourceType="foundation/components/image"/>
   </jcr:content>
</jcr:root>