<?xml version="1.0" encoding="UTF-8"?>
<jcr:root xmlns:nt="http://www.jcp.org/jcr/nt/1.0" xmlns:json="http://json.org/"
          xmlns:sling="http://sling.apache.org/jcr/sling/1.0"
          xmlns:cq="http://www.day.com/jcr/cq/1.0"
          xmlns:jcr="http://www.jcp.org/jcr/1.0"
          xmlns:mix="http://www.jcp.org/jcr/mix/1.0"
          jcr:primaryType="cq:Page">
   <jcr:content navTitle="About channel configuration" jcr:primaryType="cq:PageContent"
                sling:resourceType="help/components/pages/article-3"
                heroGradient="light"
                jcr:language="en_us"
                cq:designPath="/etc/designs/help"
                cq:template="/apps/help/templates/article-3"
                jcr:mixinTypes="[mix:versionable]"
                jcr:title="About channel configuration"
                jcr:description="About channel configuration"
                seoDescription="Each channel needs to be configured: technical configuration, message properties and templates."
                primaryProductTag="[products:SG_CAMPAIGN/STANDARD]"
                cq:tags="[products:SG_CAMPAIGN/STANDARD,audience:administration,content_type:reference,topic_tags:configuring-channels]"
                primaryAudienceTag="[audience:administration]"
                contentOwner="sauviat"
                isReadyForLocalization="true"
                publishExternalDate="2019-01-09">
      <main-pars jcr:primaryType="nt:unstructured"
                 sling:resourceType="foundation/components/parsys">
    
    
      
    
         <text_198 jcr:primaryType="nt:unstructured"
                   sling:resourceType="help/components/article-3/text"
                   text="&lt;p&gt;All communication channels in Adobe Campaign must be correctly configured to be able to effectively send messages.&lt;/p&gt;&#xA;"
                   textIsRich="true"/>
         <text_199 jcr:primaryType="nt:unstructured"
                   sling:resourceType="help/components/article-3/text"
                   text="&lt;p&gt;The different configurations are as follows:&lt;/p&gt;&#xA;"
                   textIsRich="true"/>
         <procedure_14 jcr:primaryType="nt:unstructured"
                       sling:resourceType="help/components/procedure"
                       isBulleted="true">
            <proc_par jcr:primaryType="nt:unstructured"
                      sling:resourceType="help/components/procedure/proc_parsys">
               <step_92_14 jcr:primaryType="nt:unstructured" sling:resourceType="help/components/step">
                  <step_par jcr:primaryType="nt:unstructured"
                            sling:resourceType="help/components/procedure/step_parsys">
                     <text_200 jcr:primaryType="nt:unstructured"
                               sling:resourceType="help/components/article-3/text"
                               text="&lt;p&gt;Technical configuration of the channel, including routing, processing rules, deliverability parameters, etc.&lt;/p&gt;&#xA;"
                               textIsRich="true"/>
                  </step_par>
               </step_92_14>
               <step_93_14 jcr:primaryType="nt:unstructured" sling:resourceType="help/components/step">
                  <step_par jcr:primaryType="nt:unstructured"
                            sling:resourceType="help/components/procedure/step_parsys">
                     <text_201 jcr:primaryType="nt:unstructured"
                               sling:resourceType="help/components/article-3/text"
                               text="&lt;p&gt;Message templates and properties. All messages are based on a template. Adobe Campaign comes with a set of predefined templates for all activated channels. You can duplicate and customize these templates.&lt;/p&gt;&#xA;"
                               textIsRich="true"/>
                  </step_par>
               </step_93_14>
               <step_94_14 jcr:primaryType="nt:unstructured" sling:resourceType="help/components/step">
                  <step_par jcr:primaryType="nt:unstructured"
                            sling:resourceType="help/components/procedure/step_parsys">
                     <text_202 jcr:primaryType="nt:unstructured"
                               sling:resourceType="help/components/article-3/text"
                               text="&lt;p&gt;Message properties. When creating a new message, you can finetune the properties depending on your needs.&lt;/p&gt;&#xA;"
                               textIsRich="true"/>
                  </step_par>
               </step_94_14>
               <step_95_14 jcr:primaryType="nt:unstructured" sling:resourceType="help/components/step">
                  <step_par jcr:primaryType="nt:unstructured"
                            sling:resourceType="help/components/procedure/step_parsys">
                     <text_203 jcr:primaryType="nt:unstructured"
                               sling:resourceType="help/components/article-3/text"
                               text="&lt;p&gt;Some channels offer additional configurations that are optional, such as Email BCC.&lt;/p&gt;&#xA;"
                               textIsRich="true"/>
                  </step_par>
               </step_95_14>
            </proc_par>
         </procedure_14>
         <text_204 jcr:primaryType="nt:unstructured"
                   sling:resourceType="help/components/article-3/text"
                   text="&lt;p&gt;The &#xA;&lt;span class=&#34;uicontrol&#34;&gt;Channel&lt;/span&gt;&#xA; menu regroups the technical parameters linked to the different application channels (Email, SMS) as well as typology and quarantine management.&lt;/p&gt;&#xA;"
                   textIsRich="true"/>
         <text_205 jcr:primaryType="nt:unstructured"
                   sling:resourceType="help/components/article-3/text"
                   text="&lt;p&gt;Administrators can access these configurations in the &#xA;&lt;span class=&#34;uicontrol&#34;&gt;Administration&lt;/span&gt;&#xA; &gt; &#xA;&lt;span class=&#34;uicontrol&#34;&gt;Channels&lt;/span&gt;&#xA; menu.&lt;/p&gt;&#xA;"
                   textIsRich="true"/>
      </main-pars>
      <hero jcr:primaryType="nt:unstructured"
            sling:resourceType="foundation/components/image"/>
      <thumbnail jcr:primaryType="nt:unstructured"
                 sling:resourceType="foundation/components/image"/>
      <publisherLogo jcr:primaryType="nt:unstructured"
                     sling:resourceType="foundation/components/image"/>
   </jcr:content>
</jcr:root>