<?xml version="1.0" encoding="UTF-8"?>
<jcr:root xmlns:nt="http://www.jcp.org/jcr/nt/1.0" xmlns:json="http://json.org/"
          xmlns:sling="http://sling.apache.org/jcr/sling/1.0"
          xmlns:cq="http://www.day.com/jcr/cq/1.0"
          xmlns:jcr="http://www.jcp.org/jcr/1.0"
          xmlns:mix="http://www.jcp.org/jcr/mix/1.0"
          jcr:primaryType="cq:Page">
   <jcr:content navTitle="About Administrating Adobe Campaign" jcr:primaryType="cq:PageContent"
                sling:resourceType="help/components/pages/article-3"
                heroGradient="light"
                jcr:language="en_us"
                cq:designPath="/etc/designs/help"
                cq:template="/apps/help/templates/article-3"
                jcr:mixinTypes="[mix:versionable]"
                jcr:title="About Administrating Adobe Campaign"
                jcr:description="About Administrating Adobe Campaign"
                seoDescription="Adobe Campaign provides you with a complete set of administration tools. Learn how to manage your users and configure your channels."
                primaryProductTag="[products:SG_CAMPAIGN/STANDARD]"
                cq:tags="[products:SG_CAMPAIGN/STANDARD,audience:administration,content_type:reference,topic_tags:about-administrating-adobe-campaign]"
                primaryAudienceTag="[audience:administration]"
                contentOwner="sauviat"
                isReadyForLocalization="true"
                publishExternalDate="2019-01-09">
      <main-pars jcr:primaryType="nt:unstructured"
                 sling:resourceType="foundation/components/parsys">
    
    
        
    
         <text_7 jcr:primaryType="nt:unstructured"
                 sling:resourceType="help/components/article-3/text"
                 text="&lt;p&gt;As a cloud-based solution, Adobe Campaign offers administrators different ways to configure the application. Though the infrastructure configuration is performed by Adobe, functional administrators can:&lt;/p&gt;&#xA;"
                 textIsRich="true"/>
         <procedure_0 jcr:primaryType="nt:unstructured"
                      sling:resourceType="help/components/procedure"
                      isBulleted="true">
            <proc_par jcr:primaryType="nt:unstructured"
                      sling:resourceType="help/components/procedure/proc_parsys">
               <step_0_0 jcr:primaryType="nt:unstructured" sling:resourceType="help/components/step">
                  <step_par jcr:primaryType="nt:unstructured"
                            sling:resourceType="help/components/procedure/step_parsys">
                     <text_8 jcr:primaryType="nt:unstructured"
                             sling:resourceType="help/components/article-3/text"
                             text="&lt;p&gt;Invite users to access the application and manage groups of users as well as their rights and roles.&lt;/p&gt;&#xA;"
                             textIsRich="true"/>
                  </step_par>
               </step_0_0>
               <step_1_0 jcr:primaryType="nt:unstructured" sling:resourceType="help/components/step">
                  <step_par jcr:primaryType="nt:unstructured"
                            sling:resourceType="help/components/procedure/step_parsys">
                     <text_9 jcr:primaryType="nt:unstructured"
                             sling:resourceType="help/components/article-3/text"
                             text="&lt;p&gt;Configure external accounts, which are used to connect Adobe Campaign to external servers.&lt;/p&gt;&#xA;"
                             textIsRich="true"/>
                  </step_par>
               </step_1_0>
               <step_2_0 jcr:primaryType="nt:unstructured" sling:resourceType="help/components/step">
                  <step_par jcr:primaryType="nt:unstructured"
                            sling:resourceType="help/components/procedure/step_parsys">
                     <text_10 jcr:primaryType="nt:unstructured"
                              sling:resourceType="help/components/article-3/text"
                              text="&lt;p&gt;Adjust and configure routing parameters for all communication channels.&lt;/p&gt;&#xA;"
                              textIsRich="true"/>
                  </step_par>
               </step_2_0>
               <step_3_0 jcr:primaryType="nt:unstructured" sling:resourceType="help/components/step">
                  <step_par jcr:primaryType="nt:unstructured"
                            sling:resourceType="help/components/procedure/step_parsys">
                     <text_11 jcr:primaryType="nt:unstructured"
                              sling:resourceType="help/components/article-3/text"
                              text="&lt;p&gt;Monitor the platform by accessing technical workflows.&lt;/p&gt;&#xA;"
                              textIsRich="true"/>
                  </step_par>
               </step_3_0>
               <step_4_0 jcr:primaryType="nt:unstructured" sling:resourceType="help/components/step">
                  <step_par jcr:primaryType="nt:unstructured"
                            sling:resourceType="help/components/procedure/step_parsys">
                     <text_12 jcr:primaryType="nt:unstructured"
                              sling:resourceType="help/components/article-3/text"
                              text="&lt;p&gt;Import and export packages as well as extend the data model to add new fields or resources.&lt;/p&gt;&#xA;"
                              textIsRich="true"/>
                  </step_par>
               </step_4_0>
            </proc_par>
         </procedure_0>
         <note_0 jcr:primaryType="nt:unstructured"
                 sling:resourceType="help/components/article-3/note"
                 text="&lt;p&gt;&#xA;        If you have questions or requests about implementation and configuration matters, contact your Adobe account executive.&#xA;    &lt;/p&gt;&#xA;"
                 textIsRich="true"
                 type="note"/>
         <text_14 jcr:primaryType="nt:unstructured"
                  sling:resourceType="help/components/article-3/text"
                  text="&lt;p&gt;The different Adobe Campaign admin operations are carried out via the &#xA;&lt;span class=&#34;uicontrol&#34;&gt;Administration&lt;/span&gt;&#xA; menu. This part of the interface can only be accessed by functional administrators of the platform.&lt;/p&gt;&#xA;"
                  textIsRich="true"/>
         <text_15 jcr:primaryType="nt:unstructured"
                  sling:resourceType="help/components/article-3/text"
                  text="&lt;p&gt;To access this menu, click the &#xA;&lt;span class=&#34;uicontrol&#34;&gt;Adobe Campaign&lt;/span&gt;&#xA; logo, in the top left-hand corner, then click &#xA;&lt;span class=&#34;uicontrol&#34;&gt;Administration&lt;/span&gt;&#xA;.&lt;/p&gt;&#xA;"
                  textIsRich="true"/>
         <image_0 jcr:primaryType="nt:unstructured"
                  sling:resourceType="help/components/article-3/image"
                  jcr:title=""
                  alt=""
                  captionBottom=""
                  fileName="admin_overview.png"
                  originalFileName="images/en/admin_overview.png"
                  fileReference="/content/dam/help/en/campaign/standard/admin_overview.png"
                  imageRotate="0"
                  originalHeight=""
                  originalWidth=""
                  scaleOption="toTemplate"
                  status="legacy"/>
         <text_16 jcr:primaryType="nt:unstructured"
                  sling:resourceType="help/components/article-3/text"
                  text="&lt;p&gt;The different menus available are:&lt;/p&gt;&#xA;"
                  textIsRich="true"/>
         <image_1 jcr:primaryType="nt:unstructured"
                  sling:resourceType="help/components/article-3/image"
                  jcr:title=""
                  alt=""
                  captionBottom=""
                  fileName="admin_overview2.png"
                  originalFileName="images/en/admin_overview2.png"
                  fileReference="/content/dam/help/en/campaign/standard/admin_overview2.png"
                  imageRotate="0"
                  originalHeight=""
                  originalWidth=""
                  scaleOption="toTemplate"
                  status="legacy"/>
         <procedure_1 jcr:primaryType="nt:unstructured"
                      sling:resourceType="help/components/procedure"
                      isBulleted="true">
            <proc_par jcr:primaryType="nt:unstructured"
                      sling:resourceType="help/components/procedure/proc_parsys">
               <step_5_1 jcr:primaryType="nt:unstructured" sling:resourceType="help/components/step">
                  <step_par jcr:primaryType="nt:unstructured"
                            sling:resourceType="help/components/procedure/step_parsys">
                     <text_17 jcr:primaryType="nt:unstructured"
                              sling:resourceType="help/components/article-3/text"
                              text="&lt;p&gt;&#xA;&#x9;&#x9;&#x9;&#x9;&#x9;&#x9;&#x9;&#x9;&#x9;&#x9;&#x9;&#xA;&#x9;&#x9;&#x9;&#x9;&#x9;&#x9;&#x9;&lt;a href=&#34;/content/help/en/campaign/standard/administration/using/about-access-management.html&#34;&gt;Users &amp; Security&lt;/a&gt;: This menu allows you to manage access to the platform (users, roles, security groups, units). &lt;/p&gt;&#xA;"
                              textIsRich="true"/>
                  </step_par>
               </step_5_1>
               <step_6_1 jcr:primaryType="nt:unstructured" sling:resourceType="help/components/step">
                  <step_par jcr:primaryType="nt:unstructured"
                            sling:resourceType="help/components/procedure/step_parsys">
                     <text_18 jcr:primaryType="nt:unstructured"
                              sling:resourceType="help/components/article-3/text"
                              text="&lt;p&gt;&#xA;&#x9;&#x9;&#x9;&#x9;&#x9;&#x9;&#x9;&#x9;&#x9;&#x9;&#x9;&#xA;&#x9;&#x9;&#x9;&#x9;&#x9;&#x9;&#x9;&lt;a href=&#34;/content/help/en/campaign/standard/administration/using/about-channel-configuration.html&#34;&gt;Channels&lt;/a&gt;: This menu regroups the technical parameters linked to the different platform channels (Email, SMS) as well as typology and quarantine management. &lt;/p&gt;&#xA;"
                              textIsRich="true"/>
                  </step_par>
               </step_6_1>
               <step_7_1 jcr:primaryType="nt:unstructured" sling:resourceType="help/components/step">
                  <step_par jcr:primaryType="nt:unstructured"
                            sling:resourceType="help/components/procedure/step_parsys">
                     <text_19 jcr:primaryType="nt:unstructured"
                              sling:resourceType="help/components/article-3/text"
                              text="&lt;p&gt;&#xA;&#x9;&#x9;&#x9;&#x9;&#x9;&#x9;&#x9;&#x9;&#x9;&#x9;&#x9;&#xA;&#x9;&#x9;&#x9;&#x9;&#x9;&#x9;&#x9;&lt;a href=&#34;/content/help/en/campaign/standard/administration/using/external-accounts.html&#34;&gt;Application settings&lt;/a&gt;: This menu allows you to configure different application elements (external accounts, options, technical workflows).&lt;/p&gt;&#xA;"
                              textIsRich="true"/>
                  </step_par>
               </step_7_1>
               <step_8_1 jcr:primaryType="nt:unstructured" sling:resourceType="help/components/step">
                  <step_par jcr:primaryType="nt:unstructured"
                            sling:resourceType="help/components/procedure/step_parsys">
                     <text_20 jcr:primaryType="nt:unstructured"
                              sling:resourceType="help/components/article-3/text"
                              text="&lt;p&gt;&#xA;&#x9;&#x9;&#x9;&#x9;&#x9;&#x9;&#x9;&#x9;&#x9;&#x9;&#x9;&#xA;&#x9;&#x9;&#x9;&#x9;&#x9;&#x9;&#x9;&lt;a href=&#34;/content/help/en/campaign/standard/developing/using/data-model-concepts.html&#34;&gt;Development&lt;/a&gt;: This menu allows you to manage your custom resources and access diagnostic tools.&lt;/p&gt;&#xA;"
                              textIsRich="true"/>
                  </step_par>
               </step_8_1>
               <step_9_1 jcr:primaryType="nt:unstructured" sling:resourceType="help/components/step">
                  <step_par jcr:primaryType="nt:unstructured"
                            sling:resourceType="help/components/procedure/step_parsys">
                     <text_21 jcr:primaryType="nt:unstructured"
                              sling:resourceType="help/components/article-3/text"
                              text="&lt;p&gt;&#xA;&#x9;&#x9;&#x9;&#x9;&#x9;&#x9;&#x9;&#x9;&#x9;&#x9;&#x9;&#xA;&#x9;&#x9;&#x9;&#x9;&#x9;&#x9;&#x9;&lt;a href=&#34;/content/help/en/campaign/standard/administration/using/branding.html&#34;&gt;Instance settings&lt;/a&gt;: This menu is where you define your different brands and configure their settings (logo, manage tracking, URL domain to access the landing pages, etc.).&lt;/p&gt;&#xA;"
                              textIsRich="true"/>
                  </step_par>
               </step_9_1>
               <step_10_1 jcr:primaryType="nt:unstructured" sling:resourceType="help/components/step">
                  <step_par jcr:primaryType="nt:unstructured"
                            sling:resourceType="help/components/procedure/step_parsys">
                     <text_22 jcr:primaryType="nt:unstructured"
                              sling:resourceType="help/components/article-3/text"
                              text="&lt;p&gt;&#xA;&#x9;&#x9;&#x9;&#x9;&#x9;&#x9;&#x9;&#x9;&#x9;&#x9;&#x9;&#xA;&#x9;&#x9;&#x9;&#x9;&#x9;&#x9;&#x9;&lt;a href=&#34;/content/help/en/campaign/standard/automating/using/managing-packages.html&#34;&gt;Deployment&lt;/a&gt;: This menu regroups the package import and export options.&lt;/p&gt;&#xA;"
                              textIsRich="true"/>
                  </step_par>
               </step_10_1>
               <step_11_1 jcr:primaryType="nt:unstructured" sling:resourceType="help/components/step">
                  <step_par jcr:primaryType="nt:unstructured"
                            sling:resourceType="help/components/procedure/step_parsys">
                     <text_23 jcr:primaryType="nt:unstructured"
                              sling:resourceType="help/components/article-3/text"
                              text="&lt;p&gt;&#xA;&#x9;&#x9;&#x9;&#x9;&#x9;&#x9;&#x9;&#x9;&#x9;&#x9;&#x9;&#xA;&#x9;&#x9;&#x9;&#x9;&#x9;&#x9;&#x9;&lt;a href=&#34;/content/help/en/campaign/standard/audiences/using/active-profiles.html&#34;&gt;Customer metrics&lt;/a&gt;: Adobe Campaign provides a report that displays the number of active profiles. This report is only informative, it doesn't have a direct impact on billing. &lt;/p&gt;&#xA;"
                              textIsRich="true"/>
                  </step_par>
               </step_11_1>
               <step_12_1 jcr:primaryType="nt:unstructured" sling:resourceType="help/components/step">
                  <step_par jcr:primaryType="nt:unstructured"
                            sling:resourceType="help/components/procedure/step_parsys">
                     <text_24 jcr:primaryType="nt:unstructured"
                              sling:resourceType="help/components/article-3/text"
                              text="&lt;p&gt;&#xA;&lt;a href=&#34;https://docs.campaign.adobe.com/doc/standard/getting_started/en/ACS_GDPR.html&#34;&gt;Privacy Tools&lt;/a&gt;: This menu allows you to create GDPR access and delete requests and track their evolution.&lt;/p&gt;&#xA;"
                              textIsRich="true"/>
                  </step_par>
               </step_12_1>
            </proc_par>
         </procedure_1>
      </main-pars>
      <hero jcr:primaryType="nt:unstructured"
            sling:resourceType="foundation/components/image"/>
      <thumbnail jcr:primaryType="nt:unstructured"
                 sling:resourceType="foundation/components/image"/>
      <publisherLogo jcr:primaryType="nt:unstructured"
                     sling:resourceType="foundation/components/image"/>
   </jcr:content>
</jcr:root>