<?xml version="1.0" encoding="UTF-8"?>
<jcr:root xmlns:nt="http://www.jcp.org/jcr/nt/1.0" xmlns:json="http://json.org/"
          xmlns:sling="http://sling.apache.org/jcr/sling/1.0"
          xmlns:cq="http://www.day.com/jcr/cq/1.0"
          xmlns:jcr="http://www.jcp.org/jcr/1.0"
          xmlns:mix="http://www.jcp.org/jcr/mix/1.0"
          jcr:primaryType="cq:Page">
   <jcr:content navTitle="Branding" jcr:primaryType="cq:PageContent"
                sling:resourceType="help/components/pages/article-3"
                heroGradient="light"
                jcr:language="en_us"
                cq:designPath="/etc/designs/help"
                cq:template="/apps/help/templates/article-3"
                jcr:mixinTypes="[mix:versionable]"
                jcr:title="Branding"
                jcr:description="Branding"
                seoDescription="Discover all the tools available to manage your branding identities."
                primaryProductTag="[products:SG_CAMPAIGN/STANDARD]"
                cq:tags="[products:SG_CAMPAIGN/STANDARD,audience:administration,content_type:reference,topic_tags:application-settings]"
                primaryAudienceTag="[audience:administration]"
                contentOwner="sauviat"
                isReadyForLocalization="true"
                publishExternalDate="2019-01-09">
      <main-pars jcr:primaryType="nt:unstructured"
                 sling:resourceType="foundation/components/parsys">
        
        
        
            
        
        <text_946 jcr:primaryType="nt:unstructured"
                   sling:resourceType="help/components/article-3/text"
                   text="&lt;p&gt;Technical administrators can define one or several brands to centrally enter the parameters that affect a brand's identity. This can include the brand logo, technical parameters such as the domain of the landing pages' access URL, as well as managing message tracking. Thus, Adobe Campaign allows you to create these brands and link them to delivery or landing page templates.&lt;/p&gt;&#xA;"
                   textIsRich="true"/>
        <text_947 jcr:primaryType="nt:unstructured"
                   sling:resourceType="help/components/article-3/text"
                   text="&lt;p&gt;The main principle of configuring and using brands is to:&lt;/p&gt;&#xA;"
                   textIsRich="true"/>
        <procedure_26_10 jcr:primaryType="nt:unstructured"
                          sling:resourceType="help/components/procedure">
            <proc_par jcr:primaryType="nt:unstructured"
                      sling:resourceType="help/components/procedure/proc_parsys">
               <step_326_0 jcr:primaryType="nt:unstructured" sling:resourceType="help/components/step">
                  <step_par jcr:primaryType="nt:unstructured"
                            sling:resourceType="help/components/procedure/step_parsys">
                     <text_948 jcr:primaryType="nt:unstructured"
                               sling:resourceType="help/components/article-3/text"
                               text="&lt;p&gt;Create and configure the brand - this operation is carried out by the Adobe Campaign technical administrator.&lt;/p&gt;&#xA;"
                               textIsRich="true"/>
                  </step_par>
               </step_326_0>
               <step_327_0 jcr:primaryType="nt:unstructured" sling:resourceType="help/components/step">
                  <step_par jcr:primaryType="nt:unstructured"
                            sling:resourceType="help/components/procedure/step_parsys">
                     <text_949 jcr:primaryType="nt:unstructured"
                               sling:resourceType="help/components/article-3/text"
                               text="&lt;p&gt;Create one or several delivery and landing page templates for this brand. Refer to the &#xA;&#x9;&#x9;&#x9;&#x9;&#x9;&#x9;&#x9;&#x9;&#x9;&#x9;&#x9;&#xA;&#x9;&#x9;&#x9;&#x9;&#x9;&#x9;&#x9;&lt;a href=&#34;/content/help/en/campaign/standard/start/using/about-templates.html&#34;&gt;Creating a template&lt;/a&gt; section.&lt;/p&gt;&#xA;"
                               textIsRich="true"/>
                  </step_par>
               </step_327_0>
               <step_328_0 jcr:primaryType="nt:unstructured" sling:resourceType="help/components/step">
                  <step_par jcr:primaryType="nt:unstructured"
                            sling:resourceType="help/components/procedure/step_parsys">
                     <text_950 jcr:primaryType="nt:unstructured"
                               sling:resourceType="help/components/article-3/text"
                               text="&lt;p&gt;Create deliveries and landing pages based on this template. Refer to the &#xA;&#x9;&#x9;&#x9;&#x9;&#x9;&#x9;&#x9;&#x9;&#x9;&#x9;&#x9;&#xA;&#x9;&#x9;&#x9;&#x9;&#x9;&#x9;&#x9;&lt;a href=&#34;/content/help/en/campaign/standard/channels/using/creating-an-email.html&#34;&gt;Creating an email&lt;/a&gt; and &#xA;&#x9;&#x9;&#x9;&#x9;&#x9;&#x9;&#x9;&#x9;&#x9;&#x9;&#x9;&#xA;&#x9;&#x9;&#x9;&#x9;&#x9;&#x9;&#x9;&lt;a href=&#34;/content/help/en/campaign/standard/channels/using/designing-a-landing-page.html&#34;&gt;Creating a landing page&lt;/a&gt; sections.&lt;/p&gt;&#xA;"
                               textIsRich="true"/>
                  </step_par>
               </step_328_0>
            </proc_par>
         </procedure_26_10>
        <text_951 jcr:primaryType="nt:unstructured"
                   sling:resourceType="help/components/article-3/text"
                   text="&lt;p&gt;Brands can be found in the &#xA;&lt;span class=&#34;uicontrol&#34;&gt;Administration &gt; Instance settings &gt; Brand configuration&lt;/span&gt;&#xA; menu.&lt;/p&gt;&#xA;"
                   textIsRich="true"/>
        <text_952 jcr:primaryType="nt:unstructured"
                   sling:resourceType="help/components/article-3/text"
                   text="&lt;p&gt;By default, a newly created brand is visible only to users assigned with the corresponding rights by the administrator. &lt;/p&gt;&#xA;"
                   textIsRich="true"/>
        <text_953 jcr:primaryType="nt:unstructured"
                   sling:resourceType="help/components/article-3/text"
                   text="&lt;p&gt;A &lt;strong&gt;Brand&lt;/strong&gt; is defined by the following characteristics:&lt;/p&gt;&#xA;"
                   textIsRich="true"/>
        <procedure_56 jcr:primaryType="nt:unstructured"
                       sling:resourceType="help/components/procedure"
                       isBulleted="true">
            <proc_par jcr:primaryType="nt:unstructured"
                      sling:resourceType="help/components/procedure/proc_parsys">
               <step_329_56 jcr:primaryType="nt:unstructured" sling:resourceType="help/components/step">
                  <step_par jcr:primaryType="nt:unstructured"
                            sling:resourceType="help/components/procedure/step_parsys">
                     <text_954 jcr:primaryType="nt:unstructured"
                               sling:resourceType="help/components/article-3/text"
                               text="&lt;p&gt;An &lt;strong&gt;Identity&lt;/strong&gt;, which defines and personalizes your brand. This section contains the following fields:&lt;/p&gt;&#xA;"
                               textIsRich="true"/>
                     <image_116 jcr:primaryType="nt:unstructured"
                                sling:resourceType="help/components/article-3/image"
                                jcr:title=""
                                alt=""
                                captionBottom=""
                                fileName="branding_01.png"
                                originalFileName="images/en/branding_01.png"
                                fileReference="/content/dam/help/en/campaign/standard/branding_01.png"
                                imageRotate="0"
                                originalHeight=""
                                originalWidth=""
                                scaleOption="toTemplate"
                                status="legacy"/>
                     <procedure_56 jcr:primaryType="nt:unstructured"
                                   sling:resourceType="help/components/procedure"
                                   isBulleted="true">
                        <proc_par jcr:primaryType="nt:unstructured"
                                  sling:resourceType="help/components/procedure/proc_parsys">
                           <step_329_56 jcr:primaryType="nt:unstructured" sling:resourceType="help/components/step">
                              <step_par jcr:primaryType="nt:unstructured"
                                        sling:resourceType="help/components/procedure/step_parsys">
                                 <text_955 jcr:primaryType="nt:unstructured"
                                           sling:resourceType="help/components/article-3/text"
                                           text="&lt;p&gt;&lt;strong&gt;Label&lt;/strong&gt; visible in the interface&lt;/p&gt;&#xA;"
                                           textIsRich="true"/>
                              </step_par>
                           </step_329_56>
                           <step_330_56 jcr:primaryType="nt:unstructured" sling:resourceType="help/components/step">
                              <step_par jcr:primaryType="nt:unstructured"
                                        sling:resourceType="help/components/procedure/step_parsys">
                                 <text_956 jcr:primaryType="nt:unstructured"
                                           sling:resourceType="help/components/article-3/text"
                                           text="&lt;p&gt;&lt;strong&gt;Brand name&lt;/strong&gt;&lt;/p&gt;&#xA;"
                                           textIsRich="true"/>
                              </step_par>
                           </step_330_56>
                           <step_331_56 jcr:primaryType="nt:unstructured" sling:resourceType="help/components/step">
                              <step_par jcr:primaryType="nt:unstructured"
                                        sling:resourceType="help/components/procedure/step_parsys">
                                 <text_957 jcr:primaryType="nt:unstructured"
                                           sling:resourceType="help/components/article-3/text"
                                           text="&lt;p&gt;&lt;strong&gt;Website URL&lt;/strong&gt; and &lt;strong&gt;Website label&lt;/strong&gt; of the brand&lt;/p&gt;&#xA;"
                                           textIsRich="true"/>
                              </step_par>
                           </step_331_56>
                           <step_332_56 jcr:primaryType="nt:unstructured" sling:resourceType="help/components/step">
                              <step_par jcr:primaryType="nt:unstructured"
                                        sling:resourceType="help/components/procedure/step_parsys">
                                 <text_958 jcr:primaryType="nt:unstructured"
                                           sling:resourceType="help/components/article-3/text"
                                           text="&lt;p&gt;&lt;strong&gt;Brand logo&lt;/strong&gt;&lt;/p&gt;&#xA;"
                                           textIsRich="true"/>
                              </step_par>
                           </step_332_56>
                        </proc_par>
                     </procedure_56>
                  </step_par>
               </step_329_56>
               <step_334_57 jcr:primaryType="nt:unstructured" sling:resourceType="help/components/step">
                  <step_par jcr:primaryType="nt:unstructured"
                            sling:resourceType="help/components/procedure/step_parsys">
                     <text_959 jcr:primaryType="nt:unstructured"
                               sling:resourceType="help/components/article-3/text"
                               text="&lt;p&gt;&#xA;&lt;span class=&#34;uicontrol&#34;&gt;Header parameters of sent emails&lt;/span&gt;&#xA; which personalizes what the recipients of your campaigns will see. This section contains the following fields:&lt;/p&gt;&#xA;"
                               textIsRich="true"/>
                     <image_117 jcr:primaryType="nt:unstructured"
                                sling:resourceType="help/components/article-3/image"
                                jcr:title=""
                                alt=""
                                captionBottom=""
                                fileName="branding_04_header.png"
                                originalFileName="images/en/branding_04_header.png"
                                fileReference="/content/dam/help/en/campaign/standard/branding_04_header.png"
                                imageRotate="0"
                                originalHeight=""
                                originalWidth=""
                                scaleOption="toTemplate"
                                status="legacy"/>
                     <procedure_57 jcr:primaryType="nt:unstructured"
                                   sling:resourceType="help/components/procedure"
                                   isBulleted="true">
                        <proc_par jcr:primaryType="nt:unstructured"
                                  sling:resourceType="help/components/procedure/proc_parsys">
                           <step_334_57 jcr:primaryType="nt:unstructured" sling:resourceType="help/components/step">
                              <step_par jcr:primaryType="nt:unstructured"
                                        sling:resourceType="help/components/procedure/step_parsys">
                                 <text_960 jcr:primaryType="nt:unstructured"
                                           sling:resourceType="help/components/article-3/text"
                                           text="&lt;p&gt;&lt;strong&gt;Sender (email address)&lt;/strong&gt; with the brand's email address.&lt;/p&gt;&#xA;"
                                           textIsRich="true"/>
                              </step_par>
                           </step_334_57>
                           <step_335_57 jcr:primaryType="nt:unstructured" sling:resourceType="help/components/step">
                              <step_par jcr:primaryType="nt:unstructured"
                                        sling:resourceType="help/components/procedure/step_parsys">
                                 <text_961 jcr:primaryType="nt:unstructured"
                                           sling:resourceType="help/components/article-3/text"
                                           text="&lt;p&gt;&lt;strong&gt;Sender (name)&lt;/strong&gt; with the brand's name.&lt;/p&gt;&#xA;"
                                           textIsRich="true"/>
                              </step_par>
                           </step_335_57>
                           <step_336_57 jcr:primaryType="nt:unstructured" sling:resourceType="help/components/step">
                              <step_par jcr:primaryType="nt:unstructured"
                                        sling:resourceType="help/components/procedure/step_parsys">
                                 <text_962 jcr:primaryType="nt:unstructured"
                                           sling:resourceType="help/components/article-3/text"
                                           text="&lt;p&gt;&lt;strong&gt;Reply to (email address)&lt;/strong&gt; with the email address the customer can reply to.&lt;/p&gt;&#xA;"
                                           textIsRich="true"/>
                              </step_par>
                           </step_336_57>
                           <step_337_57 jcr:primaryType="nt:unstructured" sling:resourceType="help/components/step">
                              <step_par jcr:primaryType="nt:unstructured"
                                        sling:resourceType="help/components/procedure/step_parsys">
                                 <text_963 jcr:primaryType="nt:unstructured"
                                           sling:resourceType="help/components/article-3/text"
                                           text="&lt;p&gt;&lt;strong&gt;Reply to (name)&lt;/strong&gt; with the brand's name.&lt;/p&gt;&#xA;"
                                           textIsRich="true"/>
                              </step_par>
                           </step_337_57>
                           <step_338_57 jcr:primaryType="nt:unstructured" sling:resourceType="help/components/step">
                              <step_par jcr:primaryType="nt:unstructured"
                                        sling:resourceType="help/components/procedure/step_parsys">
                                 <text_964 jcr:primaryType="nt:unstructured"
                                           sling:resourceType="help/components/article-3/text"
                                           text="&lt;p&gt;&lt;strong&gt;Error (email address)&lt;/strong&gt; with the email address to use in case of an error.&lt;/p&gt;&#xA;"
                                           textIsRich="true"/>
                              </step_par>
                           </step_338_57>
                        </proc_par>
                     </procedure_57>
                     <caution_20 jcr:primaryType="nt:unstructured"
                                 sling:resourceType="help/components/article-3/note"
                                 text="&lt;p&gt;&#xA;                    If, after having updated the header parameters of the emails, the name and email address of the sender have not changed in the email created from the template, check the template's advanced settings.&#xA;                &lt;/p&gt;&#xA;"
                                 textIsRich="true"
                                 type="caution"/>
                  </step_par>
               </step_334_57>
               <step_340_58 jcr:primaryType="nt:unstructured" sling:resourceType="help/components/step">
                  <step_par jcr:primaryType="nt:unstructured"
                            sling:resourceType="help/components/procedure/step_parsys">
                     <text_966 jcr:primaryType="nt:unstructured"
                               sling:resourceType="help/components/article-3/text"
                               text="&lt;p&gt;&lt;strong&gt;Server(s) exposed on the internet&lt;/strong&gt; defines the servers used for tracking but also for landing page access. This section contains the following fields:&lt;/p&gt;&#xA;"
                               textIsRich="true"/>
                     <image_118 jcr:primaryType="nt:unstructured"
                                sling:resourceType="help/components/article-3/image"
                                jcr:title=""
                                alt=""
                                captionBottom=""
                                fileName="configure_branding_04.png"
                                originalFileName="images/en/configure_branding_04.png"
                                fileReference="/content/dam/help/en/campaign/standard/configure_branding_04.png"
                                imageRotate="0"
                                originalHeight=""
                                originalWidth=""
                                scaleOption="toTemplate"
                                status="legacy"/>
                     <procedure_58 jcr:primaryType="nt:unstructured"
                                   sling:resourceType="help/components/procedure"
                                   isBulleted="true">
                        <proc_par jcr:primaryType="nt:unstructured"
                                  sling:resourceType="help/components/procedure/proc_parsys">
                           <step_340_58 jcr:primaryType="nt:unstructured" sling:resourceType="help/components/step">
                              <step_par jcr:primaryType="nt:unstructured"
                                        sling:resourceType="help/components/procedure/step_parsys">
                                 <text_967 jcr:primaryType="nt:unstructured"
                                           sling:resourceType="help/components/article-3/text"
                                           text="&lt;p&gt;&lt;strong&gt;External URL of the application server&lt;/strong&gt; used for hosting and accessing the different landing pages you create.&lt;/p&gt;&#xA;"
                                           textIsRich="true"/>
                              </step_par>
                           </step_340_58>
                           <step_341_58 jcr:primaryType="nt:unstructured" sling:resourceType="help/components/step">
                              <step_par jcr:primaryType="nt:unstructured"
                                        sling:resourceType="help/components/procedure/step_parsys">
                                 <text_968 jcr:primaryType="nt:unstructured"
                                           sling:resourceType="help/components/article-3/text"
                                           text="&lt;p&gt;&#xA;                            &lt;strong&gt;External URL of the tracking server&lt;/strong&gt; used as the tracked URL during the deliveries.&lt;/p&gt;&#xA;"
                                           textIsRich="true"/>
                              </step_par>
                           </step_341_58>
                           <step_342_58 jcr:primaryType="nt:unstructured" sling:resourceType="help/components/step">
                              <step_par jcr:primaryType="nt:unstructured"
                                        sling:resourceType="help/components/procedure/step_parsys">
                                 <text_969 jcr:primaryType="nt:unstructured"
                                           sling:resourceType="help/components/article-3/text"
                                           text="&lt;p&gt;&#xA;                            &lt;strong&gt;External URL of the mirror page server&lt;/strong&gt; used as the default mirror page in your deliveries.&lt;/p&gt;&#xA;"
                                           textIsRich="true"/>
                              </step_par>
                           </step_342_58>
                        </proc_par>
                     </procedure_58>
                  </step_par>
               </step_340_58>
               <step_344_59 jcr:primaryType="nt:unstructured" sling:resourceType="help/components/step">
                  <step_par jcr:primaryType="nt:unstructured"
                            sling:resourceType="help/components/procedure/step_parsys">
                     <text_970 jcr:primaryType="nt:unstructured"
                               sling:resourceType="help/components/article-3/text"
                               text="&lt;p&gt;&#xA;&lt;span class=&#34;uicontrol&#34;&gt;Tracking URL configuration (Web Analytics)&lt;/span&gt;&#xA;, which defines the configuration of the URLs tracking for your brand.&lt;/p&gt;&#xA;"
                               textIsRich="true"/>
                     <text_971 jcr:primaryType="nt:unstructured"
                               sling:resourceType="help/components/article-3/text"
                               text="&lt;p&gt;The additional parameters that allow the links to be tracked on external systems such as Web Analytics tools like Adobe Analytics or Google Analytics are defined here.&lt;/p&gt;&#xA;"
                               textIsRich="true"/>
                     <image_119 jcr:primaryType="nt:unstructured"
                                sling:resourceType="help/components/article-3/image"
                                jcr:title=""
                                alt=""
                                captionBottom=""
                                fileName="branding_05.png"
                                originalFileName="images/en/branding_05.png"
                                fileReference="/content/dam/help/en/campaign/standard/branding_05.png"
                                imageRotate="0"
                                originalHeight=""
                                originalWidth=""
                                scaleOption="toTemplate"
                                status="legacy"/>
                  </step_par>
               </step_344_59>
            </proc_par>
         </procedure_56>
        
            <header_93 jcr:primaryType="nt:unstructured" sling:resourceType="help/components/header"
                    id="assigning-a-brand-to-an-email"
                    level="2"
                    text="&lt;p&gt;Assigning a brand to an email&lt;/p&gt;&#xA;"
                    textIsRich="'true'"/>
            <text_972 jcr:primaryType="nt:unstructured"
                   sling:resourceType="help/components/article-3/text"
                   text="&lt;p&gt;Brands are created and configured by the Adobe Campaign technical administrator.&lt;/p&gt;&#xA;"
                   textIsRich="true"/>
            
                <header_94 jcr:primaryType="nt:unstructured" sling:resourceType="help/components/header"
                    id="linking-a-brand-to-a-template"
                    level="3"
                    text="&lt;p&gt;Linking a brand to a template&lt;/p&gt;&#xA;"
                    textIsRich="'true'"/>
                <text_973 jcr:primaryType="nt:unstructured"
                   sling:resourceType="help/components/article-3/text"
                   text="&lt;p&gt;To use the parameters defined for a brand, it must be linked to a delivery or landing page template. To do this, you have to create or edit a template. &lt;/p&gt;&#xA;"
                   textIsRich="true"/>
                <note_36 jcr:primaryType="nt:unstructured"
                  sling:resourceType="help/components/article-3/note"
                  text="&lt;p&gt;&#xA;                    For more information about creating a template, refer to the &#xA;&#x9;&#x9;&#x9;&#x9;&#x9;&#x9;&#x9;&#x9;&#x9;&#x9;&#x9;&#xA;&#x9;&#x9;&#x9;&#x9;&#x9;&#x9;&#x9;&lt;a href=&#34;/content/help/en/campaign/standard/start/using/about-templates.html&#34;&gt;Creating a template&lt;/a&gt; section.&#xA;                &lt;/p&gt;&#xA;"
                  textIsRich="true"
                  type="note"/>
                <text_975 jcr:primaryType="nt:unstructured"
                   sling:resourceType="help/components/article-3/text"
                   text="&lt;p&gt;Once your template has been created, you can link it to a brand. To do this:&lt;/p&gt;&#xA;"
                   textIsRich="true"/>
                <procedure_27_10 jcr:primaryType="nt:unstructured"
                          sling:resourceType="help/components/procedure">
            <proc_par jcr:primaryType="nt:unstructured"
                      sling:resourceType="help/components/procedure/proc_parsys">
                    <step_345_0 jcr:primaryType="nt:unstructured" sling:resourceType="help/components/step">
                  <step_par jcr:primaryType="nt:unstructured"
                            sling:resourceType="help/components/procedure/step_parsys">
                        <text_976 jcr:primaryType="nt:unstructured"
                               sling:resourceType="help/components/article-3/text"
                               text="&lt;p&gt;Click the &#xA;&lt;span class=&#34;uicontrol&#34;&gt;Edit properties&lt;/span&gt;&#xA; button to access the template properties.&lt;/p&gt;&#xA;"
                               textIsRich="true"/>
                        <image_120 jcr:primaryType="nt:unstructured"
                                sling:resourceType="help/components/article-3/image"
                                jcr:title=""
                                alt=""
                                captionBottom=""
                                fileName="branding_04.png"
                                originalFileName="images/en/branding_04.png"
                                fileReference="/content/dam/help/en/campaign/standard/branding_04.png"
                                imageRotate="0"
                                originalHeight=""
                                originalWidth=""
                                scaleOption="toTemplate"
                                status="legacy"/>
                    </step_par>
               </step_345_0>
                    <step_346_0 jcr:primaryType="nt:unstructured" sling:resourceType="help/components/step">
                  <step_par jcr:primaryType="nt:unstructured"
                            sling:resourceType="help/components/procedure/step_parsys">
                        <text_977 jcr:primaryType="nt:unstructured"
                               sling:resourceType="help/components/article-3/text"
                               text="&lt;p&gt;Use the drop-down list to select the brand that you want to link to the template.&lt;/p&gt;&#xA;"
                               textIsRich="true"/>
                        <note_37 jcr:primaryType="nt:unstructured"
                              sling:resourceType="help/components/article-3/note"
                              text="&lt;p&gt;&#xA;                            By default, the &#xA;&lt;span class=&#34;uicontrol&#34;&gt;Default brand (branding)&lt;/span&gt;&#xA; is selected.&#xA;                        &lt;/p&gt;&#xA;"
                              textIsRich="true"
                              type="note"/>
                        <image_121 jcr:primaryType="nt:unstructured"
                                sling:resourceType="help/components/article-3/image"
                                jcr:title=""
                                alt=""
                                captionBottom=""
                                fileName="branding_05.png"
                                originalFileName="images/en/branding_05.png"
                                fileReference="/content/dam/help/en/campaign/standard/branding_05.png"
                                imageRotate="0"
                                originalHeight=""
                                originalWidth=""
                                scaleOption="toTemplate"
                                status="legacy"/>
                        <text_979 jcr:primaryType="nt:unstructured"
                               sling:resourceType="help/components/article-3/text"
                               text="&lt;p&gt;To view how the brand selected is configured, click the &#xA;&lt;span class=&#34;uicontrol&#34;&gt;Navigate to the detail of the element selected&lt;/span&gt;&#xA; icon.&lt;/p&gt;&#xA;"
                               textIsRich="true"/>
                        <image_122 jcr:primaryType="nt:unstructured"
                                sling:resourceType="help/components/article-3/image"
                                jcr:title=""
                                alt=""
                                captionBottom=""
                                fileName="branding_06.png"
                                originalFileName="images/en/branding_06.png"
                                fileReference="/content/dam/help/en/campaign/standard/branding_06.png"
                                imageRotate="0"
                                originalHeight=""
                                originalWidth=""
                                scaleOption="toTemplate"
                                status="legacy"/>
                    </step_par>
               </step_346_0>
                    <step_347_0 jcr:primaryType="nt:unstructured" sling:resourceType="help/components/step">
                  <step_par jcr:primaryType="nt:unstructured"
                            sling:resourceType="help/components/procedure/step_parsys">
                        <text_980 jcr:primaryType="nt:unstructured"
                               sling:resourceType="help/components/article-3/text"
                               text="&lt;p&gt;Confirm your selection and save your template.&lt;/p&gt;&#xA;"
                               textIsRich="true"/>
                    </step_par>
               </step_347_0>
                </proc_par>
         </procedure_27_10>
                <text_981 jcr:primaryType="nt:unstructured"
                   sling:resourceType="help/components/article-3/text"
                   text="&lt;p&gt;Your template is linked to the brand. In the content editor, the elements such as the &lt;strong&gt;Email address of default sender&lt;/strong&gt;, the &lt;strong&gt;Default sender name&lt;/strong&gt;, or the &lt;strong&gt;Logo&lt;/strong&gt; will use the configured brand data.&lt;/p&gt;&#xA;"
                   textIsRich="true"/>
            
            
                <header_95 jcr:primaryType="nt:unstructured" sling:resourceType="help/components/header"
                    id="example-of-a-brand-linked-to-an-email-template"
                    level="3"
                    text="&lt;p&gt;Example of a brand linked to an email template&lt;/p&gt;&#xA;"
                    textIsRich="'true'"/>
                <text_982 jcr:primaryType="nt:unstructured"
                   sling:resourceType="help/components/article-3/text"
                   text="&lt;p&gt;In this example, we are going to create a new travel-related brand, and use it in an email. &lt;/p&gt;&#xA;"
                   textIsRich="true"/>
                <text_983 jcr:primaryType="nt:unstructured"
                   sling:resourceType="help/components/article-3/text"
                   text="&lt;p&gt;The Adobe Campaign administrator creates the brand in &#xA;&lt;span class=&#34;uicontrol&#34;&gt;Administration &gt; Instance settings &gt; Brand configuration&lt;/span&gt;&#xA;. He adds the &lt;strong&gt;Vacations in the Tropics&lt;/strong&gt; element from the advanced menu and configures the &#xA;&lt;span class=&#34;uicontrol&#34;&gt;ID&lt;/span&gt;&#xA; and the &#xA;&lt;span class=&#34;uicontrol&#34;&gt;Header parameters of sent emails&lt;/span&gt;&#xA; of the brand.&lt;/p&gt;&#xA;"
                   textIsRich="true"/>
                <image_123 jcr:primaryType="nt:unstructured"
                    sling:resourceType="help/components/article-3/image"
                    jcr:title=""
                    alt=""
                    captionBottom=""
                    fileName="branding_07.png"
                    originalFileName="images/en/branding_07.png"
                    fileReference="/content/dam/help/en/campaign/standard/branding_07.png"
                    imageRotate="0"
                    originalHeight=""
                    originalWidth=""
                    scaleOption="toTemplate"
                    status="legacy"/>
                <text_984 jcr:primaryType="nt:unstructured"
                   sling:resourceType="help/components/article-3/text"
                   text="&lt;p&gt;The administrator then configures the URL of the &lt;strong&gt;Server(s) exposed on the Internet&lt;/strong&gt; so that landing pages can be used, then the tracking URLs.&lt;/p&gt;&#xA;"
                   textIsRich="true"/>
                <text_985 jcr:primaryType="nt:unstructured"
                   sling:resourceType="help/components/article-3/text"
                   text="&lt;p&gt;In this example, the &lt;strong&gt;Web Analytics&lt;/strong&gt; tool used is &lt;strong&gt;Google Analytics&lt;/strong&gt;. The administrator configures the tracking URL as follows:&lt;/p&gt;&#xA;"
                   textIsRich="true"/>
                <image_124 jcr:primaryType="nt:unstructured"
                    sling:resourceType="help/components/article-3/image"
                    jcr:title=""
                    alt=""
                    captionBottom=""
                    fileName="branding_12.png"
                    originalFileName="images/en/branding_12.png"
                    fileReference="/content/dam/help/en/campaign/standard/branding_12.png"
                    imageRotate="0"
                    originalHeight=""
                    originalWidth=""
                    scaleOption="toTemplate"
                    status="legacy"/>
                <text_986 jcr:primaryType="nt:unstructured"
                   sling:resourceType="help/components/article-3/text"
                   text="&lt;p&gt;The brand is correctly created and configured. It can now be used by the marketing teams.&lt;/p&gt;&#xA;"
                   textIsRich="true"/>
                <text_987 jcr:primaryType="nt:unstructured"
                   sling:resourceType="help/components/article-3/text"
                   text="&lt;p&gt;A delivery manager who is part of the aforementioned units, is in charge of creating the delivery templates that use the brand. In the advanced menu &#xA;&lt;span class=&#34;uicontrol&#34;&gt;Resources &gt; Templates &gt; Delivery templates&lt;/span&gt;&#xA;, the delivery manager duplicates an out-of-the-box template to configure a new delivery template.&lt;/p&gt;&#xA;"
                   textIsRich="true"/>
                <image_125 jcr:primaryType="nt:unstructured"
                    sling:resourceType="help/components/article-3/image"
                    jcr:title=""
                    alt=""
                    captionBottom=""
                    fileName="branding_08.png"
                    originalFileName="images/en/branding_08.png"
                    fileReference="/content/dam/help/en/campaign/standard/branding_08.png"
                    imageRotate="0"
                    originalHeight=""
                    originalWidth=""
                    scaleOption="toTemplate"
                    status="legacy"/>
                <text_988 jcr:primaryType="nt:unstructured"
                   sling:resourceType="help/components/article-3/text"
                   text="&lt;p&gt;To link this template to the &lt;strong&gt;Vacations in the Tropics&lt;/strong&gt; brand, he edits the template properties and selects the brand from the drop-down list. &lt;/p&gt;&#xA;"
                   textIsRich="true"/>
                <image_126 jcr:primaryType="nt:unstructured"
                    sling:resourceType="help/components/article-3/image"
                    jcr:title=""
                    alt=""
                    captionBottom=""
                    fileName="branding_09.png"
                    originalFileName="images/en/branding_09.png"
                    fileReference="/content/dam/help/en/campaign/standard/branding_09.png"
                    imageRotate="0"
                    originalHeight=""
                    originalWidth=""
                    scaleOption="toTemplate"
                    status="legacy"/>
                <text_989 jcr:primaryType="nt:unstructured"
                   sling:resourceType="help/components/article-3/text"
                   text="&lt;p&gt;The delivery manager configures his email template according to his needs.&lt;/p&gt;&#xA;"
                   textIsRich="true"/>
                <text_990 jcr:primaryType="nt:unstructured"
                   sling:resourceType="help/components/article-3/text"
                   text="&lt;p&gt;Once the template is completed, he can save it.&lt;/p&gt;&#xA;"
                   textIsRich="true"/>
                <image_127 jcr:primaryType="nt:unstructured"
                    sling:resourceType="help/components/article-3/image"
                    jcr:title=""
                    alt=""
                    captionBottom=""
                    fileName="branding_10.png"
                    originalFileName="images/en/branding_10.png"
                    fileReference="/content/dam/help/en/campaign/standard/branding_10.png"
                    imageRotate="0"
                    originalHeight=""
                    originalWidth=""
                    scaleOption="toTemplate"
                    status="legacy"/>
                <text_991 jcr:primaryType="nt:unstructured"
                   sling:resourceType="help/components/article-3/text"
                   text="&lt;p&gt;The delivery template can now be used to create emails that will be sent to an audience. &lt;/p&gt;&#xA;"
                   textIsRich="true"/>
                <text_992 jcr:primaryType="nt:unstructured"
                   sling:resourceType="help/components/article-3/text"
                   text="&lt;p&gt;To create an email linked to a brand, select the &#xA;&lt;span class=&#34;uicontrol&#34;&gt;Create&lt;/span&gt;&#xA; button from the &#xA;&lt;span class=&#34;uicontrol&#34;&gt;Marketing activities&lt;/span&gt;&#xA; menu.&lt;/p&gt;&#xA;"
                   textIsRich="true"/>
                <image_128 jcr:primaryType="nt:unstructured"
                    sling:resourceType="help/components/article-3/image"
                    jcr:title=""
                    alt=""
                    captionBottom=""
                    fileName="branding_14.png"
                    originalFileName="images/en/branding_14.png"
                    fileReference="/content/dam/help/en/campaign/standard/branding_14.png"
                    imageRotate="0"
                    originalHeight=""
                    originalWidth=""
                    scaleOption="toTemplate"
                    status="legacy"/>
                <text_993 jcr:primaryType="nt:unstructured"
                   sling:resourceType="help/components/article-3/text"
                   text="&lt;p&gt;Select the &#xA;&lt;span class=&#34;uicontrol&#34;&gt;Email&lt;/span&gt;&#xA; activity, then choose the template linked to the brand.&lt;/p&gt;&#xA;"
                   textIsRich="true"/>
                <image_129 jcr:primaryType="nt:unstructured"
                    sling:resourceType="help/components/article-3/image"
                    jcr:title=""
                    alt=""
                    captionBottom=""
                    fileName="branding_15.png"
                    originalFileName="images/en/branding_15.png"
                    fileReference="/content/dam/help/en/campaign/standard/branding_15.png"
                    imageRotate="0"
                    originalHeight=""
                    originalWidth=""
                    scaleOption="toTemplate"
                    status="legacy"/>
                <text_994 jcr:primaryType="nt:unstructured"
                   sling:resourceType="help/components/article-3/text"
                   text="&lt;p&gt;Your email is already configured. You can check the information before testing it using the test profiles, then sending it to your audience.&lt;/p&gt;&#xA;"
                   textIsRich="true"/>
                <image_130 jcr:primaryType="nt:unstructured"
                    sling:resourceType="help/components/article-3/image"
                    jcr:title=""
                    alt=""
                    captionBottom=""
                    fileName="branding_16.png"
                    originalFileName="images/en/branding_16.png"
                    fileReference="/content/dam/help/en/campaign/standard/branding_16.png"
                    imageRotate="0"
                    originalHeight=""
                    originalWidth=""
                    scaleOption="toTemplate"
                    status="legacy"/>
            
        
      </main-pars>
      <hero jcr:primaryType="nt:unstructured"
            sling:resourceType="foundation/components/image"/>
      <thumbnail jcr:primaryType="nt:unstructured"
                 sling:resourceType="foundation/components/image"/>
      <publisherLogo jcr:primaryType="nt:unstructured"
                     sling:resourceType="foundation/components/image"/>
   </jcr:content>
</jcr:root>