<?xml version="1.0" encoding="UTF-8"?>
<jcr:root xmlns:nt="http://www.jcp.org/jcr/nt/1.0" xmlns:json="http://json.org/"
          xmlns:sling="http://sling.apache.org/jcr/sling/1.0"
          xmlns:cq="http://www.day.com/jcr/cq/1.0"
          xmlns:jcr="http://www.jcp.org/jcr/1.0"
          xmlns:mix="http://www.jcp.org/jcr/mix/1.0"
          jcr:primaryType="cq:Page">
   <jcr:content navTitle="External accounts" jcr:primaryType="cq:PageContent"
                sling:resourceType="help/components/pages/article-3"
                heroGradient="light"
                jcr:language="en_us"
                cq:designPath="/etc/designs/help"
                cq:template="/apps/help/templates/article-3"
                jcr:mixinTypes="[mix:versionable]"
                jcr:title="External accounts"
                jcr:description="External accounts"
                seoDescription="Configure external accounts to set up connections with external systems such as SFTP servers."
                primaryProductTag="[products:SG_CAMPAIGN/STANDARD]"
                cq:tags="[products:SG_CAMPAIGN/STANDARD,audience:administration,content_type:reference,topic_tags:application-settings]"
                primaryAudienceTag="[audience:administration]"
                contentOwner="sauviat"
                isReadyForLocalization="true"
                publishExternalDate="2019-01-09">
      <main-pars jcr:primaryType="nt:unstructured"
                 sling:resourceType="foundation/components/parsys">
        
        
        
            
        
        <text_830 jcr:primaryType="nt:unstructured"
                   sling:resourceType="help/components/article-3/text"
                   text="&lt;p&gt;An external account is a configuration that allows you to configure and test the access to a server that is external to Adobe Campaign.&lt;/p&gt;&#xA;"
                   textIsRich="true"/>
        <text_831 jcr:primaryType="nt:unstructured"
                   sling:resourceType="help/components/article-3/text"
                   text="&lt;p&gt;These external accounts can be used in Campaign workflows to access and manage data.&lt;/p&gt;&#xA;"
                   textIsRich="true"/>
        <text_832 jcr:primaryType="nt:unstructured"
                   sling:resourceType="help/components/article-3/text"
                   text="&lt;p&gt;You can set up the following types of external accounts: &lt;/p&gt;&#xA;"
                   textIsRich="true"/>
        <procedure_51 jcr:primaryType="nt:unstructured"
                       sling:resourceType="help/components/procedure"
                       isBulleted="true">
            <proc_par jcr:primaryType="nt:unstructured"
                      sling:resourceType="help/components/procedure/proc_parsys">
               <step_301_51 jcr:primaryType="nt:unstructured" sling:resourceType="help/components/step">
                  <step_par jcr:primaryType="nt:unstructured"
                            sling:resourceType="help/components/procedure/step_parsys">
                     <text_833 jcr:primaryType="nt:unstructured"
                               sling:resourceType="help/components/article-3/text"
                               text="&lt;p&gt;SFTP. For more on this, refer to &#xA;&#x9;&#x9;&#x9;&#x9;&#x9;&#x9;&#x9;&#x9;&#x9;&#x9;&#x9;&#xA;&#x9;&#x9;&#x9;&#x9;&#x9;&#x9;&#x9;&lt;a href=&#34;/content/help/en/campaign/standard/administration/using/external-accounts.html#setting-up-a-sftp-external-account&#34;&gt;this section&lt;/a&gt;.&lt;/p&gt;&#xA;"
                               textIsRich="true"/>
                  </step_par>
               </step_301_51>
               <step_302_51 jcr:primaryType="nt:unstructured" sling:resourceType="help/components/step">
                  <step_par jcr:primaryType="nt:unstructured"
                            sling:resourceType="help/components/procedure/step_parsys">
                     <text_834 jcr:primaryType="nt:unstructured"
                               sling:resourceType="help/components/article-3/text"
                               text="&lt;p&gt;Amazon Storage Service (S3). For more on this, refer to &#xA;&#x9;&#x9;&#x9;&#x9;&#x9;&#x9;&#x9;&#x9;&#x9;&#x9;&#x9;&#xA;&#x9;&#x9;&#x9;&#x9;&#x9;&#x9;&#x9;&lt;a href=&#34;/content/help/en/campaign/standard/administration/using/external-accounts.html#setting-up-an-amazon-s3-external-account&#34;&gt;this section&lt;/a&gt;.&lt;/p&gt;&#xA;"
                               textIsRich="true"/>
                  </step_par>
               </step_302_51>
               <step_303_51 jcr:primaryType="nt:unstructured" sling:resourceType="help/components/step">
                  <step_par jcr:primaryType="nt:unstructured"
                            sling:resourceType="help/components/procedure/step_parsys">
                     <text_835 jcr:primaryType="nt:unstructured"
                               sling:resourceType="help/components/article-3/text"
                               text="&lt;p&gt;Adobe Experience Manager. For more on this, refer to &#xA;&#x9;&#x9;&#x9;&#x9;&#x9;&#x9;&#x9;&#x9;&#x9;&#x9;&#x9;&#xA;&#x9;&#x9;&#x9;&#x9;&#x9;&#x9;&#x9;&lt;a href=&#34;/content/help/en/campaign/standard/administration/using/external-accounts.html#setting-up-an-adobe-experience-manager-external-account&#34;&gt;this section&lt;/a&gt;.&lt;/p&gt;&#xA;"
                               textIsRich="true"/>
                  </step_par>
               </step_303_51>
               <step_304_51 jcr:primaryType="nt:unstructured" sling:resourceType="help/components/step">
                  <step_par jcr:primaryType="nt:unstructured"
                            sling:resourceType="help/components/procedure/step_parsys">
                     <text_836 jcr:primaryType="nt:unstructured"
                               sling:resourceType="help/components/article-3/text"
                               text="&lt;p&gt;Adobe Analytics. For more on this, refer to &#xA;&#x9;&#x9;&#x9;&#x9;&#x9;&#x9;&#x9;&#x9;&#x9;&#x9;&#x9;&#xA;&#x9;&#x9;&#x9;&#x9;&#x9;&#x9;&#x9;&lt;a href=&#34;/content/help/en/campaign/standard/integrating/using/configure-campaign-analytics-integration.html&#34;&gt;this section&lt;/a&gt;.&lt;/p&gt;&#xA;"
                               textIsRich="true"/>
                  </step_par>
               </step_304_51>
            </proc_par>
         </procedure_51>
        <note_34 jcr:primaryType="nt:unstructured"
                  sling:resourceType="help/components/article-3/note"
                  text="&lt;p&gt;&#xA;            Other types of external accounts are used by Adobe during product provisioning process.&#xA;            From build 17.9, FTP external accounts can still be defined but are no longer usable in new workflow activities. If you already had a connection set up, it is still enabled.&#xA;        &lt;/p&gt;&#xA;"
                  textIsRich="true"
                  type="note"/>
        <text_839 jcr:primaryType="nt:unstructured"
                   sling:resourceType="help/components/article-3/text"
                   text="&lt;p&gt;External accounts can be configured by administrators under the &#xA;&lt;span class=&#34;uicontrol&#34;&gt;Administration &gt; Application settings &gt; External accounts&lt;/span&gt;&#xA; menu.&lt;/p&gt;&#xA;"
                   textIsRich="true"/>
        
            <header_83 jcr:primaryType="nt:unstructured" sling:resourceType="help/components/header"
                    id="creating-an-external-account"
                    level="2"
                    text="&lt;p&gt;Creating an external account&lt;/p&gt;&#xA;"
                    textIsRich="'true'"/>
            <text_840 jcr:primaryType="nt:unstructured"
                   sling:resourceType="help/components/article-3/text"
                   text="&lt;p&gt;Adobe Campaign comes with a set of pre-defined external accounts. In order to set up connections with external systems such as FTP servers used for file transfers, you can create your own external accounts.&lt;/p&gt;&#xA;"
                   textIsRich="true"/>
            <text_841 jcr:primaryType="nt:unstructured"
                   sling:resourceType="help/components/article-3/text"
                   text="&lt;p&gt;External accounts are used by technical processes such as technical workflows or campaign workflows. When setting up a file transfer in a workflow or a data exchange with any other application (Adobe Target, Experience Manager, etc.), you need to select an external account.&lt;/p&gt;&#xA;"
                   textIsRich="true"/>
            <procedure_25_10 jcr:primaryType="nt:unstructured"
                          sling:resourceType="help/components/procedure">
            <proc_par jcr:primaryType="nt:unstructured"
                      sling:resourceType="help/components/procedure/proc_parsys">
                <step_305_0 jcr:primaryType="nt:unstructured" sling:resourceType="help/components/step">
                  <step_par jcr:primaryType="nt:unstructured"
                            sling:resourceType="help/components/procedure/step_parsys">
                    <text_842 jcr:primaryType="nt:unstructured"
                               sling:resourceType="help/components/article-3/text"
                               text="&lt;p&gt;Click the &#xA;&lt;span class=&#34;uicontrol&#34;&gt;Create&lt;/span&gt;&#xA; button.&lt;/p&gt;&#xA;"
                               textIsRich="true"/>
                  </step_par>
               </step_305_0>
                <step_306_0 jcr:primaryType="nt:unstructured" sling:resourceType="help/components/step">
                  <step_par jcr:primaryType="nt:unstructured"
                            sling:resourceType="help/components/procedure/step_parsys">
                    <text_843 jcr:primaryType="nt:unstructured"
                               sling:resourceType="help/components/article-3/text"
                               text="&lt;p&gt;Enter a label. The label and the ID will be used when selecting external accounts in workflows.&lt;/p&gt;&#xA;"
                               textIsRich="true"/>
                  </step_par>
               </step_306_0>
                <step_307_0 jcr:primaryType="nt:unstructured" sling:resourceType="help/components/step">
                  <step_par jcr:primaryType="nt:unstructured"
                            sling:resourceType="help/components/procedure/step_parsys">
                    <text_844 jcr:primaryType="nt:unstructured"
                               sling:resourceType="help/components/article-3/text"
                               text="&lt;p&gt;Select the type of account you want to create.&lt;/p&gt;&#xA;"
                               textIsRich="true"/>
                  </step_par>
               </step_307_0>
                <step_308_0 jcr:primaryType="nt:unstructured" sling:resourceType="help/components/step">
                  <step_par jcr:primaryType="nt:unstructured"
                            sling:resourceType="help/components/procedure/step_parsys">
                    <text_845 jcr:primaryType="nt:unstructured"
                               sling:resourceType="help/components/article-3/text"
                               text="&lt;p&gt;Configure the access to the account by specifying credentials, server address, port number, and or keys when relevant.&lt;/p&gt;&#xA;"
                               textIsRich="true"/>
                    <text_846 jcr:primaryType="nt:unstructured"
                               sling:resourceType="help/components/article-3/text"
                               text="&lt;p&gt;The necessary information is usually provided by the provider of the server you are connecting to.&lt;/p&gt;&#xA;"
                               textIsRich="true"/>
                  </step_par>
               </step_308_0>
                <step_309_0 jcr:primaryType="nt:unstructured" sling:resourceType="help/components/step">
                  <step_par jcr:primaryType="nt:unstructured"
                            sling:resourceType="help/components/procedure/step_parsys">
                    <text_847 jcr:primaryType="nt:unstructured"
                               sling:resourceType="help/components/article-3/text"
                               text="&lt;p&gt;Save your account.&lt;/p&gt;&#xA;"
                               textIsRich="true"/>
                  </step_par>
               </step_309_0>
            </proc_par>
         </procedure_25_10>
            <text_848 jcr:primaryType="nt:unstructured"
                   sling:resourceType="help/components/article-3/text"
                   text="&lt;p&gt;The external account is created and added to the account list. It is now available for your data/file transfers or routing configurations in workflow activities and delivery properties.&lt;/p&gt;&#xA;"
                   textIsRich="true"/>
        
        
            <header_84 jcr:primaryType="nt:unstructured" sling:resourceType="help/components/header"
                    id="setting-up-a-sftp-external-account"
                    level="2"
                    text="&lt;p&gt;Setting up a SFTP external account&lt;/p&gt;&#xA;"
                    textIsRich="'true'"/>
            <text_849 jcr:primaryType="nt:unstructured"
                   sling:resourceType="help/components/article-3/text"
                   text="&lt;p&gt;Different external account types require different information to be specified.&lt;/p&gt;&#xA;"
                   textIsRich="true"/>
            <text_850 jcr:primaryType="nt:unstructured"
                   sling:resourceType="help/components/article-3/text"
                   text="&lt;p&gt;For an SFTP external account, provide the following details:&lt;/p&gt;&#xA;"
                   textIsRich="true"/>
            <procedure_52 jcr:primaryType="nt:unstructured"
                       sling:resourceType="help/components/procedure"
                       isBulleted="true">
            <proc_par jcr:primaryType="nt:unstructured"
                      sling:resourceType="help/components/procedure/proc_parsys">
                <step_310_52 jcr:primaryType="nt:unstructured" sling:resourceType="help/components/step">
                  <step_par jcr:primaryType="nt:unstructured"
                            sling:resourceType="help/components/procedure/step_parsys">
                    <text_851 jcr:primaryType="nt:unstructured"
                               sling:resourceType="help/components/article-3/text"
                               text="&lt;p&gt;Server address. For example, &lt;strong&gt;ftp.domain.com&lt;/strong&gt;.&lt;/p&gt;&#xA;"
                               textIsRich="true"/>
                  </step_par>
               </step_310_52>
                <step_311_52 jcr:primaryType="nt:unstructured" sling:resourceType="help/components/step">
                  <step_par jcr:primaryType="nt:unstructured"
                            sling:resourceType="help/components/procedure/step_parsys">
                    <text_852 jcr:primaryType="nt:unstructured"
                               sling:resourceType="help/components/article-3/text"
                               text="&lt;p&gt;Port number. For example, &lt;strong&gt;22&lt;/strong&gt;.&lt;/p&gt;&#xA;"
                               textIsRich="true"/>
                  </step_par>
               </step_311_52>
                <step_312_52 jcr:primaryType="nt:unstructured" sling:resourceType="help/components/step">
                  <step_par jcr:primaryType="nt:unstructured"
                            sling:resourceType="help/components/procedure/step_parsys">
                    <text_853 jcr:primaryType="nt:unstructured"
                               sling:resourceType="help/components/article-3/text"
                               text="&lt;p&gt;SFTP server credentials: account name and password used to connect to the server.&lt;/p&gt;&#xA;"
                               textIsRich="true"/>
                  </step_par>
               </step_312_52>
            </proc_par>
         </procedure_52>
            
                <header_85 jcr:primaryType="nt:unstructured" sling:resourceType="help/components/header"
                    id="adobe-hosted-sftp-server-recommendations"
                    level="3"
                    text="&lt;p&gt;Adobe hosted SFTP server recommendations&lt;/p&gt;&#xA;"
                    textIsRich="'true'"/>
                <text_854 jcr:primaryType="nt:unstructured"
                   sling:resourceType="help/components/article-3/text"
                   text="&lt;p&gt;When managing files and data for ETL purposes, these files are stored on a hosted SFTP server provided by Adobe. This SFTP is designed to be a temporary storage space on which you can control retention and deletion of files.&lt;/p&gt;&#xA;"
                   textIsRich="true"/>
                <text_855 jcr:primaryType="nt:unstructured"
                   sling:resourceType="help/components/article-3/text"
                   text="&lt;p&gt;When not correctly used or monitored, this space can quickly fill the physical space available on the server and cause severe problems. It can result in data loss or corruption on your platform.&lt;/p&gt;&#xA;"
                   textIsRich="true"/>
                <text_856 jcr:primaryType="nt:unstructured"
                   sling:resourceType="help/components/article-3/text"
                   text="&lt;p&gt;To avoid such problems, Adobe recommends to follow the best practices below:&lt;/p&gt;&#xA;"
                   textIsRich="true"/>
                <procedure_53 jcr:primaryType="nt:unstructured"
                       sling:resourceType="help/components/procedure"
                       isBulleted="true">
            <proc_par jcr:primaryType="nt:unstructured"
                      sling:resourceType="help/components/procedure/proc_parsys">
                    <step_313_53 jcr:primaryType="nt:unstructured" sling:resourceType="help/components/step">
                  <step_par jcr:primaryType="nt:unstructured"
                            sling:resourceType="help/components/procedure/step_parsys">
                        <text_857 jcr:primaryType="nt:unstructured"
                               sling:resourceType="help/components/article-3/text"
                               text="&lt;p&gt;Keep the minimum data possible.&lt;/p&gt;&#xA;"
                               textIsRich="true"/>
                    </step_par>
               </step_313_53>
                    <step_314_53 jcr:primaryType="nt:unstructured" sling:resourceType="help/components/step">
                  <step_par jcr:primaryType="nt:unstructured"
                            sling:resourceType="help/components/procedure/step_parsys">
                        <text_858 jcr:primaryType="nt:unstructured"
                               sling:resourceType="help/components/article-3/text"
                               text="&lt;p&gt;Use key based authentication to avoid password expiry. Supported formats are &lt;strong&gt;OpenSSH&lt;/strong&gt; and &lt;strong&gt;SSH2&lt;/strong&gt; only. You will have to provide the public key to Adobe support team to have it uploaded on the Campaign server.&lt;/p&gt;&#xA;"
                               textIsRich="true"/>
                    </step_par>
               </step_314_53>
                    <step_315_53 jcr:primaryType="nt:unstructured" sling:resourceType="help/components/step">
                  <step_par jcr:primaryType="nt:unstructured"
                            sling:resourceType="help/components/procedure/step_parsys">
                        <text_859 jcr:primaryType="nt:unstructured"
                               sling:resourceType="help/components/article-3/text"
                               text="&lt;p&gt;Keep data for only as long as required. 15 days is the maximum time limit.&lt;/p&gt;&#xA;"
                               textIsRich="true"/>
                    </step_par>
               </step_315_53>
                    <step_316_53 jcr:primaryType="nt:unstructured" sling:resourceType="help/components/step">
                  <step_par jcr:primaryType="nt:unstructured"
                            sling:resourceType="help/components/procedure/step_parsys">
                        <text_860 jcr:primaryType="nt:unstructured"
                               sling:resourceType="help/components/article-3/text"
                               text="&lt;p&gt;Use workflows to properly delete the data (manage the retention from workflows consuming the data).&lt;/p&gt;&#xA;"
                               textIsRich="true"/>
                    </step_par>
               </step_316_53>
                    <step_317_53 jcr:primaryType="nt:unstructured" sling:resourceType="help/components/step">
                  <step_par jcr:primaryType="nt:unstructured"
                            sling:resourceType="help/components/procedure/step_parsys">
                        <text_861 jcr:primaryType="nt:unstructured"
                               sling:resourceType="help/components/article-3/text"
                               text="&lt;p&gt;Use batching in SFTP uploads as well as in workflows.&lt;/p&gt;&#xA;"
                               textIsRich="true"/>
                    </step_par>
               </step_317_53>
                    <step_318_53 jcr:primaryType="nt:unstructured" sling:resourceType="help/components/step">
                  <step_par jcr:primaryType="nt:unstructured"
                            sling:resourceType="help/components/procedure/step_parsys">
                        <text_862 jcr:primaryType="nt:unstructured"
                               sling:resourceType="help/components/article-3/text"
                               text="&lt;p&gt;Handle errors/exceptions.&lt;/p&gt;&#xA;"
                               textIsRich="true"/>
                    </step_par>
               </step_318_53>
                    <step_319_53 jcr:primaryType="nt:unstructured" sling:resourceType="help/components/step">
                  <step_par jcr:primaryType="nt:unstructured"
                            sling:resourceType="help/components/procedure/step_parsys">
                        <text_863 jcr:primaryType="nt:unstructured"
                               sling:resourceType="help/components/article-3/text"
                               text="&lt;p&gt;Occasionally, log-in to SFTP to directly check what is lying there.&lt;/p&gt;&#xA;"
                               textIsRich="true"/>
                    </step_par>
               </step_319_53>
                    <step_320_53 jcr:primaryType="nt:unstructured" sling:resourceType="help/components/step">
                  <step_par jcr:primaryType="nt:unstructured"
                            sling:resourceType="help/components/procedure/step_parsys">
                        <text_864 jcr:primaryType="nt:unstructured"
                               sling:resourceType="help/components/article-3/text"
                               text="&lt;p&gt;Remember that SFTP disk management is primarily your responsibility.&lt;/p&gt;&#xA;"
                               textIsRich="true"/>
                    </step_par>
               </step_320_53>
                </proc_par>
         </procedure_53>
                <text_865 jcr:primaryType="nt:unstructured"
                   sling:resourceType="help/components/article-3/text"
                   text="&lt;p&gt;Also, note that the public IPs from which you are trying to initiate the SFTP connection must be whitelisted on the Campaign instance. Whitelisting of IP addresses can be requested via a &#xA;&lt;a href=&#34;https://support.neolane.net&#34;&gt;support ticket&lt;/a&gt;, along with providing the public key to use for authentication.&lt;/p&gt;&#xA;"
                   textIsRich="true"/>
            
        
        
            <header_86 jcr:primaryType="nt:unstructured" sling:resourceType="help/components/header"
                    id="setting-up-an-amazon-s3-external-account"
                    level="2"
                    text="&lt;p&gt;Setting up an Amazon S3 external account&lt;/p&gt;&#xA;"
                    textIsRich="'true'"/>
            <text_866 jcr:primaryType="nt:unstructured"
                   sling:resourceType="help/components/article-3/text"
                   text="&lt;p&gt;The Amazon S3 server field should be filled as follows: &lt;/p&gt;&#xA;"
                   textIsRich="true"/>
            <codelisting_sh0 jcr:primaryType="nt:unstructured"
                          sling:resourceType="help/components/codeblock"
                          codeLanguage="html"
                          gutter="true"
                          text="\&lt;S3 bucket name&gt;.s3.amazonaws.com/&lt;s3 object path&gt;"/>
            <text_867 jcr:primaryType="nt:unstructured"
                   sling:resourceType="help/components/article-3/text"
                   text="&lt;p&gt;To store your file in S3 encrypted mode, check the &#xA;&lt;span class=&#34;uicontrol&#34;&gt;Keep files in S3 encrypted&lt;/span&gt;&#xA; box.&lt;/p&gt;&#xA;"
                   textIsRich="true"/>
            <image_114 jcr:primaryType="nt:unstructured"
                    sling:resourceType="help/components/article-3/image"
                    jcr:title=""
                    alt=""
                    captionBottom=""
                    fileName="external_accounts_2.png"
                    originalFileName="images/en/external_accounts_2.png"
                    fileReference="/content/dam/help/en/campaign/standard/external_accounts_2.png"
                    imageRotate="0"
                    originalHeight=""
                    originalWidth=""
                    scaleOption="toTemplate"
                    status="legacy"/>
            <text_868 jcr:primaryType="nt:unstructured"
                   sling:resourceType="help/components/article-3/text"
                   text="&lt;p&gt;The necessary information is usually provided by the provider of the server you are connecting to.&lt;/p&gt;&#xA;"
                   textIsRich="true"/>
            <text_869 jcr:primaryType="nt:unstructured"
                   sling:resourceType="help/components/article-3/text"
                   text="&lt;p&gt;Specify the &#xA;&lt;span class=&#34;uicontrol&#34;&gt;AWS Region&lt;/span&gt;&#xA; associated to your endpoint. You can check the supported regions and signature versions in the official &#xA;&#x9;&#x9;&#x9;&#x9;&#x9;&lt;a href=&#34;https://docs.aws.amazon.com/general/latest/gr/rande.html#s3_region&#34; class=&#34;anchorLink&#34; target=&#34;_blank&#34;&gt;Amazon S3 documentation&lt;/a&gt;&#xA;&#x9;&#x9;&#x9;&#x9;.&lt;/p&gt;&#xA;"
                   textIsRich="true"/>
            
                <header_87 jcr:primaryType="nt:unstructured" sling:resourceType="help/components/header"
                    id="amazon-s3-account-recommendations"
                    level="3"
                    text="&lt;p&gt;Amazon S3 account recommendations&lt;/p&gt;&#xA;"
                    textIsRich="'true'"/>
                <text_870 jcr:primaryType="nt:unstructured"
                   sling:resourceType="help/components/article-3/text"
                   text="&lt;p&gt;To help you set up your Amazon S3 account, we advise you to follow these recommendations:&lt;/p&gt;&#xA;"
                   textIsRich="true"/>
                <procedure_54 jcr:primaryType="nt:unstructured"
                       sling:resourceType="help/components/procedure"
                       isBulleted="true">
            <proc_par jcr:primaryType="nt:unstructured"
                      sling:resourceType="help/components/procedure/proc_parsys">
                    <step_321_54 jcr:primaryType="nt:unstructured" sling:resourceType="help/components/step">
                  <step_par jcr:primaryType="nt:unstructured"
                            sling:resourceType="help/components/procedure/step_parsys">
                        <text_871 jcr:primaryType="nt:unstructured"
                               sling:resourceType="help/components/article-3/text"
                               text="&lt;p&gt;Create strict bucket policy to restrict access to S3 buckets. Bucket policy can be configured while creating a bucket. For more information, refer to the &#xA;&lt;a href=&#34;http://docs.aws.amazon.com/AmazonS3/latest/dev//example-bucket-policies.html&#34;&gt;Amazon S3 documentation&lt;/a&gt;. &lt;/p&gt;&#xA;"
                               textIsRich="true"/>
                    </step_par>
               </step_321_54>
                    <step_322_54 jcr:primaryType="nt:unstructured" sling:resourceType="help/components/step">
                  <step_par jcr:primaryType="nt:unstructured"
                            sling:resourceType="help/components/procedure/step_parsys">
                        <text_872 jcr:primaryType="nt:unstructured"
                               sling:resourceType="help/components/article-3/text"
                               text="&lt;p&gt;While creating an external account, enable the encryption to store sensitive data in the S3 bucket by checking the &#xA;&lt;span class=&#34;uicontrol&#34;&gt;Keep files in S3 encrypted&lt;/span&gt;&#xA; box.&lt;/p&gt;&#xA;"
                               textIsRich="true"/>
                    </step_par>
               </step_322_54>
                    <step_323_54 jcr:primaryType="nt:unstructured" sling:resourceType="help/components/step">
                  <step_par jcr:primaryType="nt:unstructured"
                            sling:resourceType="help/components/procedure/step_parsys">
                        <text_873 jcr:primaryType="nt:unstructured"
                               sling:resourceType="help/components/article-3/text"
                               text="&lt;p&gt;Grant bucket permissions to specify who can access the object in a bucket. For more information on bucket permission, refer to the &#xA;&lt;a href=&#34;http://docs.aws.amazon.com/AmazonS3/latest/dev//access-control-overview.html&#34;&gt;Amazon S3 documentation&lt;/a&gt;&lt;/p&gt;&#xA;"
                               textIsRich="true"/>
                    </step_par>
               </step_323_54>
                </proc_par>
         </procedure_54>
            
        
        
            <header_88 jcr:primaryType="nt:unstructured" sling:resourceType="help/components/header"
                    id="setting-up-an-adobe-experience-manager-external-account"
                    level="2"
                    text="&lt;p&gt;Setting up an Adobe Experience Manager external account&lt;/p&gt;&#xA;"
                    textIsRich="'true'"/>
            <text_874 jcr:primaryType="nt:unstructured"
                   sling:resourceType="help/components/article-3/text"
                   text="&lt;p&gt;Adobe Experience Manager external accounts are used when integrating Campaign with Experience Manager.&lt;/p&gt;&#xA;"
                   textIsRich="true"/>
            <text_875 jcr:primaryType="nt:unstructured"
                   sling:resourceType="help/components/article-3/text"
                   text="&lt;p&gt;Process and requirements related to this integration are available in &#xA;&#x9;&#x9;&#x9;&#x9;&#x9;&#x9;&#x9;&#x9;&#x9;&#x9;&#x9;&#xA;&#x9;&#x9;&#x9;&#x9;&#x9;&#x9;&#x9;&lt;a href=&#34;/content/help/en/campaign/standard/integrating/using/about-campaign-integrations.html&#34;&gt;this document&lt;/a&gt;.&lt;/p&gt;&#xA;"
                   textIsRich="true"/>
            <text_876 jcr:primaryType="nt:unstructured"
                   sling:resourceType="help/components/article-3/text"
                   text="&lt;p&gt;As you are setting up this new external account, you need to provide the following details:&lt;/p&gt;&#xA;"
                   textIsRich="true"/>
            <procedure_55 jcr:primaryType="nt:unstructured"
                       sling:resourceType="help/components/procedure"
                       isBulleted="true">
            <proc_par jcr:primaryType="nt:unstructured"
                      sling:resourceType="help/components/procedure/proc_parsys">
                <step_324_55 jcr:primaryType="nt:unstructured" sling:resourceType="help/components/step">
                  <step_par jcr:primaryType="nt:unstructured"
                            sling:resourceType="help/components/procedure/step_parsys">
                    <text_877 jcr:primaryType="nt:unstructured"
                               sling:resourceType="help/components/article-3/text"
                               text="&lt;p&gt;Server: enter the URL of the Adobe Experience Manager server. For example, &lt;strong&gt;http://aem.domain.com:4502&lt;/strong&gt;.&lt;/p&gt;&#xA;"
                               textIsRich="true"/>
                  </step_par>
               </step_324_55>
                <step_325_55 jcr:primaryType="nt:unstructured" sling:resourceType="help/components/step">
                  <step_par jcr:primaryType="nt:unstructured"
                            sling:resourceType="help/components/procedure/step_parsys">
                    <text_878 jcr:primaryType="nt:unstructured"
                               sling:resourceType="help/components/article-3/text"
                               text="&lt;p&gt;AEM account credentials: use the account that will access the Adobe Experience Manager instance. It should be an account part of the campaign-remote group in Experience Manager.&lt;/p&gt;&#xA;"
                               textIsRich="true"/>
                  </step_par>
               </step_325_55>
            </proc_par>
         </procedure_55>
        
      </main-pars>
      <hero jcr:primaryType="nt:unstructured"
            sling:resourceType="foundation/components/image"/>
      <thumbnail jcr:primaryType="nt:unstructured"
                 sling:resourceType="foundation/components/image"/>
      <publisherLogo jcr:primaryType="nt:unstructured"
                     sling:resourceType="foundation/components/image"/>
   </jcr:content>
</jcr:root>