<?xml version="1.0" encoding="UTF-8"?>
<jcr:root xmlns:nt="http://www.jcp.org/jcr/nt/1.0" xmlns:json="http://json.org/"
          xmlns:sling="http://sling.apache.org/jcr/sling/1.0"
          xmlns:cq="http://www.day.com/jcr/cq/1.0"
          xmlns:jcr="http://www.jcp.org/jcr/1.0"
          xmlns:mix="http://www.jcp.org/jcr/mix/1.0"
          jcr:primaryType="cq:Page">
   <jcr:content navTitle="Licenses" jcr:primaryType="cq:PageContent"
                sling:resourceType="help/components/pages/article-3"
                heroGradient="light"
                jcr:language="en_us"
                cq:designPath="/etc/designs/help"
                cq:template="/apps/help/templates/article-3"
                jcr:mixinTypes="[mix:versionable]"
                jcr:title="Licenses"
                jcr:description="Licenses"
                seoDescription="Learn more on licenses installed on your instance."
                primaryProductTag="[products:SG_CAMPAIGN/STANDARD]"
                cq:tags="[products:SG_CAMPAIGN/STANDARD,audience:administration,content_type:reference,topic_tags:users-e-security]"
                primaryAudienceTag="[audience:administration]"
                contentOwner="sauviat"
                isReadyForLocalization="true"
                publishExternalDate="2019-01-09">
      <main-pars jcr:primaryType="nt:unstructured"
                 sling:resourceType="foundation/components/parsys">
    
    
      
    
         <text_191 jcr:primaryType="nt:unstructured"
                   sling:resourceType="help/components/article-3/text"
                   text="&lt;p&gt;The&#xA;&lt;span class=&#34;uicontrol&#34;&gt; Licenses&lt;/span&gt;&#xA; window allows you to view the installed licenses on your instance and different information about it such as the build number, release version or if the terms of agreement have been accepted and by whom.&lt;/p&gt;&#xA;"
                   textIsRich="true"/>
         <image_29 jcr:primaryType="nt:unstructured"
                   sling:resourceType="help/components/article-3/image"
                   jcr:title=""
                   alt=""
                   captionBottom=""
                   fileName="license_1.png"
                   originalFileName="images/en/license_1.png"
                   fileReference="/content/dam/help/en/campaign/standard/license_1.png"
                   imageRotate="0"
                   originalHeight=""
                   originalWidth=""
                   scaleOption="toTemplate"
                   status="legacy"/>
         <text_192 jcr:primaryType="nt:unstructured"
                   sling:resourceType="help/components/article-3/text"
                   text="&lt;p&gt;With a new build or a new feature, license terms may change and need to be accepted by a functional administrator of the instance.&lt;/p&gt;&#xA;"
                   textIsRich="true"/>
         <text_193 jcr:primaryType="nt:unstructured"
                   sling:resourceType="help/components/article-3/text"
                   text="&lt;p&gt;The following window will appear for standard users after logging in, no action is required on their part. They can still work on Adobe Campaign by clicking the &#xA;&lt;span class=&#34;uicontrol&#34;&gt;OK&lt;/span&gt;&#xA; button.&lt;/p&gt;&#xA;"
                   textIsRich="true"/>
         <image_30 jcr:primaryType="nt:unstructured"
                   sling:resourceType="help/components/article-3/image"
                   jcr:title=""
                   alt=""
                   captionBottom=""
                   fileName="license_2.png"
                   originalFileName="images/en/license_2.png"
                   fileReference="/content/dam/help/en/campaign/standard/license_2.png"
                   imageRotate="0"
                   originalHeight=""
                   originalWidth=""
                   scaleOption="toTemplate"
                   status="legacy"/>
         <text_194 jcr:primaryType="nt:unstructured"
                   sling:resourceType="help/components/article-3/text"
                   text="&lt;p&gt;An administrator has to read and confirm the new terms of agreement in the following 30 days of the build installation by checking &#xA;&lt;span class=&#34;uicontrol&#34;&gt;I accept the terms from the license agreement&lt;/span&gt;&#xA; and clicking &#xA;&lt;span class=&#34;uicontrol&#34;&gt;Confirm&lt;/span&gt;&#xA;.&lt;/p&gt;&#xA;"
                   textIsRich="true"/>
         <image_31 jcr:primaryType="nt:unstructured"
                   sling:resourceType="help/components/article-3/image"
                   jcr:title=""
                   alt=""
                   captionBottom=""
                   fileName="license_3.png"
                   originalFileName="images/en/license_3.png"
                   fileReference="/content/dam/help/en/campaign/standard/license_3.png"
                   imageRotate="0"
                   originalHeight=""
                   originalWidth=""
                   scaleOption="toTemplate"
                   status="legacy"/>
         <text_195 jcr:primaryType="nt:unstructured"
                   sling:resourceType="help/components/article-3/text"
                   text="&lt;p&gt;Passed these 30 days if the agreement is not accepted, no users will be able to use this instance. The standard users will not be able to access Adobe Campaign functionalities and will only see the following message until a functional administrator accepts the terms of agreement.&lt;/p&gt;&#xA;"
                   textIsRich="true"/>
         <image_32 jcr:primaryType="nt:unstructured"
                   sling:resourceType="help/components/article-3/image"
                   jcr:title=""
                   alt=""
                   captionBottom=""
                   fileName="license_4.png"
                   originalFileName="images/en/license_4.png"
                   fileReference="/content/dam/help/en/campaign/standard/license_4.png"
                   imageRotate="0"
                   originalHeight=""
                   originalWidth=""
                   scaleOption="toTemplate"
                   status="legacy"/>
      </main-pars>
      <hero jcr:primaryType="nt:unstructured"
            sling:resourceType="foundation/components/image"/>
      <thumbnail jcr:primaryType="nt:unstructured"
                 sling:resourceType="foundation/components/image"/>
      <publisherLogo jcr:primaryType="nt:unstructured"
                     sling:resourceType="foundation/components/image"/>
   </jcr:content>
</jcr:root>