<?xml version="1.0" encoding="UTF-8"?>
<jcr:root xmlns:nt="http://www.jcp.org/jcr/nt/1.0" xmlns:json="http://json.org/"
          xmlns:sling="http://sling.apache.org/jcr/sling/1.0"
          xmlns:cq="http://www.day.com/jcr/cq/1.0"
          xmlns:jcr="http://www.jcp.org/jcr/1.0"
          xmlns:mix="http://www.jcp.org/jcr/mix/1.0"
          jcr:primaryType="cq:Page">
   <jcr:content navTitle="List of roles" jcr:primaryType="cq:PageContent"
                sling:resourceType="help/components/pages/article-3"
                heroGradient="light"
                jcr:language="en_us"
                cq:designPath="/etc/designs/help"
                cq:template="/apps/help/templates/article-3"
                jcr:mixinTypes="[mix:versionable]"
                jcr:title="List of roles"
                jcr:description="List of roles"
                seoDescription="Find out the list of roles that you can assign to your users."
                primaryProductTag="[products:SG_CAMPAIGN/STANDARD]"
                cq:tags="[products:SG_CAMPAIGN/STANDARD,audience:administration,content_type:reference,topic_tags:users-e-security]"
                primaryAudienceTag="[audience:administration]"
                contentOwner="sauviat"
                isReadyForLocalization="true"
                publishExternalDate="2019-01-09">
      <main-pars jcr:primaryType="nt:unstructured"
                 sling:resourceType="foundation/components/parsys">
    
    
    
      
    
         <text_125 jcr:primaryType="nt:unstructured"
                   sling:resourceType="help/components/article-3/text"
                   text="&lt;p&gt;By default, Adobe Campaign offers a set of roles which allows you to define unitary authorizations assigned to users and user groups. Combined with organizational units, roles give users a filtered view of the interface and define their access to the different features. For more on this, refer to the &#xA;&lt;a href=&#34;https://docs.campaign.adobe.com/doc/standard/en/Technotes/AdobeCampaign-ACSRights.pdf&#34;&gt;Roles and permissions table&lt;/a&gt;.&lt;/p&gt;&#xA;"
                   textIsRich="true"/>
         <image_16 jcr:primaryType="nt:unstructured"
                   sling:resourceType="help/components/article-3/image"
                   jcr:title=""
                   alt=""
                   captionBottom=""
                   fileName="user_management_3.png"
                   originalFileName="images/en/user_management_3.png"
                   fileReference="/content/dam/help/en/campaign/standard/user_management_3.png"
                   imageRotate="0"
                   originalHeight=""
                   originalWidth=""
                   scaleOption="toTemplate"
                   status="legacy"/>
         <text_126 jcr:primaryType="nt:unstructured"
                   sling:resourceType="help/components/article-3/text"
                   text="&lt;p&gt;Roles can be managed from the &#xA;&lt;span class=&#34;uicontrol&#34;&gt;Administration &gt; Users &amp; Security &gt; Roles&lt;/span&gt;&#xA; menu.&lt;/p&gt;&#xA;"
                   textIsRich="true"/>
         <text_127 jcr:primaryType="nt:unstructured"
                   sling:resourceType="help/components/article-3/text"
                   text="&lt;p&gt;Default rights are:&lt;/p&gt;&#xA;"
                   textIsRich="true"/>
         <procedure_10 jcr:primaryType="nt:unstructured"
                       sling:resourceType="help/components/procedure"
                       isBulleted="true">
            <proc_par jcr:primaryType="nt:unstructured"
                      sling:resourceType="help/components/procedure/proc_parsys">
               <step_60_10 jcr:primaryType="nt:unstructured" sling:resourceType="help/components/step">
                  <step_par jcr:primaryType="nt:unstructured"
                            sling:resourceType="help/components/procedure/step_parsys">
                     <text_128 jcr:primaryType="nt:unstructured"
                               sling:resourceType="help/components/article-3/text"
                               text="&lt;p&gt;ADMINISTRATION: Generic administration right.&lt;/p&gt;&#xA;"
                               textIsRich="true"/>
                  </step_par>
               </step_60_10>
               <step_61_10 jcr:primaryType="nt:unstructured" sling:resourceType="help/components/step">
                  <step_par jcr:primaryType="nt:unstructured"
                            sling:resourceType="help/components/procedure/step_parsys">
                     <text_129 jcr:primaryType="nt:unstructured"
                               sling:resourceType="help/components/article-3/text"
                               text="&lt;p&gt;DATAMODEL: Right to run publications and create custom resources.&lt;/p&gt;&#xA;"
                               textIsRich="true"/>
                  </step_par>
               </step_61_10>
               <step_62_10 jcr:primaryType="nt:unstructured" sling:resourceType="help/components/step">
                  <step_par jcr:primaryType="nt:unstructured"
                            sling:resourceType="help/components/procedure/step_parsys">
                     <text_130 jcr:primaryType="nt:unstructured"
                               sling:resourceType="help/components/article-3/text"
                               text="&lt;p&gt;EXPORT: Right to export data.&lt;/p&gt;&#xA;"
                               textIsRich="true"/>
                  </step_par>
               </step_62_10>
               <step_63_10 jcr:primaryType="nt:unstructured" sling:resourceType="help/components/step">
                  <step_par jcr:primaryType="nt:unstructured"
                            sling:resourceType="help/components/procedure/step_parsys">
                     <text_131 jcr:primaryType="nt:unstructured"
                               sling:resourceType="help/components/article-3/text"
                               text="&lt;p&gt;GENERIC IMPORT: Right to run a generic import on data. For this to work, you need to link the &#xA;&lt;span class=&#34;uicontrol&#34;&gt;Generic import&lt;/span&gt;&#xA; role to the &#xA;&lt;span class=&#34;uicontrol&#34;&gt;Workflow&lt;/span&gt;&#xA; role.&lt;/p&gt;&#xA;"
                               textIsRich="true"/>
                  </step_par>
               </step_63_10>
               <step_64_10 jcr:primaryType="nt:unstructured" sling:resourceType="help/components/step">
                  <step_par jcr:primaryType="nt:unstructured"
                            sling:resourceType="help/components/procedure/step_parsys">
                     <text_132 jcr:primaryType="nt:unstructured"
                               sling:resourceType="help/components/article-3/text"
                               text="&lt;p&gt;PREPARE DELIVERIES: Right to create, edit, start delivery preparation and send proofs.&lt;/p&gt;&#xA;"
                               textIsRich="true"/>
                  </step_par>
               </step_64_10>
               <step_65_10 jcr:primaryType="nt:unstructured" sling:resourceType="help/components/step">
                  <step_par jcr:primaryType="nt:unstructured"
                            sling:resourceType="help/components/procedure/step_parsys">
                     <text_133 jcr:primaryType="nt:unstructured"
                               sling:resourceType="help/components/article-3/text"
                               text="&lt;p&gt;START DELIVERIES: Right to validate previously prepared deliveries.&lt;/p&gt;&#xA;"
                               textIsRich="true"/>
                  </step_par>
               </step_65_10>
               <step_66_10 jcr:primaryType="nt:unstructured" sling:resourceType="help/components/step">
                  <step_par jcr:primaryType="nt:unstructured"
                            sling:resourceType="help/components/procedure/step_parsys">
                     <text_134 jcr:primaryType="nt:unstructured"
                               sling:resourceType="help/components/article-3/text"
                               text="&lt;p&gt;WORKFLOW: Right to use workflows.&lt;/p&gt;&#xA;"
                               textIsRich="true"/>
                  </step_par>
               </step_66_10>
            </proc_par>
         </procedure_10>
         <caution_4 jcr:primaryType="nt:unstructured"
                    sling:resourceType="help/components/article-3/note"
                    text="&lt;p&gt;&#xA;      The DELIVERABILITY role is for Adobe administrators internal use only. It must not be granted to a user.&#xA;    &lt;/p&gt;&#xA;"
                    textIsRich="true"
                    type="caution"/>
         <text_136 jcr:primaryType="nt:unstructured"
                   sling:resourceType="help/components/article-3/text"
                   text="&lt;p&gt;&lt;strong&gt;Related topics:&lt;/strong&gt;&lt;/p&gt;&#xA;"
                   textIsRich="true"/>
         <procedure_11 jcr:primaryType="nt:unstructured"
                       sling:resourceType="help/components/procedure"
                       isBulleted="true">
            <proc_par jcr:primaryType="nt:unstructured"
                      sling:resourceType="help/components/procedure/proc_parsys">
               <step_67_11 jcr:primaryType="nt:unstructured" sling:resourceType="help/components/step">
                  <step_par jcr:primaryType="nt:unstructured"
                            sling:resourceType="help/components/procedure/step_parsys">
                     <text_137 jcr:primaryType="nt:unstructured"
                               sling:resourceType="help/components/article-3/text"
                               text="&lt;p&gt;&#xA;&#x9;&#x9;&#x9;&#x9;&#x9;&#xA;&lt;a href=&#34;/content/help/en/campaign/standard/administration/using/about-access-management.html&#34; target=&#34;_blank&#34;&gt;About access management&lt;/a&gt;&lt;/p&gt;&#xA;"
                               textIsRich="true"/>
                  </step_par>
               </step_67_11>
               <step_68_11 jcr:primaryType="nt:unstructured" sling:resourceType="help/components/step">
                  <step_par jcr:primaryType="nt:unstructured"
                            sling:resourceType="help/components/procedure/step_parsys">
                     <text_138 jcr:primaryType="nt:unstructured"
                               sling:resourceType="help/components/article-3/text"
                               text="&lt;p&gt;&#xA;&#x9;&#x9;&#x9;&#x9;&#x9;&#xA;&lt;a href=&#34;/content/help/en/campaign/standard/administration/using/managing-groups-and-users.html&#34; target=&#34;_blank&#34;&gt;Managing groups and users&lt;/a&gt;&lt;/p&gt;&#xA;"
                               textIsRich="true"/>
                  </step_par>
               </step_68_11>
            </proc_par>
         </procedure_11>
      </main-pars>
      <hero jcr:primaryType="nt:unstructured"
            sling:resourceType="foundation/components/image"/>
      <thumbnail jcr:primaryType="nt:unstructured"
                 sling:resourceType="foundation/components/image"/>
      <publisherLogo jcr:primaryType="nt:unstructured"
                     sling:resourceType="foundation/components/image"/>
   </jcr:content>
</jcr:root>