<?xml version="1.0" encoding="UTF-8"?>
<jcr:root xmlns:nt="http://www.jcp.org/jcr/nt/1.0" xmlns:json="http://json.org/"
          xmlns:sling="http://sling.apache.org/jcr/sling/1.0"
          xmlns:cq="http://www.day.com/jcr/cq/1.0"
          xmlns:jcr="http://www.jcp.org/jcr/1.0"
          xmlns:mix="http://www.jcp.org/jcr/mix/1.0"
          jcr:primaryType="cq:Page">
   <jcr:content navTitle="Organizational units" jcr:primaryType="cq:PageContent"
                sling:resourceType="help/components/pages/article-3"
                heroGradient="light"
                jcr:language="en_us"
                cq:designPath="/etc/designs/help"
                cq:template="/apps/help/templates/article-3"
                jcr:mixinTypes="[mix:versionable]"
                jcr:title="Organizational units"
                jcr:description="Organizational units"
                seoDescription="Define your users' access levels using organizational units."
                primaryProductTag="[products:SG_CAMPAIGN/STANDARD]"
                cq:tags="[products:SG_CAMPAIGN/STANDARD,audience:administration,content_type:reference,topic_tags:users-e-security]"
                primaryAudienceTag="[audience:administration]"
                contentOwner="sauviat"
                isReadyForLocalization="true"
                publishExternalDate="2019-01-09">
      <main-pars jcr:primaryType="nt:unstructured"
                 sling:resourceType="foundation/components/parsys">
    
    
    
      
    
    
         <header_9 jcr:primaryType="nt:unstructured" sling:resourceType="help/components/header"
                   id="about-units"
                   level="2"
                   text="&lt;p&gt;About units&lt;/p&gt;&#xA;"
                   textIsRich="'true'"/>
    
         <text_84 jcr:primaryType="nt:unstructured"
                  sling:resourceType="help/components/article-3/text"
                  text="&lt;p&gt;Each object and user of the platform is linked to an organizational unit. This unit allows a hierarchical structure to be defined in order to give users a filtered view. A user's unit defines their access level for different platform objects. &lt;/p&gt;&#xA;"
                  textIsRich="true"/>
         <caution_2 jcr:primaryType="nt:unstructured"
                    sling:resourceType="help/components/article-3/note"
                    text="&lt;p&gt;&#xA;      If a user is not linked to any unit, that user will not be able to connect to Adobe Campaign.&#xA;      If you would like to restrict access for a particular user or group of users, do not link it to the &#xA;&lt;span class=&#34;uicontrol&#34;&gt;All&lt;/span&gt;&#xA; unit.&#xA;    &lt;/p&gt;&#xA;"
                    textIsRich="true"
                    type="caution"/>
         <text_87 jcr:primaryType="nt:unstructured"
                  sling:resourceType="help/components/article-3/text"
                  text="&lt;p&gt;A user has read-only access to all of the objects in the parent units. He has read and write access to all objects of his unit and child units. A user does not have access to objects in parallel branches. &lt;/p&gt;&#xA;"
                  textIsRich="true"/>
         <text_88 jcr:primaryType="nt:unstructured"
                  sling:resourceType="help/components/article-3/text"
                  text="&lt;p&gt;By default, only the &#xA;&lt;span class=&#34;uicontrol&#34;&gt;All&lt;/span&gt;&#xA; units are available.&lt;/p&gt;&#xA;"
                  textIsRich="true"/>
         <text_89 jcr:primaryType="nt:unstructured"
                  sling:resourceType="help/components/article-3/text"
                  text="&lt;p&gt;When the user is assigned an organizational unit, this unit will always be applied to the objects the user created.&lt;/p&gt;&#xA;"
                  textIsRich="true"/>
         <image_5 jcr:primaryType="nt:unstructured"
                  sling:resourceType="help/components/article-3/image"
                  jcr:title=""
                  alt=""
                  captionBottom=""
                  fileName="user_management_2.png"
                  originalFileName="images/en/user_management_2.png"
                  fileReference="/content/dam/help/en/campaign/standard/user_management_2.png"
                  imageRotate="0"
                  originalHeight=""
                  originalWidth=""
                  scaleOption="toTemplate"
                  status="legacy"/>
    
         <note_2 jcr:primaryType="nt:unstructured"
                 sling:resourceType="help/components/article-3/note"
                 text="&lt;p&gt;&#xA;      When a user is in several groups linked to different units, certain rules are applied. For more information, refer to the &#xA;&#x9;&#x9;&#x9;&#x9;&#x9;&#xA;&lt;a href=&#34;/content/help/en/campaign/standard/administration/using/managing-groups-and-users.html&#34; target=&#34;_blank&#34;&gt;Managing groups and users&lt;/a&gt; section.&#xA;    &lt;/p&gt;&#xA;"
                 textIsRich="true"
                 type="note"/>
    
    
   
         <header_10 jcr:primaryType="nt:unstructured" sling:resourceType="help/components/header"
                    id="creating-and-managing-units"
                    level="2"
                    text="&lt;p&gt;Creating and managing units&lt;/p&gt;&#xA;"
                    textIsRich="'true'"/>
         <text_91 jcr:primaryType="nt:unstructured"
                  sling:resourceType="help/components/article-3/text"
                  text="&lt;p&gt;Organizational units allow you to filter your instance depending on the organization your users are linked to. This unit can represent a region, country or even a brand in your instance.&lt;/p&gt;&#xA;"
                  textIsRich="true"/>
         <text_92 jcr:primaryType="nt:unstructured"
                  sling:resourceType="help/components/article-3/text"
                  text="&lt;p&gt;Here, we previously created security groups with different roles to two users: one user is assigned the security groups Administrators and Geometrixx, the other user belongs to the security groups Standard user and Geometrixx Clothes See &#xA;&#x9;&#x9;&#x9;&#x9;&#x9;&#xA;&lt;a href=&#34;/content/help/en/campaign/standard/administration/using/managing-groups-and-users.html#creating-a-security-group-and-assigning-users&#34; target=&#34;_blank&#34;&gt;Creating a security group and assigning users&lt;/a&gt; for the full example.&lt;/p&gt;&#xA;"
                  textIsRich="true"/>
         <text_93 jcr:primaryType="nt:unstructured"
                  sling:resourceType="help/components/article-3/text"
                  text="&lt;p&gt;We now need to create the organizational units for the Geometrixx Clothes and Geometrixx security groups:&lt;/p&gt;&#xA;"
                  textIsRich="true"/>
         <procedure_0_10 jcr:primaryType="nt:unstructured"
                         sling:resourceType="help/components/procedure">
            <proc_par jcr:primaryType="nt:unstructured"
                      sling:resourceType="help/components/procedure/proc_parsys">
               <step_42_0 jcr:primaryType="nt:unstructured" sling:resourceType="help/components/step">
                  <step_par jcr:primaryType="nt:unstructured"
                            sling:resourceType="help/components/procedure/step_parsys">
                     <text_94 jcr:primaryType="nt:unstructured"
                              sling:resourceType="help/components/article-3/text"
                              text="&lt;p&gt;From Adobe campaign advanced menu, select &#xA;&lt;span class=&#34;uicontrol&#34;&gt;Administration&lt;/span&gt;&#xA; &gt; &#xA;&lt;span class=&#34;uicontrol&#34;&gt;Users &amp; security&lt;/span&gt;&#xA; &gt; &#xA;&lt;span class=&#34;uicontrol&#34;&gt;Organizational units&lt;/span&gt;&#xA;.&lt;/p&gt;&#xA;"
                              textIsRich="true"/>
                  </step_par>
               </step_42_0>
               <step_43_0 jcr:primaryType="nt:unstructured" sling:resourceType="help/components/step">
                  <step_par jcr:primaryType="nt:unstructured"
                            sling:resourceType="help/components/procedure/step_parsys">
                     <text_95 jcr:primaryType="nt:unstructured"
                              sling:resourceType="help/components/article-3/text"
                              text="&lt;p&gt;Click &#xA;&lt;span class=&#34;uicontrol&#34;&gt;Create &lt;/span&gt;&#xA;to start configuring your organizational unit.&lt;/p&gt;&#xA;"
                              textIsRich="true"/>
                     <image_6 jcr:primaryType="nt:unstructured"
                              sling:resourceType="help/components/article-3/image"
                              jcr:title=""
                              alt=""
                              captionBottom=""
                              fileName="manage_units_1.png"
                              originalFileName="images/en/manage_units_1.png"
                              fileReference="/content/dam/help/en/campaign/standard/manage_units_1.png"
                              imageRotate="0"
                              originalHeight=""
                              originalWidth=""
                              scaleOption="toTemplate"
                              status="legacy"/>
                  </step_par>
               </step_43_0>
               <step_44_0 jcr:primaryType="nt:unstructured" sling:resourceType="help/components/step">
                  <step_par jcr:primaryType="nt:unstructured"
                            sling:resourceType="help/components/procedure/step_parsys">
                     <text_96 jcr:primaryType="nt:unstructured"
                              sling:resourceType="help/components/article-3/text"
                              text="&lt;p&gt;Change the default &#xA;&lt;span class=&#34;uicontrol&#34;&gt;Label&lt;/span&gt;&#xA; and &#xA;&lt;span class=&#34;uicontrol&#34;&gt;ID&lt;/span&gt;&#xA; to Geometrixx.&lt;/p&gt;&#xA;"
                              textIsRich="true"/>
                  </step_par>
               </step_44_0>
               <step_45_0 jcr:primaryType="nt:unstructured" sling:resourceType="help/components/step">
                  <step_par jcr:primaryType="nt:unstructured"
                            sling:resourceType="help/components/procedure/step_parsys">
                     <text_97 jcr:primaryType="nt:unstructured"
                              sling:resourceType="help/components/article-3/text"
                              text="&lt;p&gt;Then, link this unit to a parent unit. Here, we chose &#xA;&lt;span class=&#34;uicontrol&#34;&gt;All&lt;/span&gt;&#xA;.&lt;/p&gt;&#xA;"
                              textIsRich="true"/>
                     <image_7 jcr:primaryType="nt:unstructured"
                              sling:resourceType="help/components/article-3/image"
                              jcr:title=""
                              alt=""
                              captionBottom=""
                              fileName="manage_units_2.png"
                              originalFileName="images/en/manage_units_2.png"
                              fileReference="/content/dam/help/en/campaign/standard/manage_units_2.png"
                              imageRotate="0"
                              originalHeight=""
                              originalWidth=""
                              scaleOption="toTemplate"
                              status="legacy"/>
                  </step_par>
               </step_45_0>
               <step_46_0 jcr:primaryType="nt:unstructured" sling:resourceType="help/components/step">
                  <step_par jcr:primaryType="nt:unstructured"
                            sling:resourceType="help/components/procedure/step_parsys">
                     <text_98 jcr:primaryType="nt:unstructured"
                              sling:resourceType="help/components/article-3/text"
                              text="&lt;p&gt;Finally, click &#xA;&lt;span class=&#34;uicontrol&#34;&gt;Create&lt;/span&gt;&#xA; to start assigning your new organizational unit to security group.&lt;/p&gt;&#xA;"
                              textIsRich="true"/>
                  </step_par>
               </step_46_0>
               <step_47_0 jcr:primaryType="nt:unstructured" sling:resourceType="help/components/step">
                  <step_par jcr:primaryType="nt:unstructured"
                            sling:resourceType="help/components/procedure/step_parsys">
                     <text_99 jcr:primaryType="nt:unstructured"
                              sling:resourceType="help/components/article-3/text"
                              text="&lt;p&gt;Follow the same procedure for the Geometrixx Clothes unit, except that its parent unit has to be the previously created unit, Geometrixx.&lt;/p&gt;&#xA;"
                              textIsRich="true"/>
                     <image_8 jcr:primaryType="nt:unstructured"
                              sling:resourceType="help/components/article-3/image"
                              jcr:title=""
                              alt=""
                              captionBottom=""
                              fileName="manage_units_3.png"
                              originalFileName="images/en/manage_units_3.png"
                              fileReference="/content/dam/help/en/campaign/standard/manage_units_3.png"
                              imageRotate="0"
                              originalHeight=""
                              originalWidth=""
                              scaleOption="toTemplate"
                              status="legacy"/>
                  </step_par>
               </step_47_0>
            </proc_par>
         </procedure_0_10>
         <text_100 jcr:primaryType="nt:unstructured"
                   sling:resourceType="help/components/article-3/text"
                   text="&lt;p&gt;To see the impact of assigning different units to different security group, the user assigned to the Administrator and Europe groups will create two email templates to see what the other user assigned to Standard User and France can or cannot access.&lt;/p&gt;&#xA;"
                   textIsRich="true"/>
         <procedure_1_10 jcr:primaryType="nt:unstructured"
                         sling:resourceType="help/components/procedure">
            <proc_par jcr:primaryType="nt:unstructured"
                      sling:resourceType="help/components/procedure/proc_parsys">
               <step_48_0 jcr:primaryType="nt:unstructured" sling:resourceType="help/components/step">
                  <step_par jcr:primaryType="nt:unstructured"
                            sling:resourceType="help/components/procedure/step_parsys">
                     <text_101 jcr:primaryType="nt:unstructured"
                               sling:resourceType="help/components/article-3/text"
                               text="&lt;p&gt;From the advanced menu, select &#xA;&lt;span class=&#34;uicontrol&#34;&gt;Resources&lt;/span&gt;&#xA; &gt; &#xA;&lt;span class=&#34;uicontrol&#34;&gt;Templates&lt;/span&gt;&#xA; &gt; &#xA;&lt;span class=&#34;uicontrol&#34;&gt;Delivery Templates&lt;/span&gt;&#xA;.&lt;/p&gt;&#xA;"
                               textIsRich="true"/>
                  </step_par>
               </step_48_0>
               <step_49_0 jcr:primaryType="nt:unstructured" sling:resourceType="help/components/step">
                  <step_par jcr:primaryType="nt:unstructured"
                            sling:resourceType="help/components/procedure/step_parsys">
                     <text_102 jcr:primaryType="nt:unstructured"
                               sling:resourceType="help/components/article-3/text"
                               text="&lt;p&gt;Duplicate an existing template and personalize it as needed. For more on this, refer to the &#xA;&#x9;&#x9;&#x9;&#x9;&#x9;&#x9;&#x9;&#x9;&#x9;&#x9;&#x9;&#xA;&#x9;&#x9;&#x9;&#x9;&#x9;&#x9;&#x9;&lt;a href=&#34;/content/help/en/campaign/standard/start/using/about-templates.html&#34;&gt;About templates&lt;/a&gt; section.&lt;/p&gt;&#xA;"
                               textIsRich="true"/>
                  </step_par>
               </step_49_0>
               <step_50_0 jcr:primaryType="nt:unstructured" sling:resourceType="help/components/step">
                  <step_par jcr:primaryType="nt:unstructured"
                            sling:resourceType="help/components/procedure/step_parsys">
                     <text_103 jcr:primaryType="nt:unstructured"
                               sling:resourceType="help/components/article-3/text"
                               text="&lt;p&gt;When the template is created, select the &#xA;&lt;span class=&#34;uicontrol&#34;&gt;Edit properties&lt;/span&gt;&#xA; icon to assign units to your template.&lt;/p&gt;&#xA;"
                               textIsRich="true"/>
                     <image_9 jcr:primaryType="nt:unstructured"
                              sling:resourceType="help/components/article-3/image"
                              jcr:title=""
                              alt=""
                              captionBottom=""
                              fileName="manage_units_6.png"
                              originalFileName="images/en/manage_units_6.png"
                              fileReference="/content/dam/help/en/campaign/standard/manage_units_6.png"
                              imageRotate="0"
                              originalHeight=""
                              originalWidth=""
                              scaleOption="toTemplate"
                              status="legacy"/>
                  </step_par>
               </step_50_0>
               <step_51_0 jcr:primaryType="nt:unstructured" sling:resourceType="help/components/step">
                  <step_par jcr:primaryType="nt:unstructured"
                            sling:resourceType="help/components/procedure/step_parsys">
                     <text_104 jcr:primaryType="nt:unstructured"
                               sling:resourceType="help/components/article-3/text"
                               text="&lt;p&gt;In the &#xA;&lt;span class=&#34;uicontrol&#34;&gt;Access authorization&lt;/span&gt;&#xA; drop down menu, select the organizational unit. &lt;/p&gt;&#xA;"
                               textIsRich="true"/>
                     <text_105 jcr:primaryType="nt:unstructured"
                               sling:resourceType="help/components/article-3/text"
                               text="&lt;p&gt;Here we are going to create one template with the previously created organizational unit Geometrixx.&lt;/p&gt;&#xA;"
                               textIsRich="true"/>
                     <image_10 jcr:primaryType="nt:unstructured"
                               sling:resourceType="help/components/article-3/image"
                               jcr:title=""
                               alt=""
                               captionBottom=""
                               fileName="manage_units_5.png"
                               originalFileName="images/en/manage_units_5.png"
                               fileReference="/content/dam/help/en/campaign/standard/manage_units_5.png"
                               imageRotate="0"
                               originalHeight=""
                               originalWidth=""
                               scaleOption="toTemplate"
                               status="legacy"/>
                  </step_par>
               </step_51_0>
               <step_52_0 jcr:primaryType="nt:unstructured" sling:resourceType="help/components/step">
                  <step_par jcr:primaryType="nt:unstructured"
                            sling:resourceType="help/components/procedure/step_parsys">
                     <text_106 jcr:primaryType="nt:unstructured"
                               sling:resourceType="help/components/article-3/text"
                               text="&lt;p&gt;Follow the same procedures to create the second template assigned to the previously created Geometrixx Clothes organizational unit.&lt;/p&gt;&#xA;"
                               textIsRich="true"/>
                  </step_par>
               </step_52_0>
            </proc_par>
         </procedure_1_10>
         <text_107 jcr:primaryType="nt:unstructured"
                   sling:resourceType="help/components/article-3/text"
                   text="&lt;p&gt;The user assigned to the Standard User and Geometrixx Clothes groups will be able to see both templates. Because of the hierarchical structure of the organizational units, he will have read and write access to the template linked to the Geometrixx Clothes unit and only read-only access to the template linked to the Geometrixx unit.&lt;/p&gt;&#xA;"
                   textIsRich="true"/>
         <image_11 jcr:primaryType="nt:unstructured"
                   sling:resourceType="help/components/article-3/image"
                   jcr:title=""
                   alt=""
                   captionBottom=""
                   fileName="manage_units_7.png"
                   originalFileName="images/en/manage_units_7.png"
                   fileReference="/content/dam/help/en/campaign/standard/manage_units_7.png"
                   imageRotate="0"
                   originalHeight=""
                   originalWidth=""
                   scaleOption="toTemplate"
                   status="legacy"/>
         <text_108 jcr:primaryType="nt:unstructured"
                   sling:resourceType="help/components/article-3/text"
                   text="&lt;p&gt;Since the Geometrixx Clothes unit is a child unit of Geometrixx, the following message appears when the user tries to modify the Geometrixx template: &lt;/p&gt;&#xA;"
                   textIsRich="true"/>
         <image_12 jcr:primaryType="nt:unstructured"
                   sling:resourceType="help/components/article-3/image"
                   jcr:title=""
                   alt=""
                   captionBottom=""
                   fileName="manage_units_8.png"
                   originalFileName="images/en/manage_units_8.png"
                   fileReference="/content/dam/help/en/campaign/standard/manage_units_8.png"
                   imageRotate="0"
                   originalHeight=""
                   originalWidth=""
                   scaleOption="toTemplate"
                   status="legacy"/>
         <text_109 jcr:primaryType="nt:unstructured"
                   sling:resourceType="help/components/article-3/text"
                   text="&lt;p&gt;Organizational units can restrict the access to different features such as profiles. For example, if our Geometrixx Clothes user access the &#xA;&lt;span class=&#34;uicontrol&#34;&gt;Profiles&lt;/span&gt;&#xA; tab, he will be able to fully access and modify the profiles with the Geometrixx Clothes organizational unit. &lt;/p&gt;&#xA;"
                   textIsRich="true"/>
         <text_110 jcr:primaryType="nt:unstructured"
                   sling:resourceType="help/components/article-3/text"
                   text="&lt;p&gt;Whereas the profiles with the Geometrixx organizational unit will be read only, the following error will appear if our user tries to modify one profile: &#xA;&lt;span class=&#34;uicontrol&#34;&gt;You do not have the rights needed to modify the 'profile' resource of ID&lt;/span&gt;&#xA;.&lt;/p&gt;&#xA;"
                   textIsRich="true"/>
         <image_13 jcr:primaryType="nt:unstructured"
                   sling:resourceType="help/components/article-3/image"
                   jcr:title=""
                   alt=""
                   captionBottom=""
                   fileName="manage_units_10.png"
                   originalFileName="images/en/manage_units_10.png"
                   fileReference="/content/dam/help/en/campaign/standard/manage_units_10.png"
                   imageRotate="0"
                   originalHeight=""
                   originalWidth=""
                   scaleOption="toTemplate"
                   status="legacy"/>
     
    
         <header_11 jcr:primaryType="nt:unstructured" sling:resourceType="help/components/header"
                    id="partitioning-profiles"
                    level="2"
                    text="&lt;p&gt;Partitioning profiles&lt;/p&gt;&#xA;"
                    textIsRich="'true'"/>
         <text_111 jcr:primaryType="nt:unstructured"
                   sling:resourceType="help/components/article-3/text"
                   text="&lt;p&gt;If your organization needs to isolate the profiles contacted by each of your different brands, you can partition your profiles by their organizational units.&lt;/p&gt;&#xA;"
                   textIsRich="true"/>
         <text_112 jcr:primaryType="nt:unstructured"
                   sling:resourceType="help/components/article-3/text"
                   text="&lt;p&gt;By default, the organizational unit fields are not available on your profiles and need to be added.&lt;/p&gt;&#xA;"
                   textIsRich="true"/>
         <text_113 jcr:primaryType="nt:unstructured"
                   sling:resourceType="help/components/article-3/text"
                   text="&lt;p&gt;Profiles with no organizational units cannot be accessed by users.&lt;/p&gt;&#xA;"
                   textIsRich="true"/>
         <caution_3 jcr:primaryType="nt:unstructured"
                    sling:resourceType="help/components/article-3/note"
                    text="&lt;p&gt;&#xA;        We recommend adding this option before importing any profiles. If you have already imported your customer database, an update is necessary in order to set the organizational unit values on the already imported Profiles.&#xA;      &lt;/p&gt;&#xA;"
                    textIsRich="true"
                    type="caution"/>
         <procedure_2_10 jcr:primaryType="nt:unstructured"
                         sling:resourceType="help/components/procedure">
            <proc_par jcr:primaryType="nt:unstructured"
                      sling:resourceType="help/components/procedure/proc_parsys">
               <step_53_0 jcr:primaryType="nt:unstructured" sling:resourceType="help/components/step">
                  <step_par jcr:primaryType="nt:unstructured"
                            sling:resourceType="help/components/procedure/step_parsys">
                     <text_115 jcr:primaryType="nt:unstructured"
                               sling:resourceType="help/components/article-3/text"
                               text="&lt;p&gt;From the advanced menu, via the Adobe Campaign logo, select &lt;strong&gt;Administration &gt; Development &gt; Custom resources&lt;/strong&gt;.&lt;/p&gt;&#xA;"
                               textIsRich="true"/>
                  </step_par>
               </step_53_0>
               <step_54_0 jcr:primaryType="nt:unstructured" sling:resourceType="help/components/step">
                  <step_par jcr:primaryType="nt:unstructured"
                            sling:resourceType="help/components/procedure/step_parsys">
                     <text_116 jcr:primaryType="nt:unstructured"
                               sling:resourceType="help/components/article-3/text"
                               text="&lt;p&gt;Select &lt;strong&gt;Profile&lt;/strong&gt; or create a new custom resource to extend the profiles.&lt;/p&gt;&#xA;"
                               textIsRich="true"/>
                  </step_par>
               </step_54_0>
               <step_55_0 jcr:primaryType="nt:unstructured" sling:resourceType="help/components/step">
                  <step_par jcr:primaryType="nt:unstructured"
                            sling:resourceType="help/components/procedure/step_parsys">
                     <text_117 jcr:primaryType="nt:unstructured"
                               sling:resourceType="help/components/article-3/text"
                               text="&lt;p&gt;Check the &lt;strong&gt;Add access authorization management fields&lt;/strong&gt; box to add the organizational units in the &lt;strong&gt;Profile&lt;/strong&gt; extension.&lt;/p&gt;&#xA;"
                               textIsRich="true"/>
                     <image_14 jcr:primaryType="nt:unstructured"
                               sling:resourceType="help/components/article-3/image"
                               jcr:title=""
                               alt=""
                               captionBottom=""
                               fileName="user_management_9.png"
                               originalFileName="images/en/user_management_9.png"
                               fileReference="/content/dam/help/en/campaign/standard/user_management_9.png"
                               imageRotate="0"
                               originalHeight=""
                               originalWidth=""
                               scaleOption="toTemplate"
                               status="legacy"/>
                  </step_par>
               </step_55_0>
               <step_56_0 jcr:primaryType="nt:unstructured" sling:resourceType="help/components/step">
                  <step_par jcr:primaryType="nt:unstructured"
                            sling:resourceType="help/components/procedure/step_parsys">
                     <text_118 jcr:primaryType="nt:unstructured"
                               sling:resourceType="help/components/article-3/text"
                               text="&lt;p&gt;Click &#xA;&lt;span class=&#34;uicontrol&#34;&gt;Save&lt;/span&gt;&#xA;.&lt;/p&gt;&#xA;"
                               textIsRich="true"/>
                  </step_par>
               </step_56_0>
               <step_57_0 jcr:primaryType="nt:unstructured" sling:resourceType="help/components/step">
                  <step_par jcr:primaryType="nt:unstructured"
                            sling:resourceType="help/components/procedure/step_parsys">
                     <text_119 jcr:primaryType="nt:unstructured"
                               sling:resourceType="help/components/article-3/text"
                               text="&lt;p&gt;Update the structure by re-publishing the custom resources. For more information about the publication process, refer to &#xA;&#x9;&#x9;&#x9;&#x9;&#x9;&#x9;&#x9;&#x9;&#x9;&#x9;&#x9;&#xA;&#x9;&#x9;&#x9;&#x9;&#x9;&#x9;&#x9;&lt;a href=&#34;/content/help/en/campaign/standard/developing/using/data-model-concepts.html&#34;&gt;Updating the structure&lt;/a&gt; section.&lt;/p&gt;&#xA;"
                               textIsRich="true"/>
                  </step_par>
               </step_57_0>
            </proc_par>
         </procedure_2_10>
         <text_120 jcr:primaryType="nt:unstructured"
                   sling:resourceType="help/components/article-3/text"
                   text="&lt;p&gt;The organizational unit field is added to your profiles in the &#xA;&lt;span class=&#34;uicontrol&#34;&gt;Access authorization&lt;/span&gt;&#xA; section. &lt;/p&gt;&#xA;"
                   textIsRich="true"/>
         <image_15 jcr:primaryType="nt:unstructured"
                   sling:resourceType="help/components/article-3/image"
                   jcr:title=""
                   alt=""
                   captionBottom=""
                   fileName="user_management_10.png"
                   originalFileName="images/en/user_management_10.png"
                   fileReference="/content/dam/help/en/campaign/standard/user_management_10.png"
                   imageRotate="0"
                   originalHeight=""
                   originalWidth=""
                   scaleOption="toTemplate"
                   status="legacy"/>
         <text_121 jcr:primaryType="nt:unstructured"
                   sling:resourceType="help/components/article-3/text"
                   text="&lt;p&gt;&lt;strong&gt;Related topics&lt;/strong&gt;:&lt;/p&gt;&#xA;"
                   textIsRich="true"/>
         <procedure_9 jcr:primaryType="nt:unstructured"
                      sling:resourceType="help/components/procedure"
                      isBulleted="true">
            <proc_par jcr:primaryType="nt:unstructured"
                      sling:resourceType="help/components/procedure/proc_parsys">
               <step_58_9 jcr:primaryType="nt:unstructured" sling:resourceType="help/components/step">
                  <step_par jcr:primaryType="nt:unstructured"
                            sling:resourceType="help/components/procedure/step_parsys">
                     <text_122 jcr:primaryType="nt:unstructured"
                               sling:resourceType="help/components/article-3/text"
                               text="&lt;p&gt;&#xA;&#x9;&#x9;&#x9;&#x9;&#x9;&#xA;&lt;a href=&#34;/content/help/en/campaign/standard/administration/using/organizational-units.html#about-units&#34; target=&#34;_blank&#34;&gt;About units&lt;/a&gt;&lt;/p&gt;&#xA;"
                               textIsRich="true"/>
                  </step_par>
               </step_58_9>
               <step_59_9 jcr:primaryType="nt:unstructured" sling:resourceType="help/components/step">
                  <step_par jcr:primaryType="nt:unstructured"
                            sling:resourceType="help/components/procedure/step_parsys">
                     <text_123 jcr:primaryType="nt:unstructured"
                               sling:resourceType="help/components/article-3/text"
                               text="&lt;p&gt;&#xA;&#x9;&#x9;&#x9;&#x9;&#x9;&#xA;&lt;a href=&#34;/content/help/en/campaign/standard/administration/using/about-access-management.html&#34; target=&#34;_blank&#34;&gt;About access management&lt;/a&gt;&lt;/p&gt;&#xA;"
                               textIsRich="true"/>
                  </step_par>
               </step_59_9>
            </proc_par>
         </procedure_9>
    
    
      </main-pars>
      <hero jcr:primaryType="nt:unstructured"
            sling:resourceType="foundation/components/image"/>
      <thumbnail jcr:primaryType="nt:unstructured"
                 sling:resourceType="foundation/components/image"/>
      <publisherLogo jcr:primaryType="nt:unstructured"
                     sling:resourceType="foundation/components/image"/>
   </jcr:content>
</jcr:root>