<?xml version="1.0" encoding="UTF-8"?>
<jcr:root xmlns:nt="http://www.jcp.org/jcr/nt/1.0" xmlns:json="http://json.org/"
          xmlns:sling="http://sling.apache.org/jcr/sling/1.0"
          xmlns:cq="http://www.day.com/jcr/cq/1.0"
          xmlns:jcr="http://www.jcp.org/jcr/1.0"
          xmlns:mix="http://www.jcp.org/jcr/mix/1.0"
          jcr:primaryType="cq:Page">
   <jcr:content navTitle="Technical workflows" jcr:primaryType="cq:PageContent"
                sling:resourceType="help/components/pages/article-3"
                heroGradient="light"
                jcr:language="en_us"
                cq:designPath="/etc/designs/help"
                cq:template="/apps/help/templates/article-3"
                jcr:mixinTypes="[mix:versionable]"
                jcr:title="Technical workflows"
                jcr:description="Technical workflows"
                seoDescription="Technical workflows are out-of-the-box workflows designed to handle background technical processes in Adobe Campaign, ensuring correct behaviour of the platform."
                primaryProductTag="[products:SG_CAMPAIGN/STANDARD]"
                cq:tags="[products:SG_CAMPAIGN/STANDARD,audience:administration,content_type:reference,topic_tags:application-settings]"
                primaryAudienceTag="[audience:administration]"
                contentOwner="sauviat"
                isReadyForLocalization="true"
                publishExternalDate="2019-01-09">
      <main-pars jcr:primaryType="nt:unstructured"
                 sling:resourceType="foundation/components/parsys">
         
        
        
            
        
        <text_886 jcr:primaryType="nt:unstructured"
                   sling:resourceType="help/components/article-3/text"
                   text="&lt;p&gt;Technical workflows are delivered out-of-the-box with Adobe Campaign. Technical workflows are operations or jobs scheduled to be executed on a regular basis on the server.&lt;/p&gt;&#xA;"
                   textIsRich="true"/>
        <text_887 jcr:primaryType="nt:unstructured"
                   sling:resourceType="help/components/article-3/text"
                   text="&lt;p&gt;They allow you to carry out maintenance operations on the database, leverage the tracking information in the deliveries, and update the provisional jobs on the deliveries.&lt;/p&gt;&#xA;"
                   textIsRich="true"/>
        <text_888 jcr:primaryType="nt:unstructured"
                   sling:resourceType="help/components/article-3/text"
                   text="&lt;p&gt;Functional administrators can access technical workflows under the &#xA;&lt;span class=&#34;uicontrol&#34;&gt;Administration &gt; Application settings &gt; Workflows&lt;/span&gt;&#xA; menu.&lt;/p&gt;&#xA;"
                   textIsRich="true"/>
        <note_35 jcr:primaryType="nt:unstructured"
                  sling:resourceType="help/components/article-3/note"
                  text="&lt;p&gt;&#xA;            As a functional administrator, you can restart or pause technical workflows, and modify their properties and structure.&#xA;        &lt;/p&gt;&#xA;"
                  textIsRich="true"
                  type="note"/>
        <image_115 jcr:primaryType="nt:unstructured"
                    sling:resourceType="help/components/article-3/image"
                    jcr:title=""
                    alt=""
                    captionBottom=""
                    fileName="technical_workflows.png"
                    originalFileName="images/en/technical_workflows.png"
                    fileReference="/content/dam/help/en/campaign/standard/technical_workflows.png"
                    imageRotate="0"
                    originalHeight=""
                    originalWidth=""
                    scaleOption="toTemplate"
                    status="legacy"/>
        
            <header_91 jcr:primaryType="nt:unstructured" sling:resourceType="help/components/header"
                    id="list-of-technical-workflows"
                    level="2"
                    text="&lt;p&gt;List of technical workflows&lt;/p&gt;&#xA;"
                    textIsRich="'true'"/>
            <text_890 jcr:primaryType="nt:unstructured"
                   sling:resourceType="help/components/article-3/text"
                   text="&lt;p&gt;Technical workflows are used to handle self-triggered background and technical processes in Adobe Campaign.&lt;/p&gt;&#xA;"
                   textIsRich="true"/>
            <table_1 jcr:primaryType="nt:unstructured"
                  sling:resourceType="help/components/article-3/table"
                  hasHeader="true"
                  text="&lt;table&gt;&#xA;                &#xA;                    &#xA;                    &#xA;                    &#xA;                    &#xA;&lt;tbody&gt;&#xA;                        &#xA;&lt;tr&gt;&#xA;                            &#xA;&#x9;&#x9;&#x9;&#x9;&#x9;&#x9;&lt;td&gt;&#xA;&#x9;&#x9;&#x9;&#x9;&#x9;&#x9;&#x9;&#xA;                                &lt;strong&gt;Label&lt;/strong&gt;&lt;br/&gt;&#xA;&#x9;&#xA;                            &#xA;&#x9;&#x9;&#x9;&#x9;&#x9;&#x9;&lt;/td&gt;&#xA;&#x9;&#x9;&#x9;&#x9;&#x9;&#xA;                            &#xA;&#x9;&#x9;&#x9;&#x9;&#x9;&#x9;&lt;td&gt;&#xA;&#x9;&#x9;&#x9;&#x9;&#x9;&#x9;&#x9;&#xA;                                &lt;strong&gt;ID&lt;/strong&gt;&lt;br/&gt;&#xA;&#x9;&#xA;                            &#xA;&#x9;&#x9;&#x9;&#x9;&#x9;&#x9;&lt;/td&gt;&#xA;&#x9;&#x9;&#x9;&#x9;&#x9;&#xA;                            &#xA;&#x9;&#x9;&#x9;&#x9;&#x9;&#x9;&lt;td&gt;&#xA;&#x9;&#x9;&#x9;&#x9;&#x9;&#x9;&#x9;&#xA;                                &lt;strong&gt;Description&lt;/strong&gt;&lt;br/&gt;&#xA;&#x9;&#xA;                            &#xA;&#x9;&#x9;&#x9;&#x9;&#x9;&#x9;&lt;/td&gt;&#xA;&#x9;&#x9;&#x9;&#x9;&#x9;&#xA;                        &lt;/tr&gt;&#xA;&#x9;&#xA;                        &#xA;&lt;tr&gt;&#xA;                            &#xA;&#x9;&#x9;&#x9;&#x9;&#x9;&#x9;&lt;td&gt;&#xA;&#x9;&#x9;&#x9;&#x9;&#x9;&#x9;&#x9;&#xA;                                &#xA;&lt;span class=&#34;uicontrol&#34;&gt;A/B Testing&lt;/span&gt;&#xA;&lt;br/&gt;&#xA;&#x9;&#xA;                            &#xA;&#x9;&#x9;&#x9;&#x9;&#x9;&#x9;&lt;/td&gt;&#xA;&#x9;&#x9;&#x9;&#x9;&#x9;&#xA;                            &#xA;&#x9;&#x9;&#x9;&#x9;&#x9;&#x9;&lt;td&gt;&#xA;&#x9;&#x9;&#x9;&#x9;&#x9;&#x9;&#x9;&#xA;                                &#xA;&lt;span class=&#34;uicontrol&#34;&gt;abTesting&lt;/span&gt;&#xA;&lt;br/&gt;&#xA;&#x9;&#xA;                            &#xA;&#x9;&#x9;&#x9;&#x9;&#x9;&#x9;&lt;/td&gt;&#xA;&#x9;&#x9;&#x9;&#x9;&#x9;&#xA;                            &#xA;&#x9;&#x9;&#x9;&#x9;&#x9;&#x9;&lt;td&gt;&#xA;&#x9;&#x9;&#x9;&#x9;&#x9;&#x9;&#x9;&#xA;                                This workflow analyzes the tracking logs of each variant. At the end of the A/B testing period, it automatically calculates the winning variant. By default, it is started every day.&lt;br/&gt;&#xA;&#x9;&#xA;                            &#xA;&#x9;&#x9;&#x9;&#x9;&#x9;&#x9;&lt;/td&gt;&#xA;&#x9;&#x9;&#x9;&#x9;&#x9;&#xA;                        &lt;/tr&gt;&#xA;&#x9;&#xA;                        &#xA;&lt;tr&gt;&#xA;                            &#xA;&#x9;&#x9;&#x9;&#x9;&#x9;&#x9;&lt;td&gt;&#xA;&#x9;&#x9;&#x9;&#x9;&#x9;&#x9;&#x9;&#xA;                                &#xA;&lt;span class=&#34;uicontrol&#34;&gt;Billing&lt;/span&gt;&#xA;&lt;br/&gt;&#xA;&#x9;&#xA;                            &#xA;&#x9;&#x9;&#x9;&#x9;&#x9;&#x9;&lt;/td&gt;&#xA;&#x9;&#x9;&#x9;&#x9;&#x9;&#xA;                            &#xA;&#x9;&#x9;&#x9;&#x9;&#x9;&#x9;&lt;td&gt;&#xA;&#x9;&#x9;&#x9;&#x9;&#x9;&#x9;&#x9;&#xA;                                &#xA;&lt;span class=&#34;uicontrol&#34;&gt;billing&lt;/span&gt;&#xA;&lt;br/&gt;&#xA;&#x9;&#xA;                            &#xA;&#x9;&#x9;&#x9;&#x9;&#x9;&#x9;&lt;/td&gt;&#xA;&#x9;&#x9;&#x9;&#x9;&#x9;&#xA;                            &#xA;&#x9;&#x9;&#x9;&#x9;&#x9;&#x9;&lt;td&gt;&#xA;&#x9;&#x9;&#x9;&#x9;&#x9;&#x9;&#x9;&#xA;                                This workflow sends the system activity report to the 'billing' user by email. By default, it is automatically started every day at 1am.&lt;br/&gt;&#xA;&#x9;&#xA;                            &#xA;&#x9;&#x9;&#x9;&#x9;&#x9;&#x9;&lt;/td&gt;&#xA;&#x9;&#x9;&#x9;&#x9;&#x9;&#xA;                        &lt;/tr&gt;&#xA;&#x9;&#xA;                        &#xA;&lt;tr&gt;&#xA;                            &#xA;&#x9;&#x9;&#x9;&#x9;&#x9;&#x9;&lt;td&gt;&#xA;&#x9;&#x9;&#x9;&#x9;&#x9;&#x9;&#x9;&#xA;                                &#xA;&lt;span class=&#34;uicontrol&#34;&gt;Database cleanup&lt;/span&gt;&#xA;&lt;br/&gt;&#xA;&#x9;&#xA;                            &#xA;&#x9;&#x9;&#x9;&#x9;&#x9;&#x9;&lt;/td&gt;&#xA;&#x9;&#x9;&#x9;&#x9;&#x9;&#xA;                            &#xA;&#x9;&#x9;&#x9;&#x9;&#x9;&#x9;&lt;td&gt;&#xA;&#x9;&#x9;&#x9;&#x9;&#x9;&#x9;&#x9;&#xA;                                &#xA;&lt;span class=&#34;uicontrol&#34;&gt;cleanup&lt;/span&gt;&#xA;&lt;br/&gt;&#xA;&#x9;&#xA;                            &#xA;&#x9;&#x9;&#x9;&#x9;&#x9;&#x9;&lt;/td&gt;&#xA;&#x9;&#x9;&#x9;&#x9;&#x9;&#xA;                            &#xA;&#x9;&#x9;&#x9;&#x9;&#x9;&#x9;&lt;td&gt;&#xA;&#x9;&#x9;&#x9;&#x9;&#x9;&#x9;&#x9;&#xA;                                This workflow is the database maintenance workflow: it runs different statistics and processes, and deletes obsolete data from the database according to the configuration that has been defined. By default, it is automatically started every day 4am.&lt;br/&gt;&#xA;&#x9;&#xA;                            &#xA;&#x9;&#x9;&#x9;&#x9;&#x9;&#x9;&lt;/td&gt;&#xA;&#x9;&#x9;&#x9;&#x9;&#x9;&#xA;                        &lt;/tr&gt;&#xA;&#x9;&#xA;                        &#xA;&lt;tr&gt;&#xA;                            &#xA;&#x9;&#x9;&#x9;&#x9;&#x9;&#x9;&lt;td&gt;&#xA;&#x9;&#x9;&#x9;&#x9;&#x9;&#x9;&#x9;&#xA;                                &#xA;&lt;span class=&#34;uicontrol&#34;&gt;Forecasting&lt;/span&gt;&#xA;&lt;br/&gt;&#xA;&#x9;&#xA;                            &#xA;&#x9;&#x9;&#x9;&#x9;&#x9;&#x9;&lt;/td&gt;&#xA;&#x9;&#x9;&#x9;&#x9;&#x9;&#xA;                            &#xA;&#x9;&#x9;&#x9;&#x9;&#x9;&#x9;&lt;td&gt;&#xA;&#x9;&#x9;&#x9;&#x9;&#x9;&#x9;&#x9;&#xA;                                &#xA;&lt;span class=&#34;uicontrol&#34;&gt;forecasting&lt;/span&gt;&#xA;&lt;br/&gt;&#xA;&#x9;&#xA;                            &#xA;&#x9;&#x9;&#x9;&#x9;&#x9;&#x9;&lt;/td&gt;&#xA;&#x9;&#x9;&#x9;&#x9;&#x9;&#xA;                            &#xA;&#x9;&#x9;&#x9;&#x9;&#x9;&#x9;&lt;td&gt;&#xA;&#x9;&#x9;&#x9;&#x9;&#x9;&#x9;&#x9;&#xA;                                This workflow executes the analysis of the deliveries stored in the provisional forecasting (creation of the provisional logs). By default, it is started every day at 1am. &lt;br/&gt;&#xA;&#x9;&#xA;                            &#xA;&#x9;&#x9;&#x9;&#x9;&#x9;&#x9;&lt;/td&gt;&#xA;&#x9;&#x9;&#x9;&#x9;&#x9;&#xA;                        &lt;/tr&gt;&#xA;&#x9;&#xA;                        &#xA;&lt;tr&gt;&#xA;                            &#xA;&#x9;&#x9;&#x9;&#x9;&#x9;&#x9;&lt;td&gt;&#xA;&#x9;&#x9;&#x9;&#x9;&#x9;&#x9;&#x9;&#xA;                                &#xA;&lt;span class=&#34;uicontrol&#34;&gt;Import a shared audience&lt;/span&gt;&#xA;&lt;br/&gt;&#xA;&#x9;&#xA;                            &#xA;&#x9;&#x9;&#x9;&#x9;&#x9;&#x9;&lt;/td&gt;&#xA;&#x9;&#x9;&#x9;&#x9;&#x9;&#xA;                            &#xA;&#x9;&#x9;&#x9;&#x9;&#x9;&#x9;&lt;td&gt;&#xA;&#x9;&#x9;&#x9;&#x9;&#x9;&#x9;&#x9;&#xA;                                &#xA;&lt;span class=&#34;uicontrol&#34;&gt;importSharedAudience&lt;/span&gt;&#xA;&lt;br/&gt;&#xA;&#x9;&#xA;                            &#xA;&#x9;&#x9;&#x9;&#x9;&#x9;&#x9;&lt;/td&gt;&#xA;&#x9;&#x9;&#x9;&#x9;&#x9;&#xA;                            &#xA;&#x9;&#x9;&#x9;&#x9;&#x9;&#x9;&lt;td&gt;&#xA;&#x9;&#x9;&#x9;&#x9;&#x9;&#x9;&#x9;&#xA;                                This workflow synchronizes the Adobe Experience Cloud audience data imported in Adobe Campaign. By default, it is started every hour.&lt;br/&gt;&#xA;&#x9;&#xA;                            &#xA;&#x9;&#x9;&#x9;&#x9;&#x9;&#x9;&lt;/td&gt;&#xA;&#x9;&#x9;&#x9;&#x9;&#x9;&#xA;                        &lt;/tr&gt;&#xA;&#x9;&#xA;                        &#xA;&lt;tr&gt;&#xA;                            &#xA;&#x9;&#x9;&#x9;&#x9;&#x9;&#x9;&lt;td&gt;&#xA;&#x9;&#x9;&#x9;&#x9;&#x9;&#x9;&#x9;&#xA;                                &#xA;&lt;span class=&#34;uicontrol&#34;&gt;Instant Report Sharing&lt;/span&gt;&#xA;&lt;br/&gt;&#xA;&#x9;&#xA;                            &#xA;&#x9;&#x9;&#x9;&#x9;&#x9;&#x9;&lt;/td&gt;&#xA;&#x9;&#x9;&#x9;&#x9;&#x9;&#xA;                            &#xA;&#x9;&#x9;&#x9;&#x9;&#x9;&#x9;&lt;td&gt;&#xA;&#x9;&#x9;&#x9;&#x9;&#x9;&#x9;&#x9;&#xA;                                &#xA;&lt;span class=&#34;uicontrol&#34;&gt;reportSendingNow&lt;/span&gt;&#xA;&lt;br/&gt;&#xA;&#x9;&#xA;                            &#xA;&#x9;&#x9;&#x9;&#x9;&#x9;&#x9;&lt;/td&gt;&#xA;&#x9;&#x9;&#x9;&#x9;&#x9;&#xA;                            &#xA;&#x9;&#x9;&#x9;&#x9;&#x9;&#x9;&lt;td&gt;&#xA;&#x9;&#x9;&#x9;&#x9;&#x9;&#x9;&#x9;&#xA;                                This workflow is started as soon as a report is scheduled to be sent. It converts your report into a pdf file then sends it in an email to the targeted recipients.&lt;br/&gt;&#xA;&#x9;&#xA;                            &#xA;&#x9;&#x9;&#x9;&#x9;&#x9;&#x9;&lt;/td&gt;&#xA;&#x9;&#x9;&#x9;&#x9;&#x9;&#xA;                        &lt;/tr&gt;&#xA;&#x9;&#xA;                        &#xA;&lt;tr&gt;&#xA;                            &#xA;&#x9;&#x9;&#x9;&#x9;&#x9;&#x9;&lt;td&gt;&#xA;&#x9;&#x9;&#x9;&#x9;&#x9;&#x9;&#x9;&#xA;                                &#xA;&lt;span class=&#34;uicontrol&#34;&gt;KPIs reconciliation with Adobe Analytics&lt;/span&gt;&#xA;&lt;br/&gt;&#xA;&#x9;&#xA;                            &#xA;&#x9;&#x9;&#x9;&#x9;&#x9;&#x9;&lt;/td&gt;&#xA;&#x9;&#x9;&#x9;&#x9;&#x9;&#xA;                            &#xA;&#x9;&#x9;&#x9;&#x9;&#x9;&#x9;&lt;td&gt;&#xA;&#x9;&#x9;&#x9;&#x9;&#x9;&#x9;&#x9;&#xA;                                &#xA;&lt;span class=&#34;uicontrol&#34;&gt;kpiReconciliation&lt;/span&gt;&#xA;&lt;br/&gt;&#xA;&#x9;&#xA;                            &#xA;&#x9;&#x9;&#x9;&#x9;&#x9;&#x9;&lt;/td&gt;&#xA;&#x9;&#x9;&#x9;&#x9;&#x9;&#xA;                            &#xA;&#x9;&#x9;&#x9;&#x9;&#x9;&#x9;&lt;td&gt;&#xA;&#x9;&#x9;&#x9;&#x9;&#x9;&#x9;&#x9;&#xA;                                This workflow fetches the KPIs from Reporting service once a day and reconciles them with the data from Adobe Analytics. It then pushes the difference if needed. By default, it is started every day at 4.20am.&lt;br/&gt;&#xA;&#x9;&#xA;                            &#xA;&#x9;&#x9;&#x9;&#x9;&#x9;&#x9;&lt;/td&gt;&#xA;&#x9;&#x9;&#x9;&#x9;&#x9;&#xA;                        &lt;/tr&gt;&#xA;&#x9;&#xA;                        &#xA;&lt;tr&gt;&#xA;                            &#xA;&#x9;&#x9;&#x9;&#x9;&#x9;&#x9;&lt;td&gt;&#xA;&#x9;&#x9;&#x9;&#x9;&#x9;&#x9;&#x9;&#xA;                                &#xA;&lt;span class=&#34;uicontrol&#34;&gt;Managing NMAC opt-outs&lt;/span&gt;&#xA;&lt;br/&gt;&#xA;&#x9;&#xA;                            &#xA;&#x9;&#x9;&#x9;&#x9;&#x9;&#x9;&lt;/td&gt;&#xA;&#x9;&#x9;&#x9;&#x9;&#x9;&#xA;                            &#xA;&#x9;&#x9;&#x9;&#x9;&#x9;&#x9;&lt;td&gt;&#xA;&#x9;&#x9;&#x9;&#x9;&#x9;&#x9;&#x9;&#xA;                                &#xA;&lt;span class=&#34;uicontrol&#34;&gt;mobileAppOptOutMgt&lt;/span&gt;&#xA;&lt;br/&gt;&#xA;&#x9;&#xA;                            &#xA;&#x9;&#x9;&#x9;&#x9;&#x9;&#x9;&lt;/td&gt;&#xA;&#x9;&#x9;&#x9;&#x9;&#x9;&#xA;                            &#xA;&#x9;&#x9;&#x9;&#x9;&#x9;&#x9;&lt;td&gt;&#xA;&#x9;&#x9;&#x9;&#x9;&#x9;&#x9;&#x9;&#xA;                                This workflow updates unsubscriptions to notifications on mobile devices. By default, it is started every 6 hours between 1am and midnight.&lt;br/&gt;&#xA;&#x9;&#xA;                            &#xA;&#x9;&#x9;&#x9;&#x9;&#x9;&#x9;&lt;/td&gt;&#xA;&#x9;&#x9;&#x9;&#x9;&#x9;&#xA;                        &lt;/tr&gt;&#xA;&#x9;&#xA;                        &#xA;&lt;tr&gt;&#xA;                            &#xA;&#x9;&#x9;&#x9;&#x9;&#x9;&#x9;&lt;td&gt;&#xA;&#x9;&#x9;&#x9;&#x9;&#x9;&#x9;&#x9;&#xA;                                &#xA;&lt;span class=&#34;uicontrol&#34;&gt;Message Center local archiving&lt;/span&gt;&#xA;&lt;br/&gt;&#xA;&#x9;&#xA;                            &#xA;&#x9;&#x9;&#x9;&#x9;&#x9;&#x9;&lt;/td&gt;&#xA;&#x9;&#x9;&#x9;&#x9;&#x9;&#xA;                            &#xA;&#x9;&#x9;&#x9;&#x9;&#x9;&#x9;&lt;td&gt;&#xA;&#x9;&#x9;&#x9;&#x9;&#x9;&#x9;&#x9;&#xA;                                &#xA;&lt;span class=&#34;uicontrol&#34;&gt;mcSynch_local&lt;/span&gt;&#xA;&lt;br/&gt;&#xA;&#x9;&#xA;                            &#xA;&#x9;&#x9;&#x9;&#x9;&#x9;&#x9;&lt;/td&gt;&#xA;&#x9;&#x9;&#x9;&#x9;&#x9;&#xA;                            &#xA;&#x9;&#x9;&#x9;&#x9;&#x9;&#x9;&lt;td&gt;&#xA;&#x9;&#x9;&#x9;&#x9;&#x9;&#x9;&#x9;&#xA;                                This workflow archives real-time events into a historical table. By default, it is started every hour.&lt;br/&gt;&#xA;&#x9;&#xA;                            &#xA;&#x9;&#x9;&#x9;&#x9;&#x9;&#x9;&lt;/td&gt;&#xA;&#x9;&#x9;&#x9;&#x9;&#x9;&#xA;                        &lt;/tr&gt;&#xA;&#x9;&#xA;                        &#xA;&lt;tr&gt;&#xA;                            &#xA;&#x9;&#x9;&#x9;&#x9;&#x9;&#x9;&lt;td&gt;&#xA;&#x9;&#x9;&#x9;&#x9;&#x9;&#x9;&#x9;&#xA;                                &#xA;&lt;span class=&#34;uicontrol&#34;&gt;Reporting aggregates&lt;/span&gt;&#xA;&lt;br/&gt;&#xA;&#x9;&#xA;                            &#xA;&#x9;&#x9;&#x9;&#x9;&#x9;&#x9;&lt;/td&gt;&#xA;&#x9;&#x9;&#x9;&#x9;&#x9;&#xA;                            &#xA;&#x9;&#x9;&#x9;&#x9;&#x9;&#x9;&lt;td&gt;&#xA;&#x9;&#x9;&#x9;&#x9;&#x9;&#x9;&#x9;&#xA;                                &#xA;&lt;span class=&#34;uicontrol&#34;&gt;reportingAggregates&lt;/span&gt;&#xA;&lt;br/&gt;&#xA;&#x9;&#xA;                            &#xA;&#x9;&#x9;&#x9;&#x9;&#x9;&#x9;&lt;/td&gt;&#xA;&#x9;&#x9;&#x9;&#x9;&#x9;&#xA;                            &#xA;&#x9;&#x9;&#x9;&#x9;&#x9;&#x9;&lt;td&gt;&#xA;&#x9;&#x9;&#x9;&#x9;&#x9;&#x9;&#x9;&#xA;                                This workflow updates the aggregates used in the reports. By default, it is automatically started at 2am.&lt;br/&gt;&#xA;&#x9;&#xA;                            &#xA;&#x9;&#x9;&#x9;&#x9;&#x9;&#x9;&lt;/td&gt;&#xA;&#x9;&#x9;&#x9;&#x9;&#x9;&#xA;                        &lt;/tr&gt;&#xA;&#x9;&#xA;                        &#xA;&lt;tr&gt;&#xA;                            &#xA;&#x9;&#x9;&#x9;&#x9;&#x9;&#x9;&lt;td&gt;&#xA;&#x9;&#x9;&#x9;&#x9;&#x9;&#x9;&#x9;&#xA;                                &#xA;&lt;span class=&#34;uicontrol&#34;&gt;Share KPIs with Adobe Analytics&lt;/span&gt;&#xA;&lt;br/&gt;&#xA;&#x9;&#xA;                            &#xA;&#x9;&#x9;&#x9;&#x9;&#x9;&#x9;&lt;/td&gt;&#xA;&#x9;&#x9;&#x9;&#x9;&#x9;&#xA;                            &#xA;&#x9;&#x9;&#x9;&#x9;&#x9;&#x9;&lt;td&gt;&#xA;&#x9;&#x9;&#x9;&#x9;&#x9;&#x9;&#x9;&#xA;                                &#xA;&lt;span class=&#34;uicontrol&#34;&gt;kpiSharing&lt;/span&gt;&#xA;&lt;br/&gt;&#xA;&#x9;&#xA;                            &#xA;&#x9;&#x9;&#x9;&#x9;&#x9;&#x9;&lt;/td&gt;&#xA;&#x9;&#x9;&#x9;&#x9;&#x9;&#xA;                            &#xA;&#x9;&#x9;&#x9;&#x9;&#x9;&#x9;&lt;td&gt;&#xA;&#x9;&#x9;&#x9;&#x9;&#x9;&#x9;&#x9;&#xA;                                This workflow pushes KPI data every 15 minutes from Adobe Campaign Standard to Adobe Analytics.&lt;br/&gt;&#xA;&#x9;&#xA;                            &#xA;&#x9;&#x9;&#x9;&#x9;&#x9;&#x9;&lt;/td&gt;&#xA;&#x9;&#x9;&#x9;&#x9;&#x9;&#xA;                        &lt;/tr&gt;&#xA;&#x9;&#xA;                        &#xA;&lt;tr&gt;&#xA;                            &#xA;&#x9;&#x9;&#x9;&#x9;&#x9;&#x9;&lt;td&gt;&#xA;&#x9;&#x9;&#x9;&#x9;&#x9;&#x9;&#x9;&#xA;                                &#xA;&lt;span class=&#34;uicontrol&#34;&gt;Update delivery execution&lt;/span&gt;&#xA;&lt;br/&gt;&#xA;&#x9;&#xA;                            &#xA;&#x9;&#x9;&#x9;&#x9;&#x9;&#x9;&lt;/td&gt;&#xA;&#x9;&#x9;&#x9;&#x9;&#x9;&#xA;                            &#xA;&#x9;&#x9;&#x9;&#x9;&#x9;&#x9;&lt;td&gt;&#xA;&#x9;&#x9;&#x9;&#x9;&#x9;&#x9;&#x9;&#xA;                                &#xA;&lt;span class=&#34;uicontrol&#34;&gt;updateDeliveryExecInfo&lt;/span&gt;&#xA;&lt;br/&gt;&#xA;&#x9;&#xA;                            &#xA;&#x9;&#x9;&#x9;&#x9;&#x9;&#x9;&lt;/td&gt;&#xA;&#x9;&#x9;&#x9;&#x9;&#x9;&#xA;                            &#xA;&#x9;&#x9;&#x9;&#x9;&#x9;&#x9;&lt;td&gt;&#xA;&#x9;&#x9;&#x9;&#x9;&#x9;&#x9;&#x9;&#xA;                                This workflow updates the delivery's tracking. By default, it is started every 10 minutes.&lt;br/&gt;&#xA;&#x9;&#xA;                            &#xA;&#x9;&#x9;&#x9;&#x9;&#x9;&#x9;&lt;/td&gt;&#xA;&#x9;&#x9;&#x9;&#x9;&#x9;&#xA;                        &lt;/tr&gt;&#xA;&#x9;&#xA;                        &#xA;&lt;tr&gt;&#xA;                            &#xA;&#x9;&#x9;&#x9;&#x9;&#x9;&#x9;&lt;td&gt;&#xA;&#x9;&#x9;&#x9;&#x9;&#x9;&#x9;&#x9;&#xA;                                &#xA;&lt;span class=&#34;uicontrol&#34;&gt;Update delivery indicators&lt;/span&gt;&#xA;&lt;br/&gt;&#xA;&#x9;&#xA;                            &#xA;&#x9;&#x9;&#x9;&#x9;&#x9;&#x9;&lt;/td&gt;&#xA;&#x9;&#x9;&#x9;&#x9;&#x9;&#xA;                            &#xA;&#x9;&#x9;&#x9;&#x9;&#x9;&#x9;&lt;td&gt;&#xA;&#x9;&#x9;&#x9;&#x9;&#x9;&#x9;&#x9;&#xA;                                &#xA;&lt;span class=&#34;uicontrol&#34;&gt;updateDeliveryIndicators&lt;/span&gt;&#xA;&lt;br/&gt;&#xA;&#x9;&#xA;                            &#xA;&#x9;&#x9;&#x9;&#x9;&#x9;&#x9;&lt;/td&gt;&#xA;&#x9;&#x9;&#x9;&#x9;&#x9;&#xA;                            &#xA;&#x9;&#x9;&#x9;&#x9;&#x9;&#x9;&lt;td&gt;&#xA;&#x9;&#x9;&#x9;&#x9;&#x9;&#x9;&#x9;&#xA;                                This workflow updates the delivery's KPIs (Key Performance Indicator). By default, it is started every hour.&lt;br/&gt;&#xA;&#x9;&#xA;                            &#xA;&#x9;&#x9;&#x9;&#x9;&#x9;&#x9;&lt;/td&gt;&#xA;&#x9;&#x9;&#x9;&#x9;&#x9;&#xA;                        &lt;/tr&gt;&#xA;&#x9;&#xA;                        &#xA;&lt;tr&gt;&#xA;                            &#xA;&#x9;&#x9;&#x9;&#x9;&#x9;&#x9;&lt;td&gt;&#xA;&#x9;&#x9;&#x9;&#x9;&#x9;&#x9;&#x9;&#xA;                                &#xA;&lt;span class=&#34;uicontrol&#34;&gt;Update event status&lt;/span&gt;&#xA;&lt;br/&gt;&#xA;&#x9;&#xA;                            &#xA;&#x9;&#x9;&#x9;&#x9;&#x9;&#x9;&lt;/td&gt;&#xA;&#x9;&#x9;&#x9;&#x9;&#x9;&#xA;                            &#xA;&#x9;&#x9;&#x9;&#x9;&#x9;&#x9;&lt;td&gt;&#xA;&#x9;&#x9;&#x9;&#x9;&#x9;&#x9;&#x9;&#xA;                                &#xA;&lt;span class=&#34;uicontrol&#34;&gt;updateEventsStatus&lt;/span&gt;&#xA;&lt;br/&gt;&#xA;&#x9;&#xA;                            &#xA;&#x9;&#x9;&#x9;&#x9;&#x9;&#x9;&lt;/td&gt;&#xA;&#x9;&#x9;&#x9;&#x9;&#x9;&#xA;                            &#xA;&#x9;&#x9;&#x9;&#x9;&#x9;&#x9;&lt;td&gt;&#xA;&#x9;&#x9;&#x9;&#x9;&#x9;&#x9;&#x9;&#xA;                                This workflow allows you to attribute a status to an event. The following event statuses are available:&lt;br/&gt;&#xA;&#x9;&#xA;                                &lt;strong&gt;Pending&lt;/strong&gt;: The event is in a queue. No message template has been assigned to it yet.&lt;br/&gt;&#xA;&#x9;&#xA;                                &#xA;&lt;span class=&#34;uicontrol&#34;&gt;Pending delivery&lt;/span&gt;&#xA;: The event is in the queue, a message template has been assigned to it and it is being processed by the delivery.&lt;br/&gt;&#xA;&#x9;&#xA;                                &lt;strong&gt;Sent&lt;/strong&gt;: This status is copied from the delivery logs. It means that the delivery was sent.&lt;br/&gt;&#xA;&#x9;&#xA;                                &lt;strong&gt;Ignored by the delivery&lt;/strong&gt;: This status is copied from the delivery logs. It means that the delivery was ignored.&lt;br/&gt;&#xA;&#x9;&#xA;                                &lt;strong&gt;Delivery failed&lt;/strong&gt;: This status is copied from the delivery logs. It means that the delivery failed.&lt;br/&gt;&#xA;&#x9;&#xA;                                &#xA;&lt;span class=&#34;uicontrol&#34;&gt;Event not taken into account&lt;/span&gt;&#xA;: The event could not be linked to a message template. The event will not be processed.&lt;br/&gt;&#xA;&#x9;&#xA;                            &#xA;&#x9;&#x9;&#x9;&#x9;&#x9;&#x9;&lt;/td&gt;&#xA;&#x9;&#x9;&#x9;&#x9;&#x9;&#xA;                        &lt;/tr&gt;&#xA;&#x9;&#xA;                        &#xA;&lt;tr&gt;&#xA;                            &#xA;&#x9;&#x9;&#x9;&#x9;&#x9;&#x9;&lt;td&gt;&#xA;&#x9;&#x9;&#x9;&#x9;&#x9;&#x9;&#x9;&#xA;                                &#xA;&lt;span class=&#34;uicontrol&#34;&gt;Update for deliverability&lt;/span&gt;&#xA;&lt;br/&gt;&#xA;&#x9;&#xA;                            &#xA;&#x9;&#x9;&#x9;&#x9;&#x9;&#x9;&lt;/td&gt;&#xA;&#x9;&#x9;&#x9;&#x9;&#x9;&#xA;                            &#xA;&#x9;&#x9;&#x9;&#x9;&#x9;&#x9;&lt;td&gt;&#xA;&#x9;&#x9;&#x9;&#x9;&#x9;&#x9;&#x9;&#xA;                                &#xA;&lt;span class=&#34;uicontrol&#34;&gt;deliverabilityUpdate&lt;/span&gt;&#xA;&lt;br/&gt;&#xA;&#x9;&#xA;                            &#xA;&#x9;&#x9;&#x9;&#x9;&#x9;&#x9;&lt;/td&gt;&#xA;&#x9;&#x9;&#x9;&#x9;&#x9;&#xA;                            &#xA;&#x9;&#x9;&#x9;&#x9;&#x9;&#x9;&lt;td&gt;&#xA;&#x9;&#x9;&#x9;&#x9;&#x9;&#x9;&#x9;&#xA;                                This workflow allows you to create the list of bounce rule qualification rules, as well as the list of domains and MX in the platform. This workflow only functions if the HTTPS is open. By default, it is automatically started at 2am.&lt;br/&gt;&#xA;&#x9;&#xA;                            &#xA;&#x9;&#x9;&#x9;&#x9;&#x9;&#x9;&lt;/td&gt;&#xA;&#x9;&#x9;&#x9;&#x9;&#x9;&#xA;                        &lt;/tr&gt;&#xA;&#x9;&#xA;                        &#xA;                        &#xA;                        &#xA;                        &#xA;                        &#xA;                        &#xA;                    &lt;/tbody&gt;&#xA;&#x9;&#xA;                &#xA;            &lt;/table&gt;"
                  textIsRich="true"/>
        
      </main-pars>
      <hero jcr:primaryType="nt:unstructured"
            sling:resourceType="foundation/components/image"/>
      <thumbnail jcr:primaryType="nt:unstructured"
                 sling:resourceType="foundation/components/image"/>
      <publisherLogo jcr:primaryType="nt:unstructured"
                     sling:resourceType="foundation/components/image"/>
   </jcr:content>
</jcr:root>