<?xml version="1.0" encoding="UTF-8"?>
<jcr:root xmlns:nt="http://www.jcp.org/jcr/nt/1.0" xmlns:json="http://json.org/"
          xmlns:sling="http://sling.apache.org/jcr/sling/1.0"
          xmlns:cq="http://www.day.com/jcr/cq/1.0"
          xmlns:jcr="http://www.jcp.org/jcr/1.0"
          xmlns:mix="http://www.jcp.org/jcr/mix/1.0"
          jcr:primaryType="cq:Page">
   <jcr:content cq:designPath="/etc/designs/help" cq:template="/apps/help/templates/morehelp"
                jcr:language="en_us"
                jcr:primaryType="cq:PageContent"
                jcr:title="Workflow general operation"
                sling:resourceType="help/components/morehelp"
                heroGradient="light"
                isContainer="true"
                contentOwner="sauviat"
                pageLayout="video"
                sideColumn="left"
                noIndex="true"
                preview="false"
                primaryProductTag="[products:SG_CAMPAIGN/STANDARD]"
                primaryAudienceTag="[audience:automating]"
                isReadyForLocalization="true">
      <main-pars jcr:primaryType="nt:unstructured">
         <dynamicpod jcr:primaryType="nt:unstructured"
                     sling:resourceType="help/components/dynamicpod"
                     keywordTags="[topic_tags:workflow-general-operation]"
                     searchRoot="/content/help/en/campaign/standard/automating/using"
                     highlightArticles="[&#xA;&#x9;&#x9;&#x9;&#x9;&#x9;&#x9;&#x9;&#x9;&#x9;&#xA;&#x9;&#x9;&#x9;&#x9;&#x9;&#x9;&#x9;&#x9;&#x9;/content/help/en/campaign/standard/automating/using/executing-a-workflow,/content/help/en/campaign/standard/automating/using/building-a-workflow,&#xA;&#x9;&#x9;&#x9;&#x9;&#x9;&#x9;&#x9;&#x9;&#x9;&#x9;&#x9;&#x9;/content/help/en/campaign/standard/automating/using/targeting-data,&#xA;&#x9;&#x9;&#x9;&#x9;&#x9;&#x9;&#x9;&#x9;&#x9;&#x9;&#x9;&#x9;/content/help/en/campaign/standard/automating/using/importing-data,&#xA;&#x9;&#x9;&#x9;&#x9;&#x9;&#x9;&#x9;&#x9;&#x9;&#x9;&#x9;&#x9;/content/help/en/campaign/standard/automating/using/using-workflow-data,&#xA;&#x9;&#x9;&#x9;&#x9;&#x9;&#x9;&#x9;&#x9;&#x9;&#x9;&#x9;&#x9;]"
                     pathsFromQuery="[&#xA;&#x9;&#x9;&#x9;&#x9;&#x9;&#x9;&#x9;&#x9;&#x9;&#xA;&#x9;&#x9;&#x9;&#x9;&#x9;&#x9;&#x9;&#x9;&#x9;&#xA;&#x9;&#x9;&#x9;&#x9;&#x9;&#x9;&#x9;&#x9;&#x9;/content/help/en/campaign/standard/automating/using/executing-a-workflow,/content/help/en/campaign/standard/automating/using/building-a-workflow,&#xA;&#x9;&#x9;&#x9;&#x9;&#x9;&#x9;&#x9;&#x9;&#x9;&#x9;&#x9;&#x9;/content/help/en/campaign/standard/automating/using/targeting-data,&#xA;&#x9;&#x9;&#x9;&#x9;&#x9;&#x9;&#x9;&#x9;&#x9;&#x9;&#x9;&#x9;/content/help/en/campaign/standard/automating/using/importing-data,&#xA;&#x9;&#x9;&#x9;&#x9;&#x9;&#x9;&#x9;&#x9;&#x9;&#x9;&#x9;&#x9;/content/help/en/campaign/standard/automating/using/using-workflow-data,&#xA;&#x9;&#x9;&#x9;&#x9;&#x9;&#x9;&#x9;&#x9;&#x9;&#x9;&#x9;&#x9;]"/>
         <text jcr:primaryType="nt:unstructured" sling:resourceType="help/components/text"
               text="&lt;p&gt;Learn about what you can do with workflows and how to do it.&lt;/p&gt;&#xA;"
               textIsRich="true"/>
      </main-pars>
      <hero jcr:primaryType="nt:unstructured"
            sling:resourceType="foundation/components/image"/>
      <thumbnail jcr:primaryType="nt:unstructured"
                 sling:resourceType="foundation/components/image"/>
      <publisherLogo jcr:primaryType="nt:unstructured"
                     sling:resourceType="foundation/components/image"/>
   </jcr:content>
</jcr:root>