<?xml version="1.0" encoding="UTF-8"?>
<jcr:root xmlns:nt="http://www.jcp.org/jcr/nt/1.0" xmlns:json="http://json.org/"
          xmlns:sling="http://sling.apache.org/jcr/sling/1.0"
          xmlns:cq="http://www.day.com/jcr/cq/1.0"
          xmlns:jcr="http://www.jcp.org/jcr/1.0"
          xmlns:mix="http://www.jcp.org/jcr/mix/1.0"
          jcr:primaryType="cq:Page">
   <jcr:content navTitle="Computing the sending date" jcr:primaryType="cq:PageContent"
                sling:resourceType="help/components/pages/article-3"
                heroGradient="light"
                jcr:language="en_us"
                cq:designPath="/etc/designs/help"
                cq:template="/apps/help/templates/article-3"
                jcr:mixinTypes="[mix:versionable]"
                jcr:title="Computing the sending date"
                jcr:description="Computing the sending date"
                seoDescription="Discover how to send a message at a specific date and time."
                primaryProductTag="[products:SG_CAMPAIGN/STANDARD]"
                cq:tags="[products:SG_CAMPAIGN/STANDARD,audience:sending,content_type:reference,topic_tags:sheduling-messages]"
                primaryAudienceTag="[audience:sending]"
                contentOwner="sauviat"
                isReadyForLocalization="true"
                publishExternalDate="2019-01-09">
      <main-pars jcr:primaryType="nt:unstructured"
                 sling:resourceType="foundation/components/parsys">
        
        
          
        
        <text_166 jcr:primaryType="nt:unstructured"
                   sling:resourceType="help/components/article-3/text"
                   text="&lt;p&gt;You can define a formula to send the message to each recipient at a specific date and time.&lt;/p&gt;&#xA;"
                   textIsRich="true"/>
        
        
            <header_21 jcr:primaryType="nt:unstructured" sling:resourceType="help/components/header"
                    id="customizing-date-formula"
                    level="2"
                    text="&lt;p&gt;Customizing date formula&lt;/p&gt;&#xA;"
                    textIsRich="'true'"/>
            <text_167 jcr:primaryType="nt:unstructured"
                   sling:resourceType="help/components/article-3/text"
                   text="&lt;p&gt;For example, you may use send time optimization during the ramp-up process.&lt;/p&gt;&#xA;"
                   textIsRich="true"/>
            <text_168 jcr:primaryType="nt:unstructured"
                   sling:resourceType="help/components/article-3/text"
                   text="&lt;p&gt;When emails are sent using a new platform, Internet service providers (ISPs) are suspicious of IP addresses that are not recognized. If large volumes of emails are suddenly sent, the ISPs often mark them as spam.&lt;/p&gt;&#xA;"
                   textIsRich="true"/>
            <text_169 jcr:primaryType="nt:unstructured"
                   sling:resourceType="help/components/article-3/text"
                   text="&lt;p&gt;To avoid being marked as spam, you can progressively increase the volume sent by distributing large volumes of emails over different times. This should ensure smooth development of the start-up phase and enable you to reduce the overall rate of invalid addresses.&lt;/p&gt;&#xA;"
                   textIsRich="true"/>
            <text_170 jcr:primaryType="nt:unstructured"
                   sling:resourceType="help/components/article-3/text"
                   text="&lt;p&gt;For example, you can segment your target audience randomly to send your delivery in five batches. You will send a first batch representing 10% of your target audience on June 1st at 10:00 AM, a second batch 24 hours later with 15% of the audience, and so on.&lt;/p&gt;&#xA;"
                   textIsRich="true"/>
            <text_171 jcr:primaryType="nt:unstructured"
                   sling:resourceType="help/components/article-3/text"
                   text="&lt;p&gt;You can schedule this using a workflow.&lt;/p&gt;&#xA;"
                   textIsRich="true"/>
            <image_40 jcr:primaryType="nt:unstructured"
                   sling:resourceType="help/components/article-3/image"
                   jcr:title=""
                   alt=""
                   captionBottom=""
                   fileName="send-time_opt_workflow1.png"
                   originalFileName="images/en/send-time_opt_workflow1.png"
                   fileReference="/content/dam/help/en/campaign/standard/send-time_opt_workflow1.png"
                   imageRotate="0"
                   originalHeight=""
                   originalWidth=""
                   scaleOption="toTemplate"
                   status="legacy"/>
            <procedure_8_10 jcr:primaryType="nt:unstructured"
                         sling:resourceType="help/components/procedure">
            <proc_par jcr:primaryType="nt:unstructured"
                      sling:resourceType="help/components/procedure/proc_parsys">
                <step_75_0 jcr:primaryType="nt:unstructured" sling:resourceType="help/components/step">
                  <step_par jcr:primaryType="nt:unstructured"
                            sling:resourceType="help/components/procedure/step_parsys">
                    <text_172 jcr:primaryType="nt:unstructured"
                               sling:resourceType="help/components/article-3/text"
                               text="&lt;p&gt;Access the marketing activity list and create a new workflow. See &#xA;&#x9;&#x9;&#x9;&#x9;&#x9;&#x9;&#x9;&#x9;&#x9;&#x9;&#x9;&#xA;&#x9;&#x9;&#x9;&#x9;&#x9;&#x9;&#x9;&lt;a href=&#34;/content/help/en/campaign/standard/automating/using/building-a-workflow.html#creating-a-workflow&#34;&gt;Creating a workflow&lt;/a&gt;.&lt;/p&gt;&#xA;"
                               textIsRich="true"/>
                  </step_par>
               </step_75_0>
                <step_76_0 jcr:primaryType="nt:unstructured" sling:resourceType="help/components/step">
                  <step_par jcr:primaryType="nt:unstructured"
                            sling:resourceType="help/components/procedure/step_parsys">
                    <text_173 jcr:primaryType="nt:unstructured"
                               sling:resourceType="help/components/article-3/text"
                               text="&lt;p&gt;Drag and drop a &lt;strong&gt;Query&lt;/strong&gt; activity into your workflow and open it. See the &#xA;&#x9;&#x9;&#x9;&#x9;&#x9;&#x9;&#x9;&#x9;&#x9;&#x9;&#x9;&#xA;&#x9;&#x9;&#x9;&#x9;&#x9;&#x9;&#x9;&lt;a href=&#34;/content/help/en/campaign/standard/automating/using/query.html&#34;&gt;Query&lt;/a&gt; section.&lt;/p&gt;&#xA;"
                               textIsRich="true"/>
                  </step_par>
               </step_76_0>
                <step_77_0 jcr:primaryType="nt:unstructured" sling:resourceType="help/components/step">
                  <step_par jcr:primaryType="nt:unstructured"
                            sling:resourceType="help/components/procedure/step_parsys">
                    <text_174 jcr:primaryType="nt:unstructured"
                               sling:resourceType="help/components/article-3/text"
                               text="&lt;p&gt;Select an audience, for example all your Gold customers and click &#xA;&lt;span class=&#34;uicontrol&#34;&gt;Confirm&lt;/span&gt;&#xA; to save the query.&lt;/p&gt;&#xA;"
                               textIsRich="true"/>
                  </step_par>
               </step_77_0>
                <step_78_0 jcr:primaryType="nt:unstructured" sling:resourceType="help/components/step">
                  <step_par jcr:primaryType="nt:unstructured"
                            sling:resourceType="help/components/procedure/step_parsys">
                    <text_175 jcr:primaryType="nt:unstructured"
                               sling:resourceType="help/components/article-3/text"
                               text="&lt;p&gt;Drag and drop a &lt;strong&gt;Segmentation&lt;/strong&gt; activity into your workflow and open it. See the &#xA;&#x9;&#x9;&#x9;&#x9;&#x9;&#x9;&#x9;&#x9;&#x9;&#x9;&#x9;&#xA;&#x9;&#x9;&#x9;&#x9;&#x9;&#x9;&#x9;&lt;a href=&#34;/content/help/en/campaign/standard/automating/using/segmentation.html&#34;&gt;Segmentation&lt;/a&gt; section.&lt;/p&gt;&#xA;"
                               textIsRich="true"/>
                  </step_par>
               </step_78_0>
                <step_79_0 jcr:primaryType="nt:unstructured" sling:resourceType="help/components/step">
                  <step_par jcr:primaryType="nt:unstructured"
                            sling:resourceType="help/components/procedure/step_parsys">
                    <text_176 jcr:primaryType="nt:unstructured"
                               sling:resourceType="help/components/article-3/text"
                               text="&lt;p&gt;Define five segments. For each segment:&lt;/p&gt;&#xA;"
                               textIsRich="true"/>
                    <procedure_9 jcr:primaryType="nt:unstructured"
                                  sling:resourceType="help/components/procedure"
                                  isBulleted="true">
                        <proc_par jcr:primaryType="nt:unstructured"
                                  sling:resourceType="help/components/procedure/proc_parsys">
                           <step_79_9 jcr:primaryType="nt:unstructured" sling:resourceType="help/components/step">
                              <step_par jcr:primaryType="nt:unstructured"
                                        sling:resourceType="help/components/procedure/step_parsys">
                                 <text_177 jcr:primaryType="nt:unstructured"
                                           sling:resourceType="help/components/article-3/text"
                                           text="&lt;p&gt;Fill in the &#xA;&lt;span class=&#34;uicontrol&#34;&gt;Segment code&lt;/span&gt;&#xA; field: manually enter the desired date and time for sending the message.&lt;/p&gt;&#xA;"
                                           textIsRich="true"/>
                                 <text_178 jcr:primaryType="nt:unstructured"
                                           sling:resourceType="help/components/article-3/text"
                                           text="&lt;p&gt;For example, you want to send the first batch on June 1st at 10:00 AM GMT+1. Use the following format: &lt;strong&gt;YYYY-MM-DD hh:mm:ss+tz&lt;/strong&gt;.&lt;/p&gt;&#xA;"
                                           textIsRich="true"/>
                                 <image_41 jcr:primaryType="nt:unstructured"
                                           sling:resourceType="help/components/article-3/image"
                                           jcr:title=""
                                           alt=""
                                           captionBottom=""
                                           fileName="send-time_opt_segment_configuration.png"
                                           originalFileName="images/en/send-time_opt_segment_configuration.png"
                                           fileReference="/content/dam/help/en/campaign/standard/send-time_opt_segment_configuration.png"
                                           imageRotate="0"
                                           originalHeight=""
                                           originalWidth=""
                                           scaleOption="toTemplate"
                                           status="legacy"/>
                                 <text_179 jcr:primaryType="nt:unstructured"
                                           sling:resourceType="help/components/article-3/text"
                                           text="&lt;p&gt;To send the next batch the day after, enter &lt;strong&gt;2017-06-02 10:00:00+01&lt;/strong&gt; for the second segment.&lt;/p&gt;&#xA;"
                                           textIsRich="true"/>
                                 <text_180 jcr:primaryType="nt:unstructured"
                                           sling:resourceType="help/components/article-3/text"
                                           text="&lt;p&gt;For the remaining segments, define the next batches as follows:&lt;/p&gt;&#xA;"
                                           textIsRich="true"/>
                                 <procedure_9 jcr:primaryType="nt:unstructured"
                                              sling:resourceType="help/components/procedure"
                                              isBulleted="true">
                                    <proc_par jcr:primaryType="nt:unstructured"
                                              sling:resourceType="help/components/procedure/proc_parsys">
                                       <step_79_9 jcr:primaryType="nt:unstructured" sling:resourceType="help/components/step">
                                          <step_par jcr:primaryType="nt:unstructured"
                                                    sling:resourceType="help/components/procedure/step_parsys">
                                             <text_181 jcr:primaryType="nt:unstructured"
                                                       sling:resourceType="help/components/article-3/text"
                                                       text="&lt;p&gt;&lt;strong&gt;2017-06-03 10:00:00+01&lt;/strong&gt;&lt;/p&gt;&#xA;"
                                                       textIsRich="true"/>
                                          </step_par>
                                       </step_79_9>
                                       <step_80_9 jcr:primaryType="nt:unstructured" sling:resourceType="help/components/step">
                                          <step_par jcr:primaryType="nt:unstructured"
                                                    sling:resourceType="help/components/procedure/step_parsys">
                                             <text_182 jcr:primaryType="nt:unstructured"
                                                       sling:resourceType="help/components/article-3/text"
                                                       text="&lt;p&gt;&lt;strong&gt;2017-06-04 10:00:00+01&lt;/strong&gt;&lt;/p&gt;&#xA;"
                                                       textIsRich="true"/>
                                          </step_par>
                                       </step_80_9>
                                       <step_81_9 jcr:primaryType="nt:unstructured" sling:resourceType="help/components/step">
                                          <step_par jcr:primaryType="nt:unstructured"
                                                    sling:resourceType="help/components/procedure/step_parsys">
                                             <text_183 jcr:primaryType="nt:unstructured"
                                                       sling:resourceType="help/components/article-3/text"
                                                       text="&lt;p&gt;&lt;strong&gt;2017-06-05 10:00:00+01&lt;/strong&gt;&lt;/p&gt;&#xA;"
                                                       textIsRich="true"/>
                                          </step_par>
                                       </step_81_9>
                                    </proc_par>
                                 </procedure_9>
                              </step_par>
                           </step_79_9>
                           <step_83_10 jcr:primaryType="nt:unstructured" sling:resourceType="help/components/step">
                              <step_par jcr:primaryType="nt:unstructured"
                                        sling:resourceType="help/components/procedure/step_parsys">
                                 <text_184 jcr:primaryType="nt:unstructured"
                                           sling:resourceType="help/components/article-3/text"
                                           text="&lt;p&gt;Make sure you select the &#xA;&lt;span class=&#34;uicontrol&#34;&gt;Limit the population of this segment&lt;/span&gt;&#xA; option.&lt;/p&gt;&#xA;"
                                           textIsRich="true"/>
                                 <text_185 jcr:primaryType="nt:unstructured"
                                           sling:resourceType="help/components/article-3/text"
                                           text="&lt;p&gt;In the &#xA;&lt;span class=&#34;uicontrol&#34;&gt;Limitation&lt;/span&gt;&#xA; tab, select &#xA;&lt;span class=&#34;uicontrol&#34;&gt;Random sampling&lt;/span&gt;&#xA; and enter the desired percentage for each segment: 10 for the first batch, 15 for the second, and so on.&lt;/p&gt;&#xA;"
                                           textIsRich="true"/>
                                 <image_42 jcr:primaryType="nt:unstructured"
                                           sling:resourceType="help/components/article-3/image"
                                           jcr:title=""
                                           alt=""
                                           captionBottom=""
                                           fileName="send-time_opt_segment_limitation.png"
                                           originalFileName="images/en/send-time_opt_segment_limitation.png"
                                           fileReference="/content/dam/help/en/campaign/standard/send-time_opt_segment_limitation.png"
                                           imageRotate="0"
                                           originalHeight=""
                                           originalWidth=""
                                           scaleOption="toTemplate"
                                           status="legacy"/>
                              </step_par>
                           </step_83_10>
                        </proc_par>
                     </procedure_9>
                  </step_par>
               </step_79_0>
                <step_85_0 jcr:primaryType="nt:unstructured" sling:resourceType="help/components/step">
                  <step_par jcr:primaryType="nt:unstructured"
                            sling:resourceType="help/components/procedure/step_parsys">
                    <text_186 jcr:primaryType="nt:unstructured"
                               sling:resourceType="help/components/article-3/text"
                               text="&lt;p&gt;Once all segments are defined, select &#xA;&lt;span class=&#34;uicontrol&#34;&gt;Generate all segments in the same transition&lt;/span&gt;&#xA; and click &#xA;&lt;span class=&#34;uicontrol&#34;&gt;Confirm&lt;/span&gt;&#xA;.&lt;/p&gt;&#xA;"
                               textIsRich="true"/>
                    <image_43 jcr:primaryType="nt:unstructured"
                               sling:resourceType="help/components/article-3/image"
                               jcr:title=""
                               alt=""
                               captionBottom=""
                               fileName="send-time_opt_segment_dates.png"
                               originalFileName="images/en/send-time_opt_segment_dates.png"
                               fileReference="/content/dam/help/en/campaign/standard/send-time_opt_segment_dates.png"
                               imageRotate="0"
                               originalHeight=""
                               originalWidth=""
                               scaleOption="toTemplate"
                               status="legacy"/>
                  </step_par>
               </step_85_0>
                <step_86_0 jcr:primaryType="nt:unstructured" sling:resourceType="help/components/step">
                  <step_par jcr:primaryType="nt:unstructured"
                            sling:resourceType="help/components/procedure/step_parsys">
                    <text_187 jcr:primaryType="nt:unstructured"
                               sling:resourceType="help/components/article-3/text"
                               text="&lt;p&gt;Drag and drop an &lt;strong&gt;Email delivery&lt;/strong&gt; activity into your workflow and open it. See the &#xA;&#x9;&#x9;&#x9;&#x9;&#x9;&#x9;&#x9;&#x9;&#x9;&#x9;&#x9;&#xA;&#x9;&#x9;&#x9;&#x9;&#x9;&#x9;&#x9;&lt;a href=&#34;/content/help/en/campaign/standard/automating/using/email-delivery.html&#34;&gt;Email delivery&lt;/a&gt; section.&lt;/p&gt;&#xA;"
                               textIsRich="true"/>
                  </step_par>
               </step_86_0>
                <step_87_0 jcr:primaryType="nt:unstructured" sling:resourceType="help/components/step">
                  <step_par jcr:primaryType="nt:unstructured"
                            sling:resourceType="help/components/procedure/step_parsys">
                    <text_188 jcr:primaryType="nt:unstructured"
                               sling:resourceType="help/components/article-3/text"
                               text="&lt;p&gt;Click the &#xA;&lt;span class=&#34;uicontrol&#34;&gt;Schedule&lt;/span&gt;&#xA; section in the email dashboard and select &#xA;&lt;span class=&#34;uicontrol&#34;&gt;Messages to be sent automatically on the date specified below&lt;/span&gt;&#xA;.&lt;/p&gt;&#xA;"
                               textIsRich="true"/>
                  </step_par>
               </step_87_0>
                <step_88_0 jcr:primaryType="nt:unstructured" sling:resourceType="help/components/step">
                  <step_par jcr:primaryType="nt:unstructured"
                            sling:resourceType="help/components/procedure/step_parsys">
                    <text_189 jcr:primaryType="nt:unstructured"
                               sling:resourceType="help/components/article-3/text"
                               text="&lt;p&gt;In the &#xA;&lt;span class=&#34;uicontrol&#34;&gt;Start sending from&lt;/span&gt;&#xA; field, define a contact date.&lt;/p&gt;&#xA;"
                               textIsRich="true"/>
                  </step_par>
               </step_88_0>
                <step_89_0 jcr:primaryType="nt:unstructured" sling:resourceType="help/components/step">
                  <step_par jcr:primaryType="nt:unstructured"
                            sling:resourceType="help/components/procedure/step_parsys">
                    <text_190 jcr:primaryType="nt:unstructured"
                               sling:resourceType="help/components/article-3/text"
                               text="&lt;p&gt;From the send time optimization drop-down menu, choose &#xA;&lt;span class=&#34;uicontrol&#34;&gt;Send at a custom date defined by a formula&lt;/span&gt;&#xA;.&lt;/p&gt;&#xA;"
                               textIsRich="true"/>
                  </step_par>
               </step_89_0>
                <step_90_0 jcr:primaryType="nt:unstructured" sling:resourceType="help/components/step">
                  <step_par jcr:primaryType="nt:unstructured"
                            sling:resourceType="help/components/procedure/step_parsys">
                    <text_191 jcr:primaryType="nt:unstructured"
                               sling:resourceType="help/components/article-3/text"
                               text="&lt;p&gt;Click the &#xA;&lt;span class=&#34;uicontrol&#34;&gt;Edit an expression&lt;/span&gt;&#xA; button of the &#xA;&lt;span class=&#34;uicontrol&#34;&gt;Custom date formula&lt;/span&gt;&#xA; field.&lt;/p&gt;&#xA;"
                               textIsRich="true"/>
                    <image_44 jcr:primaryType="nt:unstructured"
                               sling:resourceType="help/components/article-3/image"
                               jcr:title=""
                               alt=""
                               captionBottom=""
                               fileName="send-time_opt_formula_define.png"
                               originalFileName="images/en/send-time_opt_formula_define.png"
                               fileReference="/content/dam/help/en/campaign/standard/send-time_opt_formula_define.png"
                               imageRotate="0"
                               originalHeight=""
                               originalWidth=""
                               scaleOption="toTemplate"
                               status="legacy"/>
                  </step_par>
               </step_90_0>
                <step_91_0 jcr:primaryType="nt:unstructured" sling:resourceType="help/components/step">
                  <step_par jcr:primaryType="nt:unstructured"
                            sling:resourceType="help/components/procedure/step_parsys">
                    <text_192 jcr:primaryType="nt:unstructured"
                               sling:resourceType="help/components/article-3/text"
                               text="&lt;p&gt;Create the following expression using the &#xA;&lt;span class=&#34;uicontrol&#34;&gt;ToDateTime&lt;/span&gt;&#xA; function and the &#xA;&lt;span class=&#34;uicontrol&#34;&gt;Segment code&lt;/span&gt;&#xA; field. You can also direclty type in the expression but make sure to use correct syntax and spelling.&lt;/p&gt;&#xA;"
                               textIsRich="true"/>
                    <codelisting_sh0 jcr:primaryType="nt:unstructured"
                                      sling:resourceType="help/components/codeblock"
                                      codeLanguage="html"
                                      gutter="true"
                                      text="\ToDateTime([targetData/@segmentCode])"/>
                    <text_193 jcr:primaryType="nt:unstructured"
                               sling:resourceType="help/components/article-3/text"
                               text="&lt;p&gt;The &#xA;&lt;span class=&#34;uicontrol&#34;&gt;ToDateTime&lt;/span&gt;&#xA; function transforms the segment code from a text string to a date and time value.&lt;/p&gt;&#xA;"
                               textIsRich="true"/>
                    <text_194 jcr:primaryType="nt:unstructured"
                               sling:resourceType="help/components/article-3/text"
                               text="&lt;p&gt;Confirm the expression to return to the previous screen.&lt;/p&gt;&#xA;"
                               textIsRich="true"/>
                    <image_45 jcr:primaryType="nt:unstructured"
                               sling:resourceType="help/components/article-3/image"
                               jcr:title=""
                               alt=""
                               captionBottom=""
                               fileName="send-time_opt_formula_define_segment.png"
                               originalFileName="images/en/send-time_opt_formula_define_segment.png"
                               fileReference="/content/dam/help/en/campaign/standard/send-time_opt_formula_define_segment.png"
                               imageRotate="0"
                               originalHeight=""
                               originalWidth=""
                               scaleOption="toTemplate"
                               status="legacy"/>
                    <text_195 jcr:primaryType="nt:unstructured"
                               sling:resourceType="help/components/article-3/text"
                               text="&lt;p&gt;In the &#xA;&lt;span class=&#34;uicontrol&#34;&gt;Schedule&lt;/span&gt;&#xA; window, the custom date formula is displayed as follows:&lt;/p&gt;&#xA;"
                               textIsRich="true"/>
                    <codelisting_sh1 jcr:primaryType="nt:unstructured"
                                      sling:resourceType="help/components/codeblock"
                                      codeLanguage="html"
                                      gutter="true"
                                      text="\ToDateTime([targetData/@segmentCode])"/>
                    <image_46 jcr:primaryType="nt:unstructured"
                               sling:resourceType="help/components/article-3/image"
                               jcr:title=""
                               alt=""
                               captionBottom=""
                               fileName="send-time_opt_custom_formula.png"
                               originalFileName="images/en/send-time_opt_custom_formula.png"
                               fileReference="/content/dam/help/en/campaign/standard/send-time_opt_custom_formula.png"
                               imageRotate="0"
                               originalHeight=""
                               originalWidth=""
                               scaleOption="toTemplate"
                               status="legacy"/>
                  </step_par>
               </step_91_0>
                <step_92_0 jcr:primaryType="nt:unstructured" sling:resourceType="help/components/step">
                  <step_par jcr:primaryType="nt:unstructured"
                            sling:resourceType="help/components/procedure/step_parsys">
                    <text_196 jcr:primaryType="nt:unstructured"
                               sling:resourceType="help/components/article-3/text"
                               text="&lt;p&gt;Confirm the schedule, save your delivery and execute the workflow.&lt;/p&gt;&#xA;"
                               textIsRich="true"/>
                  </step_par>
               </step_92_0>
            </proc_par>
         </procedure_8_10>
            <text_197 jcr:primaryType="nt:unstructured"
                   sling:resourceType="help/components/article-3/text"
                   text="&lt;p&gt;The delivery will be progressively sent to all targeted recipients over five days.&lt;/p&gt;&#xA;"
                   textIsRich="true"/>
            <note_5 jcr:primaryType="nt:unstructured"
                 sling:resourceType="help/components/article-3/note"
                 text="&lt;p&gt;&#xA;                Make sure that all dates are in the future when confirming the send. Otherwise the message will be sent as soon as the send is confirmed.&#xA;                &#xA;            &lt;/p&gt;&#xA;"
                 textIsRich="true"
                 type="note"/>
        
        
        
            <header_22 jcr:primaryType="nt:unstructured" sling:resourceType="help/components/header"
                    id="using-an-expression"
                    level="2"
                    text="&lt;p&gt;Using an expression&lt;/p&gt;&#xA;"
                    textIsRich="'true'"/>
            <text_199 jcr:primaryType="nt:unstructured"
                   sling:resourceType="help/components/article-3/text"
                   text="&lt;p&gt;Send time optimization is also useful for campaigns involving a call center. You can ensure that all messages are not received at the same time. This enables your organization to process the number of calls according to its capacity.&lt;/p&gt;&#xA;"
                   textIsRich="true"/>
            <text_200 jcr:primaryType="nt:unstructured"
                   sling:resourceType="help/components/article-3/text"
                   text="&lt;p&gt;For example, you want to send an email inviting your customers to contact a call center in order to get a promotional offer. To avoid overwhelming the call center, you decide to segment your target audience randomly to send your email in four batches.&lt;/p&gt;&#xA;"
                   textIsRich="true"/>
            <text_201 jcr:primaryType="nt:unstructured"
                   sling:resourceType="help/components/article-3/text"
                   text="&lt;p&gt;You can schedule this using a workflow.&lt;/p&gt;&#xA;"
                   textIsRich="true"/>
            <image_47 jcr:primaryType="nt:unstructured"
                   sling:resourceType="help/components/article-3/image"
                   jcr:title=""
                   alt=""
                   captionBottom=""
                   fileName="send-time_opt_workflow2.png"
                   originalFileName="images/en/send-time_opt_workflow2.png"
                   fileReference="/content/dam/help/en/campaign/standard/send-time_opt_workflow2.png"
                   imageRotate="0"
                   originalHeight=""
                   originalWidth=""
                   scaleOption="toTemplate"
                   status="legacy"/>
            <procedure_9_10 jcr:primaryType="nt:unstructured"
                         sling:resourceType="help/components/procedure">
            <proc_par jcr:primaryType="nt:unstructured"
                      sling:resourceType="help/components/procedure/proc_parsys">
                <step_93_0 jcr:primaryType="nt:unstructured" sling:resourceType="help/components/step">
                  <step_par jcr:primaryType="nt:unstructured"
                            sling:resourceType="help/components/procedure/step_parsys">
                    <text_202 jcr:primaryType="nt:unstructured"
                               sling:resourceType="help/components/article-3/text"
                               text="&lt;p&gt;Access the marketing activity list and create a new workflow. See &#xA;&#x9;&#x9;&#x9;&#x9;&#x9;&#x9;&#x9;&#x9;&#x9;&#x9;&#x9;&#xA;&#x9;&#x9;&#x9;&#x9;&#x9;&#x9;&#x9;&lt;a href=&#34;/content/help/en/campaign/standard/automating/using/building-a-workflow.html#creating-a-workflow&#34;&gt;Creating a workflow&lt;/a&gt;.&lt;/p&gt;&#xA;"
                               textIsRich="true"/>
                  </step_par>
               </step_93_0>
                <step_94_0 jcr:primaryType="nt:unstructured" sling:resourceType="help/components/step">
                  <step_par jcr:primaryType="nt:unstructured"
                            sling:resourceType="help/components/procedure/step_parsys">
                    <text_203 jcr:primaryType="nt:unstructured"
                               sling:resourceType="help/components/article-3/text"
                               text="&lt;p&gt;Drag and drop a &lt;strong&gt;Query&lt;/strong&gt; activity into your workflow and open it. See the &#xA;&#x9;&#x9;&#x9;&#x9;&#x9;&#x9;&#x9;&#x9;&#x9;&#x9;&#x9;&#xA;&#x9;&#x9;&#x9;&#x9;&#x9;&#x9;&#x9;&lt;a href=&#34;/content/help/en/campaign/standard/automating/using/query.html&#34;&gt;Query&lt;/a&gt; section.&lt;/p&gt;&#xA;"
                               textIsRich="true"/>
                  </step_par>
               </step_94_0>
                <step_95_0 jcr:primaryType="nt:unstructured" sling:resourceType="help/components/step">
                  <step_par jcr:primaryType="nt:unstructured"
                            sling:resourceType="help/components/procedure/step_parsys">
                    <text_204 jcr:primaryType="nt:unstructured"
                               sling:resourceType="help/components/article-3/text"
                               text="&lt;p&gt;Select an audience, for example over 35 profiles and click &#xA;&lt;span class=&#34;uicontrol&#34;&gt;Confirm&lt;/span&gt;&#xA; to save the query.&lt;/p&gt;&#xA;"
                               textIsRich="true"/>
                  </step_par>
               </step_95_0>
                <step_96_0 jcr:primaryType="nt:unstructured" sling:resourceType="help/components/step">
                  <step_par jcr:primaryType="nt:unstructured"
                            sling:resourceType="help/components/procedure/step_parsys">
                    <text_205 jcr:primaryType="nt:unstructured"
                               sling:resourceType="help/components/article-3/text"
                               text="&lt;p&gt;Drag and drop a &lt;strong&gt;Segmentation&lt;/strong&gt; activity into your workflow and open it. See the &#xA;&#x9;&#x9;&#x9;&#x9;&#x9;&#x9;&#x9;&#x9;&#x9;&#x9;&#x9;&#xA;&#x9;&#x9;&#x9;&#x9;&#x9;&#x9;&#x9;&lt;a href=&#34;/content/help/en/campaign/standard/automating/using/segmentation.html&#34;&gt;Segmentation&lt;/a&gt; section.&lt;/p&gt;&#xA;"
                               textIsRich="true"/>
                  </step_par>
               </step_96_0>
                <step_97_0 jcr:primaryType="nt:unstructured" sling:resourceType="help/components/step">
                  <step_par jcr:primaryType="nt:unstructured"
                            sling:resourceType="help/components/procedure/step_parsys">
                    <text_206 jcr:primaryType="nt:unstructured"
                               sling:resourceType="help/components/article-3/text"
                               text="&lt;p&gt;Define four segments. For each segment:&lt;/p&gt;&#xA;"
                               textIsRich="true"/>
                    <procedure_11 jcr:primaryType="nt:unstructured"
                                   sling:resourceType="help/components/procedure"
                                   isBulleted="true">
                        <proc_par jcr:primaryType="nt:unstructured"
                                  sling:resourceType="help/components/procedure/proc_parsys">
                           <step_97_11 jcr:primaryType="nt:unstructured" sling:resourceType="help/components/step">
                              <step_par jcr:primaryType="nt:unstructured"
                                        sling:resourceType="help/components/procedure/step_parsys">
                                 <text_207 jcr:primaryType="nt:unstructured"
                                           sling:resourceType="help/components/article-3/text"
                                           text="&lt;p&gt;Define the segment codes as follows:&lt;/p&gt;&#xA;"
                                           textIsRich="true"/>
                                 <procedure_11 jcr:primaryType="nt:unstructured"
                                               sling:resourceType="help/components/procedure"
                                               isBulleted="true">
                                    <proc_par jcr:primaryType="nt:unstructured"
                                              sling:resourceType="help/components/procedure/proc_parsys">
                                       <step_97_11 jcr:primaryType="nt:unstructured" sling:resourceType="help/components/step">
                                          <step_par jcr:primaryType="nt:unstructured"
                                                    sling:resourceType="help/components/procedure/step_parsys">
                                             <text_208 jcr:primaryType="nt:unstructured"
                                                       sling:resourceType="help/components/article-3/text"
                                                       text="&lt;p&gt;8:00 AM - 10:00 AM: &lt;strong&gt;0&lt;/strong&gt;. The message will be sent to the first quarter of the target population at 8:00 AM (contact date).&lt;/p&gt;&#xA;"
                                                       textIsRich="true"/>
                                          </step_par>
                                       </step_97_11>
                                       <step_98_11 jcr:primaryType="nt:unstructured" sling:resourceType="help/components/step">
                                          <step_par jcr:primaryType="nt:unstructured"
                                                    sling:resourceType="help/components/procedure/step_parsys">
                                             <text_209 jcr:primaryType="nt:unstructured"
                                                       sling:resourceType="help/components/article-3/text"
                                                       text="&lt;p&gt;10:00 AM - 12:00 PM: &lt;strong&gt;2&lt;/strong&gt;. The message will be sent to the second quarter of the target population at 10:00 AM (contact date + 2 hours).&lt;/p&gt;&#xA;"
                                                       textIsRich="true"/>
                                          </step_par>
                                       </step_98_11>
                                       <step_99_11 jcr:primaryType="nt:unstructured" sling:resourceType="help/components/step">
                                          <step_par jcr:primaryType="nt:unstructured"
                                                    sling:resourceType="help/components/procedure/step_parsys">
                                             <text_210 jcr:primaryType="nt:unstructured"
                                                       sling:resourceType="help/components/article-3/text"
                                                       text="&lt;p&gt;2:00 PM - 4:00 PM: &lt;strong&gt;6&lt;/strong&gt;. The call center being closed between 12:00 PM and 2:00 PM, the message will be sent to the third quarter of the target population at 2:00 PM (contact date + 6 hours).&lt;/p&gt;&#xA;"
                                                       textIsRich="true"/>
                                          </step_par>
                                       </step_99_11>
                                       <step_100_11 jcr:primaryType="nt:unstructured" sling:resourceType="help/components/step">
                                          <step_par jcr:primaryType="nt:unstructured"
                                                    sling:resourceType="help/components/procedure/step_parsys">
                                             <text_211 jcr:primaryType="nt:unstructured"
                                                       sling:resourceType="help/components/article-3/text"
                                                       text="&lt;p&gt;4:00 PM - 6:00 PM: &lt;strong&gt;8&lt;/strong&gt;. The message will be sent to the last quarter of the target population at 4:00 PM (contact date + 8 hours).&lt;/p&gt;&#xA;"
                                                       textIsRich="true"/>
                                          </step_par>
                                       </step_100_11>
                                    </proc_par>
                                 </procedure_11>
                                 <note_6 jcr:primaryType="nt:unstructured"
                                         sling:resourceType="help/components/article-3/note"
                                         text="&lt;p&gt;&#xA;                                The contact date will be defined in the Email delivery activity later in the workflow.&#xA;                            &lt;/p&gt;&#xA;"
                                         textIsRich="true"
                                         type="note"/>
                              </step_par>
                           </step_97_11>
                           <step_102_12 jcr:primaryType="nt:unstructured" sling:resourceType="help/components/step">
                              <step_par jcr:primaryType="nt:unstructured"
                                        sling:resourceType="help/components/procedure/step_parsys">
                                 <text_213 jcr:primaryType="nt:unstructured"
                                           sling:resourceType="help/components/article-3/text"
                                           text="&lt;p&gt;Make sure you select the &#xA;&lt;span class=&#34;uicontrol&#34;&gt;Limit the population of this segment&lt;/span&gt;&#xA; option.&lt;/p&gt;&#xA;"
                                           textIsRich="true"/>
                              </step_par>
                           </step_102_12>
                           <step_103_12 jcr:primaryType="nt:unstructured" sling:resourceType="help/components/step">
                              <step_par jcr:primaryType="nt:unstructured"
                                        sling:resourceType="help/components/procedure/step_parsys">
                                 <text_214 jcr:primaryType="nt:unstructured"
                                           sling:resourceType="help/components/article-3/text"
                                           text="&lt;p&gt;In the &#xA;&lt;span class=&#34;uicontrol&#34;&gt;Limitation&lt;/span&gt;&#xA; tab, select &#xA;&lt;span class=&#34;uicontrol&#34;&gt;Random sampling&lt;/span&gt;&#xA; and enter the desired percentage for each segment: &lt;strong&gt;25&lt;/strong&gt;.&lt;/p&gt;&#xA;"
                                           textIsRich="true"/>
                              </step_par>
                           </step_103_12>
                        </proc_par>
                     </procedure_11>
                  </step_par>
               </step_97_0>
                <step_105_0 jcr:primaryType="nt:unstructured" sling:resourceType="help/components/step">
                  <step_par jcr:primaryType="nt:unstructured"
                            sling:resourceType="help/components/procedure/step_parsys">
                    <text_215 jcr:primaryType="nt:unstructured"
                               sling:resourceType="help/components/article-3/text"
                               text="&lt;p&gt;Once all segments are defined, select &#xA;&lt;span class=&#34;uicontrol&#34;&gt;Generate all segments in the same transition&lt;/span&gt;&#xA; and click &#xA;&lt;span class=&#34;uicontrol&#34;&gt;Confirm&lt;/span&gt;&#xA;.&lt;/p&gt;&#xA;"
                               textIsRich="true"/>
                    <image_48 jcr:primaryType="nt:unstructured"
                               sling:resourceType="help/components/article-3/image"
                               jcr:title=""
                               alt=""
                               captionBottom=""
                               fileName="send-time_opt_segment.png"
                               originalFileName="images/en/send-time_opt_segment.png"
                               fileReference="/content/dam/help/en/campaign/standard/send-time_opt_segment.png"
                               imageRotate="0"
                               originalHeight=""
                               originalWidth=""
                               scaleOption="toTemplate"
                               status="legacy"/>
                  </step_par>
               </step_105_0>
                <step_106_0 jcr:primaryType="nt:unstructured" sling:resourceType="help/components/step">
                  <step_par jcr:primaryType="nt:unstructured"
                            sling:resourceType="help/components/procedure/step_parsys">
                    <text_216 jcr:primaryType="nt:unstructured"
                               sling:resourceType="help/components/article-3/text"
                               text="&lt;p&gt;Drag and drop an &lt;strong&gt;Email delivery&lt;/strong&gt; activity into your workflow and open it. See the &#xA;&#x9;&#x9;&#x9;&#x9;&#x9;&#x9;&#x9;&#x9;&#x9;&#x9;&#x9;&#xA;&#x9;&#x9;&#x9;&#x9;&#x9;&#x9;&#x9;&lt;a href=&#34;/content/help/en/campaign/standard/automating/using/email-delivery.html&#34;&gt;Email delivery&lt;/a&gt; section.&lt;/p&gt;&#xA;"
                               textIsRich="true"/>
                  </step_par>
               </step_106_0>
                <step_107_0 jcr:primaryType="nt:unstructured" sling:resourceType="help/components/step">
                  <step_par jcr:primaryType="nt:unstructured"
                            sling:resourceType="help/components/procedure/step_parsys">
                    <text_217 jcr:primaryType="nt:unstructured"
                               sling:resourceType="help/components/article-3/text"
                               text="&lt;p&gt;Click the &#xA;&lt;span class=&#34;uicontrol&#34;&gt;Schedule&lt;/span&gt;&#xA; section in the email dashboard.&lt;/p&gt;&#xA;"
                               textIsRich="true"/>
                  </step_par>
               </step_107_0>
                <step_108_0 jcr:primaryType="nt:unstructured" sling:resourceType="help/components/step">
                  <step_par jcr:primaryType="nt:unstructured"
                            sling:resourceType="help/components/procedure/step_parsys">
                    <text_218 jcr:primaryType="nt:unstructured"
                               sling:resourceType="help/components/article-3/text"
                               text="&lt;p&gt;Select &#xA;&lt;span class=&#34;uicontrol&#34;&gt;Messages to be sent automatically on the date specified below&lt;/span&gt;&#xA;.&lt;/p&gt;&#xA;"
                               textIsRich="true"/>
                  </step_par>
               </step_108_0>
                <step_109_0 jcr:primaryType="nt:unstructured" sling:resourceType="help/components/step">
                  <step_par jcr:primaryType="nt:unstructured"
                            sling:resourceType="help/components/procedure/step_parsys">
                    <text_219 jcr:primaryType="nt:unstructured"
                               sling:resourceType="help/components/article-3/text"
                               text="&lt;p&gt;In the &#xA;&lt;span class=&#34;uicontrol&#34;&gt;Start sending from&lt;/span&gt;&#xA; field, define a contact date.&lt;/p&gt;&#xA;"
                               textIsRich="true"/>
                    <text_220 jcr:primaryType="nt:unstructured"
                               sling:resourceType="help/components/article-3/text"
                               text="&lt;p&gt;In this example, select May 25th at 8:00 AM.&lt;/p&gt;&#xA;"
                               textIsRich="true"/>
                  </step_par>
               </step_109_0>
                <step_110_0 jcr:primaryType="nt:unstructured" sling:resourceType="help/components/step">
                  <step_par jcr:primaryType="nt:unstructured"
                            sling:resourceType="help/components/procedure/step_parsys">
                    <text_221 jcr:primaryType="nt:unstructured"
                               sling:resourceType="help/components/article-3/text"
                               text="&lt;p&gt;From the send time optimization drop-down menu, choose &#xA;&lt;span class=&#34;uicontrol&#34;&gt;Send at a custom date defined by a formula&lt;/span&gt;&#xA; and click the &#xA;&lt;span class=&#34;uicontrol&#34;&gt;Edit an expression&lt;/span&gt;&#xA; button.&lt;/p&gt;&#xA;"
                               textIsRich="true"/>
                    <image_49 jcr:primaryType="nt:unstructured"
                               sling:resourceType="help/components/article-3/image"
                               jcr:title=""
                               alt=""
                               captionBottom=""
                               fileName="send-time_opt_formula_expression.png"
                               originalFileName="images/en/send-time_opt_formula_expression.png"
                               fileReference="/content/dam/help/en/campaign/standard/send-time_opt_formula_expression.png"
                               imageRotate="0"
                               originalHeight=""
                               originalWidth=""
                               scaleOption="toTemplate"
                               status="legacy"/>
                  </step_par>
               </step_110_0>
                <step_111_0 jcr:primaryType="nt:unstructured" sling:resourceType="help/components/step">
                  <step_par jcr:primaryType="nt:unstructured"
                            sling:resourceType="help/components/procedure/step_parsys">
                    <text_222 jcr:primaryType="nt:unstructured"
                               sling:resourceType="help/components/article-3/text"
                               text="&lt;p&gt;In the &#xA;&lt;span class=&#34;uicontrol&#34;&gt;Expression editor&lt;/span&gt;&#xA;, set the date and the segment codes to compute the data for each customer.&lt;/p&gt;&#xA;"
                               textIsRich="true"/>
                    <text_223 jcr:primaryType="nt:unstructured"
                               sling:resourceType="help/components/article-3/text"
                               text="&lt;p&gt;In the list of functions, select &#xA;&lt;span class=&#34;uicontrol&#34;&gt;AddHours&lt;/span&gt;&#xA;.&lt;/p&gt;&#xA;"
                               textIsRich="true"/>
                    <image_50 jcr:primaryType="nt:unstructured"
                               sling:resourceType="help/components/article-3/image"
                               jcr:title=""
                               alt=""
                               captionBottom=""
                               fileName="send-time_opt_formula_expression_addhours.png"
                               originalFileName="images/en/send-time_opt_formula_expression_addhours.png"
                               fileReference="/content/dam/help/en/campaign/standard/send-time_opt_formula_expression_addhours.png"
                               imageRotate="0"
                               originalHeight=""
                               originalWidth=""
                               scaleOption="toTemplate"
                               status="legacy"/>
                    <text_224 jcr:primaryType="nt:unstructured"
                               sling:resourceType="help/components/article-3/text"
                               text="&lt;p&gt;In the available fields, select &#xA;&lt;span class=&#34;uicontrol&#34;&gt;Current delivery&lt;/span&gt;&#xA; &gt; &#xA;&lt;span class=&#34;uicontrol&#34;&gt;Delivery scheduling&lt;/span&gt;&#xA; &gt; &#xA;&lt;span class=&#34;uicontrol&#34;&gt;Contact date&lt;/span&gt;&#xA;.&lt;/p&gt;&#xA;"
                               textIsRich="true"/>
                    <image_51 jcr:primaryType="nt:unstructured"
                               sling:resourceType="help/components/article-3/image"
                               jcr:title=""
                               alt=""
                               captionBottom=""
                               fileName="send-time_opt_formula_expression_contact_date.png"
                               originalFileName="images/en/send-time_opt_formula_expression_contact_date.png"
                               fileReference="/content/dam/help/en/campaign/standard/send-time_opt_formula_expression_contact_date.png"
                               imageRotate="0"
                               originalHeight=""
                               originalWidth=""
                               scaleOption="toTemplate"
                               status="legacy"/>
                    <text_225 jcr:primaryType="nt:unstructured"
                               sling:resourceType="help/components/article-3/text"
                               text="&lt;p&gt;This enables you to retrieve the date and time specified in the &#xA;&lt;span class=&#34;uicontrol&#34;&gt;Start sending from&lt;/span&gt;&#xA; field.&lt;/p&gt;&#xA;"
                               textIsRich="true"/>
                    <text_226 jcr:primaryType="nt:unstructured"
                               sling:resourceType="help/components/article-3/text"
                               text="&lt;p&gt;In the list of functions, select &#xA;&lt;span class=&#34;uicontrol&#34;&gt;ToInteger&lt;/span&gt;&#xA;. In the available fields, select &#xA;&lt;span class=&#34;uicontrol&#34;&gt;Additional data&lt;/span&gt;&#xA; &gt; &#xA;&lt;span class=&#34;uicontrol&#34;&gt;Segment code&lt;/span&gt;&#xA;.&lt;/p&gt;&#xA;"
                               textIsRich="true"/>
                    <image_52 jcr:primaryType="nt:unstructured"
                               sling:resourceType="help/components/article-3/image"
                               jcr:title=""
                               alt=""
                               captionBottom=""
                               fileName="send-time_opt_formula_expression_segment_code.png"
                               originalFileName="images/en/send-time_opt_formula_expression_segment_code.png"
                               fileReference="/content/dam/help/en/campaign/standard/send-time_opt_formula_expression_segment_code.png"
                               imageRotate="0"
                               originalHeight=""
                               originalWidth=""
                               scaleOption="toTemplate"
                               status="legacy"/>
                    <text_227 jcr:primaryType="nt:unstructured"
                               sling:resourceType="help/components/article-3/text"
                               text="&lt;p&gt;This enables you to retrieve the numbers that you specified in the segment codes.&lt;/p&gt;&#xA;"
                               textIsRich="true"/>
                    <text_228 jcr:primaryType="nt:unstructured"
                               sling:resourceType="help/components/article-3/text"
                               text="&lt;p&gt;You should get the following formula:&lt;/p&gt;&#xA;"
                               textIsRich="true"/>
                    <codelisting_sh2 jcr:primaryType="nt:unstructured"
                                      sling:resourceType="help/components/codeblock"
                                      codeLanguage="html"
                                      gutter="true"
                                      text="\AddHours([currentDelivery/scheduling/@contactDate], ToInteger([targetData/@segmentCode]))"/>
                  </step_par>
               </step_111_0>
                <step_112_0 jcr:primaryType="nt:unstructured" sling:resourceType="help/components/step">
                  <step_par jcr:primaryType="nt:unstructured"
                            sling:resourceType="help/components/procedure/step_parsys">
                    <text_229 jcr:primaryType="nt:unstructured"
                               sling:resourceType="help/components/article-3/text"
                               text="&lt;p&gt;Confirm to save your expression. Confirm the schedule, save your delivery and execute the workflow.&lt;/p&gt;&#xA;"
                               textIsRich="true"/>
                  </step_par>
               </step_112_0>
            </proc_par>
         </procedure_9_10>
            <procedure_13 jcr:primaryType="nt:unstructured"
                       sling:resourceType="help/components/procedure"
                       isBulleted="true">
            <proc_par jcr:primaryType="nt:unstructured"
                      sling:resourceType="help/components/procedure/proc_parsys">
                <step_113_13 jcr:primaryType="nt:unstructured" sling:resourceType="help/components/step">
                  <step_par jcr:primaryType="nt:unstructured"
                            sling:resourceType="help/components/procedure/step_parsys">
                    <text_230 jcr:primaryType="nt:unstructured"
                               sling:resourceType="help/components/article-3/text"
                               text="&lt;p&gt;The first segment will receive the message on the contact date (May 25th at 8:00 AM).&lt;/p&gt;&#xA;"
                               textIsRich="true"/>
                  </step_par>
               </step_113_13>
                <step_114_13 jcr:primaryType="nt:unstructured" sling:resourceType="help/components/step">
                  <step_par jcr:primaryType="nt:unstructured"
                            sling:resourceType="help/components/procedure/step_parsys">
                    <text_231 jcr:primaryType="nt:unstructured"
                               sling:resourceType="help/components/article-3/text"
                               text="&lt;p&gt;The second segment will receive the message two hours later (May 25th at 10:00 AM).&lt;/p&gt;&#xA;"
                               textIsRich="true"/>
                  </step_par>
               </step_114_13>
                <step_115_13 jcr:primaryType="nt:unstructured" sling:resourceType="help/components/step">
                  <step_par jcr:primaryType="nt:unstructured"
                            sling:resourceType="help/components/procedure/step_parsys">
                    <text_232 jcr:primaryType="nt:unstructured"
                               sling:resourceType="help/components/article-3/text"
                               text="&lt;p&gt;The third segment will receive the message six hours later (May 25th at 2:00 PM).&lt;/p&gt;&#xA;"
                               textIsRich="true"/>
                  </step_par>
               </step_115_13>
                <step_116_13 jcr:primaryType="nt:unstructured" sling:resourceType="help/components/step">
                  <step_par jcr:primaryType="nt:unstructured"
                            sling:resourceType="help/components/procedure/step_parsys">
                    <text_233 jcr:primaryType="nt:unstructured"
                               sling:resourceType="help/components/article-3/text"
                               text="&lt;p&gt;The fourth segment will receive the message eight hours later (May 25th at 4:00 PM).&lt;/p&gt;&#xA;"
                               textIsRich="true"/>
                  </step_par>
               </step_116_13>
            </proc_par>
         </procedure_13>
        
      </main-pars>
      <hero jcr:primaryType="nt:unstructured"
            sling:resourceType="foundation/components/image"/>
      <thumbnail jcr:primaryType="nt:unstructured"
                 sling:resourceType="foundation/components/image"/>
      <publisherLogo jcr:primaryType="nt:unstructured"
                     sling:resourceType="foundation/components/image"/>
   </jcr:content>
</jcr:root>