<?xml version="1.0" encoding="UTF-8"?>
<jcr:root xmlns:nt="http://www.jcp.org/jcr/nt/1.0" xmlns:json="http://json.org/"
          xmlns:sling="http://sling.apache.org/jcr/sling/1.0"
          xmlns:cq="http://www.day.com/jcr/cq/1.0"
          xmlns:jcr="http://www.jcp.org/jcr/1.0"
          xmlns:mix="http://www.jcp.org/jcr/mix/1.0"
          jcr:primaryType="cq:Page">
   <jcr:content navTitle="Monitoring a delivery" jcr:primaryType="cq:PageContent"
                sling:resourceType="help/components/pages/article-3"
                heroGradient="light"
                jcr:language="en_us"
                cq:designPath="/etc/designs/help"
                cq:template="/apps/help/templates/article-3"
                jcr:mixinTypes="[mix:versionable]"
                jcr:title="Monitoring a delivery"
                jcr:description="Monitoring a delivery"
                seoDescription="Discover how to monitor a delivery."
                primaryProductTag="[products:SG_CAMPAIGN/STANDARD]"
                cq:tags="[products:SG_CAMPAIGN/STANDARD,audience:sending,content_type:reference,topic_tags:monitoring-messages]"
                primaryAudienceTag="[audience:sending]"
                contentOwner="sauviat"
                isReadyForLocalization="true"
                publishExternalDate="2019-01-09">
      <main-pars jcr:primaryType="nt:unstructured"
                 sling:resourceType="foundation/components/parsys">
        
        
        
            
        
        <text_281 jcr:primaryType="nt:unstructured"
                   sling:resourceType="help/components/article-3/text"
                   text="&lt;p&gt;There are several ways to monitor a delivery and to measure its impact:&lt;/p&gt;&#xA;"
                   textIsRich="true"/>
        <procedure_19 jcr:primaryType="nt:unstructured"
                       sling:resourceType="help/components/procedure"
                       isBulleted="true">
            <proc_par jcr:primaryType="nt:unstructured"
                      sling:resourceType="help/components/procedure/proc_parsys">
               <step_134_19 jcr:primaryType="nt:unstructured" sling:resourceType="help/components/step">
                  <step_par jcr:primaryType="nt:unstructured"
                            sling:resourceType="help/components/procedure/step_parsys">
                     <text_282 jcr:primaryType="nt:unstructured"
                               sling:resourceType="help/components/article-3/text"
                               text="&lt;p&gt;&lt;strong&gt;Message logs&lt;/strong&gt;: These logs can be accessed directly from the message dashboard. They show the detail of the sending, which target has been excluded and why, as well as the tracking information such as opens and clicks.&lt;/p&gt;&#xA;"
                               textIsRich="true"/>
                     <text_283 jcr:primaryType="nt:unstructured"
                               sling:resourceType="help/components/article-3/text"
                               text="&lt;p&gt;To view the message logs, click the icon at the bottom right of the &#xA;&lt;span class=&#34;uicontrol&#34;&gt;Deployment&lt;/span&gt;&#xA; block.&lt;/p&gt;&#xA;"
                               textIsRich="true"/>
                     <text_284 jcr:primaryType="nt:unstructured"
                               sling:resourceType="help/components/article-3/text"
                               text="&lt;p&gt;Several tabs contain information (if it exists) regarding the &#xA;&lt;span class=&#34;uicontrol&#34;&gt;Sending logs&lt;/span&gt;&#xA;, &#xA;&lt;span class=&#34;uicontrol&#34;&gt;Exclusion logs&lt;/span&gt;&#xA;, &#xA;&lt;span class=&#34;uicontrol&#34;&gt;Exclusion causes&lt;/span&gt;&#xA;, &#xA;&lt;span class=&#34;uicontrol&#34;&gt;Tracking logs&lt;/span&gt;&#xA; and &#xA;&lt;span class=&#34;uicontrol&#34;&gt;Tracked URLs&lt;/span&gt;&#xA;. See &#xA;&#x9;&#x9;&#x9;&#x9;&#x9;&#xA;&lt;a href=&#34;/content/help/en/campaign/standard/sending/using/monitoring-a-delivery.html#delivery-logs&#34; target=&#34;_blank&#34;&gt;Delivery logs&lt;/a&gt;.&lt;/p&gt;&#xA;"
                               textIsRich="true"/>
                     <image_60 jcr:primaryType="nt:unstructured"
                               sling:resourceType="help/components/article-3/image"
                               jcr:title=""
                               alt=""
                               captionBottom=""
                               fileName="sending_delivery1.png"
                               originalFileName="images/en/sending_delivery1.png"
                               fileReference="/content/dam/help/en/campaign/standard/sending_delivery1.png"
                               imageRotate="0"
                               originalHeight=""
                               originalWidth=""
                               scaleOption="toTemplate"
                               status="legacy"/>
                     <text_285 jcr:primaryType="nt:unstructured"
                               sling:resourceType="help/components/article-3/text"
                               text="&lt;p&gt;The log contains all messages relating to the delivery and the proofs. Specific icons allow you to identify errors or warnings. For more on this, see &#xA;&#x9;&#x9;&#x9;&#x9;&#x9;&#x9;&#x9;&#x9;&#x9;&#x9;&#x9;&#xA;&#x9;&#x9;&#x9;&#x9;&#x9;&#x9;&#x9;&lt;a href=&#34;/content/help/en/campaign/standard/sending/using/previewing-messages.html&#34;&gt;Approving messages&lt;/a&gt;.&lt;/p&gt;&#xA;"
                               textIsRich="true"/>
                     <text_286 jcr:primaryType="nt:unstructured"
                               sling:resourceType="help/components/article-3/text"
                               text="&lt;p&gt;You can export the log by clicking the &#xA;&lt;span class=&#34;uicontrol&#34;&gt;Export list&lt;/span&gt;&#xA; button.&lt;/p&gt;&#xA;"
                               textIsRich="true"/>
                     <image_61 jcr:primaryType="nt:unstructured"
                               sling:resourceType="help/components/article-3/image"
                               jcr:title=""
                               alt=""
                               captionBottom=""
                               fileName="sending_delivery2.png"
                               originalFileName="images/en/sending_delivery2.png"
                               fileReference="/content/dam/help/en/campaign/standard/sending_delivery2.png"
                               imageRotate="0"
                               originalHeight=""
                               originalWidth=""
                               scaleOption="toTemplate"
                               status="legacy"/>
                  </step_par>
               </step_134_19>
               <step_135_19 jcr:primaryType="nt:unstructured" sling:resourceType="help/components/step">
                  <step_par jcr:primaryType="nt:unstructured"
                            sling:resourceType="help/components/procedure/step_parsys">
                     <text_287 jcr:primaryType="nt:unstructured"
                               sling:resourceType="help/components/article-3/text"
                               text="&lt;p&gt;&lt;strong&gt;Delivery alerts&lt;/strong&gt;: To keep track of delivery successes or failures, Adobe Campaign provides an email alerting system that sends notifications to inform users of important system activities.&lt;/p&gt;&#xA;"
                               textIsRich="true"/>
                  </step_par>
               </step_135_19>
               <step_136_19 jcr:primaryType="nt:unstructured" sling:resourceType="help/components/step">
                  <step_par jcr:primaryType="nt:unstructured"
                            sling:resourceType="help/components/procedure/step_parsys">
                     <text_288 jcr:primaryType="nt:unstructured"
                               sling:resourceType="help/components/article-3/text"
                               text="&lt;p&gt;&lt;strong&gt;Reports&lt;/strong&gt;: From the message dashboard, you can access several reports for this specific message. You also have a &#xA;&lt;span class=&#34;uicontrol&#34;&gt;Reports&lt;/span&gt;&#xA; menu that allows you to access a complete list of built-in or custom reports that you can use to outline specific metrics related to your message or campaign.&lt;/p&gt;&#xA;"
                               textIsRich="true"/>
                  </step_par>
               </step_136_19>
               <step_137_19 jcr:primaryType="nt:unstructured" sling:resourceType="help/components/step">
                  <step_par jcr:primaryType="nt:unstructured"
                            sling:resourceType="help/components/procedure/step_parsys">
                     <text_289 jcr:primaryType="nt:unstructured"
                               sling:resourceType="help/components/article-3/text"
                               text="&lt;p&gt;An administrator can also export logs in a separate file that can be processed in your own reporting or BI tools. For more on this, see &#xA;&#x9;&#x9;&#x9;&#x9;&#x9;&#x9;&#x9;&#x9;&#x9;&#x9;&#x9;&#xA;&#x9;&#x9;&#x9;&#x9;&#x9;&#x9;&#x9;&lt;a href=&#34;/content/help/en/campaign/standard/automating/using/exporting-logs.html&#34;&gt;Exporting logs&lt;/a&gt;.&lt;/p&gt;&#xA;"
                               textIsRich="true"/>
                  </step_par>
               </step_137_19>
            </proc_par>
         </procedure_19>
        <text_290 jcr:primaryType="nt:unstructured"
                   sling:resourceType="help/components/article-3/text"
                   text="&lt;p&gt;&lt;strong&gt;Related topics:&lt;/strong&gt;&lt;/p&gt;&#xA;"
                   textIsRich="true"/>
        <procedure_20 jcr:primaryType="nt:unstructured"
                       sling:resourceType="help/components/procedure"
                       isBulleted="true">
            <proc_par jcr:primaryType="nt:unstructured"
                      sling:resourceType="help/components/procedure/proc_parsys">
               <step_138_20 jcr:primaryType="nt:unstructured" sling:resourceType="help/components/step">
                  <step_par jcr:primaryType="nt:unstructured"
                            sling:resourceType="help/components/procedure/step_parsys">
                     <text_291 jcr:primaryType="nt:unstructured"
                               sling:resourceType="help/components/article-3/text"
                               text="&lt;p&gt;&#xA;&#x9;&#x9;&#x9;&#x9;&#x9;&#xA;&lt;a href=&#34;/content/help/en/campaign/standard/sending/using/receiving-alerts-when-failures-happen.html&#34; target=&#34;_blank&#34;&gt;Receiving alerts when failures happen&lt;/a&gt;&lt;/p&gt;&#xA;"
                               textIsRich="true"/>
                  </step_par>
               </step_138_20>
               <step_139_20 jcr:primaryType="nt:unstructured" sling:resourceType="help/components/step">
                  <step_par jcr:primaryType="nt:unstructured"
                            sling:resourceType="help/components/procedure/step_parsys">
                     <text_292 jcr:primaryType="nt:unstructured"
                               sling:resourceType="help/components/article-3/text"
                               text="&lt;p&gt;&#xA;&#x9;&#x9;&#x9;&#x9;&#x9;&#x9;&#x9;&#x9;&#x9;&#x9;&#x9;&#xA;&#x9;&#x9;&#x9;&#x9;&#x9;&#x9;&#x9;&lt;a href=&#34;/content/help/en/campaign/standard/reporting/using/about-dynamic-reports.html&#34;&gt;Reports&lt;/a&gt;&lt;/p&gt;&#xA;"
                               textIsRich="true"/>
                  </step_par>
               </step_139_20>
            </proc_par>
         </procedure_20>
        
            <header_31 jcr:primaryType="nt:unstructured" sling:resourceType="help/components/header"
                    id="delivery-logs"
                    level="2"
                    text="&lt;p&gt;Delivery logs&lt;/p&gt;&#xA;"
                    textIsRich="'true'"/>
            
                <header_32 jcr:primaryType="nt:unstructured" sling:resourceType="help/components/header"
                    id="sending-logs"
                    level="3"
                    text="&lt;p&gt;Sending logs&lt;/p&gt;&#xA;"
                    textIsRich="'true'"/>
                <text_293 jcr:primaryType="nt:unstructured"
                   sling:resourceType="help/components/article-3/text"
                   text="&lt;p&gt;The &#xA;&lt;span class=&#34;uicontrol&#34;&gt;Sending logs&lt;/span&gt;&#xA; tab offers a history of every occurrence of this delivery. The list of sent messages and their statuses is stored here. It allows you to view the delivery status for each recipient.&lt;/p&gt;&#xA;"
                   textIsRich="true"/>
                
                <text_294 jcr:primaryType="nt:unstructured"
                   sling:resourceType="help/components/article-3/text"
                   text="&lt;p&gt;For each profile with a &#xA;&lt;span class=&#34;uicontrol&#34;&gt;Sent&lt;/span&gt;&#xA; status, the &#xA;&lt;span class=&#34;uicontrol&#34;&gt;Date&lt;/span&gt;&#xA; column shows when the message was sent.&lt;/p&gt;&#xA;"
                   textIsRich="true"/>
                <image_62 jcr:primaryType="nt:unstructured"
                   sling:resourceType="help/components/article-3/image"
                   jcr:title=""
                   alt=""
                   captionBottom=""
                   fileName="sending_delivery3.png"
                   originalFileName="images/en/sending_delivery3.png"
                   fileReference="/content/dam/help/en/campaign/standard/sending_delivery3.png"
                   imageRotate="0"
                   originalHeight=""
                   originalWidth=""
                   scaleOption="toTemplate"
                   status="legacy"/>
            
            
                <header_33 jcr:primaryType="nt:unstructured" sling:resourceType="help/components/header"
                    id="exclusion-logs"
                    level="3"
                    text="&lt;p&gt;Exclusion logs&lt;/p&gt;&#xA;"
                    textIsRich="'true'"/>
                <text_295 jcr:primaryType="nt:unstructured"
                   sling:resourceType="help/components/article-3/text"
                   text="&lt;p&gt;The &#xA;&lt;span class=&#34;uicontrol&#34;&gt;Exclusion logs&lt;/span&gt;&#xA; tab lists all the messages that have been excluded from the target sent and specifies the reason for the send failure.&lt;/p&gt;&#xA;"
                   textIsRich="true"/>
                <image_63 jcr:primaryType="nt:unstructured"
                   sling:resourceType="help/components/article-3/image"
                   jcr:title=""
                   alt=""
                   captionBottom=""
                   fileName="sending_delivery4.png"
                   originalFileName="images/en/sending_delivery4.png"
                   fileReference="/content/dam/help/en/campaign/standard/sending_delivery4.png"
                   imageRotate="0"
                   originalHeight=""
                   originalWidth=""
                   scaleOption="toTemplate"
                   status="legacy"/>
            
            
                <header_34 jcr:primaryType="nt:unstructured" sling:resourceType="help/components/header"
                    id="exclusion-causes"
                    level="3"
                    text="&lt;p&gt;Exclusion causes&lt;/p&gt;&#xA;"
                    textIsRich="'true'"/>
                <text_296 jcr:primaryType="nt:unstructured"
                   sling:resourceType="help/components/article-3/text"
                   text="&lt;p&gt;The &#xA;&lt;span class=&#34;uicontrol&#34;&gt;Exclusion causes&lt;/span&gt;&#xA; tab displays the volume (in number of messages) of messages that were excluded from the target send.&lt;/p&gt;&#xA;"
                   textIsRich="true"/>
                <image_64 jcr:primaryType="nt:unstructured"
                   sling:resourceType="help/components/article-3/image"
                   jcr:title=""
                   alt=""
                   captionBottom=""
                   fileName="sending_delivery5.png"
                   originalFileName="images/en/sending_delivery5.png"
                   fileReference="/content/dam/help/en/campaign/standard/sending_delivery5.png"
                   imageRotate="0"
                   originalHeight=""
                   originalWidth=""
                   scaleOption="toTemplate"
                   status="legacy"/>
            
        
      </main-pars>
      <hero jcr:primaryType="nt:unstructured"
            sling:resourceType="foundation/components/image"/>
      <thumbnail jcr:primaryType="nt:unstructured"
                 sling:resourceType="foundation/components/image"/>
      <publisherLogo jcr:primaryType="nt:unstructured"
                     sling:resourceType="foundation/components/image"/>
   </jcr:content>
</jcr:root>