<?xml version="1.0" encoding="UTF-8"?>
<jcr:root xmlns:nt="http://www.jcp.org/jcr/nt/1.0" xmlns:json="http://json.org/"
          xmlns:sling="http://sling.apache.org/jcr/sling/1.0"
          xmlns:cq="http://www.day.com/jcr/cq/1.0"
          xmlns:jcr="http://www.jcp.org/jcr/1.0"
          xmlns:mix="http://www.jcp.org/jcr/mix/1.0"
          jcr:primaryType="cq:Page">
   <jcr:content navTitle="Previewing messages" jcr:primaryType="cq:PageContent"
                sling:resourceType="help/components/pages/article-3"
                heroGradient="light"
                jcr:language="en_us"
                cq:designPath="/etc/designs/help"
                cq:template="/apps/help/templates/article-3"
                jcr:mixinTypes="[mix:versionable]"
                jcr:title="Previewing messages"
                jcr:description="Previewing messages"
                seoDescription="Learn how to preview a message in the content editor or in the Email Designer."
                primaryProductTag="[products:SG_CAMPAIGN/STANDARD]"
                cq:tags="[products:SG_CAMPAIGN/STANDARD,audience:sending,content_type:reference,topic_tags:preparing-and-testing-messages]"
                primaryAudienceTag="[audience:sending]"
                contentOwner="sauviat"
                isReadyForLocalization="true"
                publishExternalDate="2019-01-09">
      <main-pars jcr:primaryType="nt:unstructured"
                 sling:resourceType="foundation/components/parsys">    
    
    
      
    
         <text_23 jcr:primaryType="nt:unstructured"
                  sling:resourceType="help/components/article-3/text"
                  text="&lt;p&gt;After adding test profiles in the &#xA;&lt;span class=&#34;uicontrol&#34;&gt;Audience&lt;/span&gt;&#xA; window, you can preview your message to check its personalization and how your recipients will see your delivery.&lt;/p&gt;&#xA;"
                  textIsRich="true"/>
    
         <header_4 jcr:primaryType="nt:unstructured" sling:resourceType="help/components/header"
                   id="previewing-messages-with-the-content-editor"
                   level="2"
                   text="&lt;p&gt;Previewing messages with the content editor&lt;/p&gt;&#xA;"
                   textIsRich="'true'"/>
         <text_24 jcr:primaryType="nt:unstructured"
                  sling:resourceType="help/components/article-3/text"
                  text="&lt;p&gt;In the &#xA;&#x9;&#x9;&#x9;&#x9;&#x9;&#x9;&#x9;&#x9;&#x9;&#x9;&#x9;&#xA;&#x9;&#x9;&#x9;&#x9;&#x9;&#x9;&#x9;&lt;a href=&#34;/content/help/en/campaign/standard/designing/using/about-personalization.html&#34;&gt;content editor&lt;/a&gt;, preview is available in HTML and text format.&lt;/p&gt;&#xA;"
                  textIsRich="true"/>
         <text_25 jcr:primaryType="nt:unstructured"
                  sling:resourceType="help/components/article-3/text"
                  text="&lt;p&gt;The preview screen comes with a device mode that allows you to simulate a wide range of devices. You can select the device that you want to emulate in the dropdown list. The &#xA;&#x9;&lt;img height=&#34;21px&#34; src=&#34;/content/dam/help/en/campaign/standard/toggleOrientation24px.png&#34; /&gt;&#xA;&#x9;&#xA; button lets you control the orientation between portrait and landscape.&lt;/p&gt;&#xA;"
                  textIsRich="true"/>
         <text_26 jcr:primaryType="nt:unstructured"
                  sling:resourceType="help/components/article-3/text"
                  text="&lt;p&gt;For emails, an automatic anti-spam checking is performed during each preview. Click the &#xA;&lt;span class=&#34;uicontrol&#34;&gt;Show anti-spam analysis&lt;/span&gt;&#xA; button to find out more about the warning.&lt;/p&gt;&#xA;"
                  textIsRich="true"/>
         <image_0 jcr:primaryType="nt:unstructured"
                  sling:resourceType="help/components/article-3/image"
                  jcr:title=""
                  alt=""
                  captionBottom=""
                  fileName="delivery_content_edition12.png"
                  originalFileName="images/en/delivery_content_edition12.png"
                  fileReference="/content/dam/help/en/campaign/standard/delivery_content_edition12.png"
                  imageRotate="0"
                  originalHeight=""
                  originalWidth=""
                  scaleOption="toTemplate"
                  status="legacy"/>
         <procedure_0_10 jcr:primaryType="nt:unstructured"
                         sling:resourceType="help/components/procedure">
            <proc_par jcr:primaryType="nt:unstructured"
                      sling:resourceType="help/components/procedure/proc_parsys">
               <step_12_0 jcr:primaryType="nt:unstructured" sling:resourceType="help/components/step">
                  <step_par jcr:primaryType="nt:unstructured"
                            sling:resourceType="help/components/procedure/step_parsys">
                     <text_27 jcr:primaryType="nt:unstructured"
                              sling:resourceType="help/components/article-3/text"
                              text="&lt;p&gt;In the &#xA;&lt;span class=&#34;uicontrol&#34;&gt;Content&lt;/span&gt;&#xA; window, after personnalizing your message, use the &#xA;&lt;span class=&#34;uicontrol&#34;&gt;Preview&lt;/span&gt;&#xA; button located in the action bar.&lt;/p&gt;&#xA;"
                              textIsRich="true"/>
                     <image_1 jcr:primaryType="nt:unstructured"
                              sling:resourceType="help/components/article-3/image"
                              jcr:title=""
                              alt=""
                              captionBottom=""
                              fileName="review_1.png"
                              originalFileName="images/en/review_1.png"
                              fileReference="/content/dam/help/en/campaign/standard/review_1.png"
                              imageRotate="0"
                              originalHeight=""
                              originalWidth=""
                              scaleOption="toTemplate"
                              status="legacy"/>
                  </step_par>
               </step_12_0>
               <step_13_0 jcr:primaryType="nt:unstructured" sling:resourceType="help/components/step">
                  <step_par jcr:primaryType="nt:unstructured"
                            sling:resourceType="help/components/procedure/step_parsys">
                     <text_28 jcr:primaryType="nt:unstructured"
                              sling:resourceType="help/components/article-3/text"
                              text="&lt;p&gt;Select the &#xA;&lt;span class=&#34;uicontrol&#34;&gt;Change profile&lt;/span&gt;&#xA; button to choose the test profile you want to test the personalization elements on.&lt;/p&gt;&#xA;"
                              textIsRich="true"/>
                  </step_par>
               </step_13_0>
               <step_14_0 jcr:primaryType="nt:unstructured" sling:resourceType="help/components/step">
                  <step_par jcr:primaryType="nt:unstructured"
                            sling:resourceType="help/components/procedure/step_parsys">
                     <text_29 jcr:primaryType="nt:unstructured"
                              sling:resourceType="help/components/article-3/text"
                              text="&lt;p&gt;To check your delivery layout on different devices, select a type of device in the top action bar.&lt;/p&gt;&#xA;"
                              textIsRich="true"/>
                     <image_2 jcr:primaryType="nt:unstructured"
                              sling:resourceType="help/components/article-3/image"
                              jcr:title=""
                              alt=""
                              captionBottom=""
                              fileName="review_2.png"
                              originalFileName="images/en/review_2.png"
                              fileReference="/content/dam/help/en/campaign/standard/review_2.png"
                              imageRotate="0"
                              originalHeight=""
                              originalWidth=""
                              scaleOption="toTemplate"
                              status="legacy"/>
                  </step_par>
               </step_14_0>
            </proc_par>
         </procedure_0_10>
         <text_30 jcr:primaryType="nt:unstructured"
                  sling:resourceType="help/components/article-3/text"
                  text="&lt;p&gt;Once the personalization is finished, your delivery is ready to be sent to your recipients.&lt;/p&gt;&#xA;"
                  textIsRich="true"/>
    
    
         <header_5 jcr:primaryType="nt:unstructured" sling:resourceType="help/components/header"
                   id="previewing-messages-with-the-email-designer"
                   level="2"
                   text="&lt;p&gt;Previewing messages with the Email Designer&lt;/p&gt;&#xA;"
                   textIsRich="'true'"/>
         <procedure_1_10 jcr:primaryType="nt:unstructured"
                         sling:resourceType="help/components/procedure">
            <proc_par jcr:primaryType="nt:unstructured"
                      sling:resourceType="help/components/procedure/proc_parsys">
               <step_15_0 jcr:primaryType="nt:unstructured" sling:resourceType="help/components/step">
                  <step_par jcr:primaryType="nt:unstructured"
                            sling:resourceType="help/components/procedure/step_parsys">
                     <text_31 jcr:primaryType="nt:unstructured"
                              sling:resourceType="help/components/article-3/text"
                              text="&lt;p&gt;In the &#xA;&#x9;&#x9;&#x9;&#x9;&#x9;&#x9;&#x9;&#x9;&#x9;&#x9;&#x9;&#xA;&#x9;&#x9;&#x9;&#x9;&#x9;&#x9;&#x9;&lt;a href=&#34;/content/help/en/campaign/standard/designing/using/about-email-content-design.html#about-the-email-designer&#34;&gt;Email Designer&lt;/a&gt;, click the &#xA;&lt;span class=&#34;uicontrol&#34;&gt;Preview&lt;/span&gt;&#xA; button.&lt;/p&gt;&#xA;"
                              textIsRich="true"/>
                     <image_3 jcr:primaryType="nt:unstructured"
                              sling:resourceType="help/components/article-3/image"
                              jcr:title=""
                              alt=""
                              captionBottom=""
                              fileName="sending_preview.png"
                              originalFileName="images/en/sending_preview.png"
                              fileReference="/content/dam/help/en/campaign/standard/sending_preview.png"
                              imageRotate="0"
                              originalHeight=""
                              originalWidth=""
                              scaleOption="toTemplate"
                              status="legacy"/>
                     <text_32 jcr:primaryType="nt:unstructured"
                              sling:resourceType="help/components/article-3/text"
                              text="&lt;p&gt;A desktop view and a responsive mobile view of your email are displayed side by side.&lt;/p&gt;&#xA;"
                              textIsRich="true"/>
                  </step_par>
               </step_15_0>
               <step_16_0 jcr:primaryType="nt:unstructured" sling:resourceType="help/components/step">
                  <step_par jcr:primaryType="nt:unstructured"
                            sling:resourceType="help/components/procedure/step_parsys">
                     <text_33 jcr:primaryType="nt:unstructured"
                              sling:resourceType="help/components/article-3/text"
                              text="&lt;p&gt;An automatic anti-spam checking is performed during each preview. Click the &#xA;&lt;span class=&#34;uicontrol&#34;&gt;Anti-spam analysis&lt;/span&gt;&#xA; button to find out more about the warning.&lt;/p&gt;&#xA;"
                              textIsRich="true"/>
                     <image_4 jcr:primaryType="nt:unstructured"
                              sling:resourceType="help/components/article-3/image"
                              jcr:title=""
                              alt=""
                              captionBottom=""
                              fileName="sending_anti-spam_analysis.png"
                              originalFileName="images/en/sending_anti-spam_analysis.png"
                              fileReference="/content/dam/help/en/campaign/standard/sending_anti-spam_analysis.png"
                              imageRotate="0"
                              originalHeight=""
                              originalWidth=""
                              scaleOption="toTemplate"
                              status="legacy"/>
                  </step_par>
               </step_16_0>
               <step_17_0 jcr:primaryType="nt:unstructured" sling:resourceType="help/components/step">
                  <step_par jcr:primaryType="nt:unstructured"
                            sling:resourceType="help/components/procedure/step_parsys">
                     <text_34 jcr:primaryType="nt:unstructured"
                              sling:resourceType="help/components/article-3/text"
                              text="&lt;p&gt;Select the &#xA;&lt;span class=&#34;uicontrol&#34;&gt;Change profile&lt;/span&gt;&#xA; button to choose the test profile you want to test the personalization elements on.&lt;/p&gt;&#xA;"
                              textIsRich="true"/>
                  </step_par>
               </step_17_0>
               <step_18_0 jcr:primaryType="nt:unstructured" sling:resourceType="help/components/step">
                  <step_par jcr:primaryType="nt:unstructured"
                            sling:resourceType="help/components/procedure/step_parsys">
                     <text_35 jcr:primaryType="nt:unstructured"
                              sling:resourceType="help/components/article-3/text"
                              text="&lt;p&gt;To exit the &#xA;&lt;span class=&#34;uicontrol&#34;&gt;Preview&lt;/span&gt;&#xA; mode, click the &#xA;&lt;span class=&#34;uicontrol&#34;&gt;Edit&lt;/span&gt;&#xA; button on top left of the screen.&lt;/p&gt;&#xA;"
                              textIsRich="true"/>
                     <image_5 jcr:primaryType="nt:unstructured"
                              sling:resourceType="help/components/article-3/image"
                              jcr:title=""
                              alt=""
                              captionBottom=""
                              fileName="sending_preview_edit.png"
                              originalFileName="images/en/sending_preview_edit.png"
                              fileReference="/content/dam/help/en/campaign/standard/sending_preview_edit.png"
                              imageRotate="0"
                              originalHeight=""
                              originalWidth=""
                              scaleOption="toTemplate"
                              status="legacy"/>
                  </step_par>
               </step_18_0>
            </proc_par>
         </procedure_1_10>
    
      </main-pars>
      <hero jcr:primaryType="nt:unstructured"
            sling:resourceType="foundation/components/image"/>
      <thumbnail jcr:primaryType="nt:unstructured"
                 sling:resourceType="foundation/components/image"/>
      <publisherLogo jcr:primaryType="nt:unstructured"
                     sling:resourceType="foundation/components/image"/>
   </jcr:content>
</jcr:root>