<?xml version="1.0" encoding="UTF-8"?>
<jcr:root xmlns:nt="http://www.jcp.org/jcr/nt/1.0" xmlns:json="http://json.org/"
          xmlns:sling="http://sling.apache.org/jcr/sling/1.0"
          xmlns:cq="http://www.day.com/jcr/cq/1.0"
          xmlns:jcr="http://www.jcp.org/jcr/1.0"
          xmlns:mix="http://www.jcp.org/jcr/mix/1.0"
          jcr:primaryType="cq:Page">
   <jcr:content navTitle="Sending messages at the recipient's time zone"
                jcr:primaryType="cq:PageContent"
                sling:resourceType="help/components/pages/article-3"
                heroGradient="light"
                jcr:language="en_us"
                cq:designPath="/etc/designs/help"
                cq:template="/apps/help/templates/article-3"
                jcr:mixinTypes="[mix:versionable]"
                jcr:title="Sending messages at the recipient's time zone"
                jcr:description="Sending messages at the recipient's time zone"
                seoDescription="Learn how to send messages at the recipient's time zone."
                primaryProductTag="[products:SG_CAMPAIGN/STANDARD]"
                cq:tags="[products:SG_CAMPAIGN/STANDARD,audience:sending,content_type:reference,topic_tags:sheduling-messages]"
                primaryAudienceTag="[audience:sending]"
                contentOwner="sauviat"
                isReadyForLocalization="true"
                publishExternalDate="2019-01-09">
      <main-pars jcr:primaryType="nt:unstructured"
                 sling:resourceType="foundation/components/parsys">
        
        
          
        
        <text_151 jcr:primaryType="nt:unstructured"
                   sling:resourceType="help/components/article-3/text"
                   text="&lt;p&gt;When managing a campaign in which the date and time are important, you can schedule a delivery that takes each recipient's local time into account: they will receive email, SMS or push noftfications at the time you scheduled, in their own time zone.&lt;/p&gt;&#xA;"
                   textIsRich="true"/>
        <note_4 jcr:primaryType="nt:unstructured"
                 sling:resourceType="help/components/article-3/note"
                 text="&lt;p&gt;&#xA;            To use this functionality, make sure that all profiles targeted by your delivery have a time zone specified in the &#xA;&lt;span class=&#34;uicontrol&#34;&gt;Address&lt;/span&gt;&#xA; section of their properties. For more information on accessing profile properties, refer to this &#xA;&#x9;&#x9;&#x9;&#x9;&#x9;&#x9;&#x9;&#x9;&#x9;&#x9;&#x9;&#xA;&#x9;&#x9;&#x9;&#x9;&#x9;&#x9;&#x9;&lt;a href=&#34;/content/help/en/campaign/standard/audiences/using/editing-profiles.html&#34;&gt;section&lt;/a&gt;.&#xA;        &lt;/p&gt;&#xA;"
                 textIsRich="true"
                 type="note"/>
         <text_153 jcr:primaryType="nt:unstructured"
                   sling:resourceType="help/components/article-3/text"
                   text="&lt;p&gt;To send a delivery at the recipient's time zone, you can also use the &#xA;&lt;span class=&#34;uicontrol&#34;&gt;Scheduler&lt;/span&gt;&#xA; activity in a workflow. For more on this, refer to this &#xA;&#x9;&#x9;&#x9;&#x9;&#x9;&#x9;&#x9;&#x9;&#x9;&#x9;&#x9;&#xA;&#x9;&#x9;&#x9;&#x9;&#x9;&#x9;&#x9;&lt;a href=&#34;/content/help/en/campaign/standard/automating/using/scheduler.html&#34;&gt;page&lt;/a&gt;.&lt;/p&gt;&#xA;"
                   textIsRich="true"/>
        <text_154 jcr:primaryType="nt:unstructured"
                   sling:resourceType="help/components/article-3/text"
                   text="&lt;p&gt;In the following example, we want to send a promotional code that is only valid on Valentine's Day to all customers around the world. To provide sufficient time to use it during the day, all customers must receive your message on February 14th at 8:00 AM depending on their time zones.&lt;/p&gt;&#xA;"
                   textIsRich="true"/>
        <procedure_7_10 jcr:primaryType="nt:unstructured"
                         sling:resourceType="help/components/procedure">
            <proc_par jcr:primaryType="nt:unstructured"
                      sling:resourceType="help/components/procedure/proc_parsys">
               <step_68_0 jcr:primaryType="nt:unstructured" sling:resourceType="help/components/step">
                  <step_par jcr:primaryType="nt:unstructured"
                            sling:resourceType="help/components/procedure/step_parsys">
                     <text_155 jcr:primaryType="nt:unstructured"
                               sling:resourceType="help/components/article-3/text"
                               text="&lt;p&gt;In the &#xA;&lt;span class=&#34;uicontrol&#34;&gt;Marketing activities&lt;/span&gt;&#xA; tab, start creating your delivery, in our case an email. To learn more on delivery creation, refer to this &#xA;&#x9;&#x9;&#x9;&#x9;&#x9;&#x9;&#x9;&#x9;&#x9;&#x9;&#x9;&#xA;&#x9;&#x9;&#x9;&#x9;&#x9;&#x9;&#x9;&lt;a href=&#34;/content/help/en/campaign/standard/channels/using/creating-an-email.html&#34;&gt;section&lt;/a&gt;.&lt;/p&gt;&#xA;"
                               textIsRich="true"/>
                  </step_par>
               </step_68_0>
               <step_69_0 jcr:primaryType="nt:unstructured" sling:resourceType="help/components/step">
                  <step_par jcr:primaryType="nt:unstructured"
                            sling:resourceType="help/components/procedure/step_parsys">
                     <text_156 jcr:primaryType="nt:unstructured"
                               sling:resourceType="help/components/article-3/text"
                               text="&lt;p&gt;After designing your Valentine's Day email, click &#xA;&lt;span class=&#34;uicontrol&#34;&gt;Create&lt;/span&gt;&#xA; to access the delivery dashboard. For more on email designing, refer to this &#xA;&#x9;&#x9;&#x9;&#x9;&#x9;&#x9;&#x9;&#x9;&#x9;&#x9;&#x9;&#xA;&#x9;&#x9;&#x9;&#x9;&#x9;&#x9;&#x9;&lt;a href=&#34;/content/help/en/campaign/standard/designing/using/example--email-personalization.html&#34;&gt;page&lt;/a&gt;.&lt;/p&gt;&#xA;"
                               textIsRich="true"/>
                     <image_35 jcr:primaryType="nt:unstructured"
                               sling:resourceType="help/components/article-3/image"
                               jcr:title=""
                               alt=""
                               captionBottom=""
                               fileName="send-time_opt_valentine_1.png"
                               originalFileName="images/en/send-time_opt_valentine_1.png"
                               fileReference="/content/dam/help/en/campaign/standard/send-time_opt_valentine_1.png"
                               imageRotate="0"
                               originalHeight=""
                               originalWidth=""
                               scaleOption="toTemplate"
                               status="legacy"/>
                  </step_par>
               </step_69_0>
               <step_70_0 jcr:primaryType="nt:unstructured" sling:resourceType="help/components/step">
                  <step_par jcr:primaryType="nt:unstructured"
                            sling:resourceType="help/components/procedure/step_parsys">
                     <text_157 jcr:primaryType="nt:unstructured"
                               sling:resourceType="help/components/article-3/text"
                               text="&lt;p&gt;From the delivery dashboard, select the &#xA;&lt;span class=&#34;uicontrol&#34;&gt;Schedule&lt;/span&gt;&#xA; block.&lt;/p&gt;&#xA;"
                               textIsRich="true"/>
                     <image_36 jcr:primaryType="nt:unstructured"
                               sling:resourceType="help/components/article-3/image"
                               jcr:title=""
                               alt=""
                               captionBottom=""
                               fileName="send-time_opt_valentine_2.png"
                               originalFileName="images/en/send-time_opt_valentine_2.png"
                               fileReference="/content/dam/help/en/campaign/standard/send-time_opt_valentine_2.png"
                               imageRotate="0"
                               originalHeight=""
                               originalWidth=""
                               scaleOption="toTemplate"
                               status="legacy"/>
                  </step_par>
               </step_70_0>
               <step_71_0 jcr:primaryType="nt:unstructured" sling:resourceType="help/components/step">
                  <step_par jcr:primaryType="nt:unstructured"
                            sling:resourceType="help/components/procedure/step_parsys">
                     <text_158 jcr:primaryType="nt:unstructured"
                               sling:resourceType="help/components/article-3/text"
                               text="&lt;p&gt;Select the &#xA;&lt;span class=&#34;uicontrol&#34;&gt;Messages to be sent automatically on the date&lt;/span&gt;&#xA; option specified below. Then in the &#xA;&lt;span class=&#34;uicontrol&#34;&gt;Start sending from&lt;/span&gt;&#xA; field, set the contact date, in our case February 14th at 8:00 AM so that every recipient receives it on Valentine's Day.&lt;/p&gt;&#xA;"
                               textIsRich="true"/>
                     <image_37 jcr:primaryType="nt:unstructured"
                               sling:resourceType="help/components/article-3/image"
                               jcr:title=""
                               alt=""
                               captionBottom=""
                               fileName="send-time_opt_valentine.png"
                               originalFileName="images/en/send-time_opt_valentine.png"
                               fileReference="/content/dam/help/en/campaign/standard/send-time_opt_valentine.png"
                               imageRotate="0"
                               originalHeight=""
                               originalWidth=""
                               scaleOption="toTemplate"
                               status="legacy"/>
                  </step_par>
               </step_71_0>
               <step_72_0 jcr:primaryType="nt:unstructured" sling:resourceType="help/components/step">
                  <step_par jcr:primaryType="nt:unstructured"
                            sling:resourceType="help/components/procedure/step_parsys">
                     <text_159 jcr:primaryType="nt:unstructured"
                               sling:resourceType="help/components/article-3/text"
                               text="&lt;p&gt;In the &#xA;&lt;span class=&#34;uicontrol&#34;&gt;Time zone of the contact date&lt;/span&gt;&#xA; field, select at which time zone your delivery should be sent by default. &lt;/p&gt;&#xA;"
                               textIsRich="true"/>
                     <text_160 jcr:primaryType="nt:unstructured"
                               sling:resourceType="help/components/article-3/text"
                               text="&lt;p&gt;If a profile's &#xA;&lt;span class=&#34;uicontrol&#34;&gt;Time zone&lt;/span&gt;&#xA; is left as &#xA;&lt;span class=&#34;uicontrol&#34;&gt;Default&lt;/span&gt;&#xA;, the recipients will receive the delivery depending on the chosen time zone here.&lt;/p&gt;&#xA;"
                               textIsRich="true"/>
                  </step_par>
               </step_72_0>
               <step_73_0 jcr:primaryType="nt:unstructured" sling:resourceType="help/components/step">
                  <step_par jcr:primaryType="nt:unstructured"
                            sling:resourceType="help/components/procedure/step_parsys">
                     <text_161 jcr:primaryType="nt:unstructured"
                               sling:resourceType="help/components/article-3/text"
                               text="&lt;p&gt;From the &#xA;&lt;span class=&#34;uicontrol&#34;&gt;Optimize the sending time per recipient&lt;/span&gt;&#xA; drop-down menu, choose &#xA;&lt;span class=&#34;uicontrol&#34;&gt;Send at the recipient's time zone&lt;/span&gt;&#xA;. This allows recipients to receive the Valentine's day email on the 14 of February depending on their time zone.&lt;/p&gt;&#xA;"
                               textIsRich="true"/>
                     <image_38 jcr:primaryType="nt:unstructured"
                               sling:resourceType="help/components/article-3/image"
                               jcr:title=""
                               alt=""
                               captionBottom=""
                               fileName="send-time_opt_valentine_3.png"
                               originalFileName="images/en/send-time_opt_valentine_3.png"
                               fileReference="/content/dam/help/en/campaign/standard/send-time_opt_valentine_3.png"
                               imageRotate="0"
                               originalHeight=""
                               originalWidth=""
                               scaleOption="toTemplate"
                               status="legacy"/>
                  </step_par>
               </step_73_0>
               <step_74_0 jcr:primaryType="nt:unstructured" sling:resourceType="help/components/step">
                  <step_par jcr:primaryType="nt:unstructured"
                            sling:resourceType="help/components/procedure/step_parsys">
                     <text_162 jcr:primaryType="nt:unstructured"
                               sling:resourceType="help/components/article-3/text"
                               text="&lt;p&gt;After confirming your schedule for your delivery, click the &#xA;&lt;span class=&#34;uicontrol&#34;&gt;Prepare&lt;/span&gt;&#xA; button then &#xA;&lt;span class=&#34;uicontrol&#34;&gt;Confirm&lt;/span&gt;&#xA; your delivery.&lt;/p&gt;&#xA;"
                               textIsRich="true"/>
                     <text_163 jcr:primaryType="nt:unstructured"
                               sling:resourceType="help/components/article-3/text"
                               text="&lt;p&gt;Make sure to confirm the send at least 24 hours in advance. Otherwise, depending on their locations, some recipients might receive the delivery before the actual Valentine's day event.&lt;/p&gt;&#xA;"
                               textIsRich="true"/>
                     <image_39 jcr:primaryType="nt:unstructured"
                               sling:resourceType="help/components/article-3/image"
                               jcr:title=""
                               alt=""
                               captionBottom=""
                               fileName="send-time_opt_valentine_4.png"
                               originalFileName="images/en/send-time_opt_valentine_4.png"
                               fileReference="/content/dam/help/en/campaign/standard/send-time_opt_valentine_4.png"
                               imageRotate="0"
                               originalHeight=""
                               originalWidth=""
                               scaleOption="toTemplate"
                               status="legacy"/>
                  </step_par>
               </step_74_0>
            </proc_par>
         </procedure_7_10>
        <text_164 jcr:primaryType="nt:unstructured"
                   sling:resourceType="help/components/article-3/text"
                   text="&lt;p&gt;No matter where they are located, all recipients will receive the message on February 14th at 8:00 AM their local time.&lt;/p&gt;&#xA;"
                   textIsRich="true"/>        
      </main-pars>
      <hero jcr:primaryType="nt:unstructured"
            sling:resourceType="foundation/components/image"/>
      <thumbnail jcr:primaryType="nt:unstructured"
                 sling:resourceType="foundation/components/image"/>
      <publisherLogo jcr:primaryType="nt:unstructured"
                     sling:resourceType="foundation/components/image"/>
   </jcr:content>
</jcr:root>