<?xml version="1.0" encoding="UTF-8"?>
<jcr:root xmlns:nt="http://www.jcp.org/jcr/nt/1.0" xmlns:json="http://json.org/"
          xmlns:sling="http://sling.apache.org/jcr/sling/1.0"
          xmlns:cq="http://www.day.com/jcr/cq/1.0"
          xmlns:jcr="http://www.jcp.org/jcr/1.0"
          xmlns:mix="http://www.jcp.org/jcr/mix/1.0"
          jcr:primaryType="cq:Page">
   <jcr:content navTitle="Understanding quarantine management" jcr:primaryType="cq:PageContent"
                sling:resourceType="help/components/pages/article-3"
                heroGradient="light"
                jcr:language="en_us"
                cq:designPath="/etc/designs/help"
                cq:template="/apps/help/templates/article-3"
                jcr:mixinTypes="[mix:versionable]"
                jcr:title="Understanding quarantine management"
                jcr:description="Understanding quarantine management"
                seoDescription="Learn how to optimize your deliverability with quarantine management."
                primaryProductTag="[products:SG_CAMPAIGN/STANDARD]"
                cq:tags="[products:SG_CAMPAIGN/STANDARD,audience:sending,content_type:reference,topic_tags:monitoring-messages]"
                primaryAudienceTag="[audience:sending]"
                contentOwner="sauviat"
                isReadyForLocalization="true"
                publishExternalDate="2019-01-09">
      <main-pars jcr:primaryType="nt:unstructured"
                 sling:resourceType="foundation/components/parsys">
        
        
            
        
        
            
            <header_55 jcr:primaryType="nt:unstructured" sling:resourceType="help/components/header"
                    id="about-quarantines"
                    level="2"
                    text="&lt;p&gt;About quarantines&lt;/p&gt;&#xA;"
                    textIsRich="'true'"/>
            <text_473 jcr:primaryType="nt:unstructured"
                   sling:resourceType="help/components/article-3/text"
                   text="&lt;p&gt;An email address or a phone number can be quarantined, for example, when the mailbox is full or if the address does not exist.&lt;/p&gt;&#xA;"
                   textIsRich="true"/>
            <text_474 jcr:primaryType="nt:unstructured"
                   sling:resourceType="help/components/article-3/text"
                   text="&lt;p&gt;In any case, the quarantine procedure complies with specific rules described in this &#xA;&#x9;&#x9;&#x9;&#x9;&#x9;&#x9;&#x9;&#x9;&#x9;&#x9;&#x9;&#xA;&#x9;&#x9;&#x9;&#x9;&#x9;&#x9;&#x9;&lt;a href=&#34;/content/help/en/campaign/standard/sending/using/understanding-quarantine-management.html#conditions-for-sending-an-address-to-quarantine&#34;&gt;section&lt;/a&gt;.&lt;/p&gt;&#xA;"
                   textIsRich="true"/>
            
                <header_56 jcr:primaryType="nt:unstructured" sling:resourceType="help/components/header"
                    id="optimizing-your-delivery-through-quarantines"
                    level="3"
                    text="&lt;p&gt;Optimizing your delivery through quarantines&lt;/p&gt;&#xA;"
                    textIsRich="'true'"/>
                <text_475 jcr:primaryType="nt:unstructured"
                   sling:resourceType="help/components/article-3/text"
                   text="&lt;p&gt;The profiles whose email addresses or phone number are in quarantine are automatically excluded during message preparation (see &#xA;&#x9;&#x9;&#x9;&#x9;&#x9;&#xA;&lt;a href=&#34;/content/help/en/campaign/standard/sending/using/understanding-quarantine-management.html#identifying-quarantined-addresses-for-a-delivery&#34; target=&#34;_blank&#34;&gt;Identifying quarantined addresses for a delivery&lt;/a&gt;). This will speed up deliveries, as the error rate has a significant effect on delivery speed.&lt;/p&gt;&#xA;"
                   textIsRich="true"/>
                <text_476 jcr:primaryType="nt:unstructured"
                   sling:resourceType="help/components/article-3/text"
                   text="&lt;p&gt;Some internet access providers automatically consider emails to be spam if the rate of invalid addresses is too high. Quarantine therefore allows you to avoid blacklisting by these providers.&lt;/p&gt;&#xA;"
                   textIsRich="true"/>
                <text_477 jcr:primaryType="nt:unstructured"
                   sling:resourceType="help/components/article-3/text"
                   text="&lt;p&gt;Moreover, quarantines help reducing SMS sending costs by excluding erroneous phone numbers from deliveries.&lt;/p&gt;&#xA;"
                   textIsRich="true"/>
                <text_478 jcr:primaryType="nt:unstructured"
                   sling:resourceType="help/components/article-3/text"
                   text="&lt;p&gt;For more on best practices to secure and optimize your deliveries, refer to &#xA;&lt;a href=&#34;https://docs.campaign.adobe.com/doc/standard/getting_started/en/ACS_DeliveryBestPractices.html&#34;&gt;this page&lt;/a&gt;.&lt;/p&gt;&#xA;"
                   textIsRich="true"/>
            
            
                <header_57 jcr:primaryType="nt:unstructured" sling:resourceType="help/components/header"
                    id="quarantine-vs-blacklisting"
                    level="3"
                    text="&lt;p&gt;Quarantine vs blacklisting&lt;/p&gt;&#xA;"
                    textIsRich="'true'"/>
                <text_479 jcr:primaryType="nt:unstructured"
                   sling:resourceType="help/components/article-3/text"
                   text="&lt;p&gt;&lt;strong&gt;Quarantine&lt;/strong&gt; applies only to an address, not the profile itself. It means that, if two profiles have the same email address, they will both be affected if the address is quarantined. &lt;/p&gt;&#xA;"
                   textIsRich="true"/>
                <text_480 jcr:primaryType="nt:unstructured"
                   sling:resourceType="help/components/article-3/text"
                   text="&lt;p&gt;Likewise, a profile whose email address is quarantined could update his profile and enter a new address, and could then be targeted by delivery actions again.&lt;/p&gt;&#xA;"
                   textIsRich="true"/>
                <text_481 jcr:primaryType="nt:unstructured"
                   sling:resourceType="help/components/article-3/text"
                   text="&lt;p&gt;&lt;strong&gt;Blacklisting&lt;/strong&gt;, on the other hand, will result in the profile no longer being targeted by any delivery, for example after an unsubscription (opt-out). For more on the blacklisting process, refer to &#xA;&#x9;&#x9;&#x9;&#x9;&#x9;&#x9;&#x9;&#x9;&#x9;&#x9;&#x9;&#xA;&#x9;&#x9;&#x9;&#x9;&#x9;&#x9;&#x9;&lt;a href=&#34;/content/help/en/campaign/standard/audiences/using/about-opt-in-and-opt-out-in-campaign.html&#34;&gt;Managing blacklisting in Campaign&lt;/a&gt;.&lt;/p&gt;&#xA;"
                   textIsRich="true"/>
                <note_16 jcr:primaryType="nt:unstructured"
                  sling:resourceType="help/components/article-3/note"
                  text="&lt;p&gt;&#xA;                    When a user replies to an SMS message with a keyword such as &#34;STOP&#34; in order to opt-out from SMS deliveries, his profile is not blacklisted like in the email opt-out process. The profile phone number is sent to quarantine with the &#xA;&lt;span class=&#34;uicontrol&#34;&gt;Blacklisted&lt;/span&gt;&#xA; status. This status refers to the phone number only, the profile is not blacklisted so that the user continues receiving email messages.&#xA;                    For more on this, refer to &#xA;&#x9;&#x9;&#x9;&#x9;&#x9;&#x9;&#x9;&#x9;&#x9;&#x9;&#x9;&#xA;&#x9;&#x9;&#x9;&#x9;&#x9;&#x9;&#x9;&lt;a href=&#34;/content/help/en/campaign/standard/channels/using/managing-incoming-sms.html#managing-stop-sms&#34;&gt;this section&lt;/a&gt;.&#xA;                &lt;/p&gt;&#xA;"
                  textIsRich="true"
                  type="note"/>
            
        
        
            <header_58 jcr:primaryType="nt:unstructured" sling:resourceType="help/components/header"
                    id="identifying-quarantined-addresses"
                    level="2"
                    text="&lt;p&gt;Identifying quarantined addresses&lt;/p&gt;&#xA;"
                    textIsRich="'true'"/>
            <text_484 jcr:primaryType="nt:unstructured"
                   sling:resourceType="help/components/article-3/text"
                   text="&lt;p&gt;Quarantined addresses can be listed for a specific delivery or for the entire platform.&lt;/p&gt;&#xA;"
                   textIsRich="true"/>
            <note_17 jcr:primaryType="nt:unstructured"
                  sling:resourceType="help/components/article-3/note"
                  text="&lt;p&gt;&#xA;                If you need to remove an address from quarantine, contact your technical administrator.&#xA;            &lt;/p&gt;&#xA;"
                  textIsRich="true"
                  type="note"/>
            
                <header_59 jcr:primaryType="nt:unstructured" sling:resourceType="help/components/header"
                    id="identifying-quarantined-addresses-for-a-delivery"
                    level="3"
                    text="&lt;p&gt;Identifying quarantined addresses for a delivery&lt;/p&gt;&#xA;"
                    textIsRich="'true'"/>
                <text_486 jcr:primaryType="nt:unstructured"
                   sling:resourceType="help/components/article-3/text"
                   text="&lt;p&gt;Quarantined addresses for a specific delivery are listed during the delivery preparation phase, in the &#xA;&lt;span class=&#34;uicontrol&#34;&gt;Exclusion logs&lt;/span&gt;&#xA; tab of the delivery dashboard (see &#xA;&#x9;&#x9;&#x9;&#x9;&#x9;&#x9;&#x9;&#x9;&#x9;&#x9;&#x9;&#xA;&#x9;&#x9;&#x9;&#x9;&#x9;&#x9;&#x9;&lt;a href=&#34;/content/help/en/campaign/standard/sending/using/monitoring-a-delivery.html#exclusion-logs&#34;&gt;this section&lt;/a&gt;). For more on delivery preparation, refer to &#xA;&#x9;&#x9;&#x9;&#x9;&#x9;&#x9;&#x9;&#x9;&#x9;&#x9;&#x9;&#xA;&#x9;&#x9;&#x9;&#x9;&#x9;&#x9;&#x9;&lt;a href=&#34;/content/help/en/campaign/standard/sending/using/preparing-the-send.html&#34;&gt;this section&lt;/a&gt;.&lt;/p&gt;&#xA;"
                   textIsRich="true"/>
                <image_81 jcr:primaryType="nt:unstructured"
                   sling:resourceType="help/components/article-3/image"
                   jcr:title=""
                   alt=""
                   captionBottom=""
                   fileName="exclusion_logs.png"
                   originalFileName="images/en/exclusion_logs.png"
                   fileReference="/content/dam/help/en/campaign/standard/exclusion_logs.png"
                   imageRotate="0"
                   originalHeight=""
                   originalWidth=""
                   scaleOption="toTemplate"
                   status="legacy"/>
            
            
                <header_60 jcr:primaryType="nt:unstructured" sling:resourceType="help/components/header"
                    id="identifying-quarantined-addresses-for-the-entire-platform"
                    level="3"
                    text="&lt;p&gt;Identifying quarantined addresses for the entire platform&lt;/p&gt;&#xA;"
                    textIsRich="'true'"/>
                <text_487 jcr:primaryType="nt:unstructured"
                   sling:resourceType="help/components/article-3/text"
                   text="&lt;p&gt;Administrators can list the addresses in quarantine for the entire platform from the &#xA;&lt;span class=&#34;uicontrol&#34;&gt;Administration &gt; Channels &gt; Quarantines &gt; Addresses&lt;/span&gt;&#xA; menu.&lt;/p&gt;&#xA;"
                   textIsRich="true"/>
                <note_18 jcr:primaryType="nt:unstructured"
                  sling:resourceType="help/components/article-3/note"
                  text="&lt;p&gt;&#xA;                    This menu lists quarantined elements for &lt;strong&gt;email&lt;/strong&gt;, &lt;strong&gt;SMS&lt;/strong&gt; and &lt;strong&gt;Push notification&lt;/strong&gt; channels. &#xA;                &lt;/p&gt;&#xA;"
                  textIsRich="true"
                  type="note"/>
                <image_82 jcr:primaryType="nt:unstructured"
                   sling:resourceType="help/components/article-3/image"
                   jcr:title=""
                   alt=""
                   captionBottom=""
                   fileName="quarantines1.png"
                   originalFileName="images/en/quarantines1.png"
                   fileReference="/content/dam/help/en/campaign/standard/quarantines1.png"
                   imageRotate="0"
                   originalHeight=""
                   originalWidth=""
                   scaleOption="toTemplate"
                   status="legacy"/>
                <note_19 jcr:primaryType="nt:unstructured"
                  sling:resourceType="help/components/article-3/note"
                  text="&lt;p&gt;&#xA;                    The increase in number of quarantines is a normal effect, related to the &#34;wear and tear&#34; of the database. &#xA;                    For example, if the lifetime of an email address is considered to be three years and the recipient table increases by 50% each year, the increase in quarantines can be calculated as follows:&#xA;                    End of Year 1: (1*0.33)/(1+0.5)=22%.&#xA;                    End of Year 2: ((1.22*0.33)+0.33)/(1.5+0.75)=32.5%.&#xA;                &lt;/p&gt;&#xA;"
                  textIsRich="true"
                  type="note"/>
                
            
        
        
            <header_61 jcr:primaryType="nt:unstructured" sling:resourceType="help/components/header"
                    id="conditions-for-sending-an-address-to-quarantine"
                    level="2"
                    text="&lt;p&gt;Conditions for sending an address to quarantine&lt;/p&gt;&#xA;"
                    textIsRich="'true'"/>
            <text_493 jcr:primaryType="nt:unstructured"
                   sling:resourceType="help/components/article-3/text"
                   text="&lt;p&gt;Adobe Campaign manages quarantine according to the delivery failure type and the reason assigned during error messages qualification (see &#xA;&#x9;&#x9;&#x9;&#x9;&#x9;&#xA;&lt;a href=&#34;/content/help/en/campaign/standard/sending/using/understanding-delivery-failures.html#delivery-failure-types-and-reasons&#34; target=&#34;_blank&#34;&gt;Delivery failure types and reasons&lt;/a&gt; and &#xA;&#x9;&#x9;&#x9;&#x9;&#x9;&#xA;&lt;a href=&#34;/content/help/en/campaign/standard/sending/using/understanding-delivery-failures.html#bounce-mail-qualification&#34; target=&#34;_blank&#34;&gt;Bounce mail qualification&lt;/a&gt;).&lt;/p&gt;&#xA;"
                   textIsRich="true"/>
            <procedure_40 jcr:primaryType="nt:unstructured"
                       sling:resourceType="help/components/procedure"
                       isBulleted="true">
            <proc_par jcr:primaryType="nt:unstructured"
                      sling:resourceType="help/components/procedure/proc_parsys">
                <step_239_40 jcr:primaryType="nt:unstructured" sling:resourceType="help/components/step">
                  <step_par jcr:primaryType="nt:unstructured"
                            sling:resourceType="help/components/procedure/step_parsys">
                    <text_494 jcr:primaryType="nt:unstructured"
                               sling:resourceType="help/components/article-3/text"
                               text="&lt;p&gt;&lt;strong&gt;Ignored error&lt;/strong&gt;: ignored errors do not send an address to quarantine.&lt;/p&gt;&#xA;"
                               textIsRich="true"/>
                  </step_par>
               </step_239_40>
                <step_240_40 jcr:primaryType="nt:unstructured" sling:resourceType="help/components/step">
                  <step_par jcr:primaryType="nt:unstructured"
                            sling:resourceType="help/components/procedure/step_parsys">
                    <text_495 jcr:primaryType="nt:unstructured"
                               sling:resourceType="help/components/article-3/text"
                               text="&lt;p&gt;&lt;strong&gt;Hard error&lt;/strong&gt;: the corresponding email address is immediately sent to quarantine. &lt;/p&gt;&#xA;"
                               textIsRich="true"/>
                  </step_par>
               </step_240_40>
                <step_241_40 jcr:primaryType="nt:unstructured" sling:resourceType="help/components/step">
                  <step_par jcr:primaryType="nt:unstructured"
                            sling:resourceType="help/components/procedure/step_parsys">
                    <text_496 jcr:primaryType="nt:unstructured"
                               sling:resourceType="help/components/article-3/text"
                               text="&lt;p&gt;&lt;strong&gt;Soft error&lt;/strong&gt;: soft errors do not send immediately an address to quarantine, but they increment an error counter. When the error counter reaches the limit threshold, the address goes into quarantine. In the default configuration, the threshold is set at five errors, where two errors are significant if they occur at least 24 hours apart. The address is placed in quarantine at the sixth error. The error counter threshold can be modified. For more on this, refer to this &#xA;&#x9;&#x9;&#x9;&#x9;&#x9;&#x9;&#x9;&#x9;&#x9;&#x9;&#x9;&#xA;&#x9;&#x9;&#x9;&#x9;&#x9;&#x9;&#x9;&lt;a href=&#34;/content/help/en/campaign/standard/administration/using/configuring-email-channel.html#configuring-the-email-channel&#34;&gt;page&lt;/a&gt;.&lt;/p&gt;&#xA;"
                               textIsRich="true"/>
                    <text_497 jcr:primaryType="nt:unstructured"
                               sling:resourceType="help/components/article-3/text"
                               text="&lt;p&gt;When a delivery is successful after a retry, the error counter of the address which was prior to that quarantined is reinitialized. The address status changes to &#xA;&lt;span class=&#34;uicontrol&#34;&gt;Valid&lt;/span&gt;&#xA; and it is deleted from the list of quarantines after two days by the &#xA;&lt;span class=&#34;uicontrol&#34;&gt;Database cleanup&lt;/span&gt;&#xA; workflow.&lt;/p&gt;&#xA;"
                               textIsRich="true"/>
                  </step_par>
               </step_241_40>
            </proc_par>
         </procedure_40>
            <text_498 jcr:primaryType="nt:unstructured"
                   sling:resourceType="help/components/article-3/text"
                   text="&lt;p&gt;If a user qualifies an email as a spam (&lt;strong&gt;Feedback loop&lt;/strong&gt;), the message is automatically redirected towards a technical mailbox managed by Campaign. The user's email address is then automatically sent to quarantine with the &#xA;&lt;span class=&#34;uicontrol&#34;&gt;Blacklisted&lt;/span&gt;&#xA; status. This status refers to the address only, the profile is not blacklisted, so that the user continues receiving SMS messages and push notifications. &lt;/p&gt;&#xA;"
                   textIsRich="true"/>
            <text_499 jcr:primaryType="nt:unstructured"
                   sling:resourceType="help/components/article-3/text"
                   text="&lt;p&gt;In the list of quarantined addresses (see &#xA;&#x9;&#x9;&#x9;&#x9;&#x9;&#xA;&lt;a href=&#34;/content/help/en/campaign/standard/sending/using/understanding-quarantine-management.html#identifying-quarantined-addresses-for-the-entire-platform&#34; target=&#34;_blank&#34;&gt;Identifying quarantined addresses for the entire platform&lt;/a&gt;), the &#xA;&lt;span class=&#34;uicontrol&#34;&gt;Error reason&lt;/span&gt;&#xA; field indicates why the selected address was placed in quarantine.&lt;/p&gt;&#xA;"
                   textIsRich="true"/>
            <image_83 jcr:primaryType="nt:unstructured"
                   sling:resourceType="help/components/article-3/image"
                   jcr:title=""
                   alt=""
                   captionBottom=""
                   fileName="quarantines2.png"
                   originalFileName="images/en/quarantines2.png"
                   fileReference="/content/dam/help/en/campaign/standard/quarantines2.png"
                   imageRotate="0"
                   originalHeight=""
                   originalWidth=""
                   scaleOption="toTemplate"
                   status="legacy"/>
        
      </main-pars>
      <hero jcr:primaryType="nt:unstructured"
            sling:resourceType="foundation/components/image"/>
      <thumbnail jcr:primaryType="nt:unstructured"
                 sling:resourceType="foundation/components/image"/>
      <publisherLogo jcr:primaryType="nt:unstructured"
                     sling:resourceType="foundation/components/image"/>
   </jcr:content>
</jcr:root>