<?xml version="1.0" encoding="UTF-8"?>
<jcr:root xmlns:nt="http://www.jcp.org/jcr/nt/1.0" xmlns:json="http://json.org/"
          xmlns:sling="http://sling.apache.org/jcr/sling/1.0"
          xmlns:cq="http://www.day.com/jcr/cq/1.0"
          xmlns:jcr="http://www.jcp.org/jcr/1.0"
          xmlns:mix="http://www.jcp.org/jcr/mix/1.0"
          jcr:primaryType="cq:Page">
   <jcr:content navTitle="Step 5: Update the database structure"
                jcr:primaryType="cq:PageContent"
                sling:resourceType="help/components/pages/article-3"
                heroGradient="light"
                jcr:language="en_us"
                cq:designPath="/etc/designs/help"
                cq:template="/apps/help/templates/article-3"
                jcr:mixinTypes="[mix:versionable]"
                jcr:title="Step 5: Update the database structure"
                jcr:description="Step 5: Update the database structure"
                seoDescription="Discover how to update the Adobe Campaign database."
                primaryProductTag="[products:SG_CAMPAIGN/STANDARD]"
                cq:tags="[products:SG_CAMPAIGN/STANDARD,audience:developing,content_type:reference,topic_tags:adding-or-extending-a-resource]"
                primaryAudienceTag="[audience:developing]"
                contentOwner="sauviat"
                isReadyForLocalization="true"
                publishExternalDate="2018-09-04">
      <main-pars jcr:primaryType="nt:unstructured"
                 sling:resourceType="foundation/components/parsys">
        
        
      
         <text_172 jcr:primaryType="nt:unstructured"
                   sling:resourceType="help/components/article-3/text"
                   text="&lt;p&gt;To make your modifications to the data model effective and to be able to use them, the database structure needs to be updated.&lt;/p&gt;&#xA;"
                   textIsRich="true"/>
        <note_7 jcr:primaryType="nt:unstructured"
                 sling:resourceType="help/components/article-3/note"
                 text="&lt;p&gt;&#xA;          Custom resources are automatically refreshed during automatic updates performed by Adobe.&#xA;        &lt;/p&gt;&#xA;"
                 textIsRich="true"
                 type="note"/>
        
          <header_21 jcr:primaryType="nt:unstructured" sling:resourceType="help/components/header"
                    id="publishing-a-custom-resource"
                    level="2"
                    text="&lt;p&gt;Publishing a custom resource&lt;/p&gt;&#xA;"
                    textIsRich="'true'"/>
          <text_174 jcr:primaryType="nt:unstructured"
                   sling:resourceType="help/components/article-3/text"
                   text="&lt;p&gt;To apply the changes carried out on the resources, you must perform a database update.&lt;/p&gt;&#xA;"
                   textIsRich="true"/>
            <note_8 jcr:primaryType="nt:unstructured"
                 sling:resourceType="help/components/article-3/note"
                 text="&lt;p&gt;&#xA;                If a field of a custom resource used on an event is modified or deleted, the corresponding event will automatically be unpublished. See &#xA;&#x9;&#x9;&#x9;&#x9;&#x9;&#x9;&#x9;&#x9;&#x9;&#x9;&#x9;&#xA;&#x9;&#x9;&#x9;&#x9;&#x9;&#x9;&#x9;&lt;a href=&#34;/content/help/en/campaign/standard/administration/using/configuring-transactional-messaging.html&#34;&gt;Configuring Transactional messaging&lt;/a&gt;.&#xA;            &lt;/p&gt;&#xA;"
                 textIsRich="true"
                 type="note"/>
          <procedure_10_10 jcr:primaryType="nt:unstructured"
                          sling:resourceType="help/components/procedure">
            <proc_par jcr:primaryType="nt:unstructured"
                      sling:resourceType="help/components/procedure/proc_parsys">
               <step_77_0 jcr:primaryType="nt:unstructured" sling:resourceType="help/components/step">
                  <step_par jcr:primaryType="nt:unstructured"
                            sling:resourceType="help/components/procedure/step_parsys">
                     <text_176 jcr:primaryType="nt:unstructured"
                               sling:resourceType="help/components/article-3/text"
                               text="&lt;p&gt;From the advanced menu, via the Adobe Campaign logo, select &lt;strong&gt;Administration&lt;/strong&gt; &gt; &lt;strong&gt;Development&lt;/strong&gt;, then &lt;strong&gt;Publication&lt;/strong&gt;.&lt;/p&gt;&#xA;"
                               textIsRich="true"/>
                     <image_32 jcr:primaryType="nt:unstructured"
                               sling:resourceType="help/components/article-3/image"
                               jcr:title=""
                               alt=""
                               captionBottom=""
                               fileName="schema_extension_12.png"
                               originalFileName="images/en/schema_extension_12.png"
                               fileReference="/content/dam/help/en/campaign/standard/schema_extension_12.png"
                               imageRotate="0"
                               originalHeight=""
                               originalWidth=""
                               scaleOption="toTemplate"
                               status="legacy"/>
                  </step_par>
               </step_77_0>
               <step_78_0 jcr:primaryType="nt:unstructured" sling:resourceType="help/components/step">
                  <step_par jcr:primaryType="nt:unstructured"
                            sling:resourceType="help/components/procedure/step_parsys">
                     <text_177 jcr:primaryType="nt:unstructured"
                               sling:resourceType="help/components/article-3/text"
                               text="&lt;p&gt;By default, the option &lt;strong&gt;Determine modifications since the last publication&lt;/strong&gt; is checked, which means that only the changes carried out since the last update will be applied.&lt;/p&gt;&#xA;"
                               textIsRich="true"/>
                     <note_9 jcr:primaryType="nt:unstructured"
                             sling:resourceType="help/components/article-3/note"
                             text="&lt;p&gt;&#xA;                The &lt;strong&gt;Repair database structure&lt;/strong&gt; reestablishes a correct configuration if the publication failed before completing. Any modification that was carried out directly in the database and not using custom resources will be deleted.&#xA;              &lt;/p&gt;&#xA;"
                             textIsRich="true"
                             type="note"/>
                  </step_par>
               </step_78_0>
               <step_79_0 jcr:primaryType="nt:unstructured" sling:resourceType="help/components/step">
                  <step_par jcr:primaryType="nt:unstructured"
                            sling:resourceType="help/components/procedure/step_parsys">
                     <text_179 jcr:primaryType="nt:unstructured"
                               sling:resourceType="help/components/article-3/text"
                               text="&lt;p&gt;Click the &lt;strong&gt;Prepare publication&lt;/strong&gt; button to start the analysis.&lt;/p&gt;&#xA;"
                               textIsRich="true"/>
                     <image_33 jcr:primaryType="nt:unstructured"
                               sling:resourceType="help/components/article-3/image"
                               jcr:title=""
                               alt=""
                               captionBottom=""
                               fileName="schema_extension_13.png"
                               originalFileName="images/en/schema_extension_13.png"
                               fileReference="/content/dam/help/en/campaign/standard/schema_extension_13.png"
                               imageRotate="0"
                               originalHeight=""
                               originalWidth=""
                               scaleOption="toTemplate"
                               status="legacy"/>
                  </step_par>
               </step_79_0>
               <step_80_0 jcr:primaryType="nt:unstructured" sling:resourceType="help/components/step">
                  <step_par jcr:primaryType="nt:unstructured"
                            sling:resourceType="help/components/procedure/step_parsys">
                     <text_180 jcr:primaryType="nt:unstructured"
                               sling:resourceType="help/components/article-3/text"
                               text="&lt;p&gt;Once the publication has been carried out, click the &lt;strong&gt;Publish&lt;/strong&gt; button to apply your new configurations.&lt;/p&gt;&#xA;"
                               textIsRich="true"/>
                  </step_par>
               </step_80_0>
               <step_81_0 jcr:primaryType="nt:unstructured" sling:resourceType="help/components/step">
                  <step_par jcr:primaryType="nt:unstructured"
                            sling:resourceType="help/components/procedure/step_parsys">
                     <text_181 jcr:primaryType="nt:unstructured"
                               sling:resourceType="help/components/article-3/text"
                               text="&lt;p&gt;Once published, the &lt;strong&gt;Summary&lt;/strong&gt; pane of each resource indicates that the status is now &lt;strong&gt;Published&lt;/strong&gt; and specifies the date of the last publication.&lt;/p&gt;&#xA;"
                               textIsRich="true"/>
                     <note_10 jcr:primaryType="nt:unstructured"
                              sling:resourceType="help/components/article-3/note"
                              text="&lt;p&gt;&#xA;                If you make new changes to a resource, you must repeat this operation for the changes to be applied.&#xA;              &lt;/p&gt;&#xA;"
                              textIsRich="true"
                              type="note"/>
                     <text_183 jcr:primaryType="nt:unstructured"
                               sling:resourceType="help/components/article-3/text"
                               text="&lt;p&gt;If resources have the &lt;strong&gt;Pending re-draft&lt;/strong&gt; status before publishing, then an additional message will appear inviting you to check your actions because publishing will result in definitive changes (deleting columns, tables...). To help you carry out this last change, an &lt;strong&gt;SQL Script&lt;/strong&gt; tab is available. It provides the SQL command that will be executed during the publication. &lt;/p&gt;&#xA;"
                               textIsRich="true"/>
                     <image_34 jcr:primaryType="nt:unstructured"
                               sling:resourceType="help/components/article-3/image"
                               jcr:title=""
                               alt=""
                               captionBottom=""
                               fileName="schema_extension_scriptSQL.png"
                               originalFileName="images/en/schema_extension_scriptSQL.png"
                               fileReference="/content/dam/help/en/campaign/standard/schema_extension_scriptSQL.png"
                               imageRotate="0"
                               originalHeight=""
                               originalWidth=""
                               scaleOption="toTemplate"
                               status="legacy"/>
                     <note_11 jcr:primaryType="nt:unstructured"
                              sling:resourceType="help/components/article-3/note"
                              text="&lt;p&gt;&#xA;                You can stop the Re-draft process by clicking the &lt;strong&gt;Cancel re-draft&lt;/strong&gt; button. This action will revert the resource's status back to its original one.&#xA;              &lt;/p&gt;&#xA;"
                              textIsRich="true"
                              type="note"/>
                  </step_par>
               </step_81_0>
            </proc_par>
         </procedure_10_10>
        
        
          <header_22 jcr:primaryType="nt:unstructured" sling:resourceType="help/components/header"
                    id="publishing-a-resource-with-api-extension"
                    level="2"
                    text="&lt;p&gt;Publishing a resource with API extension&lt;/p&gt;&#xA;"
                    textIsRich="'true'"/>
          <text_185 jcr:primaryType="nt:unstructured"
                   sling:resourceType="help/components/article-3/text"
                   text="&lt;p&gt;When you extend the custom resources &lt;strong&gt;Profiles&lt;/strong&gt; or &lt;strong&gt;Services&lt;/strong&gt;, you can perform an update of the Profiles and Services API to integrate the fields declared in the custom resources extension.&lt;/p&gt;&#xA;"
                   textIsRich="true"/>
          <text_186 jcr:primaryType="nt:unstructured"
                   sling:resourceType="help/components/article-3/text"
                   text="&lt;p&gt;When you define a custom resource and you create a link between the resources Profiles or Services and the custom resource, you can perform an update to include the new resource in the API.&lt;/p&gt;&#xA;"
                   textIsRich="true"/>
          <text_187 jcr:primaryType="nt:unstructured"
                   sling:resourceType="help/components/article-3/text"
                   text="&lt;p&gt;This option is available in the publication screen.&lt;/p&gt;&#xA;"
                   textIsRich="true"/>
          <image_35 jcr:primaryType="nt:unstructured"
                   sling:resourceType="help/components/article-3/image"
                   jcr:title=""
                   alt=""
                   captionBottom=""
                   fileName="extendPandSAPI.png"
                   originalFileName="images/en/extendPandSAPI.png"
                   fileReference="/content/dam/help/en/campaign/standard/extendPandSAPI.png"
                   imageRotate="0"
                   originalHeight=""
                   originalWidth=""
                   scaleOption="toTemplate"
                   status="legacy"/>
          <note_12 jcr:primaryType="nt:unstructured"
                  sling:resourceType="help/components/article-3/note"
                  text="&lt;p&gt;&#xA;            By default, the custom resource is integrated, but, for a specific behavior, if you don't want to publish this resource, you can select the option &lt;strong&gt;Hide this resource from APIs&lt;/strong&gt; available in the &lt;strong&gt;Resource Properties&lt;/strong&gt;.&#xA;            &#xA;          &lt;/p&gt;&#xA;"
                  textIsRich="true"
                  type="note"/>
          <text_189 jcr:primaryType="nt:unstructured"
                   sling:resourceType="help/components/article-3/text"
                   text="&lt;p&gt;After the &lt;strong&gt;Prepare Publication&lt;/strong&gt; step, Adobe Campaign displays the delta between the current version of the API and the future version after the publication in the tab &lt;strong&gt;Profiles &amp; Services API Preview&lt;/strong&gt;. If you extend the API for the first time, the delta compares the out-of-the-box custom resource definition with your extension.&lt;/p&gt;&#xA;"
                   textIsRich="true"/>
          <text_190 jcr:primaryType="nt:unstructured"
                   sling:resourceType="help/components/article-3/text"
                   text="&lt;p&gt;The information displayed in the tab is divided into three sections: added, deleted and modified elements.&lt;/p&gt;&#xA;"
                   textIsRich="true"/>
          <image_37 jcr:primaryType="nt:unstructured"
                   sling:resourceType="help/components/article-3/image"
                   jcr:title=""
                   alt=""
                   captionBottom=""
                   fileName="extendPandSAPI_diff.png"
                   originalFileName="images/en/extendPandSAPI_diff.png"
                   fileReference="/content/dam/help/en/campaign/standard/extendPandSAPI_diff.png"
                   imageRotate="0"
                   originalHeight=""
                   originalWidth=""
                   scaleOption="toTemplate"
                   status="legacy"/>
          
          <text_191 jcr:primaryType="nt:unstructured"
                   sling:resourceType="help/components/article-3/text"
                   text="&lt;p&gt;The analysis of the delta is a mandatory step as the publication step will modify the API behavior and will most likely affect the surrounding development in a domino effect.&lt;/p&gt;&#xA;"
                   textIsRich="true"/>
          <note_13 jcr:primaryType="nt:unstructured"
                  sling:resourceType="help/components/article-3/note"
                  text="&lt;p&gt;&#xA;            This publication updates the &lt;strong&gt;profilesAndServicesExt&lt;/strong&gt; API. The &lt;strong&gt;profilesAndSedrvices&lt;/strong&gt; API is not updated.&#xA;          &lt;/p&gt;&#xA;"
                  textIsRich="true"
                  type="note"/>
          <text_193 jcr:primaryType="nt:unstructured"
                   sling:resourceType="help/components/article-3/text"
                   text="&lt;p&gt;For more information on the Adobe Campaign API, consult the dedicated Adobe Campaign documentation on &#xA;&lt;a href=&#34;https://docs.campaign.adobe.com/doc/standard/en/adobeio.html&#34;&gt;Adobe IO&lt;/a&gt;.&lt;/p&gt;&#xA;"
                   textIsRich="true"/>
          
        
      
      </main-pars>
      <hero jcr:primaryType="nt:unstructured"
            sling:resourceType="foundation/components/image"/>
      <thumbnail jcr:primaryType="nt:unstructured"
                 sling:resourceType="foundation/components/image"/>
      <publisherLogo jcr:primaryType="nt:unstructured"
                     sling:resourceType="foundation/components/image"/>
   </jcr:content>
</jcr:root>