<?xml version="1.0" encoding="UTF-8"?>
<jcr:root xmlns:nt="http://www.jcp.org/jcr/nt/1.0" xmlns:json="http://json.org/"
          xmlns:sling="http://sling.apache.org/jcr/sling/1.0"
          xmlns:cq="http://www.day.com/jcr/cq/1.0"
          xmlns:jcr="http://www.jcp.org/jcr/1.0"
          xmlns:mix="http://www.jcp.org/jcr/mix/1.0"
          jcr:primaryType="cq:Page">
   <jcr:content navTitle="Step 2: Publish the extension" jcr:primaryType="cq:PageContent"
                sling:resourceType="help/components/pages/article-3"
                heroGradient="light"
                jcr:language="en_us"
                cq:designPath="/etc/designs/help"
                cq:template="/apps/help/templates/article-3"
                jcr:mixinTypes="[mix:versionable]"
                jcr:title="Step 2: Publish the extension"
                jcr:description="Step 2: Publish the extension"
                seoDescription=""
                primaryProductTag="[products:SG_CAMPAIGN/STANDARD]"
                cq:tags="[products:SG_CAMPAIGN/STANDARD,audience:developing,content_type:reference,topic_tags:use-case--extending-the-api]"
                primaryAudienceTag="[audience:developing]"
                contentOwner="sauviat"
                isReadyForLocalization="true"
                publishExternalDate="2018-09-04">
      <main-pars jcr:primaryType="nt:unstructured"
                 sling:resourceType="foundation/components/parsys">
      
         <procedure_15_10 jcr:primaryType="nt:unstructured"
                          sling:resourceType="help/components/procedure">
            <proc_par jcr:primaryType="nt:unstructured"
                      sling:resourceType="help/components/procedure/proc_parsys">
               <step_111_0 jcr:primaryType="nt:unstructured" sling:resourceType="help/components/step">
                  <step_par jcr:primaryType="nt:unstructured"
                            sling:resourceType="help/components/procedure/step_parsys">
                     <text_241 jcr:primaryType="nt:unstructured"
                               sling:resourceType="help/components/article-3/text"
                               text="&lt;p&gt;From the advanced menu, via the Adobe Campaign logo, select &lt;strong&gt;Administration&lt;/strong&gt; &gt; &lt;strong&gt;Development&lt;/strong&gt;, then &lt;strong&gt;Publication&lt;/strong&gt;.&lt;/p&gt;&#xA;"
                               textIsRich="true"/>
                  </step_par>
               </step_111_0>
               <step_112_0 jcr:primaryType="nt:unstructured" sling:resourceType="help/components/step">
                  <step_par jcr:primaryType="nt:unstructured"
                            sling:resourceType="help/components/procedure/step_parsys">
                     <text_242 jcr:primaryType="nt:unstructured"
                               sling:resourceType="help/components/article-3/text"
                               text="&lt;p&gt;Click on the &lt;strong&gt;Prepare Publication&lt;/strong&gt; button.&lt;/p&gt;&#xA;"
                               textIsRich="true"/>
                  </step_par>
               </step_112_0>
               <step_113_0 jcr:primaryType="nt:unstructured" sling:resourceType="help/components/step">
                  <step_par jcr:primaryType="nt:unstructured"
                            sling:resourceType="help/components/procedure/step_parsys">
                     <text_243 jcr:primaryType="nt:unstructured"
                               sling:resourceType="help/components/article-3/text"
                               text="&lt;p&gt;Select the &lt;strong&gt;Update the Profiles &amp; Services API&lt;/strong&gt; option.&lt;/p&gt;&#xA;"
                               textIsRich="true"/>
                     <image_40 jcr:primaryType="nt:unstructured"
                               sling:resourceType="help/components/article-3/image"
                               jcr:title=""
                               alt=""
                               captionBottom=""
                               fileName="extendPandSAPI.png"
                               originalFileName="images/en/extendPandSAPI.png"
                               fileReference="/content/dam/help/en/campaign/standard/extendPandSAPI.png"
                               imageRotate="0"
                               originalHeight=""
                               originalWidth=""
                               scaleOption="toTemplate"
                               status="legacy"/>
                     <caution_4 jcr:primaryType="nt:unstructured"
                                sling:resourceType="help/components/article-3/note"
                                text="&lt;p&gt;&#xA;            The API definition needs to be updated to match changes in the data model. Before publishing, make sure that the changes will not cause any errors with the integration. Otherwise, update the client code before updating the API.&#xA;          &lt;/p&gt;&#xA;"
                                textIsRich="true"
                                type="caution"/>
                  </step_par>
               </step_113_0>
               <step_114_0 jcr:primaryType="nt:unstructured" sling:resourceType="help/components/step">
                  <step_par jcr:primaryType="nt:unstructured"
                            sling:resourceType="help/components/procedure/step_parsys">
                     <text_245 jcr:primaryType="nt:unstructured"
                               sling:resourceType="help/components/article-3/text"
                               text="&lt;p&gt;Click the &lt;strong&gt;Profiles &amp; Services API Preview&lt;/strong&gt; tab.&lt;/p&gt;&#xA;"
                               textIsRich="true"/>
                     <text_246 jcr:primaryType="nt:unstructured"
                               sling:resourceType="help/components/article-3/text"
                               text="&lt;p&gt;This will show you the changes that the publication of the API will apply to the current version of the profilesAndServicesExt API.&lt;/p&gt;&#xA;"
                               textIsRich="true"/>
                     <text_247 jcr:primaryType="nt:unstructured"
                               sling:resourceType="help/components/article-3/text"
                               text="&lt;p&gt;Here, the Promo Code field (ID: cusBrand) will be inserted into the API.&lt;/p&gt;&#xA;"
                               textIsRich="true"/>
                     <image_41 jcr:primaryType="nt:unstructured"
                               sling:resourceType="help/components/article-3/image"
                               jcr:title=""
                               alt=""
                               captionBottom=""
                               fileName="extendPandSAPI_diff.png"
                               originalFileName="images/en/extendPandSAPI_diff.png"
                               fileReference="/content/dam/help/en/campaign/standard/extendPandSAPI_diff.png"
                               imageRotate="0"
                               originalHeight=""
                               originalWidth=""
                               scaleOption="toTemplate"
                               status="legacy"/>
                  </step_par>
               </step_114_0>
               <step_115_0 jcr:primaryType="nt:unstructured" sling:resourceType="help/components/step">
                  <step_par jcr:primaryType="nt:unstructured"
                            sling:resourceType="help/components/procedure/step_parsys">
                     <text_248 jcr:primaryType="nt:unstructured"
                               sling:resourceType="help/components/article-3/text"
                               text="&lt;p&gt;Click the &lt;strong&gt;Publish&lt;/strong&gt; button.&lt;/p&gt;&#xA;"
                               textIsRich="true"/>
                  </step_par>
               </step_115_0>
            </proc_par>
         </procedure_15_10>
      </main-pars>
      <hero jcr:primaryType="nt:unstructured"
            sling:resourceType="foundation/components/image"/>
      <thumbnail jcr:primaryType="nt:unstructured"
                 sling:resourceType="foundation/components/image"/>
      <publisherLogo jcr:primaryType="nt:unstructured"
                     sling:resourceType="foundation/components/image"/>
   </jcr:content>
</jcr:root>