<?xml version="1.0" encoding="UTF-8"?>
<jcr:root xmlns:nt="http://www.jcp.org/jcr/nt/1.0" xmlns:json="http://json.org/"
          xmlns:sling="http://sling.apache.org/jcr/sling/1.0"
          xmlns:cq="http://www.day.com/jcr/cq/1.0"
          xmlns:jcr="http://www.jcp.org/jcr/1.0"
          xmlns:mix="http://www.jcp.org/jcr/mix/1.0"
          jcr:primaryType="cq:Page">
   <jcr:content navTitle="Step 1: Define the resource" jcr:primaryType="cq:PageContent"
                sling:resourceType="help/components/pages/article-3"
                heroGradient="light"
                jcr:language="en_us"
                cq:designPath="/etc/designs/help"
                cq:template="/apps/help/templates/article-3"
                jcr:mixinTypes="[mix:versionable]"
                jcr:title="Step 1: Define the resource"
                jcr:description="Step 1: Define the resource"
                seoDescription="Discover how to define a resource from scratch."
                primaryProductTag="[products:SG_CAMPAIGN/STANDARD]"
                cq:tags="[products:SG_CAMPAIGN/STANDARD,audience:developing,content_type:reference,topic_tags:adding-or-extending-a-resource]"
                primaryAudienceTag="[audience:developing]"
                contentOwner="sauviat"
                isReadyForLocalization="true"
                publishExternalDate="2018-09-04">
      <main-pars jcr:primaryType="nt:unstructured"
                 sling:resourceType="foundation/components/parsys">
      
      
         <text_42 jcr:primaryType="nt:unstructured"
                  sling:resourceType="help/components/article-3/text"
                  text="&lt;p&gt;Administrators can create a new resource from scratch or create an extension of an existing resource if you need work on data that are not part of the out-of-the-box data model.&lt;/p&gt;&#xA;"
                  textIsRich="true"/>
         <procedure_1_10 jcr:primaryType="nt:unstructured"
                         sling:resourceType="help/components/procedure">
            <proc_par jcr:primaryType="nt:unstructured"
                      sling:resourceType="help/components/procedure/proc_parsys">
               <step_13_0 jcr:primaryType="nt:unstructured" sling:resourceType="help/components/step">
                  <step_par jcr:primaryType="nt:unstructured"
                            sling:resourceType="help/components/procedure/step_parsys">
                     <text_43 jcr:primaryType="nt:unstructured"
                              sling:resourceType="help/components/article-3/text"
                              text="&lt;p&gt;From &lt;strong&gt;Administration&lt;/strong&gt; &gt; &lt;strong&gt;Development&lt;/strong&gt; &gt; &lt;strong&gt;Custom Resources&lt;/strong&gt;, click the &lt;strong&gt;Create&lt;/strong&gt; button.&lt;/p&gt;&#xA;"
                              textIsRich="true"/>
                  </step_par>
               </step_13_0>
               <step_14_0 jcr:primaryType="nt:unstructured" sling:resourceType="help/components/step">
                  <step_par jcr:primaryType="nt:unstructured"
                            sling:resourceType="help/components/procedure/step_parsys">
                     <text_44 jcr:primaryType="nt:unstructured"
                              sling:resourceType="help/components/article-3/text"
                              text="&lt;p&gt;Choose the action you want to perform:&lt;/p&gt;&#xA;"
                              textIsRich="true"/>
                     <procedure_2 jcr:primaryType="nt:unstructured"
                                  sling:resourceType="help/components/procedure"
                                  isBulleted="true">
                        <proc_par jcr:primaryType="nt:unstructured"
                                  sling:resourceType="help/components/procedure/proc_parsys">
                           <step_14_2 jcr:primaryType="nt:unstructured" sling:resourceType="help/components/step">
                              <step_par jcr:primaryType="nt:unstructured"
                                        sling:resourceType="help/components/procedure/step_parsys">
                                 <text_45 jcr:primaryType="nt:unstructured"
                                          sling:resourceType="help/components/article-3/text"
                                          text="&lt;p&gt;&lt;strong&gt;Create a new resource&lt;/strong&gt;: Enter the &lt;strong&gt;Label&lt;/strong&gt; and &lt;strong&gt;ID&lt;/strong&gt; fields. The &lt;strong&gt;ID&lt;/strong&gt; field is mandatory. If you leave the Label field empty, it will automatically be completed from the ID.&lt;/p&gt;&#xA;"
                                          textIsRich="true"/>
                                 <image_2 jcr:primaryType="nt:unstructured"
                                          sling:resourceType="help/components/article-3/image"
                                          jcr:title=""
                                          alt=""
                                          captionBottom=""
                                          fileName="schema_extension_2.png"
                                          originalFileName="images/en/schema_extension_2.png"
                                          fileReference="/content/dam/help/en/campaign/standard/schema_extension_2.png"
                                          imageRotate="0"
                                          originalHeight=""
                                          originalWidth=""
                                          scaleOption="toTemplate"
                                          status="legacy"/>
                              </step_par>
                           </step_14_2>
                           <step_15_2 jcr:primaryType="nt:unstructured" sling:resourceType="help/components/step">
                              <step_par jcr:primaryType="nt:unstructured"
                                        sling:resourceType="help/components/procedure/step_parsys">
                                 <text_46 jcr:primaryType="nt:unstructured"
                                          sling:resourceType="help/components/article-3/text"
                                          text="&lt;p&gt;&lt;strong&gt;Extend an existing resource&lt;/strong&gt;: Select the resource you want to extend.&lt;/p&gt;&#xA;"
                                          textIsRich="true"/>
                                 <image_3 jcr:primaryType="nt:unstructured"
                                          sling:resourceType="help/components/article-3/image"
                                          jcr:title=""
                                          alt=""
                                          captionBottom=""
                                          fileName="schema_extension_10.png"
                                          originalFileName="images/en/schema_extension_10.png"
                                          fileReference="/content/dam/help/en/campaign/standard/schema_extension_10.png"
                                          imageRotate="0"
                                          originalHeight=""
                                          originalWidth=""
                                          scaleOption="toTemplate"
                                          status="legacy"/>
                              </step_par>
                           </step_15_2>
                        </proc_par>
                     </procedure_2>
                  </step_par>
               </step_14_0>
               <step_17_0 jcr:primaryType="nt:unstructured" sling:resourceType="help/components/step">
                  <step_par jcr:primaryType="nt:unstructured"
                            sling:resourceType="help/components/procedure/step_parsys">
                     <text_47 jcr:primaryType="nt:unstructured"
                              sling:resourceType="help/components/article-3/text"
                              text="&lt;p&gt;Click &lt;strong&gt;Create&lt;/strong&gt; to create the resource, which will then take on the &lt;strong&gt;Draft&lt;/strong&gt; status in case of new resource or the &lt;strong&gt;Editing&lt;/strong&gt; status in case of extension.&lt;/p&gt;&#xA;"
                              textIsRich="true"/>
                  </step_par>
               </step_17_0>
            </proc_par>
         </procedure_1_10>
         <text_48 jcr:primaryType="nt:unstructured"
                  sling:resourceType="help/components/article-3/text"
                  text="&lt;p&gt;The new resource is created and can now be configured.&lt;/p&gt;&#xA;"
                  textIsRich="true"/>
      </main-pars>
      <hero jcr:primaryType="nt:unstructured"
            sling:resourceType="foundation/components/image"/>
      <thumbnail jcr:primaryType="nt:unstructured"
                 sling:resourceType="foundation/components/image"/>
      <publisherLogo jcr:primaryType="nt:unstructured"
                     sling:resourceType="foundation/components/image"/>
   </jcr:content>
</jcr:root>