<?xml version="1.0" encoding="UTF-8"?>
<jcr:root xmlns:nt="http://www.jcp.org/jcr/nt/1.0" xmlns:json="http://json.org/"
          xmlns:sling="http://sling.apache.org/jcr/sling/1.0"
          xmlns:cq="http://www.day.com/jcr/cq/1.0"
          xmlns:jcr="http://www.jcp.org/jcr/1.0"
          xmlns:mix="http://www.jcp.org/jcr/mix/1.0"
          jcr:primaryType="cq:Page">
   <jcr:content navTitle="Step 3: Update profiles and prepare an email"
                jcr:primaryType="cq:PageContent"
                sling:resourceType="help/components/pages/article-3"
                heroGradient="light"
                jcr:language="en_us"
                cq:designPath="/etc/designs/help"
                cq:template="/apps/help/templates/article-3"
                jcr:mixinTypes="[mix:versionable]"
                jcr:title="Step 3: Update profiles and prepare an email"
                jcr:description="Step 3: Update profiles and prepare an email"
                seoDescription="Learn how to update the data model and work with the extende field in a message."
                primaryProductTag="[products:SG_CAMPAIGN/STANDARD]"
                cq:tags="[products:SG_CAMPAIGN/STANDARD,audience:developing,content_type:reference,topic_tags:use-case--extending-profiles]"
                primaryAudienceTag="[audience:developing]"
                contentOwner="sauviat"
                isReadyForLocalization="true"
                publishExternalDate="2018-09-04">
      <main-pars jcr:primaryType="nt:unstructured"
                 sling:resourceType="foundation/components/parsys">
      
      
         <procedure_19_10 jcr:primaryType="nt:unstructured"
                          sling:resourceType="help/components/procedure">
            <proc_par jcr:primaryType="nt:unstructured"
                      sling:resourceType="help/components/procedure/proc_parsys">
               <step_138_0 jcr:primaryType="nt:unstructured" sling:resourceType="help/components/step">
                  <step_par jcr:primaryType="nt:unstructured"
                            sling:resourceType="help/components/procedure/step_parsys">
                     <text_279 jcr:primaryType="nt:unstructured"
                               sling:resourceType="help/components/article-3/text"
                               text="&lt;p&gt;From the advanced menu, via the Adobe Campaign logo, select &lt;strong&gt;Profiles &amp; audiences &gt; Profiles&lt;/strong&gt;.&lt;/p&gt;&#xA;"
                               textIsRich="true"/>
                  </step_par>
               </step_138_0>
               <step_139_0 jcr:primaryType="nt:unstructured" sling:resourceType="help/components/step">
                  <step_par jcr:primaryType="nt:unstructured"
                            sling:resourceType="help/components/procedure/step_parsys">
                     <text_280 jcr:primaryType="nt:unstructured"
                               sling:resourceType="help/components/article-3/text"
                               text="&lt;p&gt;Complete or create profiles, then complete the new &lt;strong&gt;Promo code&lt;/strong&gt; field.&lt;/p&gt;&#xA;"
                               textIsRich="true"/>
                     <image_44 jcr:primaryType="nt:unstructured"
                               sling:resourceType="help/components/article-3/image"
                               jcr:title=""
                               alt=""
                               captionBottom=""
                               fileName="schema_extension_UC3.png"
                               originalFileName="images/en/schema_extension_UC3.png"
                               fileReference="/content/dam/help/en/campaign/standard/schema_extension_UC3.png"
                               imageRotate="0"
                               originalHeight=""
                               originalWidth=""
                               scaleOption="toTemplate"
                               status="legacy"/>
                  </step_par>
               </step_139_0>
               <step_140_0 jcr:primaryType="nt:unstructured" sling:resourceType="help/components/step">
                  <step_par jcr:primaryType="nt:unstructured"
                            sling:resourceType="help/components/procedure/step_parsys">
                     <text_281 jcr:primaryType="nt:unstructured"
                               sling:resourceType="help/components/article-3/text"
                               text="&lt;p&gt;Select &lt;strong&gt;Profiles &amp; Audiences &gt; Test profiles&lt;/strong&gt; in the navigation pane.&lt;/p&gt;&#xA;"
                               textIsRich="true"/>
                  </step_par>
               </step_140_0>
               <step_141_0 jcr:primaryType="nt:unstructured" sling:resourceType="help/components/step">
                  <step_par jcr:primaryType="nt:unstructured"
                            sling:resourceType="help/components/procedure/step_parsys">
                     <text_282 jcr:primaryType="nt:unstructured"
                               sling:resourceType="help/components/article-3/text"
                               text="&lt;p&gt;Complete or create a new test profile, then complete the new &lt;strong&gt;Promo code&lt;/strong&gt; field.&lt;/p&gt;&#xA;"
                               textIsRich="true"/>
                     <image_45 jcr:primaryType="nt:unstructured"
                               sling:resourceType="help/components/article-3/image"
                               jcr:title=""
                               alt=""
                               captionBottom=""
                               fileName="schema_extension_UC4.png"
                               originalFileName="images/en/schema_extension_UC4.png"
                               fileReference="/content/dam/help/en/campaign/standard/schema_extension_UC4.png"
                               imageRotate="0"
                               originalHeight=""
                               originalWidth=""
                               scaleOption="toTemplate"
                               status="legacy"/>
                  </step_par>
               </step_141_0>
               <step_142_0 jcr:primaryType="nt:unstructured" sling:resourceType="help/components/step">
                  <step_par jcr:primaryType="nt:unstructured"
                            sling:resourceType="help/components/procedure/step_parsys">
                     <text_283 jcr:primaryType="nt:unstructured"
                               sling:resourceType="help/components/article-3/text"
                               text="&lt;p&gt;Create a &lt;strong&gt;new email&lt;/strong&gt; in a marketing campaign.&lt;/p&gt;&#xA;"
                               textIsRich="true"/>
                  </step_par>
               </step_142_0>
               <step_143_0 jcr:primaryType="nt:unstructured" sling:resourceType="help/components/step">
                  <step_par jcr:primaryType="nt:unstructured"
                            sling:resourceType="help/components/procedure/step_parsys">
                     <text_284 jcr:primaryType="nt:unstructured"
                               sling:resourceType="help/components/article-3/text"
                               text="&lt;p&gt;Create an &lt;strong&gt;Audience&lt;/strong&gt; from a &lt;strong&gt;simple rule&lt;/strong&gt;: &lt;strong&gt;Promo code is not empty&lt;/strong&gt;. This rule is valid for the main target as well as for the test profiles.&lt;/p&gt;&#xA;"
                               textIsRich="true"/>
                  </step_par>
               </step_143_0>
               <step_144_0 jcr:primaryType="nt:unstructured" sling:resourceType="help/components/step">
                  <step_par jcr:primaryType="nt:unstructured"
                            sling:resourceType="help/components/procedure/step_parsys">
                     <text_285 jcr:primaryType="nt:unstructured"
                               sling:resourceType="help/components/article-3/text"
                               text="&lt;p&gt;Insert the &lt;strong&gt;Promo code&lt;/strong&gt; field into the email content. &lt;/p&gt;&#xA;"
                               textIsRich="true"/>
                  </step_par>
               </step_144_0>
               <step_145_0 jcr:primaryType="nt:unstructured" sling:resourceType="help/components/step">
                  <step_par jcr:primaryType="nt:unstructured"
                            sling:resourceType="help/components/procedure/step_parsys">
                     <text_286 jcr:primaryType="nt:unstructured"
                               sling:resourceType="help/components/article-3/text"
                               text="&lt;p&gt;Send the email to the test profiles selected by the audience.&lt;/p&gt;&#xA;"
                               textIsRich="true"/>
                  </step_par>
               </step_145_0>
               <step_146_0 jcr:primaryType="nt:unstructured" sling:resourceType="help/components/step">
                  <step_par jcr:primaryType="nt:unstructured"
                            sling:resourceType="help/components/procedure/step_parsys">
                     <text_287 jcr:primaryType="nt:unstructured"
                               sling:resourceType="help/components/article-3/text"
                               text="&lt;p&gt;Send the email to the profiles selected by the audience.&lt;/p&gt;&#xA;"
                               textIsRich="true"/>
                  </step_par>
               </step_146_0>
            </proc_par>
         </procedure_19_10>
         <text_288 jcr:primaryType="nt:unstructured"
                   sling:resourceType="help/components/article-3/text"
                   text="&lt;p&gt;The values of the &lt;strong&gt;Promo code&lt;/strong&gt; personalized field are contextualized by profile type when the email is sent.&lt;/p&gt;&#xA;"
                   textIsRich="true"/>
      </main-pars>
      <hero jcr:primaryType="nt:unstructured"
            sling:resourceType="foundation/components/image"/>
      <thumbnail jcr:primaryType="nt:unstructured"
                 sling:resourceType="foundation/components/image"/>
      <publisherLogo jcr:primaryType="nt:unstructured"
                     sling:resourceType="foundation/components/image"/>
   </jcr:content>
</jcr:root>