<?xml version="1.0" encoding="UTF-8"?>
<jcr:root xmlns:nt="http://www.jcp.org/jcr/nt/1.0" xmlns:json="http://json.org/"
          xmlns:sling="http://sling.apache.org/jcr/sling/1.0"
          xmlns:cq="http://www.day.com/jcr/cq/1.0"
          xmlns:jcr="http://www.jcp.org/jcr/1.0"
          xmlns:mix="http://www.jcp.org/jcr/mix/1.0"
          jcr:primaryType="cq:Page">
   <jcr:content navTitle="About audiences" jcr:primaryType="cq:PageContent"
                sling:resourceType="help/components/pages/article-3"
                heroGradient="light"
                jcr:language="en_us"
                cq:designPath="/etc/designs/help"
                cq:template="/apps/help/templates/article-3"
                jcr:mixinTypes="[mix:versionable]"
                jcr:title="About audiences"
                jcr:description="About audiences"
                seoDescription="Learn how to build audiences from a query, a list or a file, and how to import them from Adobe Experience Cloud."
                primaryProductTag="[products:SG_CAMPAIGN/STANDARD]"
                cq:tags="[products:SG_CAMPAIGN/STANDARD,audience:audiences,content_type:reference,topic_tags:managing-audiences]"
                primaryAudienceTag="[audience:audiences]"
                contentOwner="sauviat"
                isReadyForLocalization="true"
                publishExternalDate="2018-09-04">
      <main-pars jcr:primaryType="nt:unstructured"
                 sling:resourceType="foundation/components/parsys">
        
        
        
        <text_90 jcr:primaryType="nt:unstructured"
                  sling:resourceType="help/components/article-3/text"
                  text="&lt;p&gt;An audience is a list of profiles based on rules and attributes.&lt;/p&gt;&#xA;"
                  textIsRich="true"/>
        <text_91 jcr:primaryType="nt:unstructured"
                  sling:resourceType="help/components/article-3/text"
                  text="&lt;p&gt;Adobe Campaign allows you to create your audiences manually using queries or automatically using dedicated workflows. You can also use shared audiences from the Adobe Experience Cloud. All of the audiences are regrouped into a list that can be accessed via the &lt;strong&gt;Audiences&lt;/strong&gt; card on the Adobe Campaign home page or from the &lt;strong&gt;Audiences&lt;/strong&gt; link.&lt;/p&gt;&#xA;"
                  textIsRich="true"/>
        <image_10 jcr:primaryType="nt:unstructured"
                   sling:resourceType="help/components/article-3/image"
                   jcr:title=""
                   alt=""
                   captionBottom=""
                   fileName="audience_1.png"
                   originalFileName="images/en/audience_1.png"
                   fileReference="/content/dam/help/en/campaign/standard/audience_1.png"
                   imageRotate="0"
                   originalHeight=""
                   originalWidth=""
                   scaleOption="toTemplate"
                   status="legacy"/>
        <text_92 jcr:primaryType="nt:unstructured"
                  sling:resourceType="help/components/article-3/text"
                  text="&lt;p&gt;You can manipulate different audience types in Adobe Campaign. The type of an audience corresponds to the way in which it was created:&lt;/p&gt;&#xA;"
                  textIsRich="true"/>
        
        <procedure_6 jcr:primaryType="nt:unstructured"
                      sling:resourceType="help/components/procedure"
                      isBulleted="true">
            <proc_par jcr:primaryType="nt:unstructured"
                      sling:resourceType="help/components/procedure/proc_parsys">
               <step_32_6 jcr:primaryType="nt:unstructured" sling:resourceType="help/components/step">
                  <step_par jcr:primaryType="nt:unstructured"
                            sling:resourceType="help/components/procedure/step_parsys">
                     <text_93 jcr:primaryType="nt:unstructured"
                              sling:resourceType="help/components/article-3/text"
                              text="&lt;p&gt;&lt;strong&gt;Query&lt;/strong&gt;: indicates that the audience was created from a &#xA;&#x9;&#x9;&#x9;&#x9;&#x9;&#x9;&#x9;&#x9;&#x9;&#x9;&#x9;&#xA;&#x9;&#x9;&#x9;&#x9;&#x9;&#x9;&#x9;&lt;a href=&#34;/content/help/en/campaign/standard/automating/using/editing-queries.html#about-query-editor&#34;&gt;query&lt;/a&gt; on data from the Adobe Campaign database from the list of audiences. Audiences defined by a query are recomputed at each further use.&lt;/p&gt;&#xA;"
                              textIsRich="true"/>
                  </step_par>
               </step_32_6>
               <step_33_6 jcr:primaryType="nt:unstructured" sling:resourceType="help/components/step">
                  <step_par jcr:primaryType="nt:unstructured"
                            sling:resourceType="help/components/procedure/step_parsys">
                     <text_94 jcr:primaryType="nt:unstructured"
                              sling:resourceType="help/components/article-3/text"
                              text="&lt;p&gt;&lt;strong&gt;List&lt;/strong&gt;: indicates that the audience is a fixed list of profiles. These lists are created in a &#xA;&#x9;&#x9;&#x9;&#x9;&#x9;&#x9;&#x9;&#x9;&#x9;&#x9;&#x9;&#xA;&#x9;&#x9;&#x9;&#x9;&#x9;&#x9;&#x9;&lt;a href=&#34;/content/help/en/campaign/standard/automating/using/discovering-workflows.html&#34;&gt;workflow&lt;/a&gt;, where the data dimension is known when saving the audience. For example, after targeting activities (especially &lt;strong&gt;Query&lt;/strong&gt;) or after the reconciliation of data imported from a file.&lt;/p&gt;&#xA;"
                              textIsRich="true"/>
                  </step_par>
               </step_33_6>
               <step_34_6 jcr:primaryType="nt:unstructured" sling:resourceType="help/components/step">
                  <step_par jcr:primaryType="nt:unstructured"
                            sling:resourceType="help/components/procedure/step_parsys">
                     <text_95 jcr:primaryType="nt:unstructured"
                              sling:resourceType="help/components/article-3/text"
                              text="&lt;p&gt;&lt;strong&gt;File&lt;/strong&gt;: indicates that the audience has been created directly from a &#xA;&#x9;&#x9;&#x9;&#x9;&#x9;&#x9;&#x9;&#x9;&#x9;&#x9;&#x9;&#xA;&#x9;&#x9;&#x9;&#x9;&#x9;&#x9;&#x9;&lt;a href=&#34;/content/help/en/campaign/standard/automating/using/load-file.html&#34;&gt;file import&lt;/a&gt; workflow and that the data dimension was unknown when saving the audience.&lt;/p&gt;&#xA;"
                              textIsRich="true"/>
                  </step_par>
               </step_34_6>
               <step_35_6 jcr:primaryType="nt:unstructured" sling:resourceType="help/components/step">
                  <step_par jcr:primaryType="nt:unstructured"
                            sling:resourceType="help/components/procedure/step_parsys">
                     <text_96 jcr:primaryType="nt:unstructured"
                              sling:resourceType="help/components/article-3/text"
                              text="&lt;p&gt;&lt;strong&gt;Experience Cloud&lt;/strong&gt;: indicates that the audience was imported from the Adobe Experience Cloud. This option is only available if the audience sharing functionality has been configured. For more information, see &#xA;&#x9;&#x9;&#x9;&#x9;&#x9;&#x9;&#x9;&#x9;&#x9;&#x9;&#x9;&#xA;&#x9;&#x9;&#x9;&#x9;&#x9;&#x9;&#x9;&lt;a href=&#34;/content/help/en/campaign/standard/integrating/using/sharing-audiences-with-audience-manager-or-people-core-service.html#importing-an-audience&#34;&gt;Importing an audience from the Adobe Experience Cloud&lt;/a&gt;.&lt;/p&gt;&#xA;"
                              textIsRich="true"/>
                  </step_par>
               </step_35_6>
            </proc_par>
         </procedure_6>
        <image_11 jcr:primaryType="nt:unstructured"
                   sling:resourceType="help/components/article-3/image"
                   jcr:title=""
                   alt=""
                   captionBottom=""
                   fileName="audience_type_selection.png"
                   originalFileName="images/en/audience_type_selection.png"
                   fileReference="/content/dam/help/en/campaign/standard/audience_type_selection.png"
                   imageRotate="0"
                   originalHeight=""
                   originalWidth=""
                   scaleOption="toTemplate"
                   status="legacy"/>
      </main-pars>
      <hero jcr:primaryType="nt:unstructured"
            sling:resourceType="foundation/components/image"/>
      <thumbnail jcr:primaryType="nt:unstructured"
                 sling:resourceType="foundation/components/image"/>
      <publisherLogo jcr:primaryType="nt:unstructured"
                     sling:resourceType="foundation/components/image"/>
   </jcr:content>
</jcr:root>