<?xml version="1.0" encoding="UTF-8"?>
<jcr:root xmlns:nt="http://www.jcp.org/jcr/nt/1.0" xmlns:json="http://json.org/"
          xmlns:sling="http://sling.apache.org/jcr/sling/1.0"
          xmlns:cq="http://www.day.com/jcr/cq/1.0"
          xmlns:jcr="http://www.jcp.org/jcr/1.0"
          xmlns:mix="http://www.jcp.org/jcr/mix/1.0"
          jcr:primaryType="cq:Page">
   <jcr:content navTitle="About opt-in and opt-out in Campaign"
                jcr:primaryType="cq:PageContent"
                sling:resourceType="help/components/pages/article-3"
                heroGradient="light"
                jcr:language="en_us"
                cq:designPath="/etc/designs/help"
                cq:template="/apps/help/templates/article-3"
                jcr:mixinTypes="[mix:versionable]"
                jcr:title="About opt-in and opt-out in Campaign"
                jcr:description="About opt-in and opt-out in Campaign"
                seoDescription="Opt-out (or blacklist) results in a profile no longer being targeted by any delivery or by deliveries from a specific channel."
                primaryProductTag="[products:SG_CAMPAIGN/STANDARD]"
                cq:tags="[products:SG_CAMPAIGN/STANDARD,audience:audiences,content_type:reference,topic_tags:understanding-opt-in-and-opt-out-processes]"
                primaryAudienceTag="[audience:audiences]"
                contentOwner="sauviat"
                isReadyForLocalization="true"
                publishExternalDate="2018-09-04">
      <main-pars jcr:primaryType="nt:unstructured"
                 sling:resourceType="foundation/components/parsys">
        
        
            
        
        <text_211 jcr:primaryType="nt:unstructured"
                   sling:resourceType="help/components/article-3/text"
                   text="&lt;p&gt;Opt-out (or blacklist) results in a profile no longer being targeted by any delivery or by deliveries from a specific channel. &lt;/p&gt;&#xA;"
                   textIsRich="true"/>
        <text_212 jcr:primaryType="nt:unstructured"
                   sling:resourceType="help/components/article-3/text"
                   text="&lt;p&gt;To give profiles the ability to opt in or opt out, you have to create a dedicated landing page. For more on this, refer to &#xA;&#x9;&#x9;&#x9;&#x9;&#x9;&#xA;&lt;a href=&#34;/content/help/en/campaign/standard/audiences/using/managing-opt-in-and-opt-out-in-campaign.html#setting-up-opt-in-and-opt-out-landing-pages&#34; target=&#34;_blank&#34;&gt;Setting up opt-in and opt-out landing pages&lt;/a&gt;.&lt;/p&gt;&#xA;"
                   textIsRich="true"/>
        <text_213 jcr:primaryType="nt:unstructured"
                   sling:resourceType="help/components/article-3/text"
                   text="&lt;p&gt;Profiles can also be opted in or out manually by an operator. For more on this, refer to &#xA;&#x9;&#x9;&#x9;&#x9;&#x9;&#xA;&lt;a href=&#34;/content/help/en/campaign/standard/audiences/using/managing-opt-in-and-opt-out-in-campaign.html#managing-opt-in-and-opt-out-from-a-profile&#34; target=&#34;_blank&#34;&gt;Managing opt-in and opt-out from a profile&lt;/a&gt;.&lt;/p&gt;&#xA;"
                   textIsRich="true"/>
        <text_214 jcr:primaryType="nt:unstructured"
                   sling:resourceType="help/components/article-3/text"
                   text="&lt;p&gt;Opt-out profiles are automatically excluded during the delivery analysis in order to speed up deliveries (the error rate has a significant effect on delivery speed).&lt;/p&gt;&#xA;"
                   textIsRich="true"/>
        <note_4 jcr:primaryType="nt:unstructured"
                 sling:resourceType="help/components/article-3/note"
                 text="&lt;p&gt;&#xA;            Opt-out applies to &lt;strong&gt;Profiles&lt;/strong&gt;, as opposed to quarantine which is linked to an &lt;strong&gt;email address&lt;/strong&gt; or &lt;strong&gt;phone number&lt;/strong&gt;. Opting out a profile will therefore exclude from deliveries all the addresses linked to it.&#xA;            If a user has two profiles in the database, he will still be targeted by deliveries as only one of his profiles is opt-out. To make sure all his adresses are excluded, add them to the quarantines addresses. For more on this, refer to &#xA;&#x9;&#x9;&#x9;&#x9;&#x9;&#x9;&#x9;&#x9;&#x9;&#x9;&#x9;&#xA;&#x9;&#x9;&#x9;&#x9;&#x9;&#x9;&#x9;&lt;a href=&#34;/content/help/en/campaign/standard/sending/using/understanding-quarantine-management.html#identifying-quarantined-addresses-for-the-entire-platform&#34;&gt;this page&lt;/a&gt;.&#xA;        &lt;/p&gt;&#xA;"
                 textIsRich="true"
                 type="note"/>
        <text_217 jcr:primaryType="nt:unstructured"
                   sling:resourceType="help/components/article-3/text"
                   text="&lt;p&gt;For more on services subscriptions, refer to &#xA;&#x9;&#x9;&#x9;&#x9;&#x9;&#x9;&#x9;&#x9;&#x9;&#x9;&#x9;&#xA;&#x9;&#x9;&#x9;&#x9;&#x9;&#x9;&#x9;&lt;a href=&#34;/content/help/en/campaign/standard/audiences/using/about-subscriptions.html&#34;&gt;this page&lt;/a&gt;.&lt;/p&gt;&#xA;"
                   textIsRich="true"/>
      </main-pars>
      <hero jcr:primaryType="nt:unstructured"
            sling:resourceType="foundation/components/image"/>
      <thumbnail jcr:primaryType="nt:unstructured"
                 sling:resourceType="foundation/components/image"/>
      <publisherLogo jcr:primaryType="nt:unstructured"
                     sling:resourceType="foundation/components/image"/>
   </jcr:content>
</jcr:root>