<?xml version="1.0" encoding="UTF-8"?>
<jcr:root xmlns:nt="http://www.jcp.org/jcr/nt/1.0" xmlns:json="http://json.org/"
          xmlns:sling="http://sling.apache.org/jcr/sling/1.0"
          xmlns:cq="http://www.day.com/jcr/cq/1.0"
          xmlns:jcr="http://www.jcp.org/jcr/1.0"
          xmlns:mix="http://www.jcp.org/jcr/mix/1.0"
          jcr:primaryType="cq:Page">
   <jcr:content navTitle="Creating audiences" jcr:primaryType="cq:PageContent"
                sling:resourceType="help/components/pages/article-3"
                heroGradient="light"
                jcr:language="en_us"
                cq:designPath="/etc/designs/help"
                cq:template="/apps/help/templates/article-3"
                jcr:mixinTypes="[mix:versionable]"
                jcr:title="Creating audiences"
                jcr:description="Creating audiences"
                seoDescription="Learn how to create audiences in Adobe Campaign."
                primaryProductTag="[products:SG_CAMPAIGN/STANDARD]"
                cq:tags="[products:SG_CAMPAIGN/STANDARD,audience:audiences,content_type:reference,topic_tags:managing-audiences]"
                primaryAudienceTag="[audience:audiences]"
                contentOwner="sauviat"
                isReadyForLocalization="true"
                publishExternalDate="2018-09-04">
      <main-pars jcr:primaryType="nt:unstructured"
                 sling:resourceType="foundation/components/parsys">
     
    
      
      
        <header_15 jcr:primaryType="nt:unstructured" sling:resourceType="help/components/header"
                    id="creating-query-audiences"
                    level="2"
                    text="&lt;p&gt;Creating query audiences&lt;/p&gt;&#xA;"
                    textIsRich="'true'"/>
        <text_98 jcr:primaryType="nt:unstructured"
                  sling:resourceType="help/components/article-3/text"
                  text="&lt;p&gt;This section describes how to create a &lt;strong&gt;Query&lt;/strong&gt; audience. You can also create audiences from importing a file or targeting in a &#xA;&#x9;&#x9;&#x9;&#x9;&#x9;&#x9;&#x9;&#x9;&#x9;&#x9;&#x9;&#xA;&#x9;&#x9;&#x9;&#x9;&#x9;&#x9;&#x9;&lt;a href=&#34;/content/help/en/campaign/standard/automating/using/discovering-workflows.html&#34;&gt;workflow&lt;/a&gt;.&lt;/p&gt;&#xA;"
                  textIsRich="true"/>
        <text_99 jcr:primaryType="nt:unstructured"
                  sling:resourceType="help/components/article-3/text"
                  text="&lt;p&gt;From the audience list, you can create audiences by performing queries or importing an Adobe Experience Cloud audience.&lt;/p&gt;&#xA;"
                  textIsRich="true"/>
        <procedure_3_10 jcr:primaryType="nt:unstructured"
                         sling:resourceType="help/components/procedure">
            <proc_par jcr:primaryType="nt:unstructured"
                      sling:resourceType="help/components/procedure/proc_parsys">
               <step_36_0 jcr:primaryType="nt:unstructured" sling:resourceType="help/components/step">
                  <step_par jcr:primaryType="nt:unstructured"
                            sling:resourceType="help/components/procedure/step_parsys">
                     <text_100 jcr:primaryType="nt:unstructured"
                               sling:resourceType="help/components/article-3/text"
                               text="&lt;p&gt;Go to the audience list via the &lt;strong&gt;Audiences&lt;/strong&gt; tab or card.&lt;/p&gt;&#xA;"
                               textIsRich="true"/>
                     <image_12 jcr:primaryType="nt:unstructured"
                               sling:resourceType="help/components/article-3/image"
                               jcr:title=""
                               alt=""
                               captionBottom=""
                               fileName="audiences_query_1.png"
                               originalFileName="images/en/audiences_query_1.png"
                               fileReference="/content/dam/help/en/campaign/standard/audiences_query_1.png"
                               imageRotate="0"
                               originalHeight=""
                               originalWidth=""
                               scaleOption="toTemplate"
                               status="legacy"/>
                  </step_par>
               </step_36_0>
               <step_37_0 jcr:primaryType="nt:unstructured" sling:resourceType="help/components/step">
                  <step_par jcr:primaryType="nt:unstructured"
                            sling:resourceType="help/components/procedure/step_parsys">
                     <text_101 jcr:primaryType="nt:unstructured"
                               sling:resourceType="help/components/article-3/text"
                               text="&lt;p&gt;Select &lt;strong&gt;Create&lt;/strong&gt; to access the screen to create a new audience.&lt;/p&gt;&#xA;"
                               textIsRich="true"/>
                     <image_13 jcr:primaryType="nt:unstructured"
                               sling:resourceType="help/components/article-3/image"
                               jcr:title=""
                               alt=""
                               captionBottom=""
                               fileName="audiences_query.png"
                               originalFileName="images/en/audiences_query.png"
                               fileReference="/content/dam/help/en/campaign/standard/audiences_query.png"
                               imageRotate="0"
                               originalHeight=""
                               originalWidth=""
                               scaleOption="toTemplate"
                               status="legacy"/>
                  </step_par>
               </step_37_0>
               <step_38_0 jcr:primaryType="nt:unstructured" sling:resourceType="help/components/step">
                  <step_par jcr:primaryType="nt:unstructured"
                            sling:resourceType="help/components/procedure/step_parsys">
                     <text_102 jcr:primaryType="nt:unstructured"
                               sling:resourceType="help/components/article-3/text"
                               text="&lt;p&gt;Name your audience. The audience label is used in the list of audiences and in the palette of the query tool.&lt;/p&gt;&#xA;"
                               textIsRich="true"/>
                  </step_par>
               </step_38_0>
               <step_39_0 jcr:primaryType="nt:unstructured" sling:resourceType="help/components/step">
                  <step_par jcr:primaryType="nt:unstructured"
                            sling:resourceType="help/components/procedure/step_parsys">
                     <text_103 jcr:primaryType="nt:unstructured"
                               sling:resourceType="help/components/article-3/text"
                               text="&lt;p&gt;Choose a &lt;strong&gt;Query&lt;/strong&gt; audience type: the audiences defined by a query are recomputed at each further use.&lt;/p&gt;&#xA;"
                               textIsRich="true"/>
                     <image_14 jcr:primaryType="nt:unstructured"
                               sling:resourceType="help/components/article-3/image"
                               jcr:title=""
                               alt=""
                               captionBottom=""
                               fileName="audience_type_selection.png"
                               originalFileName="images/en/audience_type_selection.png"
                               fileReference="/content/dam/help/en/campaign/standard/audience_type_selection.png"
                               imageRotate="0"
                               originalHeight=""
                               originalWidth=""
                               scaleOption="toTemplate"
                               status="legacy"/>
                  </step_par>
               </step_39_0>
               <step_40_0 jcr:primaryType="nt:unstructured" sling:resourceType="help/components/step">
                  <step_par jcr:primaryType="nt:unstructured"
                            sling:resourceType="help/components/procedure/step_parsys">
                     <text_104 jcr:primaryType="nt:unstructured"
                               sling:resourceType="help/components/article-3/text"
                               text="&lt;p&gt;Then select the &lt;strong&gt;Targeting dimension&lt;/strong&gt; that you would like to use to filter your customers.&#xA;                            Each audience is made up of a single targeting dimension. For example, you cannot create an audience made up of both profiles, test profiles and subscribers. For more on targeting dimensions, refer to &#xA;&#x9;&#x9;&#x9;&#x9;&#x9;&#x9;&#x9;&#x9;&#x9;&#x9;&#x9;&#xA;&#x9;&#x9;&#x9;&#x9;&#x9;&#x9;&#x9;&lt;a href=&#34;/content/help/en/campaign/standard/automating/using/query.html#targeting-dimensions-and-resources&#34;&gt;this page&lt;/a&gt;.&#xA;                        &lt;/p&gt;&#xA;"
                               textIsRich="true"/>
                  </step_par>
               </step_40_0>
               <step_41_0 jcr:primaryType="nt:unstructured" sling:resourceType="help/components/step">
                  <step_par jcr:primaryType="nt:unstructured"
                            sling:resourceType="help/components/procedure/step_parsys">
                     <text_106 jcr:primaryType="nt:unstructured"
                               sling:resourceType="help/components/article-3/text"
                               text="&lt;p&gt;Create the query to define the audience population. Refer to the section on &#xA;&#x9;&#x9;&#x9;&#x9;&#x9;&#x9;&#x9;&#x9;&#x9;&#x9;&#x9;&#xA;&#x9;&#x9;&#x9;&#x9;&#x9;&#x9;&#x9;&lt;a href=&#34;/content/help/en/campaign/standard/automating/using/editing-queries.html&#34;&gt;editing queries&lt;/a&gt;.&lt;/p&gt;&#xA;"
                               textIsRich="true"/>
            
                  </step_par>
               </step_41_0>
               <step_42_0 jcr:primaryType="nt:unstructured" sling:resourceType="help/components/step">
                  <step_par jcr:primaryType="nt:unstructured"
                            sling:resourceType="help/components/procedure/step_parsys">
                     <text_107 jcr:primaryType="nt:unstructured"
                               sling:resourceType="help/components/article-3/text"
                               text="&lt;p&gt;Click the &lt;strong&gt;Create&lt;/strong&gt; button to save your audience.&lt;/p&gt;&#xA;"
                               textIsRich="true"/>
                  </step_par>
               </step_42_0>
            </proc_par>
         </procedure_3_10>
        <note_3 jcr:primaryType="nt:unstructured"
                 sling:resourceType="help/components/article-3/note"
                 text="&lt;p&gt;&#xA;          You can add a description to this audience and define the access authorizations via the &lt;strong&gt;Edit properties&lt;/strong&gt; icon.&#xA;        &lt;/p&gt;&#xA;"
                 textIsRich="true"
                 type="note"/>
      
      
        <header_16 jcr:primaryType="nt:unstructured" sling:resourceType="help/components/header"
                    id="creating-list-audiences"
                    level="2"
                    text="&lt;p&gt;Creating list audiences&lt;/p&gt;&#xA;"
                    textIsRich="'true'"/>
        <text_109 jcr:primaryType="nt:unstructured"
                   sling:resourceType="help/components/article-3/text"
                   text="&lt;p&gt;This section describes how to create a &lt;strong&gt;List&lt;/strong&gt; audience after targeting in a workflow. You can also create audiences by importing a file into a &#xA;&#x9;&#x9;&#x9;&#x9;&#x9;&#x9;&#x9;&#x9;&#x9;&#x9;&#x9;&#xA;&#x9;&#x9;&#x9;&#x9;&#x9;&#x9;&#x9;&lt;a href=&#34;/content/help/en/campaign/standard/automating/using/discovering-workflows.html&#34;&gt;workflow&lt;/a&gt; or via a query from the &lt;strong&gt;Audiences&lt;/strong&gt; menu.&lt;/p&gt;&#xA;"
                   textIsRich="true"/>
        <text_110 jcr:primaryType="nt:unstructured"
                   sling:resourceType="help/components/article-3/text"
                   text="&lt;p&gt;To create a &lt;strong&gt;List&lt;/strong&gt; audience, the steps are as follows:&lt;/p&gt;&#xA;"
                   textIsRich="true"/>
        <procedure_4_10 jcr:primaryType="nt:unstructured"
                         sling:resourceType="help/components/procedure">
            <proc_par jcr:primaryType="nt:unstructured"
                      sling:resourceType="help/components/procedure/proc_parsys">
               <step_43_0 jcr:primaryType="nt:unstructured" sling:resourceType="help/components/step">
                  <step_par jcr:primaryType="nt:unstructured"
                            sling:resourceType="help/components/procedure/step_parsys">
                     <text_111 jcr:primaryType="nt:unstructured"
                               sling:resourceType="help/components/article-3/text"
                               text="&lt;p&gt;In the &lt;strong&gt;Marketing activities&lt;/strong&gt; tab, click &lt;strong&gt;Create&lt;/strong&gt; then select &lt;strong&gt;Workflow&lt;/strong&gt;.&lt;/p&gt;&#xA;"
                               textIsRich="true"/>
                     <image_15 jcr:primaryType="nt:unstructured"
                               sling:resourceType="help/components/article-3/image"
                               jcr:title=""
                               alt=""
                               captionBottom=""
                               fileName="audiences_list_1.png"
                               originalFileName="images/en/audiences_list_1.png"
                               fileReference="/content/dam/help/en/campaign/standard/audiences_list_1.png"
                               imageRotate="0"
                               originalHeight=""
                               originalWidth=""
                               scaleOption="toTemplate"
                               status="legacy"/>
                  </step_par>
               </step_43_0>
               <step_44_0 jcr:primaryType="nt:unstructured" sling:resourceType="help/components/step">
                  <step_par jcr:primaryType="nt:unstructured"
                            sling:resourceType="help/components/procedure/step_parsys">
                     <text_112 jcr:primaryType="nt:unstructured"
                               sling:resourceType="help/components/article-3/text"
                               text="&lt;p&gt;Drag and drop, and then configure the targeting activities which will allow you to select a population that has a &lt;strong&gt;known&lt;/strong&gt; dimension. The list of available activities and their configuration are detailed in the &#xA;&#x9;&#x9;&#x9;&#x9;&#x9;&#x9;&#x9;&#x9;&#x9;&#x9;&#x9;&#xA;&#x9;&#x9;&#x9;&#x9;&#x9;&#x9;&#x9;&lt;a href=&#34;/content/help/en/campaign/standard/automating/using/about-targeting-activities.html&#34;&gt;Targeting activities&lt;/a&gt; section.&lt;/p&gt;&#xA;"
                               textIsRich="true"/>
                     <text_113 jcr:primaryType="nt:unstructured"
                               sling:resourceType="help/components/article-3/text"
                               text="&lt;p&gt;You can use a &lt;strong&gt;Query&lt;/strong&gt; activity, or import data using a &lt;strong&gt;Load file&lt;/strong&gt; activity before using a &lt;strong&gt;Reconciliation&lt;/strong&gt; activity to identify the dimension of the data imported. Here, we want to target recipients who subscribed to the Sport Newsletter with a &lt;strong&gt;Query&lt;/strong&gt; activity .&lt;/p&gt;&#xA;"
                               textIsRich="true"/>
                     <image_16 jcr:primaryType="nt:unstructured"
                               sling:resourceType="help/components/article-3/image"
                               jcr:title=""
                               alt=""
                               captionBottom=""
                               fileName="audiences_list_2.png"
                               originalFileName="images/en/audiences_list_2.png"
                               fileReference="/content/dam/help/en/campaign/standard/audiences_list_2.png"
                               imageRotate="0"
                               originalHeight=""
                               originalWidth=""
                               scaleOption="toTemplate"
                               status="legacy"/>
                  </step_par>
               </step_44_0>
               <step_45_0 jcr:primaryType="nt:unstructured" sling:resourceType="help/components/step">
                  <step_par jcr:primaryType="nt:unstructured"
                            sling:resourceType="help/components/procedure/step_parsys">
                     <text_114 jcr:primaryType="nt:unstructured"
                               sling:resourceType="help/components/article-3/text"
                               text="&lt;p&gt;After your targeting, drag and drop a &lt;strong&gt;Save audience&lt;/strong&gt; activity into your workflow. For example, you can chose to &lt;strong&gt;Create or update an audience&lt;/strong&gt;, this allows you to create then automatically update your audience with new data. In this case, add a &lt;strong&gt;Scheduler&lt;/strong&gt; activity at the beginning of your workflow.&lt;/p&gt;&#xA;"
                               textIsRich="true"/>
                     <text_115 jcr:primaryType="nt:unstructured"
                               sling:resourceType="help/components/article-3/text"
                               text="&lt;p&gt;For more information on configuring this activity, refer to the &#xA;&#x9;&#x9;&#x9;&#x9;&#x9;&#x9;&#x9;&#x9;&#x9;&#x9;&#x9;&#xA;&#x9;&#x9;&#x9;&#x9;&#x9;&#x9;&#x9;&lt;a href=&#34;/content/help/en/campaign/standard/automating/using/save-audience.html&#34;&gt;Save audience&lt;/a&gt; section.&lt;/p&gt;&#xA;"
                               textIsRich="true"/>
                     <image_17 jcr:primaryType="nt:unstructured"
                               sling:resourceType="help/components/article-3/image"
                               jcr:title=""
                               alt=""
                               captionBottom=""
                               fileName="audiences_list_3.png"
                               originalFileName="images/en/audiences_list_3.png"
                               fileReference="/content/dam/help/en/campaign/standard/audiences_list_3.png"
                               imageRotate="0"
                               originalHeight=""
                               originalWidth=""
                               scaleOption="toTemplate"
                               status="legacy"/>
                  </step_par>
               </step_45_0>
               <step_46_0 jcr:primaryType="nt:unstructured" sling:resourceType="help/components/step">
                  <step_par jcr:primaryType="nt:unstructured"
                            sling:resourceType="help/components/procedure/step_parsys">
                     <text_116 jcr:primaryType="nt:unstructured"
                               sling:resourceType="help/components/article-3/text"
                               text="&lt;p&gt;Save and start the workflow.&lt;/p&gt;&#xA;"
                               textIsRich="true"/>
                     <text_117 jcr:primaryType="nt:unstructured"
                               sling:resourceType="help/components/article-3/text"
                               text="&lt;p&gt;As the &lt;strong&gt;Save audience&lt;/strong&gt; is placed after a targeting with a known dimension, the audiences created via this activity are &lt;strong&gt;List&lt;/strong&gt; audiences.&lt;/p&gt;&#xA;"
                               textIsRich="true"/>
                     <text_118 jcr:primaryType="nt:unstructured"
                               sling:resourceType="help/components/article-3/text"
                               text="&lt;p&gt;The content of the saved audience is then available in the audience's detailed view that can be accessed via the list of audiences. The columns available from this view correspond to the columns of the inbound transition of the workflow's save activity. For example: the columns of the file imported, the additional data added from a query.&lt;/p&gt;&#xA;"
                               textIsRich="true"/>
                     <image_18 jcr:primaryType="nt:unstructured"
                               sling:resourceType="help/components/article-3/image"
                               jcr:title=""
                               alt=""
                               captionBottom=""
                               fileName="audiences_list_4.png"
                               originalFileName="images/en/audiences_list_4.png"
                               fileReference="/content/dam/help/en/campaign/standard/audiences_list_4.png"
                               imageRotate="0"
                               originalHeight=""
                               originalWidth=""
                               scaleOption="toTemplate"
                               status="legacy"/>
                  </step_par>
               </step_46_0>
            </proc_par>
         </procedure_4_10>
      
      
        <header_17 jcr:primaryType="nt:unstructured" sling:resourceType="help/components/header"
                    id="creating-file-audiences"
                    level="2"
                    text="&lt;p&gt;Creating file audiences&lt;/p&gt;&#xA;"
                    textIsRich="'true'"/>
        <text_119 jcr:primaryType="nt:unstructured"
                   sling:resourceType="help/components/article-3/text"
                   text="&lt;p&gt;This section details how to create a &lt;strong&gt;File&lt;/strong&gt; audience by importing a file into a workflow. You can also create audiences from a targeting activity in a &#xA;&#x9;&#x9;&#x9;&#x9;&#x9;&#x9;&#x9;&#x9;&#x9;&#x9;&#x9;&#xA;&#x9;&#x9;&#x9;&#x9;&#x9;&#x9;&#x9;&lt;a href=&#34;/content/help/en/campaign/standard/automating/using/discovering-workflows.html&#34;&gt;workflow&lt;/a&gt; or via a query from the &lt;strong&gt;Audiences&lt;/strong&gt; menu.&lt;/p&gt;&#xA;"
                   textIsRich="true"/>
        <text_120 jcr:primaryType="nt:unstructured"
                   sling:resourceType="help/components/article-3/text"
                   text="&lt;p&gt;To create a &lt;strong&gt;File&lt;/strong&gt; audience, the steps are as follows:&lt;/p&gt;&#xA;"
                   textIsRich="true"/>
        <procedure_5_10 jcr:primaryType="nt:unstructured"
                         sling:resourceType="help/components/procedure">
            <proc_par jcr:primaryType="nt:unstructured"
                      sling:resourceType="help/components/procedure/proc_parsys">
               <step_47_0 jcr:primaryType="nt:unstructured" sling:resourceType="help/components/step">
                  <step_par jcr:primaryType="nt:unstructured"
                            sling:resourceType="help/components/procedure/step_parsys">
                     <text_121 jcr:primaryType="nt:unstructured"
                               sling:resourceType="help/components/article-3/text"
                               text="&lt;p&gt;In the &lt;strong&gt;Marketing activities&lt;/strong&gt; tab, click &lt;strong&gt;Create&lt;/strong&gt; then select &lt;strong&gt;Workflow&lt;/strong&gt;.&lt;/p&gt;&#xA;"
                               textIsRich="true"/>
                  </step_par>
               </step_47_0>
               <step_48_0 jcr:primaryType="nt:unstructured" sling:resourceType="help/components/step">
                  <step_par jcr:primaryType="nt:unstructured"
                            sling:resourceType="help/components/procedure/step_parsys">
                     <text_122 jcr:primaryType="nt:unstructured"
                               sling:resourceType="help/components/article-3/text"
                               text="&lt;p&gt;Drag and drop, and then configure a &lt;strong&gt;Load file&lt;/strong&gt; activity which will allow you to import a population that has an &lt;strong&gt;unknown&lt;/strong&gt; dimension when the workflow is executed. For more information on configuring this activity, refer to the &#xA;&#x9;&#x9;&#x9;&#x9;&#x9;&#x9;&#x9;&#x9;&#x9;&#x9;&#x9;&#xA;&#x9;&#x9;&#x9;&#x9;&#x9;&#x9;&#x9;&lt;a href=&#34;/content/help/en/campaign/standard/automating/using/load-file.html&#34;&gt;Load file&lt;/a&gt; section.&lt;/p&gt;&#xA;"
                               textIsRich="true"/>
                     <image_19 jcr:primaryType="nt:unstructured"
                               sling:resourceType="help/components/article-3/image"
                               jcr:title=""
                               alt=""
                               captionBottom=""
                               fileName="audience_files_1.png"
                               originalFileName="images/en/audience_files_1.png"
                               fileReference="/content/dam/help/en/campaign/standard/audience_files_1.png"
                               imageRotate="0"
                               originalHeight=""
                               originalWidth=""
                               scaleOption="toTemplate"
                               status="legacy"/>
                  </step_par>
               </step_48_0>
               <step_49_0 jcr:primaryType="nt:unstructured" sling:resourceType="help/components/step">
                  <step_par jcr:primaryType="nt:unstructured"
                            sling:resourceType="help/components/procedure/step_parsys">
                     <text_123 jcr:primaryType="nt:unstructured"
                               sling:resourceType="help/components/article-3/text"
                               text="&lt;p&gt;Drag and drop a &lt;strong&gt;Save audience&lt;/strong&gt; activity after the &lt;strong&gt;Load file&lt;/strong&gt; activity. For more information on configuring this activity, refer to the &#xA;&#x9;&#x9;&#x9;&#x9;&#x9;&#x9;&#x9;&#x9;&#x9;&#x9;&#x9;&#xA;&#x9;&#x9;&#x9;&#x9;&#x9;&#x9;&#x9;&lt;a href=&#34;/content/help/en/campaign/standard/automating/using/save-audience.html&#34;&gt;Save audience&lt;/a&gt; section.&lt;/p&gt;&#xA;"
                               textIsRich="true"/>
                  </step_par>
               </step_49_0>
               <step_50_0 jcr:primaryType="nt:unstructured" sling:resourceType="help/components/step">
                  <step_par jcr:primaryType="nt:unstructured"
                            sling:resourceType="help/components/procedure/step_parsys">
                     <text_124 jcr:primaryType="nt:unstructured"
                               sling:resourceType="help/components/article-3/text"
                               text="&lt;p&gt;Save and start the workflow.&lt;/p&gt;&#xA;"
                               textIsRich="true"/> 
                     <image_20 jcr:primaryType="nt:unstructured"
                               sling:resourceType="help/components/article-3/image"
                               jcr:title=""
                               alt=""
                               captionBottom=""
                               fileName="audience_files_2.png"
                               originalFileName="images/en/audience_files_2.png"
                               fileReference="/content/dam/help/en/campaign/standard/audience_files_2.png"
                               imageRotate="0"
                               originalHeight=""
                               originalWidth=""
                               scaleOption="toTemplate"
                               status="legacy"/>
                     <text_125 jcr:primaryType="nt:unstructured"
                               sling:resourceType="help/components/article-3/text"
                               text="&lt;p&gt;As the &lt;strong&gt;Save audience&lt;/strong&gt; is placed after an import, the data dimension is unknown and the audiences created via this activity are &lt;strong&gt;File&lt;/strong&gt; audiences.&lt;/p&gt;&#xA;"
                               textIsRich="true"/>
                     <text_126 jcr:primaryType="nt:unstructured"
                               sling:resourceType="help/components/article-3/text"
                               text="&lt;p&gt;The content of the saved audience is then available in the audience's detailed view that can be accessed via the list of audiences. The columns available from this view correspond to the columns of the inbound transition of the workflow's save activity. For example: the columns of the imported file, the additional data added from a query.&lt;/p&gt;&#xA;"
                               textIsRich="true"/>
                     <image_21 jcr:primaryType="nt:unstructured"
                               sling:resourceType="help/components/article-3/image"
                               jcr:title=""
                               alt=""
                               captionBottom=""
                               fileName="audience_files_3.png"
                               originalFileName="images/en/audience_files_3.png"
                               fileReference="/content/dam/help/en/campaign/standard/audience_files_3.png"
                               imageRotate="0"
                               originalHeight=""
                               originalWidth=""
                               scaleOption="toTemplate"
                               status="legacy"/>
                  </step_par>
               </step_50_0>
            </proc_par>
         </procedure_5_10>
      
      
        <header_18 jcr:primaryType="nt:unstructured" sling:resourceType="help/components/header"
                    id="creating-experience-cloud-audiences"
                    level="2"
                    text="&lt;p&gt;Creating Experience Cloud audiences&lt;/p&gt;&#xA;"
                    textIsRich="'true'"/>
        <text_127 jcr:primaryType="nt:unstructured"
                   sling:resourceType="help/components/article-3/text"
                   text="&lt;p&gt;Adobe Campaign allows you to share and exchange audiences with Adobe Experience Cloud. Creating and managing audiences is detailed in the &#xA;&#x9;&#x9;&#x9;&#x9;&#x9;&#x9;&#x9;&#x9;&#x9;&#x9;&#x9;&#xA;&#x9;&#x9;&#x9;&#x9;&#x9;&#x9;&#x9;&lt;a href=&#34;/content/help/en/campaign/standard/integrating/using/sharing-audiences-with-audience-manager-or-people-core-service.html&#34;&gt;Importing/Exporting audiences with People core service&lt;/a&gt; section.&lt;/p&gt;&#xA;"
                   textIsRich="true"/>
      
    
         <header_19 jcr:primaryType="nt:unstructured" sling:resourceType="help/components/header"
                    id="editing-audiences"
                    level="2"
                    text="&lt;p&gt;Editing audiences&lt;/p&gt;&#xA;"
                    textIsRich="'true'"/>
         <text_128 jcr:primaryType="nt:unstructured"
                   sling:resourceType="help/components/article-3/text"
                   text="&lt;p&gt;There are different ways to edit an audience depending on the audience type:&lt;/p&gt;&#xA;"
                   textIsRich="true"/>
         <procedure_7 jcr:primaryType="nt:unstructured"
                      sling:resourceType="help/components/procedure"
                      isBulleted="true">
            <proc_par jcr:primaryType="nt:unstructured"
                      sling:resourceType="help/components/procedure/proc_parsys">
               <step_51_7 jcr:primaryType="nt:unstructured" sling:resourceType="help/components/step">
                  <step_par jcr:primaryType="nt:unstructured"
                            sling:resourceType="help/components/procedure/step_parsys">
                     <text_129 jcr:primaryType="nt:unstructured"
                               sling:resourceType="help/components/article-3/text"
                               text="&lt;p&gt;To edit a &lt;strong&gt;Query&lt;/strong&gt; audience, go to the list of audiences via the &lt;strong&gt;Audiences&lt;/strong&gt; menu, or the &lt;strong&gt;Audiences&lt;/strong&gt; card from the Adobe Campaign home page.&lt;/p&gt;&#xA;"
                               textIsRich="true"/>
                     <text_130 jcr:primaryType="nt:unstructured"
                               sling:resourceType="help/components/article-3/text"
                               text="&lt;p&gt;Open the relevant audience. All of the elements of a previously created audience can be edited.&lt;/p&gt;&#xA;"
                               textIsRich="true"/>
                     <caution_1 jcr:primaryType="nt:unstructured"
                                sling:resourceType="help/components/article-3/note"
                                text="&lt;p&gt;&#xA;            If you change the &lt;strong&gt;Filtering dimension&lt;/strong&gt; in the query, the rules that have previously been defined will be lost.&#xA;          &lt;/p&gt;&#xA;"
                                textIsRich="true"
                                type="caution"/>
                  </step_par>
               </step_51_7>
               <step_52_7 jcr:primaryType="nt:unstructured" sling:resourceType="help/components/step">
                  <step_par jcr:primaryType="nt:unstructured"
                            sling:resourceType="help/components/procedure/step_parsys">
                     <text_132 jcr:primaryType="nt:unstructured"
                               sling:resourceType="help/components/article-3/text"
                               text="&lt;p&gt;To edit a &lt;strong&gt;List&lt;/strong&gt; or &lt;strong&gt;File&lt;/strong&gt; audience, edit the workflow from which it was created and modify the &lt;strong&gt;Save audience&lt;/strong&gt; activity. Start the workflow so that the audience is modified.&lt;/p&gt;&#xA;"
                               textIsRich="true"/>
                  </step_par>
               </step_52_7>
               <step_53_7 jcr:primaryType="nt:unstructured" sling:resourceType="help/components/step">
                  <step_par jcr:primaryType="nt:unstructured"
                            sling:resourceType="help/components/procedure/step_parsys">
                     <text_133 jcr:primaryType="nt:unstructured"
                               sling:resourceType="help/components/article-3/text"
                               text="&lt;p&gt;To edit an &lt;strong&gt;Experience Cloud&lt;/strong&gt; audience, refer to the &#xA;&#x9;&#x9;&#x9;&#x9;&#x9;&#x9;&#x9;&#x9;&#x9;&#x9;&#x9;&#xA;&#x9;&#x9;&#x9;&#x9;&#x9;&#x9;&#x9;&lt;a href=&#34;/content/help/en/campaign/standard/integrating/using/sharing-audiences-with-audience-manager-or-people-core-service.html&#34;&gt;Importing/Exporting audiences with People core service&lt;/a&gt; section.&lt;/p&gt;&#xA;"
                               textIsRich="true"/>
                  </step_par>
               </step_53_7>
            </proc_par>
         </procedure_7>
    
    
         <header_20 jcr:primaryType="nt:unstructured" sling:resourceType="help/components/header"
                    id="deleting-audiences"
                    level="2"
                    text="&lt;p&gt;Deleting audiences&lt;/p&gt;&#xA;"
                    textIsRich="'true'"/>
         <text_134 jcr:primaryType="nt:unstructured"
                   sling:resourceType="help/components/article-3/text"
                   text="&lt;p&gt;There are two ways to delete one or multiple audiences. First you can add an expiration date to your audience&lt;/p&gt;&#xA;"
                   textIsRich="true"/>
         <text_135 jcr:primaryType="nt:unstructured"
                   sling:resourceType="help/components/article-3/text"
                   text="&lt;p&gt;To do so:&lt;/p&gt;&#xA;"
                   textIsRich="true"/>
         <procedure_6_10 jcr:primaryType="nt:unstructured"
                         sling:resourceType="help/components/procedure">
            <proc_par jcr:primaryType="nt:unstructured"
                      sling:resourceType="help/components/procedure/proc_parsys">
               <step_54_0 jcr:primaryType="nt:unstructured" sling:resourceType="help/components/step">
                  <step_par jcr:primaryType="nt:unstructured"
                            sling:resourceType="help/components/procedure/step_parsys">
                     <text_136 jcr:primaryType="nt:unstructured"
                               sling:resourceType="help/components/article-3/text"
                               text="&lt;p&gt;Access one of your audience.&lt;/p&gt;&#xA;"
                               textIsRich="true"/>
                  </step_par>
               </step_54_0>
               <step_55_0 jcr:primaryType="nt:unstructured" sling:resourceType="help/components/step">
                  <step_par jcr:primaryType="nt:unstructured"
                            sling:resourceType="help/components/procedure/step_parsys">
                     <text_137 jcr:primaryType="nt:unstructured"
                               sling:resourceType="help/components/article-3/text"
                               text="&lt;p&gt;Click the &#xA;&#x9;&lt;img height=&#34;21px&#34; src=&#34;/content/dam/help/en/campaign/standard/edit_darkgrey-24px.png&#34; /&gt;&#xA;&#x9;&#xA; button to access your audience's configuration.&lt;/p&gt;&#xA;"
                               textIsRich="true"/>
                     <image_22 jcr:primaryType="nt:unstructured"
                               sling:resourceType="help/components/article-3/image"
                               jcr:title=""
                               alt=""
                               captionBottom=""
                               fileName="audience_delete_2.png"
                               originalFileName="images/en/audience_delete_2.png"
                               fileReference="/content/dam/help/en/campaign/standard/audience_delete_2.png"
                               imageRotate="0"
                               originalHeight=""
                               originalWidth=""
                               scaleOption="toTemplate"
                               status="legacy"/>
                  </step_par>
               </step_55_0>
               <step_56_0 jcr:primaryType="nt:unstructured" sling:resourceType="help/components/step">
                  <step_par jcr:primaryType="nt:unstructured"
                            sling:resourceType="help/components/procedure/step_parsys">
                     <text_138 jcr:primaryType="nt:unstructured"
                               sling:resourceType="help/components/article-3/text"
                               text="&lt;p&gt;In the &lt;strong&gt;Expires on&lt;/strong&gt; field, add an expiration date to your audience.&lt;/p&gt;&#xA;"
                               textIsRich="true"/>
                     <image_23 jcr:primaryType="nt:unstructured"
                               sling:resourceType="help/components/article-3/image"
                               jcr:title=""
                               alt=""
                               captionBottom=""
                               fileName="audience_delete_3.png"
                               originalFileName="images/en/audience_delete_3.png"
                               fileReference="/content/dam/help/en/campaign/standard/audience_delete_3.png"
                               imageRotate="0"
                               originalHeight=""
                               originalWidth=""
                               scaleOption="toTemplate"
                               status="legacy"/>
                  </step_par>
               </step_56_0>
               <step_57_0 jcr:primaryType="nt:unstructured" sling:resourceType="help/components/step">
                  <step_par jcr:primaryType="nt:unstructured"
                            sling:resourceType="help/components/procedure/step_parsys">
                     <text_139 jcr:primaryType="nt:unstructured"
                               sling:resourceType="help/components/article-3/text"
                               text="&lt;p&gt;Click &lt;strong&gt;Confirm&lt;/strong&gt; then &lt;strong&gt;Save&lt;/strong&gt;.&lt;/p&gt;&#xA;"
                               textIsRich="true"/>
                  </step_par>
               </step_57_0>
            </proc_par>
         </procedure_6_10>
         <text_140 jcr:primaryType="nt:unstructured"
                   sling:resourceType="help/components/article-3/text"
                   text="&lt;p&gt;Your expiration date is now configured. As soon as this date is reached, your audience will be automatically deleted.&lt;/p&gt;&#xA;"
                   textIsRich="true"/>
         <text_141 jcr:primaryType="nt:unstructured"
                   sling:resourceType="help/components/article-3/text"
                   text="&lt;p&gt;Or if you need to delete an audience, you can simply select one or several audiences then click the &lt;strong&gt;Delete element&lt;/strong&gt; button.&lt;/p&gt;&#xA;"
                   textIsRich="true"/>
         <image_24 jcr:primaryType="nt:unstructured"
                   sling:resourceType="help/components/article-3/image"
                   jcr:title=""
                   alt=""
                   captionBottom=""
                   fileName="audience_delete_1.png"
                   originalFileName="images/en/audience_delete_1.png"
                   fileReference="/content/dam/help/en/campaign/standard/audience_delete_1.png"
                   imageRotate="0"
                   originalHeight=""
                   originalWidth=""
                   scaleOption="toTemplate"
                   status="legacy"/>
    
      </main-pars>
      <hero jcr:primaryType="nt:unstructured"
            sling:resourceType="foundation/components/image"/>
      <thumbnail jcr:primaryType="nt:unstructured"
                 sling:resourceType="foundation/components/image"/>
      <publisherLogo jcr:primaryType="nt:unstructured"
                     sling:resourceType="foundation/components/image"/>
   </jcr:content>
</jcr:root>