<?xml version="1.0" encoding="UTF-8"?>
<jcr:root xmlns:nt="http://www.jcp.org/jcr/nt/1.0" xmlns:json="http://json.org/"
          xmlns:sling="http://sling.apache.org/jcr/sling/1.0"
          xmlns:cq="http://www.day.com/jcr/cq/1.0"
          xmlns:jcr="http://www.jcp.org/jcr/1.0"
          xmlns:mix="http://www.jcp.org/jcr/mix/1.0"
          jcr:primaryType="cq:Page">
   <jcr:content navTitle="Editing profiles" jcr:primaryType="cq:PageContent"
                sling:resourceType="help/components/pages/article-3"
                heroGradient="light"
                jcr:language="en_us"
                cq:designPath="/etc/designs/help"
                cq:template="/apps/help/templates/article-3"
                jcr:mixinTypes="[mix:versionable]"
                jcr:title="Editing profiles"
                jcr:description="Editing profiles"
                seoDescription="Learn how to edit existing profiles and access contact information, prefered channels, tracking logs, subscriptions, etc."
                primaryProductTag="[products:SG_CAMPAIGN/STANDARD]"
                cq:tags="[products:SG_CAMPAIGN/STANDARD,audience:audiences,content_type:reference,topic_tags:managing-profiles]"
                primaryAudienceTag="[audience:audiences]"
                contentOwner="sauviat"
                isReadyForLocalization="true"
                publishExternalDate="2018-09-04">
      <main-pars jcr:primaryType="nt:unstructured"
                 sling:resourceType="foundation/components/parsys">
            
            
        
            <header_6 jcr:primaryType="nt:unstructured" sling:resourceType="help/components/header"
                   id="accessing-profile-properties"
                   level="2"
                   text="&lt;p&gt;Accessing profile properties&lt;/p&gt;&#xA;"
                   textIsRich="'true'"/>
            <text_57 jcr:primaryType="nt:unstructured"
                  sling:resourceType="help/components/article-3/text"
                  text="&lt;p&gt;To edit an existing profile and consult the data associated to it, or modify it, the steps are as follows: &lt;/p&gt;&#xA;"
                  textIsRich="true"/>
            <procedure_1_10 jcr:primaryType="nt:unstructured"
                         sling:resourceType="help/components/procedure">
            <proc_par jcr:primaryType="nt:unstructured"
                      sling:resourceType="help/components/procedure/proc_parsys">
                <step_23_0 jcr:primaryType="nt:unstructured" sling:resourceType="help/components/step">
                  <step_par jcr:primaryType="nt:unstructured"
                            sling:resourceType="help/components/procedure/step_parsys">
                    <text_58 jcr:primaryType="nt:unstructured"
                              sling:resourceType="help/components/article-3/text"
                              text="&lt;p&gt;From the Adobe Campaign home page, click the &lt;strong&gt;Customer profiles&lt;/strong&gt; card or the &lt;strong&gt;Profiles&lt;/strong&gt; tab.&lt;/p&gt;&#xA;"
                              textIsRich="true"/>
                  </step_par>
               </step_23_0>
                <step_24_0 jcr:primaryType="nt:unstructured" sling:resourceType="help/components/step">
                  <step_par jcr:primaryType="nt:unstructured"
                            sling:resourceType="help/components/procedure/step_parsys">
                    <text_59 jcr:primaryType="nt:unstructured"
                              sling:resourceType="help/components/article-3/text"
                              text="&lt;p&gt; Select a contact.&lt;/p&gt;&#xA;"
                              textIsRich="true"/>
                  </step_par>
               </step_24_0>
                <step_25_0 jcr:primaryType="nt:unstructured" sling:resourceType="help/components/step">
                  <step_par jcr:primaryType="nt:unstructured"
                            sling:resourceType="help/components/procedure/step_parsys">
                    <text_60 jcr:primaryType="nt:unstructured"
                              sling:resourceType="help/components/article-3/text"
                              text="&lt;p&gt;Click the &lt;strong&gt;Edit profile properties&lt;/strong&gt; icon to access the profile's detailed information.&lt;/p&gt;&#xA;"
                              textIsRich="true"/>
                    <image_4 jcr:primaryType="nt:unstructured"
                              sling:resourceType="help/components/article-3/image"
                              jcr:title=""
                              alt=""
                              captionBottom=""
                              fileName="profile_creation2.png"
                              originalFileName="images/en/profile_creation2.png"
                              fileReference="/content/dam/help/en/campaign/standard/profile_creation2.png"
                              imageRotate="0"
                              originalHeight=""
                              originalWidth=""
                              scaleOption="toTemplate"
                              status="legacy"/>
                    <text_61 jcr:primaryType="nt:unstructured"
                              sling:resourceType="help/components/article-3/text"
                              text="&lt;p&gt;The profile's properties window offers several tabs that give access to all profile information.&lt;/p&gt;&#xA;"
                              textIsRich="true"/>
                    <text_62 jcr:primaryType="nt:unstructured"
                              sling:resourceType="help/components/article-3/text"
                              text="&lt;p&gt;Other tabs may also appear depending on the custom resources that have been created or extended in Adobe Campaign. For more information about custom resources, see &#xA;&#x9;&#x9;&#x9;&#x9;&#x9;&#x9;&#x9;&#x9;&#x9;&#x9;&#x9;&#xA;&#x9;&#x9;&#x9;&#x9;&#x9;&#x9;&#x9;&lt;a href=&#34;/content/help/en/campaign/standard/developing/using/data-model-concepts.html&#34;&gt;About custom resources&lt;/a&gt;.&lt;/p&gt;&#xA;"
                              textIsRich="true"/>
                    <note_1 jcr:primaryType="nt:unstructured"
                             sling:resourceType="help/components/article-3/note"
                             text="&lt;p&gt;&#xA;                        You can only modify the information in the &lt;strong&gt;General&lt;/strong&gt; tab - except for the &lt;strong&gt;Traceability&lt;/strong&gt; section.&#xA;                    &lt;/p&gt;&#xA;"
                             textIsRich="true"
                             type="note"/>
                  </step_par>
               </step_25_0>
            </proc_par>
         </procedure_1_10>
            <text_64 jcr:primaryType="nt:unstructured"
                  sling:resourceType="help/components/article-3/text"
                  text="&lt;p&gt;Related topic:&lt;/p&gt;&#xA;"
                  textIsRich="true"/>
            <text_65 jcr:primaryType="nt:unstructured"
                  sling:resourceType="help/components/article-3/text"
                  text="&lt;p&gt;&#xA;&#x9;&#x9;&#x9;&#x9;&#x9;&#x9;&#x9;&#x9;&#x9;&#x9;&#x9;&#xA;&#x9;&#x9;&#x9;&#x9;&#x9;&#x9;&#x9;&lt;a href=&#34;/content/help/en/campaign/standard/audiences/using/integrated-customer-profile.html&#34;&gt;Integrated customer profile&lt;/a&gt;&lt;/p&gt;&#xA;"
                  textIsRich="true"/>
            <text_66 jcr:primaryType="nt:unstructured"
                  sling:resourceType="help/components/article-3/text"
                  text="&lt;p&gt;&#xA;&#x9;&#x9;&#x9;&#x9;&#x9;&#x9;&#x9;&#x9;&#x9;&#x9;&#x9;&#xA;&#x9;&#x9;&#x9;&#x9;&#x9;&#x9;&#x9;&lt;a href=&#34;/content/help/en/campaign/standard/sending/using/sending-messages-at-the-recipient-s-time-zone.html&#34;&gt;Sending at the recipient's time zone&lt;/a&gt;&lt;/p&gt;&#xA;"
                  textIsRich="true"/>
        
        
            <header_7 jcr:primaryType="nt:unstructured" sling:resourceType="help/components/header"
                   id="general-profile-data"
                   level="2"
                   text="&lt;p&gt;General profile data&lt;/p&gt;&#xA;"
                   textIsRich="'true'"/>
            <text_67 jcr:primaryType="nt:unstructured"
                  sling:resourceType="help/components/article-3/text"
                  text="&lt;p&gt;The &lt;strong&gt;General&lt;/strong&gt; tab groups the following information about the profile:&lt;/p&gt;&#xA;"
                  textIsRich="true"/>
            <procedure_5 jcr:primaryType="nt:unstructured"
                      sling:resourceType="help/components/procedure"
                      isBulleted="true">
            <proc_par jcr:primaryType="nt:unstructured"
                      sling:resourceType="help/components/procedure/proc_parsys">
                <step_26_5 jcr:primaryType="nt:unstructured" sling:resourceType="help/components/step">
                  <step_par jcr:primaryType="nt:unstructured"
                            sling:resourceType="help/components/procedure/step_parsys">
                    <text_68 jcr:primaryType="nt:unstructured"
                              sling:resourceType="help/components/article-3/text"
                              text="&lt;p&gt;Contact information, which contains the recipient's first name, last name, date of birth, photo, preferred language (for &#xA;&#x9;&#x9;&#x9;&#x9;&#x9;&#x9;&#x9;&#x9;&#x9;&#x9;&#x9;&#xA;&#x9;&#x9;&#x9;&#x9;&#x9;&#x9;&#x9;&lt;a href=&#34;/content/help/en/campaign/standard/channels/using/creating-a-multilingual-email.html&#34;&gt;multilingual emails&lt;/a&gt;), etc.&lt;/p&gt;&#xA;"
                              textIsRich="true"/>
                  </step_par>
               </step_26_5>
                <step_27_5 jcr:primaryType="nt:unstructured" sling:resourceType="help/components/step">
                  <step_par jcr:primaryType="nt:unstructured"
                            sling:resourceType="help/components/procedure/step_parsys">
                    <text_69 jcr:primaryType="nt:unstructured"
                              sling:resourceType="help/components/article-3/text"
                              text="&lt;p&gt;Channels on which the profile can be contacted, which contains the recipient's email address, mobile phone number, opt-out information. &lt;/p&gt;&#xA;"
                              textIsRich="true"/>
                  </step_par>
               </step_27_5>
                <step_28_5 jcr:primaryType="nt:unstructured" sling:resourceType="help/components/step">
                  <step_par jcr:primaryType="nt:unstructured"
                            sling:resourceType="help/components/procedure/step_parsys">
                    <text_70 jcr:primaryType="nt:unstructured"
                              sling:resourceType="help/components/article-3/text"
                              text="&lt;p&gt;Postal address (for &#xA;&#x9;&#x9;&#x9;&#x9;&#x9;&#x9;&#x9;&#x9;&#x9;&#x9;&#x9;&#xA;&#x9;&#x9;&#x9;&#x9;&#x9;&#x9;&#x9;&lt;a href=&#34;/content/help/en/campaign/standard/channels/using/about-direct-mail.html&#34;&gt;direct mail&lt;/a&gt;), and the contact's time zone (to &#xA;&#x9;&#x9;&#x9;&#x9;&#x9;&#x9;&#x9;&#x9;&#x9;&#x9;&#x9;&#xA;&#x9;&#x9;&#x9;&#x9;&#x9;&#x9;&#x9;&lt;a href=&#34;/content/help/en/campaign/standard/sending/using/sending-messages-at-the-recipient-s-time-zone.html&#34;&gt;schedule messages in its time zone&lt;/a&gt;).&lt;/p&gt;&#xA;"
                              textIsRich="true"/>
                  </step_par>
               </step_28_5>
                <step_29_5 jcr:primaryType="nt:unstructured" sling:resourceType="help/components/step">
                  <step_par jcr:primaryType="nt:unstructured"
                            sling:resourceType="help/components/procedure/step_parsys">
                    <text_71 jcr:primaryType="nt:unstructured"
                              sling:resourceType="help/components/article-3/text"
                              text="&lt;p&gt;Access authorization, which indicates the recipient's geographical and organisational units (to &#xA;&#x9;&#x9;&#x9;&#x9;&#x9;&#x9;&#x9;&#x9;&#x9;&#x9;&#x9;&#xA;&#x9;&#x9;&#x9;&#x9;&#x9;&#x9;&#x9;&lt;a href=&#34;/content/help/en/campaign/standard/administration/using/about-access-management.html&#34;&gt;manage permissions&lt;/a&gt;). See also &#xA;&#x9;&#x9;&#x9;&#x9;&#x9;&#x9;&#x9;&#x9;&#x9;&#x9;&#x9;&#xA;&#x9;&#x9;&#x9;&#x9;&#x9;&#x9;&#x9;&lt;a href=&#34;/content/help/en/campaign/standard/administration/using/organizational-and-geographical-units.html#partitioning-profiles&#34;&gt;Partitioning profiles&lt;/a&gt;.&lt;/p&gt;&#xA;"
                              textIsRich="true"/>
                  </step_par>
               </step_29_5>
            </proc_par>
         </procedure_5>
            <image_5 jcr:primaryType="nt:unstructured"
                  sling:resourceType="help/components/article-3/image"
                  jcr:title=""
                  alt=""
                  captionBottom=""
                  fileName="profile_creation4.png"
                  originalFileName="images/en/profile_creation4.png"
                  fileReference="/content/dam/help/en/campaign/standard/profile_creation4.png"
                  imageRotate="0"
                  originalHeight=""
                  originalWidth=""
                  scaleOption="toTemplate"
                  status="legacy"/>
        
        
            <header_8 jcr:primaryType="nt:unstructured" sling:resourceType="help/components/header"
                   id="sending-and-tracking-logs"
                   level="2"
                   text="&lt;p&gt;Sending and tracking logs&lt;/p&gt;&#xA;"
                   textIsRich="'true'"/>
            <text_72 jcr:primaryType="nt:unstructured"
                  sling:resourceType="help/components/article-3/text"
                  text="&lt;p&gt;The &lt;strong&gt;Sending logs&lt;/strong&gt; and &lt;strong&gt;Tracking logs&lt;/strong&gt; tabs group the list of deliveries that were sent to the profile, and all related tracking data.&lt;/p&gt;&#xA;"
                  textIsRich="true"/>
            <text_73 jcr:primaryType="nt:unstructured"
                  sling:resourceType="help/components/article-3/text"
                  text="&lt;p&gt;For more on sending and tracking logs, refer to the &#xA;&#x9;&#x9;&#x9;&#x9;&#x9;&#x9;&#x9;&#x9;&#x9;&#x9;&#x9;&#xA;&#x9;&#x9;&#x9;&#x9;&#x9;&#x9;&#x9;&lt;a href=&#34;/content/help/en/campaign/standard/sending/using/monitoring-a-delivery.html#delivery-logs&#34;&gt;delivery logs&lt;/a&gt; and the &#xA;&#x9;&#x9;&#x9;&#x9;&#x9;&#x9;&#x9;&#x9;&#x9;&#x9;&#x9;&#xA;&#x9;&#x9;&#x9;&#x9;&#x9;&#x9;&#x9;&lt;a href=&#34;/content/help/en/campaign/standard/sending/using/tracking-messages.html&#34;&gt;tracking messages&lt;/a&gt; sections.&lt;/p&gt;&#xA;"
                  textIsRich="true"/>
        
        
            <header_9 jcr:primaryType="nt:unstructured" sling:resourceType="help/components/header"
                   id="subscriptions"
                   level="2"
                   text="&lt;p&gt;Subscriptions&lt;/p&gt;&#xA;"
                   textIsRich="'true'"/>
            <text_74 jcr:primaryType="nt:unstructured"
                  sling:resourceType="help/components/article-3/text"
                  text="&lt;p&gt;The contact's subscriptions are listed in the corresponding tab. For more on subscribing to a service, refer to &#xA;&#x9;&#x9;&#x9;&#x9;&#x9;&#x9;&#x9;&#x9;&#x9;&#x9;&#x9;&#xA;&#x9;&#x9;&#x9;&#x9;&#x9;&#x9;&#x9;&lt;a href=&#34;/content/help/en/campaign/standard/audiences/using/about-subscriptions.html&#34;&gt;this section&lt;/a&gt;.&lt;/p&gt;&#xA;"
                  textIsRich="true"/>
            <text_75 jcr:primaryType="nt:unstructured"
                  sling:resourceType="help/components/article-3/text"
                  text="&lt;p&gt;The &lt;strong&gt;Mobile App Subscriptions&lt;/strong&gt; tab refer to the push notifications. For more information, refer to the &#xA;&#x9;&#x9;&#x9;&#x9;&#x9;&#x9;&#x9;&#x9;&#x9;&#x9;&#x9;&#xA;&#x9;&#x9;&#x9;&#x9;&#x9;&#x9;&#x9;&lt;a href=&#34;/content/help/en/campaign/standard/channels/using/about-push-notifications.html&#34;&gt;Push notification&lt;/a&gt; channel.&lt;/p&gt;&#xA;"
                  textIsRich="true"/>
        
        </main-pars>
      <hero jcr:primaryType="nt:unstructured"
            sling:resourceType="foundation/components/image"/>
      <thumbnail jcr:primaryType="nt:unstructured"
                 sling:resourceType="foundation/components/image"/>
      <publisherLogo jcr:primaryType="nt:unstructured"
                     sling:resourceType="foundation/components/image"/>
   </jcr:content>
</jcr:root>