<?xml version="1.0" encoding="UTF-8"?>
<jcr:root xmlns:nt="http://www.jcp.org/jcr/nt/1.0" xmlns:json="http://json.org/"
          xmlns:sling="http://sling.apache.org/jcr/sling/1.0"
          xmlns:cq="http://www.day.com/jcr/cq/1.0"
          xmlns:jcr="http://www.jcp.org/jcr/1.0"
          xmlns:mix="http://www.jcp.org/jcr/mix/1.0"
          jcr:primaryType="cq:Page">
   <jcr:content navTitle="Integrated customer profile" jcr:primaryType="cq:PageContent"
                sling:resourceType="help/components/pages/article-3"
                heroGradient="light"
                jcr:language="en_us"
                cq:designPath="/etc/designs/help"
                cq:template="/apps/help/templates/article-3"
                jcr:mixinTypes="[mix:versionable]"
                jcr:title="Integrated customer profile"
                jcr:description="Integrated customer profile"
                seoDescription="Track every customer interaction in a single view: Adobe Campaign integrated customer profile is updated throughout the customer life cycle."
                primaryProductTag="[products:SG_CAMPAIGN/STANDARD]"
                cq:tags="[products:SG_CAMPAIGN/STANDARD,audience:audiences,content_type:reference,topic_tags:managing-profiles]"
                primaryAudienceTag="[audience:audiences]"
                contentOwner="sauviat"
                isReadyForLocalization="true"
                publishExternalDate="2018-09-04">
      <main-pars jcr:primaryType="nt:unstructured"
                 sling:resourceType="foundation/components/parsys">
        
        
        
        <text_77 jcr:primaryType="nt:unstructured"
                  sling:resourceType="help/components/article-3/text"
                  text="&lt;p&gt;An integrated customer profile is available for each contact of your database. This marketing history combines all relevant marketing information concerning contact with a client into one single view. You can then access all digital behaviors, online and offline transactions in a central location:  contact information, emails received, tracking logs,  subscriptions and unsubscriptions, etc. &lt;/p&gt;&#xA;"
                  textIsRich="true"/>
        <text_78 jcr:primaryType="nt:unstructured"
                  sling:resourceType="help/components/article-3/text"
                  text="&lt;p&gt;To access the integrated customer profile, steps are as follows:&lt;/p&gt;&#xA;"
                  textIsRich="true"/>
        <procedure_2_10 jcr:primaryType="nt:unstructured"
                         sling:resourceType="help/components/procedure">
            <proc_par jcr:primaryType="nt:unstructured"
                      sling:resourceType="help/components/procedure/proc_parsys">
               <step_30_0 jcr:primaryType="nt:unstructured" sling:resourceType="help/components/step">
                  <step_par jcr:primaryType="nt:unstructured"
                            sling:resourceType="help/components/procedure/step_parsys">
                     <text_79 jcr:primaryType="nt:unstructured"
                              sling:resourceType="help/components/article-3/text"
                              text="&lt;p&gt;From the Adobe Campaign home page, click the &lt;strong&gt;Customer profiles&lt;/strong&gt; card or the &lt;strong&gt;Profiles&lt;/strong&gt; tab.&lt;/p&gt;&#xA;"
                              textIsRich="true"/>
                  </step_par>
               </step_30_0>
               <step_31_0 jcr:primaryType="nt:unstructured" sling:resourceType="help/components/step">
                  <step_par jcr:primaryType="nt:unstructured"
                            sling:resourceType="help/components/procedure/step_parsys">
                     <text_80 jcr:primaryType="nt:unstructured"
                              sling:resourceType="help/components/article-3/text"
                              text="&lt;p&gt; Select a contact.&lt;/p&gt;&#xA;"
                              textIsRich="true"/>
                     <image_6 jcr:primaryType="nt:unstructured"
                              sling:resourceType="help/components/article-3/image"
                              jcr:title=""
                              alt=""
                              captionBottom=""
                              fileName="mkt_hist_access.png"
                              originalFileName="images/en/mkt_hist_access.png"
                              fileReference="/content/dam/help/en/campaign/standard/mkt_hist_access.png"
                              imageRotate="0"
                              originalHeight=""
                              originalWidth=""
                              scaleOption="toTemplate"
                              status="legacy"/>
                  </step_par>
               </step_31_0>
            </proc_par>
         </procedure_2_10>
        <text_81 jcr:primaryType="nt:unstructured"
                  sling:resourceType="help/components/article-3/text"
                  text="&lt;p&gt;You can then access the &lt;strong&gt;Marketing history&lt;/strong&gt; of this contact.&lt;/p&gt;&#xA;"
                  textIsRich="true"/>
        <image_7 jcr:primaryType="nt:unstructured"
                  sling:resourceType="help/components/article-3/image"
                  jcr:title=""
                  alt=""
                  captionBottom=""
                  fileName="mkt_hist_view.png"
                  originalFileName="images/en/mkt_hist_view.png"
                  fileReference="/content/dam/help/en/campaign/standard/mkt_hist_view.png"
                  imageRotate="0"
                  originalHeight=""
                  originalWidth=""
                  scaleOption="toTemplate"
                  status="legacy"/>
        <text_82 jcr:primaryType="nt:unstructured"
                  sling:resourceType="help/components/article-3/text"
                  text="&lt;p&gt;Key information about the profile is gathered in this page, as well as the list of events.&lt;/p&gt;&#xA;"
                  textIsRich="true"/>
        <text_83 jcr:primaryType="nt:unstructured"
                  sling:resourceType="help/components/article-3/text"
                  text="&lt;p&gt;Click an event in the list to open it: you can access the message which has been sent or the service which the profile has subscribed to.&lt;/p&gt;&#xA;"
                  textIsRich="true"/>
        
        
      </main-pars>
      <hero jcr:primaryType="nt:unstructured"
            sling:resourceType="foundation/components/image"/>
      <thumbnail jcr:primaryType="nt:unstructured"
                 sling:resourceType="foundation/components/image"/>
      <publisherLogo jcr:primaryType="nt:unstructured"
                     sling:resourceType="foundation/components/image"/>
   </jcr:content>
</jcr:root>