<?xml version="1.0" encoding="UTF-8"?>
<jcr:root xmlns:nt="http://www.jcp.org/jcr/nt/1.0" xmlns:json="http://json.org/"
          xmlns:sling="http://sling.apache.org/jcr/sling/1.0"
          xmlns:cq="http://www.day.com/jcr/cq/1.0"
          xmlns:jcr="http://www.jcp.org/jcr/1.0"
          xmlns:mix="http://www.jcp.org/jcr/mix/1.0"
          jcr:primaryType="cq:Page">
   <jcr:content navTitle="Managing opt-in and opt-out in Campaign"
                jcr:primaryType="cq:PageContent"
                sling:resourceType="help/components/pages/article-3"
                heroGradient="light"
                jcr:language="en_us"
                cq:designPath="/etc/designs/help"
                cq:template="/apps/help/templates/article-3"
                jcr:mixinTypes="[mix:versionable]"
                jcr:title="Managing opt-in and opt-out in Campaign"
                jcr:description="Managing opt-in and opt-out in Campaign"
                seoDescription="Understand how opt-in and opt-out are managed in Adobe Campaign."
                primaryProductTag="[products:SG_CAMPAIGN/STANDARD]"
                cq:tags="[products:SG_CAMPAIGN/STANDARD,audience:audiences,content_type:reference,topic_tags:understanding-opt-in-and-opt-out-processes]"
                primaryAudienceTag="[audience:audiences]"
                contentOwner="sauviat"
                isReadyForLocalization="true"
                publishExternalDate="2018-09-04">
      <main-pars jcr:primaryType="nt:unstructured"
                 sling:resourceType="foundation/components/parsys">
        
        
            
        
        
            <header_34 jcr:primaryType="nt:unstructured" sling:resourceType="help/components/header"
                    id="managing-opt-in-and-opt-out-from-a-profile"
                    level="2"
                    text="&lt;p&gt;Managing opt-in and opt-out from a profile&lt;/p&gt;&#xA;"
                    textIsRich="'true'"/>
            <text_219 jcr:primaryType="nt:unstructured"
                   sling:resourceType="help/components/article-3/text"
                   text="&lt;p&gt;Users can be opted in or out by an operator directly from the profile &lt;strong&gt;General&lt;/strong&gt; tab.&lt;/p&gt;&#xA;"
                   textIsRich="true"/>
            <text_220 jcr:primaryType="nt:unstructured"
                   sling:resourceType="help/components/article-3/text"
                   text="&lt;p&gt;In the &lt;strong&gt;No longer contact (blacklist)&lt;/strong&gt; section, the selected checkboxes correspond to the channels from which the user chose to opt out. Select the channels according to the user's needs.&lt;/p&gt;&#xA;"
                   textIsRich="true"/>
            <image_34 jcr:primaryType="nt:unstructured"
                   sling:resourceType="help/components/article-3/image"
                   jcr:title=""
                   alt=""
                   captionBottom=""
                   fileName="optIn_landingPage_3.png"
                   originalFileName="images/en/optIn_landingPage_3.png"
                   fileReference="/content/dam/help/en/campaign/standard/optIn_landingPage_3.png"
                   imageRotate="0"
                   originalHeight=""
                   originalWidth=""
                   scaleOption="toTemplate"
                   status="legacy"/>
        
        
            <header_35 jcr:primaryType="nt:unstructured" sling:resourceType="help/components/header"
                    id="setting-up-opt-in-and-opt-out-landing-pages"
                    level="2"
                    text="&lt;p&gt;Setting up opt-in and opt-out landing pages&lt;/p&gt;&#xA;"
                    textIsRich="'true'"/>
            <text_221 jcr:primaryType="nt:unstructured"
                   sling:resourceType="help/components/article-3/text"
                   text="&lt;p&gt;To give users the ability to opt in or opt out, you have to create and publish a &lt;strong&gt;Profile acquisition&lt;/strong&gt; landing page. They will then be able to select the channels according to their needs. To do this, follow the steps below.&lt;/p&gt;&#xA;"
                   textIsRich="true"/>
            <text_222 jcr:primaryType="nt:unstructured"
                   sling:resourceType="help/components/article-3/text"
                   text="&lt;p&gt;You can also set up a &lt;strong&gt;BlackList&lt;/strong&gt; landing page that will enable users to opt out from all deliveries. For more on this, refer to &#xA;&#x9;&#x9;&#x9;&#x9;&#x9;&#xA;&lt;a href=&#34;/content/help/en/campaign/standard/audiences/using/managing-opt-in-and-opt-out-in-campaign.html#setting-up-a-landing-page-to-opt-out-from-all-deliveries&#34; target=&#34;_blank&#34;&gt;Setting up a landing page to opt out from all deliveries&lt;/a&gt;.&lt;/p&gt;&#xA;"
                   textIsRich="true"/>
            <note_5 jcr:primaryType="nt:unstructured"
                 sling:resourceType="help/components/article-3/note"
                 text="&lt;p&gt;&#xA;                Landing pages can also be used to enable services subscription. For more on this, refer to &#xA;&#x9;&#x9;&#x9;&#x9;&#x9;&#x9;&#x9;&#x9;&#x9;&#x9;&#x9;&#xA;&#x9;&#x9;&#x9;&#x9;&#x9;&#x9;&#x9;&lt;a href=&#34;/content/help/en/campaign/standard/channels/using/designing-a-landing-page.html#linking-a-form-to-a-service&#34;&gt;this page&lt;/a&gt;.&#xA;            &lt;/p&gt;&#xA;"
                 textIsRich="true"
                 type="note"/>
            <procedure_12_10 jcr:primaryType="nt:unstructured"
                          sling:resourceType="help/components/procedure">
            <proc_par jcr:primaryType="nt:unstructured"
                      sling:resourceType="help/components/procedure/proc_parsys">
                <step_94_0 jcr:primaryType="nt:unstructured" sling:resourceType="help/components/step">
                  <step_par jcr:primaryType="nt:unstructured"
                            sling:resourceType="help/components/procedure/step_parsys">
                    <text_224 jcr:primaryType="nt:unstructured"
                               sling:resourceType="help/components/article-3/text"
                               text="&lt;p&gt;Create a &lt;strong&gt;Profile acquisition&lt;/strong&gt; landing page (see &#xA;&#x9;&#x9;&#x9;&#x9;&#x9;&#x9;&#x9;&#x9;&#x9;&#x9;&#x9;&#xA;&#x9;&#x9;&#x9;&#x9;&#x9;&#x9;&#x9;&lt;a href=&#34;/content/help/en/campaign/standard/channels/using/about-landing-pages.html&#34;&gt;this section&lt;/a&gt;).&lt;/p&gt;&#xA;"
                               textIsRich="true"/>
                  </step_par>
               </step_94_0>
                <step_95_0 jcr:primaryType="nt:unstructured" sling:resourceType="help/components/step">
                  <step_par jcr:primaryType="nt:unstructured"
                            sling:resourceType="help/components/procedure/step_parsys">
                    <text_225 jcr:primaryType="nt:unstructured"
                               sling:resourceType="help/components/article-3/text"
                               text="&lt;p&gt;Add a checkbox in the landing page content for each desired channel, then link it to the corresponding field from the Campaign database.&lt;/p&gt;&#xA;"
                               textIsRich="true"/>
                    <image_35 jcr:primaryType="nt:unstructured"
                               sling:resourceType="help/components/article-3/image"
                               jcr:title=""
                               alt=""
                               captionBottom=""
                               fileName="optIn_landingPage_1.png"
                               originalFileName="images/en/optIn_landingPage_1.png"
                               fileReference="/content/dam/help/en/campaign/standard/optIn_landingPage_1.png"
                               imageRotate="0"
                               originalHeight=""
                               originalWidth=""
                               scaleOption="toTemplate"
                               status="legacy"/>
                  </step_par>
               </step_95_0>
                <step_96_0 jcr:primaryType="nt:unstructured" sling:resourceType="help/components/step">
                  <step_par jcr:primaryType="nt:unstructured"
                            sling:resourceType="help/components/procedure/step_parsys">
                    <text_226 jcr:primaryType="nt:unstructured"
                               sling:resourceType="help/components/article-3/text"
                               text="&lt;p&gt;Save the landing page and publish it.&lt;/p&gt;&#xA;"
                               textIsRich="true"/>
                  </step_par>
               </step_96_0>
                <step_97_0 jcr:primaryType="nt:unstructured" sling:resourceType="help/components/step">
                  <step_par jcr:primaryType="nt:unstructured"
                            sling:resourceType="help/components/procedure/step_parsys">
                    <text_227 jcr:primaryType="nt:unstructured"
                               sling:resourceType="help/components/article-3/text"
                               text="&lt;p&gt;In the landing page, the checkboxes are already selected according to the profile &lt;strong&gt;General&lt;/strong&gt; tab. The user can select or unselect the channels according to his needs and submit the form.&lt;/p&gt;&#xA;"
                               textIsRich="true"/>
                    <image_36 jcr:primaryType="nt:unstructured"
                               sling:resourceType="help/components/article-3/image"
                               jcr:title=""
                               alt=""
                               captionBottom=""
                               fileName="optIn_landingPage_2.png"
                               originalFileName="images/en/optIn_landingPage_2.png"
                               fileReference="/content/dam/help/en/campaign/standard/optIn_landingPage_2.png"
                               imageRotate="0"
                               originalHeight=""
                               originalWidth=""
                               scaleOption="toTemplate"
                               status="legacy"/>
                  </step_par>
               </step_97_0>
                <step_98_0 jcr:primaryType="nt:unstructured" sling:resourceType="help/components/step">
                  <step_par jcr:primaryType="nt:unstructured"
                            sling:resourceType="help/components/procedure/step_parsys">
                    <text_228 jcr:primaryType="nt:unstructured"
                               sling:resourceType="help/components/article-3/text"
                               text="&lt;p&gt;Once the form submitted, the profile &lt;strong&gt;General&lt;/strong&gt; tab is updated according to the user's selection.&lt;/p&gt;&#xA;"
                               textIsRich="true"/>
                    <image_37 jcr:primaryType="nt:unstructured"
                               sling:resourceType="help/components/article-3/image"
                               jcr:title=""
                               alt=""
                               captionBottom=""
                               fileName="optIn_landingPage_3.png"
                               originalFileName="images/en/optIn_landingPage_3.png"
                               fileReference="/content/dam/help/en/campaign/standard/optIn_landingPage_3.png"
                               imageRotate="0"
                               originalHeight=""
                               originalWidth=""
                               scaleOption="toTemplate"
                               status="legacy"/>
                  </step_par>
               </step_98_0>
            </proc_par>
         </procedure_12_10>
            
                <header_36 jcr:primaryType="nt:unstructured" sling:resourceType="help/components/header"
                    id="setting-up-a-landing-page-to-opt-out-from-all-deliveries"
                    level="3"
                    text="&lt;p&gt;Setting up a landing page to opt out from all deliveries&lt;/p&gt;&#xA;"
                    textIsRich="'true'"/>
                <text_229 jcr:primaryType="nt:unstructured"
                   sling:resourceType="help/components/article-3/text"
                   text="&lt;p&gt;To give users the ability to opt out from all deliveries, you have to create and publish a &lt;strong&gt;BlackList&lt;/strong&gt; landing page. For more on landing pages creation, refer to &#xA;&#x9;&#x9;&#x9;&#x9;&#x9;&#x9;&#x9;&#x9;&#x9;&#x9;&#x9;&#xA;&#x9;&#x9;&#x9;&#x9;&#x9;&#x9;&#x9;&lt;a href=&#34;/content/help/en/campaign/standard/channels/using/about-landing-pages.html&#34;&gt;this page&lt;/a&gt;.&lt;/p&gt;&#xA;"
                   textIsRich="true"/>
                <text_230 jcr:primaryType="nt:unstructured"
                   sling:resourceType="help/components/article-3/text"
                   text="&lt;p&gt;Once a user clicks on the landing page link, the &lt;strong&gt;No longer contact (by any channel)&lt;/strong&gt; option in the profile is automatically selected.&lt;/p&gt;&#xA;"
                   textIsRich="true"/>
                <image_38 jcr:primaryType="nt:unstructured"
                   sling:resourceType="help/components/article-3/image"
                   jcr:title=""
                   alt=""
                   captionBottom=""
                   fileName="blacklisting_allChannels.png"
                   originalFileName="images/en/blacklisting_allChannels.png"
                   fileReference="/content/dam/help/en/campaign/standard/blacklisting_allChannels.png"
                   imageRotate="0"
                   originalHeight=""
                   originalWidth=""
                   scaleOption="toTemplate"
                   status="legacy"/>
            
        
      </main-pars>
      <hero jcr:primaryType="nt:unstructured"
            sling:resourceType="foundation/components/image"/>
      <thumbnail jcr:primaryType="nt:unstructured"
                 sling:resourceType="foundation/components/image"/>
      <publisherLogo jcr:primaryType="nt:unstructured"
                     sling:resourceType="foundation/components/image"/>
   </jcr:content>
</jcr:root>