<?xml version="1.0" encoding="UTF-8"?>
<jcr:root xmlns:nt="http://www.jcp.org/jcr/nt/1.0" xmlns:json="http://json.org/"
          xmlns:sling="http://sling.apache.org/jcr/sling/1.0"
          xmlns:cq="http://www.day.com/jcr/cq/1.0"
          xmlns:jcr="http://www.jcp.org/jcr/1.0"
          xmlns:mix="http://www.jcp.org/jcr/mix/1.0"
          jcr:primaryType="cq:Page">
   <jcr:content cq:designPath="/etc/designs/help"
                cq:template="/apps/help/templates/contenttype"
                jcr:language="en_us"
                jcr:primaryType="cq:PageContent"
                jcr:title="using"
                sling:resourceType="help/components/contenttype"
                contentOwner="sauviat"
                preview="false"
                isReadyForLocalization="true"/>
   <data-model-concepts/>
   <resource-statuses/>
   <monitoring-data-model-changes/>
   <key-steps/>
   <step-1--define-the-resource/>
   <step-2--configure-the-resource-data-structure/>
   <step-3--configure-the-screens/>
   <step-4--define-filters/>
   <step-5--update-the-database-structure/>
   <optional--editing-a-resource-properties/>
   <optional--deleting-a-resource/>
   <generating-a-unique-id-for-profiles-and-custom-resources/>
   <about-extending-the-api/>
   <step-1--add-extension-fields-to-the-profile-resource/>
   <step-2--publish-the-extension/>
   <step-3--verify-the-extension/>
   <about-extending-profiles/>
   <step-1--extend-the-profile-resource/>
   <step-2--extend-the-test-profile/>
   <step-3--update-profiles-and-prepare-an-email/>
</jcr:root>