<?xml version="1.0" encoding="UTF-8"?>
<jcr:root xmlns:nt="http://www.jcp.org/jcr/nt/1.0" xmlns:json="http://json.org/"
          xmlns:sling="http://sling.apache.org/jcr/sling/1.0"
          xmlns:cq="http://www.day.com/jcr/cq/1.0"
          xmlns:jcr="http://www.jcp.org/jcr/1.0"
          xmlns:mix="http://www.jcp.org/jcr/mix/1.0"
          jcr:primaryType="cq:Page">
   <jcr:content navTitle="Data model concepts" jcr:primaryType="cq:PageContent"
                sling:resourceType="help/components/pages/article-3"
                heroGradient="light"
                jcr:language="en_us"
                cq:designPath="/etc/designs/help"
                cq:template="/apps/help/templates/article-3"
                jcr:mixinTypes="[mix:versionable]"
                jcr:title="Data model concepts"
                jcr:description="Data model concepts"
                seoDescription=""
                primaryProductTag="[products:SG_CAMPAIGN/STANDARD]"
                cq:tags="[products:SG_CAMPAIGN/STANDARD,audience:developing,content_type:reference,topic_tags:about-custom-resources]"
                primaryAudienceTag="[audience:developing]"
                contentOwner="sauviat"
                isReadyForLocalization="true"
                publishExternalDate="2019-01-09">
      <main-pars jcr:primaryType="nt:unstructured"
                 sling:resourceType="foundation/components/parsys">
    
    
         <text_7 jcr:primaryType="nt:unstructured"
                 sling:resourceType="help/components/article-3/text"
                 text="&lt;p&gt;Adobe Campaign comes with a pre-defined data model. This data model can be modified by administrators with new resources or extensions to existing resources.&lt;/p&gt;&#xA;"
                 textIsRich="true"/>
         <text_8 jcr:primaryType="nt:unstructured"
                 sling:resourceType="help/components/article-3/text"
                 text="&lt;p&gt;The &#xA;&lt;span class=&#34;uicontrol&#34;&gt;Administration&lt;/span&gt;&#xA; &gt; &#xA;&lt;span class=&#34;uicontrol&#34;&gt;Development&lt;/span&gt;&#xA; menu, accessed via the Adobe Campaign logo, allows you to manage your &lt;strong&gt;custom resources&lt;/strong&gt;, &lt;strong&gt;publish&lt;/strong&gt; them, and &lt;strong&gt;access the diagnostic tools&lt;/strong&gt;.&lt;/p&gt;&#xA;"
                 textIsRich="true"/>
         <text_9 jcr:primaryType="nt:unstructured"
                 sling:resourceType="help/components/article-3/text"
                 text="&lt;p&gt;The data used by Adobe Campaign is defined through different resources.&lt;/p&gt;&#xA;"
                 textIsRich="true"/>
         <text_10 jcr:primaryType="nt:unstructured"
                  sling:resourceType="help/components/article-3/text"
                  text="&lt;p&gt;You can &lt;strong&gt;enrich the data template&lt;/strong&gt; that is provided by creating your own custom resources, such as purchase or product tables.&lt;/p&gt;&#xA;"
                  textIsRich="true"/>
         <text_11 jcr:primaryType="nt:unstructured"
                  sling:resourceType="help/components/article-3/text"
                  text="&lt;p&gt;Out-of-the-box resources (such as campaigns, emails, or audiences) cannot be modified. However, custom resources can be extended to add new fields.&lt;/p&gt;&#xA;"
                  textIsRich="true"/>
         <note_0 jcr:primaryType="nt:unstructured"
                 sling:resourceType="help/components/article-3/note"
                 text="&lt;p&gt;You can find a datamodel representation for the out-of-the-box resources &#xA;&lt;a href=&#34;https://docs.campaign.adobe.com/doc/standard/en/datamodel/datamodel.html&#34;&gt;here&lt;/a&gt;.&lt;/p&gt;&#xA;"
                 textIsRich="true"
                 type="note"/>
         <text_13 jcr:primaryType="nt:unstructured"
                  sling:resourceType="help/components/article-3/text"
                  text="&lt;p&gt;You can also &lt;strong&gt;configure the navigation&lt;/strong&gt; in the screens corresponding to the resource created.&lt;/p&gt;&#xA;"
                  textIsRich="true"/>
         <text_14 jcr:primaryType="nt:unstructured"
                  sling:resourceType="help/components/article-3/text"
                  text="&lt;p&gt;Extension fields are generated with a prefix so that they never conflict with the out-of-the-box fields.&lt;/p&gt;&#xA;"
                  textIsRich="true"/>
      </main-pars>
      <hero jcr:primaryType="nt:unstructured"
            sling:resourceType="foundation/components/image"/>
      <thumbnail jcr:primaryType="nt:unstructured"
                 sling:resourceType="foundation/components/image"/>
      <publisherLogo jcr:primaryType="nt:unstructured"
                     sling:resourceType="foundation/components/image"/>
   </jcr:content>
</jcr:root>