<?xml version="1.0" encoding="UTF-8"?>
<jcr:root xmlns:nt="http://www.jcp.org/jcr/nt/1.0" xmlns:json="http://json.org/"
          xmlns:sling="http://sling.apache.org/jcr/sling/1.0"
          xmlns:cq="http://www.day.com/jcr/cq/1.0"
          xmlns:jcr="http://www.jcp.org/jcr/1.0"
          xmlns:mix="http://www.jcp.org/jcr/mix/1.0"
          jcr:primaryType="cq:Page">
   <jcr:content navTitle="Resource statuses" jcr:primaryType="cq:PageContent"
                sling:resourceType="help/components/pages/article-3"
                heroGradient="light"
                jcr:language="en_us"
                cq:designPath="/etc/designs/help"
                cq:template="/apps/help/templates/article-3"
                jcr:mixinTypes="[mix:versionable]"
                jcr:title="Resource statuses"
                jcr:description="Resource statuses"
                seoDescription="Discover the different resource statuses."
                primaryProductTag="[products:SG_CAMPAIGN/STANDARD]"
                cq:tags="[products:SG_CAMPAIGN/STANDARD,audience:developing,content_type:reference,topic_tags:about-custom-resources]"
                primaryAudienceTag="[audience:developing]"
                contentOwner="sauviat"
                isReadyForLocalization="true"
                publishExternalDate="2019-01-09">
      <main-pars jcr:primaryType="nt:unstructured"
                 sling:resourceType="foundation/components/parsys">
      
      
      
         <text_16 jcr:primaryType="nt:unstructured"
                  sling:resourceType="help/components/article-3/text"
                  text="&lt;p&gt;Resources can have different statuses according to their publication or activation status.&lt;/p&gt;&#xA;"
                  textIsRich="true"/>
         <text_17 jcr:primaryType="nt:unstructured"
                  sling:resourceType="help/components/article-3/text"
                  text="&lt;p&gt;There are two columns dedicated to displaying these statuses in the &#xA;&lt;span class=&#34;uicontrol&#34;&gt;Custom resources&lt;/span&gt;&#xA; screen.&lt;/p&gt;&#xA;"
                  textIsRich="true"/>
         <image_0 jcr:primaryType="nt:unstructured"
                  sling:resourceType="help/components/article-3/image"
                  jcr:title=""
                  alt=""
                  captionBottom=""
                  fileName="schema_colonne_1.png"
                  originalFileName="images/en/schema_colonne_1.png"
                  fileReference="/content/dam/help/en/campaign/standard/schema_colonne_1.png"
                  imageRotate="0"
                  originalHeight=""
                  originalWidth=""
                  scaleOption="toTemplate"
                  status="legacy"/>
         <text_18 jcr:primaryType="nt:unstructured"
                  sling:resourceType="help/components/article-3/text"
                  text="&lt;p&gt;&lt;strong&gt;Publication statuses&lt;/strong&gt;&lt;/p&gt;&#xA;"
                  textIsRich="true"/>
         <procedure_0 jcr:primaryType="nt:unstructured"
                      sling:resourceType="help/components/procedure"
                      isBulleted="true">
            <proc_par jcr:primaryType="nt:unstructured"
                      sling:resourceType="help/components/procedure/proc_parsys">
               <step_0_0 jcr:primaryType="nt:unstructured" sling:resourceType="help/components/step">
                  <step_par jcr:primaryType="nt:unstructured"
                            sling:resourceType="help/components/procedure/step_parsys">
                     <text_19 jcr:primaryType="nt:unstructured"
                              sling:resourceType="help/components/article-3/text"
                              text="&lt;p&gt;&lt;strong&gt;Draft&lt;/strong&gt;: the resource has just been created or re-drafted. To create the database tables as well as the corresponding APIs the resource must be republished. If a resource is being re-drafted, it is automatically rendered inactive following the publication step.&lt;/p&gt;&#xA;"
                              textIsRich="true"/>
                  </step_par>
               </step_0_0>
               <step_1_0 jcr:primaryType="nt:unstructured" sling:resourceType="help/components/step">
                  <step_par jcr:primaryType="nt:unstructured"
                            sling:resourceType="help/components/procedure/step_parsys">
                     <text_20 jcr:primaryType="nt:unstructured"
                              sling:resourceType="help/components/article-3/text"
                              text="&lt;p&gt;&lt;strong&gt;Pending re-draft&lt;/strong&gt;: the resource was re-drafted. The re-draft process will occur during the next publication. Re-drafting is irreversible. Several warning messages warn the user of this fact both when re-drafting, then when preparing to publish.&lt;/p&gt;&#xA;"
                              textIsRich="true"/>
                     <note_1 jcr:primaryType="nt:unstructured"
                             sling:resourceType="help/components/article-3/note"
                             text="&lt;p&gt;&#xA;            The &#xA;&lt;span class=&#34;uicontrol&#34;&gt;Cancel re-draft&lt;/span&gt;&#xA; option is available when the resource that you want to re-draft still contains links through other resources with the &#34;Published&#34; status. This option allows you to revert the &#34;re-draft&#34; process. The custom resources will then go back to their original statuses. &#xA;          &lt;/p&gt;&#xA;"
                             textIsRich="true"
                             type="note"/>
                  </step_par>
               </step_1_0>
               <step_2_0 jcr:primaryType="nt:unstructured" sling:resourceType="help/components/step">
                  <step_par jcr:primaryType="nt:unstructured"
                            sling:resourceType="help/components/procedure/step_parsys">
                     <text_22 jcr:primaryType="nt:unstructured"
                              sling:resourceType="help/components/article-3/text"
                              text="&lt;p&gt;&lt;strong&gt;Published&lt;/strong&gt;: the resource has been published. If the resource is modified after the last modified date, then a message appears asking the user to republish in order to take into account the latest modifications.&lt;/p&gt;&#xA;"
                              textIsRich="true"/>
                  </step_par>
               </step_2_0>
            </proc_par>
         </procedure_0>
         <text_23 jcr:primaryType="nt:unstructured"
                  sling:resourceType="help/components/article-3/text"
                  text="&lt;p&gt;The &#xA;&lt;span class=&#34;uicontrol&#34;&gt;Do not publish latest modifications&lt;/span&gt;&#xA; field prevents modifications from being taken into account during future publications.&lt;/p&gt;&#xA;"
                  textIsRich="true"/>
         <text_24 jcr:primaryType="nt:unstructured"
                  sling:resourceType="help/components/article-3/text"
                  text="&lt;p&gt;This field can be configured in the custom resource definition.&lt;/p&gt;&#xA;"
                  textIsRich="true"/>
      </main-pars>
      <hero jcr:primaryType="nt:unstructured"
            sling:resourceType="foundation/components/image"/>
      <thumbnail jcr:primaryType="nt:unstructured"
                 sling:resourceType="foundation/components/image"/>
      <publisherLogo jcr:primaryType="nt:unstructured"
                     sling:resourceType="foundation/components/image"/>
   </jcr:content>
</jcr:root>