<?xml version="1.0" encoding="UTF-8"?>
<jcr:root xmlns:nt="http://www.jcp.org/jcr/nt/1.0" xmlns:json="http://json.org/"
          xmlns:sling="http://sling.apache.org/jcr/sling/1.0"
          xmlns:cq="http://www.day.com/jcr/cq/1.0"
          xmlns:jcr="http://www.jcp.org/jcr/1.0"
          xmlns:mix="http://www.jcp.org/jcr/mix/1.0"
          jcr:primaryType="cq:Page">
   <jcr:content navTitle="Step 4: Define filters" jcr:primaryType="cq:PageContent"
                sling:resourceType="help/components/pages/article-3"
                heroGradient="light"
                jcr:language="en_us"
                cq:designPath="/etc/designs/help"
                cq:template="/apps/help/templates/article-3"
                jcr:mixinTypes="[mix:versionable]"
                jcr:title="Step 4: Define filters"
                jcr:description="Step 4: Define filters"
                seoDescription="Discover the filter feature to manage large data set."
                primaryProductTag="[products:SG_CAMPAIGN/STANDARD]"
                cq:tags="[products:SG_CAMPAIGN/STANDARD,audience:developing,content_type:reference,topic_tags:adding-or-extending-a-resource]"
                primaryAudienceTag="[audience:developing]"
                contentOwner="sauviat"
                isReadyForLocalization="true"
                publishExternalDate="2019-01-09">
      <main-pars jcr:primaryType="nt:unstructured"
                 sling:resourceType="foundation/components/parsys">
        
        
        
        <text_150 jcr:primaryType="nt:unstructured"
                   sling:resourceType="help/components/article-3/text"
                   text="&lt;p&gt;In the &#xA;&lt;span class=&#34;uicontrol&#34;&gt;Filter definition&lt;/span&gt;&#xA; tab, you can create advanced filters that users can directly access when creating complex queries, such as when defining an audience.&lt;/p&gt;&#xA;"
                   textIsRich="true"/>
         <text_151 jcr:primaryType="nt:unstructured"
                   sling:resourceType="help/components/article-3/text"
                   text="&lt;p&gt;This step is not mandatory as you will still be able to populate your resource and access its data through workflows, audiences and REST API.&lt;/p&gt;&#xA;"
                   textIsRich="true"/>
        <image_22 jcr:primaryType="nt:unstructured"
                   sling:resourceType="help/components/article-3/image"
                   jcr:title=""
                   alt=""
                   captionBottom=""
                   fileName="custom_resource_filter-definition.png"
                   originalFileName="images/en/custom_resource_filter-definition.png"
                   fileReference="/content/dam/help/en/campaign/standard/custom_resource_filter-definition.png"
                   imageRotate="0"
                   originalHeight=""
                   originalWidth=""
                   scaleOption="toTemplate"
                   status="legacy"/>
        <text_152 jcr:primaryType="nt:unstructured"
                   sling:resourceType="help/components/article-3/text"
                   text="&lt;p&gt;These filters are used in the query editor in the form of pre-configured rules. They allow you to limit the number of steps necessary to get the desired configuration, which can be particularly beneficial for repetitive segmentations.&lt;/p&gt;&#xA;"
                   textIsRich="true"/>
         <text_153 jcr:primaryType="nt:unstructured"
                   sling:resourceType="help/components/article-3/text"
                   text="&lt;p&gt;For example, you can create a filter enabling to select all transactions greater than a certain amount within the last three months.&lt;/p&gt;&#xA;"
                   textIsRich="true"/>
         <text_154 jcr:primaryType="nt:unstructured"
                   sling:resourceType="help/components/article-3/text"
                   text="&lt;p&gt;To do this, you need to extend the &#xA;&lt;span class=&#34;uicontrol&#34;&gt;Profiles&lt;/span&gt;&#xA; resource and define a filter linking to a transaction table (that you have previously created) with a rule indicating that the transaction price must be greater than or equal to a given parameter and that the transaction date must fall within a range corresponding to the last three months.&lt;/p&gt;&#xA;"
                   textIsRich="true"/>
         <procedure_9_10 jcr:primaryType="nt:unstructured"
                         sling:resourceType="help/components/procedure">
            <proc_par jcr:primaryType="nt:unstructured"
                      sling:resourceType="help/components/procedure/proc_parsys">
               <step_67_0 jcr:primaryType="nt:unstructured" sling:resourceType="help/components/step">
                  <step_par jcr:primaryType="nt:unstructured"
                            sling:resourceType="help/components/procedure/step_parsys">
                     <text_155 jcr:primaryType="nt:unstructured"
                               sling:resourceType="help/components/article-3/text"
                               text="&lt;p&gt;Make sure you create and publish a transaction table. See &#xA;&#x9;&#x9;&#x9;&#x9;&#x9;&#xA;&lt;a href=&#34;/content/help/en/campaign/standard/developing/using/step-1--define-the-resource.html&#34; target=&#34;_blank&#34;&gt;Step 1: Define the resource&lt;/a&gt;.&lt;/p&gt;&#xA;"
                               textIsRich="true"/>
                     <note_6 jcr:primaryType="nt:unstructured"
                             sling:resourceType="help/components/article-3/note"
                             text="&lt;p&gt;&#xA;          This procedure uses the example of a custom transaction table. For your case, adjust it to your business needs.&#xA;        &lt;/p&gt;&#xA;"
                             textIsRich="true"
                             type="note"/>
                  </step_par>
               </step_67_0>
               <step_68_0 jcr:primaryType="nt:unstructured" sling:resourceType="help/components/step">
                  <step_par jcr:primaryType="nt:unstructured"
                            sling:resourceType="help/components/procedure/step_parsys">
                     <text_157 jcr:primaryType="nt:unstructured"
                               sling:resourceType="help/components/article-3/text"
                               text="&lt;p&gt;Before defining a filter related to the transaction table in the &#xA;&lt;span class=&#34;uicontrol&#34;&gt;Profiles&lt;/span&gt;&#xA; resource, make sure you define the link to this table and publish your changes. See &#xA;&#x9;&#x9;&#x9;&#x9;&#x9;&#xA;&lt;a href=&#34;/content/help/en/campaign/standard/developing/using/step-2--configure-the-resource-data-structure.html#defining-links-with-other-resources&#34; target=&#34;_blank&#34;&gt;Defining links with other resources&lt;/a&gt; and &#xA;&#x9;&#x9;&#x9;&#x9;&#x9;&#xA;&lt;a href=&#34;/content/help/en/campaign/standard/developing/using/step-5--update-the-database-structure.html&#34; target=&#34;_blank&#34;&gt;Step 5: Update the database structure&lt;/a&gt;.&lt;/p&gt;&#xA;"
                               textIsRich="true"/>
                  </step_par>
               </step_68_0>
               <step_69_0 jcr:primaryType="nt:unstructured" sling:resourceType="help/components/step">
                  <step_par jcr:primaryType="nt:unstructured"
                            sling:resourceType="help/components/procedure/step_parsys">
                     <text_158 jcr:primaryType="nt:unstructured"
                               sling:resourceType="help/components/article-3/text"
                               text="&lt;p&gt;In the &#xA;&lt;span class=&#34;uicontrol&#34;&gt;Definition&lt;/span&gt;&#xA; tab of your new filter's definition screen, select the transaction table.&lt;/p&gt;&#xA;"
                               textIsRich="true"/>
                     <image_23 jcr:primaryType="nt:unstructured"
                               sling:resourceType="help/components/article-3/image"
                               jcr:title=""
                               alt=""
                               captionBottom=""
                               fileName="custom_resource_filter-definition_example-empty.png"
                               originalFileName="images/en/custom_resource_filter-definition_example-empty.png"
                               fileReference="/content/dam/help/en/campaign/standard/custom_resource_filter-definition_example-empty.png"
                               imageRotate="0"
                               originalHeight=""
                               originalWidth=""
                               scaleOption="toTemplate"
                               status="legacy"/>
                  </step_par>
               </step_69_0>
               <step_70_0 jcr:primaryType="nt:unstructured" sling:resourceType="help/components/step">
                  <step_par jcr:primaryType="nt:unstructured"
                            sling:resourceType="help/components/procedure/step_parsys">
                     <text_159 jcr:primaryType="nt:unstructured"
                               sling:resourceType="help/components/article-3/text"
                               text="&lt;p&gt;In the &#xA;&lt;span class=&#34;uicontrol&#34;&gt;Add a rule - Profiles/Transactions&lt;/span&gt;&#xA; window, drag and drop the transaction table into the workspace. In the next window that is displayed, select the field that you want to use.&lt;/p&gt;&#xA;"
                               textIsRich="true"/>
                     <image_24 jcr:primaryType="nt:unstructured"
                               sling:resourceType="help/components/article-3/image"
                               jcr:title=""
                               alt=""
                               captionBottom=""
                               fileName="custom_resource_filter-definition_example-field.png"
                               originalFileName="images/en/custom_resource_filter-definition_example-field.png"
                               fileReference="/content/dam/help/en/campaign/standard/custom_resource_filter-definition_example-field.png"
                               imageRotate="0"
                               originalHeight=""
                               originalWidth=""
                               scaleOption="toTemplate"
                               status="legacy"/>
                  </step_par>
               </step_70_0>
               <step_71_0 jcr:primaryType="nt:unstructured" sling:resourceType="help/components/step">
                  <step_par jcr:primaryType="nt:unstructured"
                            sling:resourceType="help/components/procedure/step_parsys">
                     <text_160 jcr:primaryType="nt:unstructured"
                               sling:resourceType="help/components/article-3/text"
                               text="&lt;p&gt;In the &#xA;&lt;span class=&#34;uicontrol&#34;&gt;Optional parameter settings&lt;/span&gt;&#xA; of the &#xA;&lt;span class=&#34;uicontrol&#34;&gt;Add a rule - Transactions&lt;/span&gt;&#xA; window, check the &#xA;&lt;span class=&#34;uicontrol&#34;&gt;Switch to parameters&lt;/span&gt;&#xA; box.&lt;/p&gt;&#xA;"
                               textIsRich="true"/>
                     <text_161 jcr:primaryType="nt:unstructured"
                               sling:resourceType="help/components/article-3/text"
                               text="&lt;p&gt;In the &#xA;&lt;span class=&#34;uicontrol&#34;&gt;Filter conditions&lt;/span&gt;&#xA;, select the &#xA;&lt;span class=&#34;uicontrol&#34;&gt;Greater than or equal to&lt;/span&gt;&#xA; operator. In the &#xA;&lt;span class=&#34;uicontrol&#34;&gt;Parameters&lt;/span&gt;&#xA; field, enter a name and click the plus sign to create the new parameter.&lt;/p&gt;&#xA;"
                               textIsRich="true"/>
                     <image_25 jcr:primaryType="nt:unstructured"
                               sling:resourceType="help/components/article-3/image"
                               jcr:title=""
                               alt=""
                               captionBottom=""
                               fileName="custom_resource_filter-definition_example-parameter.png"
                               originalFileName="images/en/custom_resource_filter-definition_example-parameter.png"
                               fileReference="/content/dam/help/en/campaign/standard/custom_resource_filter-definition_example-parameter.png"
                               imageRotate="0"
                               originalHeight=""
                               originalWidth=""
                               scaleOption="toTemplate"
                               status="legacy"/>
                  </step_par>
               </step_71_0>
               <step_72_0 jcr:primaryType="nt:unstructured" sling:resourceType="help/components/step">
                  <step_par jcr:primaryType="nt:unstructured"
                            sling:resourceType="help/components/procedure/step_parsys">
                     <text_162 jcr:primaryType="nt:unstructured"
                               sling:resourceType="help/components/article-3/text"
                               text="&lt;p&gt;Confirm your changes. This definition corresponds to a configurable field that the user must fill in later to execute the query.&lt;/p&gt;&#xA;"
                               textIsRich="true"/>
                     <image_26 jcr:primaryType="nt:unstructured"
                               sling:resourceType="help/components/article-3/image"
                               jcr:title=""
                               alt=""
                               captionBottom=""
                               fileName="custom_resource_filter-definition_ex_edit-rule.png"
                               originalFileName="images/en/custom_resource_filter-definition_ex_edit-rule.png"
                               fileReference="/content/dam/help/en/campaign/standard/custom_resource_filter-definition_ex_edit-rule.png"
                               imageRotate="0"
                               originalHeight=""
                               originalWidth=""
                               scaleOption="toTemplate"
                               status="legacy"/>
                  </step_par>
               </step_72_0>
               <step_73_0 jcr:primaryType="nt:unstructured" sling:resourceType="help/components/step">
                  <step_par jcr:primaryType="nt:unstructured"
                            sling:resourceType="help/components/procedure/step_parsys">
                     <text_163 jcr:primaryType="nt:unstructured"
                               sling:resourceType="help/components/article-3/text"
                               text="&lt;p&gt;Combine this rule with another rule specifying that the transaction date must fall within a range corresponding to the last three months.&lt;/p&gt;&#xA;"
                               textIsRich="true"/>
                     <image_27 jcr:primaryType="nt:unstructured"
                               sling:resourceType="help/components/article-3/image"
                               jcr:title=""
                               alt=""
                               captionBottom=""
                               fileName="custom_resource_filter-definition_example.png"
                               originalFileName="images/en/custom_resource_filter-definition_example.png"
                               fileReference="/content/dam/help/en/campaign/standard/custom_resource_filter-definition_example.png"
                               imageRotate="0"
                               originalHeight=""
                               originalWidth=""
                               scaleOption="toTemplate"
                               status="legacy"/>
                  </step_par>
               </step_73_0>
               <step_74_0 jcr:primaryType="nt:unstructured" sling:resourceType="help/components/step">
                  <step_par jcr:primaryType="nt:unstructured"
                            sling:resourceType="help/components/procedure/step_parsys">
                     <text_164 jcr:primaryType="nt:unstructured"
                               sling:resourceType="help/components/article-3/text"
                               text="&lt;p&gt;Choose the category in which your filter will be displayed.&lt;/p&gt;&#xA;"
                               textIsRich="true"/>
                     <image_28 jcr:primaryType="nt:unstructured"
                               sling:resourceType="help/components/article-3/image"
                               jcr:title=""
                               alt=""
                               captionBottom=""
                               fileName="custom_resource_filter-definition_category.png"
                               originalFileName="images/en/custom_resource_filter-definition_category.png"
                               fileReference="/content/dam/help/en/campaign/standard/custom_resource_filter-definition_category.png"
                               imageRotate="0"
                               originalHeight=""
                               originalWidth=""
                               scaleOption="toTemplate"
                               status="legacy"/>
                  </step_par>
               </step_74_0>
               <step_75_0 jcr:primaryType="nt:unstructured" sling:resourceType="help/components/step">
                  <step_par jcr:primaryType="nt:unstructured"
                            sling:resourceType="help/components/procedure/step_parsys">
                     <text_165 jcr:primaryType="nt:unstructured"
                               sling:resourceType="help/components/article-3/text"
                               text="&lt;p&gt;In the &#xA;&lt;span class=&#34;uicontrol&#34;&gt;Parameters&lt;/span&gt;&#xA; tab of the filter definition screen, modify the description and the label to clearly indicate the subject of your filter to the users. This information will appear in the query editor.&lt;/p&gt;&#xA;"
                               textIsRich="true"/>
                     <image_29 jcr:primaryType="nt:unstructured"
                               sling:resourceType="help/components/article-3/image"
                               jcr:title=""
                               alt=""
                               captionBottom=""
                               fileName="custom_resource_filter-definition_parameters.png"
                               originalFileName="images/en/custom_resource_filter-definition_parameters.png"
                               fileReference="/content/dam/help/en/campaign/standard/custom_resource_filter-definition_parameters.png"
                               imageRotate="0"
                               originalHeight=""
                               originalWidth=""
                               scaleOption="toTemplate"
                               status="legacy"/>
                     <text_166 jcr:primaryType="nt:unstructured"
                               sling:resourceType="help/components/article-3/text"
                               text="&lt;p&gt;If you define multiple configurable fields, you can modify the order in which they appear in the interface.&lt;/p&gt;&#xA;"
                               textIsRich="true"/>
                  </step_par>
               </step_75_0>
               <step_76_0 jcr:primaryType="nt:unstructured" sling:resourceType="help/components/step">
                  <step_par jcr:primaryType="nt:unstructured"
                            sling:resourceType="help/components/procedure/step_parsys">
                     <text_167 jcr:primaryType="nt:unstructured"
                               sling:resourceType="help/components/article-3/text"
                               text="&lt;p&gt;Save your changes and publish the resources. For more on this, refer to the &#xA;&#x9;&#x9;&#x9;&#x9;&#x9;&#xA;&lt;a href=&#34;/content/help/en/campaign/standard/developing/using/step-5--update-the-database-structure.html&#34; target=&#34;_blank&#34;&gt;Step 5: Update the database structure&lt;/a&gt; section.&lt;/p&gt;&#xA;"
                               textIsRich="true"/>
                  </step_par>
               </step_76_0>
            </proc_par>
         </procedure_9_10>
         <text_168 jcr:primaryType="nt:unstructured"
                   sling:resourceType="help/components/article-3/text"
                   text="&lt;p&gt;Once the &#xA;&lt;span class=&#34;uicontrol&#34;&gt;Profiles&lt;/span&gt;&#xA; resource extension is published, the users will see this filter under the shortcuts tab in the &#xA;&#x9;&#x9;&#x9;&#x9;&#x9;&#x9;&#x9;&#x9;&#x9;&#x9;&#x9;&#xA;&#x9;&#x9;&#x9;&#x9;&#x9;&#x9;&#x9;&lt;a href=&#34;/content/help/en/campaign/standard/automating/using/editing-queries.html&#34;&gt;query editor&lt;/a&gt; interface.&lt;/p&gt;&#xA;"
                   textIsRich="true"/>
         <text_169 jcr:primaryType="nt:unstructured"
                   sling:resourceType="help/components/article-3/text"
                   text="&lt;p&gt;This will allow the user to easily define their audience when creating an email to send to all of the clients that spent more than a certain amount over the last three months.&lt;/p&gt;&#xA;"
                   textIsRich="true"/>
         <image_30 jcr:primaryType="nt:unstructured"
                   sling:resourceType="help/components/article-3/image"
                   jcr:title=""
                   alt=""
                   captionBottom=""
                   fileName="custom_resource_filter-definition_email-audience.png"
                   originalFileName="images/en/custom_resource_filter-definition_email-audience.png"
                   fileReference="/content/dam/help/en/campaign/standard/custom_resource_filter-definition_email-audience.png"
                   imageRotate="0"
                   originalHeight=""
                   originalWidth=""
                   scaleOption="toTemplate"
                   status="legacy"/>
         <text_170 jcr:primaryType="nt:unstructured"
                   sling:resourceType="help/components/article-3/text"
                   text="&lt;p&gt;Rather than configuring it themselves, they simply have to enter the desired amount in the dialog box that appears.&lt;/p&gt;&#xA;"
                   textIsRich="true"/>
         <image_31 jcr:primaryType="nt:unstructured"
                   sling:resourceType="help/components/article-3/image"
                   jcr:title=""
                   alt=""
                   captionBottom=""
                   fileName="custom_resource_filter-definition_email-audience_filter.png"
                   originalFileName="images/en/custom_resource_filter-definition_email-audience_filter.png"
                   fileReference="/content/dam/help/en/campaign/standard/custom_resource_filter-definition_email-audience_filter.png"
                   imageRotate="0"
                   originalHeight=""
                   originalWidth=""
                   scaleOption="toTemplate"
                   status="legacy"/>
      </main-pars>
      <hero jcr:primaryType="nt:unstructured"
            sling:resourceType="foundation/components/image"/>
      <thumbnail jcr:primaryType="nt:unstructured"
                 sling:resourceType="foundation/components/image"/>
      <publisherLogo jcr:primaryType="nt:unstructured"
                     sling:resourceType="foundation/components/image"/>
   </jcr:content>
</jcr:root>