<?xml version="1.0" encoding="UTF-8"?>
<jcr:root xmlns:nt="http://www.jcp.org/jcr/nt/1.0" xmlns:json="http://json.org/"
          xmlns:sling="http://sling.apache.org/jcr/sling/1.0"
          xmlns:cq="http://www.day.com/jcr/cq/1.0"
          xmlns:jcr="http://www.jcp.org/jcr/1.0"
          xmlns:mix="http://www.jcp.org/jcr/mix/1.0"
          jcr:primaryType="cq:Page">
   <jcr:content navTitle="Step 3: Configure the screens" jcr:primaryType="cq:PageContent"
                sling:resourceType="help/components/pages/article-3"
                heroGradient="light"
                jcr:language="en_us"
                cq:designPath="/etc/designs/help"
                cq:template="/apps/help/templates/article-3"
                jcr:mixinTypes="[mix:versionable]"
                jcr:title="Step 3: Configure the screens"
                jcr:description="Step 3: Configure the screens"
                seoDescription="Learn how to define new Adobe Campaign screens based on the resource data structure."
                primaryProductTag="[products:SG_CAMPAIGN/STANDARD]"
                cq:tags="[products:SG_CAMPAIGN/STANDARD,audience:developing,content_type:reference,topic_tags:adding-or-extending-a-resource]"
                primaryAudienceTag="[audience:developing]"
                contentOwner="sauviat"
                isReadyForLocalization="true"
                publishExternalDate="2019-01-09">
      <main-pars jcr:primaryType="nt:unstructured"
                 sling:resourceType="foundation/components/parsys">
        
        
        
         <text_113 jcr:primaryType="nt:unstructured"
                   sling:resourceType="help/components/article-3/text"
                   text="&lt;p&gt;When creating a resource or when adding new fields to an existing resource, you can define how you want them to appear in the interface.&lt;/p&gt;&#xA;"
                   textIsRich="true"/>
         <text_114 jcr:primaryType="nt:unstructured"
                   sling:resourceType="help/components/article-3/text"
                   text="&lt;p&gt;This step is not mandatory as you will still be able to populate your resource and access its data through workflows, audiences and REST API.&lt;/p&gt;&#xA;"
                   textIsRich="true"/>
        <text_115 jcr:primaryType="nt:unstructured"
                   sling:resourceType="help/components/article-3/text"
                   text="&lt;p&gt;In the &#xA;&lt;span class=&#34;uicontrol&#34;&gt;Screen definition&lt;/span&gt;&#xA; tab, you can:&lt;/p&gt;&#xA;"
                   textIsRich="true"/>
        <procedure_5 jcr:primaryType="nt:unstructured"
                      sling:resourceType="help/components/procedure"
                      isBulleted="true">
            <proc_par jcr:primaryType="nt:unstructured"
                      sling:resourceType="help/components/procedure/proc_parsys">
               <step_44_5 jcr:primaryType="nt:unstructured" sling:resourceType="help/components/step">
                  <step_par jcr:primaryType="nt:unstructured"
                            sling:resourceType="help/components/procedure/step_parsys">
                     <text_116 jcr:primaryType="nt:unstructured"
                               sling:resourceType="help/components/article-3/text"
                               text="&lt;p&gt;Add access to the custom resource in the navigation pane&lt;/p&gt;&#xA;"
                               textIsRich="true"/>
                  </step_par>
               </step_44_5>
               <step_45_5 jcr:primaryType="nt:unstructured" sling:resourceType="help/components/step">
                  <step_par jcr:primaryType="nt:unstructured"
                            sling:resourceType="help/components/procedure/step_parsys">
                     <text_117 jcr:primaryType="nt:unstructured"
                               sling:resourceType="help/components/article-3/text"
                               text="&lt;p&gt;Personalize the way in which the list of elements that make up the resource is presented&lt;/p&gt;&#xA;"
                               textIsRich="true"/>
                  </step_par>
               </step_45_5>
               <step_46_5 jcr:primaryType="nt:unstructured" sling:resourceType="help/components/step">
                  <step_par jcr:primaryType="nt:unstructured"
                            sling:resourceType="help/components/procedure/step_parsys">
                     <text_118 jcr:primaryType="nt:unstructured"
                               sling:resourceType="help/components/article-3/text"
                               text="&lt;p&gt;Define the way the detail view of each element of the resource is displayed&lt;/p&gt;&#xA;"
                               textIsRich="true"/>
                  </step_par>
               </step_46_5>
            </proc_par>
         </procedure_5>
        
          <header_15 jcr:primaryType="nt:unstructured" sling:resourceType="help/components/header"
                    id="enabling-access-from-the-navigation-menu"
                    level="2"
                    text="&lt;p&gt;Enabling access from the navigation menu&lt;/p&gt;&#xA;"
                    textIsRich="'true'"/>
        <text_119 jcr:primaryType="nt:unstructured"
                   sling:resourceType="help/components/article-3/text"
                   text="&lt;p&gt;If you want your resource to have a dedicated screen, you can make it available from the navigation menu.&lt;/p&gt;&#xA;"
                   textIsRich="true"/>
        <procedure_6_10 jcr:primaryType="nt:unstructured"
                         sling:resourceType="help/components/procedure">
            <proc_par jcr:primaryType="nt:unstructured"
                      sling:resourceType="help/components/procedure/proc_parsys">
               <step_47_0 jcr:primaryType="nt:unstructured" sling:resourceType="help/components/step">
                  <step_par jcr:primaryType="nt:unstructured"
                            sling:resourceType="help/components/procedure/step_parsys">
                     <text_120 jcr:primaryType="nt:unstructured"
                               sling:resourceType="help/components/article-3/text"
                               text="&lt;p&gt;From the &#xA;&lt;span class=&#34;uicontrol&#34;&gt;Screen definition&lt;/span&gt;&#xA; tab of the resource, unfold the &#xA;&lt;span class=&#34;uicontrol&#34;&gt;Navigation&lt;/span&gt;&#xA; section.&lt;/p&gt;&#xA;"
                               textIsRich="true"/>
                  </step_par>
               </step_47_0>
               <step_48_0 jcr:primaryType="nt:unstructured" sling:resourceType="help/components/step">
                  <step_par jcr:primaryType="nt:unstructured"
                            sling:resourceType="help/components/procedure/step_parsys">
                     <text_121 jcr:primaryType="nt:unstructured"
                               sling:resourceType="help/components/article-3/text"
                               text="&lt;p&gt;Check the &#xA;&lt;span class=&#34;uicontrol&#34;&gt;Add an entry in the 'Client data' section&lt;/span&gt;&#xA; box to allow access to this resource from the navigation pane. &lt;/p&gt;&#xA;"
                               textIsRich="true"/>
                     <image_17 jcr:primaryType="nt:unstructured"
                               sling:resourceType="help/components/article-3/image"
                               jcr:title=""
                               alt=""
                               captionBottom=""
                               fileName="schema_extension_19.png"
                               originalFileName="images/en/schema_extension_19.png"
                               fileReference="/content/dam/help/en/campaign/standard/schema_extension_19.png"
                               imageRotate="0"
                               originalHeight=""
                               originalWidth=""
                               scaleOption="toTemplate"
                               status="legacy"/>
                  </step_par>
               </step_48_0>
            </proc_par>
         </procedure_6_10>
        <text_122 jcr:primaryType="nt:unstructured"
                   sling:resourceType="help/components/article-3/text"
                   text="&lt;p&gt;The resource will appear as a sub-entry within the &#xA;&lt;span class=&#34;uicontrol&#34;&gt;Client data&lt;/span&gt;&#xA; section.&lt;/p&gt;&#xA;"
                   textIsRich="true"/>
        
        
          <header_16 jcr:primaryType="nt:unstructured" sling:resourceType="help/components/header"
                    id="defining-the-default-list-configuration"
                    level="2"
                    text="&lt;p&gt;Defining the default list configuration&lt;/p&gt;&#xA;"
                    textIsRich="'true'"/>
        <text_123 jcr:primaryType="nt:unstructured"
                   sling:resourceType="help/components/article-3/text"
                   text="&lt;p&gt;The &#xA;&lt;span class=&#34;uicontrol&#34;&gt;List configuration&lt;/span&gt;&#xA; section of the screen definition lets you define the columns and information that will be displayed by default in the overview of a resource.&lt;/p&gt;&#xA;"
                   textIsRich="true"/>
        <procedure_7_10 jcr:primaryType="nt:unstructured"
                         sling:resourceType="help/components/procedure">
            <proc_par jcr:primaryType="nt:unstructured"
                      sling:resourceType="help/components/procedure/proc_parsys">
               <step_49_0 jcr:primaryType="nt:unstructured" sling:resourceType="help/components/step">
                  <step_par jcr:primaryType="nt:unstructured"
                            sling:resourceType="help/components/procedure/step_parsys">
                     <text_124 jcr:primaryType="nt:unstructured"
                               sling:resourceType="help/components/article-3/text"
                               text="&lt;p&gt;Check the &#xA;&lt;span class=&#34;uicontrol&#34;&gt;Customize the list configuration&lt;/span&gt;&#xA; box to define the way the columns of the resource are displayed.&lt;/p&gt;&#xA;"
                               textIsRich="true"/>
                  </step_par>
               </step_49_0>
               <step_50_0 jcr:primaryType="nt:unstructured" sling:resourceType="help/components/step">
                  <step_par jcr:primaryType="nt:unstructured"
                            sling:resourceType="help/components/procedure/step_parsys">
                     <text_125 jcr:primaryType="nt:unstructured"
                               sling:resourceType="help/components/article-3/text"
                               text="&lt;p&gt;Use the &#xA;&lt;span class=&#34;uicontrol&#34;&gt;Add an element&lt;/span&gt;&#xA; button to select a field from those that you have created.&lt;/p&gt;&#xA;"
                               textIsRich="true"/>
                  </step_par>
               </step_50_0>
               <step_51_0 jcr:primaryType="nt:unstructured" sling:resourceType="help/components/step">
                  <step_par jcr:primaryType="nt:unstructured"
                            sling:resourceType="help/components/procedure/step_parsys">
                     <text_126 jcr:primaryType="nt:unstructured"
                               sling:resourceType="help/components/article-3/text"
                               text="&lt;p&gt;The field created is displayed in the list. You can edit its label and its width.&lt;/p&gt;&#xA;"
                               textIsRich="true"/>
                     <image_18 jcr:primaryType="nt:unstructured"
                               sling:resourceType="help/components/article-3/image"
                               jcr:title=""
                               alt=""
                               captionBottom=""
                               fileName="schema_extension_20.png"
                               originalFileName="images/en/schema_extension_20.png"
                               fileReference="/content/dam/help/en/campaign/standard/schema_extension_20.png"
                               imageRotate="0"
                               originalHeight=""
                               originalWidth=""
                               scaleOption="toTemplate"
                               status="legacy"/>
                  </step_par>
               </step_51_0>
               <step_52_0 jcr:primaryType="nt:unstructured" sling:resourceType="help/components/step">
                  <step_par jcr:primaryType="nt:unstructured"
                            sling:resourceType="help/components/procedure/step_parsys">
                     <text_127 jcr:primaryType="nt:unstructured"
                               sling:resourceType="help/components/article-3/text"
                               text="&lt;p&gt;In the &#xA;&lt;span class=&#34;uicontrol&#34;&gt;Simple search&lt;/span&gt;&#xA; section, check the &#xA;&lt;span class=&#34;uicontrol&#34;&gt;Specify the fields to be taken into account in the search&lt;/span&gt;&#xA; to define which fields will be included in the search.&lt;/p&gt;&#xA;"
                               textIsRich="true"/>
                     <caution_2 jcr:primaryType="nt:unstructured"
                                sling:resourceType="help/components/article-3/note"
                                text="&lt;p&gt;&#xA;              This configuration replaces the fields used in the default search.&#xA;            &lt;/p&gt;&#xA;"
                                textIsRich="true"
                                type="caution"/>
                  </step_par>
               </step_52_0>
               <step_53_0 jcr:primaryType="nt:unstructured" sling:resourceType="help/components/step">
                  <step_par jcr:primaryType="nt:unstructured"
                            sling:resourceType="help/components/procedure/step_parsys">
                     <text_129 jcr:primaryType="nt:unstructured"
                               sling:resourceType="help/components/article-3/text"
                               text="&lt;p&gt;In the &#xA;&lt;span class=&#34;uicontrol&#34;&gt;Advanced search&lt;/span&gt;&#xA; section, check the &#xA;&lt;span class=&#34;uicontrol&#34;&gt;Add search fields&lt;/span&gt;&#xA; box to add additional fields beyond the simple search field. For example, if you select the &#34;date&#34; field from the fields that you have created, the user will be able to perform a search that only refers to the date.&lt;/p&gt;&#xA;"
                               textIsRich="true"/>
                  </step_par>
               </step_53_0>
               <step_54_0 jcr:primaryType="nt:unstructured" sling:resourceType="help/components/step">
                  <step_par jcr:primaryType="nt:unstructured"
                            sling:resourceType="help/components/procedure/step_parsys">
                     <text_130 jcr:primaryType="nt:unstructured"
                               sling:resourceType="help/components/article-3/text"
                               text="&lt;p&gt;You can modify the order of the fields for the two search types.&lt;/p&gt;&#xA;"
                               textIsRich="true"/>
                  </step_par>
               </step_54_0>
               <step_55_0 jcr:primaryType="nt:unstructured" sling:resourceType="help/components/step">
                  <step_par jcr:primaryType="nt:unstructured"
                            sling:resourceType="help/components/procedure/step_parsys">
                     <text_131 jcr:primaryType="nt:unstructured"
                               sling:resourceType="help/components/article-3/text"
                               text="&lt;p&gt;For an advanced search, you can add fields that link to a linked resource. These filters appear in the &#xA;&lt;span class=&#34;uicontrol&#34;&gt;Search&lt;/span&gt;&#xA; menu of the generated screen.&lt;/p&gt;&#xA;"
                               textIsRich="true"/>
                  </step_par>
               </step_55_0>
            </proc_par>
         </procedure_7_10>
        <text_132 jcr:primaryType="nt:unstructured"
                   sling:resourceType="help/components/article-3/text"
                   text="&lt;p&gt;The overview screen of the resource is now defined.&lt;/p&gt;&#xA;"
                   textIsRich="true"/>
        
        
          <header_17 jcr:primaryType="nt:unstructured" sling:resourceType="help/components/header"
                    id="defining-the-detail-screen-configuration"
                    level="2"
                    text="&lt;p&gt;Defining the detail screen configuration&lt;/p&gt;&#xA;"
                    textIsRich="'true'"/>
        <text_133 jcr:primaryType="nt:unstructured"
                   sling:resourceType="help/components/article-3/text"
                   text="&lt;p&gt;The &#xA;&lt;span class=&#34;uicontrol&#34;&gt;Detail screen configuration&lt;/span&gt;&#xA; section of the screen definition lets you define the columns and information that will be displayed detail screen of each element of the resource.&lt;/p&gt;&#xA;"
                   textIsRich="true"/>
        <procedure_8_10 jcr:primaryType="nt:unstructured"
                         sling:resourceType="help/components/procedure">
            <proc_par jcr:primaryType="nt:unstructured"
                      sling:resourceType="help/components/procedure/proc_parsys">
               <step_56_0 jcr:primaryType="nt:unstructured" sling:resourceType="help/components/step">
                  <step_par jcr:primaryType="nt:unstructured"
                            sling:resourceType="help/components/procedure/step_parsys">
                     <text_134 jcr:primaryType="nt:unstructured"
                               sling:resourceType="help/components/article-3/text"
                               text="&lt;p&gt;Check the &#xA;&lt;span class=&#34;uicontrol&#34;&gt;Define a detail screen&lt;/span&gt;&#xA; box to configure the screen that corresponds to each element of the resource. If you do not check this box, the detail view of elements of this resource will not be accessible.&lt;/p&gt;&#xA;"
                               textIsRich="true"/>
                     <text_135 jcr:primaryType="nt:unstructured"
                               sling:resourceType="help/components/article-3/text"
                               text="&lt;p&gt;You can add all of the fields from your custom resource in one click. To do this, click the &#xA;&#x9;&lt;img height=&#34;21px&#34; src=&#34;/content/dam/help/en/campaign/standard/addAllFieldsIcon.png&#34; /&gt;&#xA;&#x9;&#xA; icon. &lt;/p&gt;&#xA;"
                               textIsRich="true"/>
                  </step_par>
               </step_56_0>
               <step_57_0 jcr:primaryType="nt:unstructured" sling:resourceType="help/components/step">
                  <step_par jcr:primaryType="nt:unstructured"
                            sling:resourceType="help/components/procedure/step_parsys">
                     <text_136 jcr:primaryType="nt:unstructured"
                               sling:resourceType="help/components/article-3/text"
                               text="&lt;p&gt;Use the &#xA;&lt;span class=&#34;uicontrol&#34;&gt;Add an element&lt;/span&gt;&#xA; button.&lt;/p&gt;&#xA;"
                               textIsRich="true"/>
                  </step_par>
               </step_57_0>
               <step_58_0 jcr:primaryType="nt:unstructured" sling:resourceType="help/components/step">
                  <step_par jcr:primaryType="nt:unstructured"
                            sling:resourceType="help/components/procedure/step_parsys">
                     <text_137 jcr:primaryType="nt:unstructured"
                               sling:resourceType="help/components/article-3/text"
                               text="&lt;p&gt;Select an element from those created for this resource and specify a field type:&lt;/p&gt;&#xA;"
                               textIsRich="true"/>
                     <procedure_6 jcr:primaryType="nt:unstructured"
                                  sling:resourceType="help/components/procedure"
                                  isBulleted="true">
                        <proc_par jcr:primaryType="nt:unstructured"
                                  sling:resourceType="help/components/procedure/proc_parsys">
                           <step_58_6 jcr:primaryType="nt:unstructured" sling:resourceType="help/components/step">
                              <step_par jcr:primaryType="nt:unstructured"
                                        sling:resourceType="help/components/procedure/step_parsys">
                                 <text_138 jcr:primaryType="nt:unstructured"
                                           sling:resourceType="help/components/article-3/text"
                                           text="&lt;p&gt;&#xA;&lt;span class=&#34;uicontrol&#34;&gt;Input field&lt;/span&gt;&#xA;: is an editable field.&lt;/p&gt;&#xA;"
                                           textIsRich="true"/>
                              </step_par>
                           </step_58_6>
                           <step_59_6 jcr:primaryType="nt:unstructured" sling:resourceType="help/components/step">
                              <step_par jcr:primaryType="nt:unstructured"
                                        sling:resourceType="help/components/procedure/step_parsys">
                                 <text_139 jcr:primaryType="nt:unstructured"
                                           sling:resourceType="help/components/article-3/text"
                                           text="&lt;p&gt;&#xA;&lt;span class=&#34;uicontrol&#34;&gt;Value&lt;/span&gt;&#xA;: is a read-only field.&lt;/p&gt;&#xA;"
                                           textIsRich="true"/>
                              </step_par>
                           </step_59_6>
                           <step_60_6 jcr:primaryType="nt:unstructured" sling:resourceType="help/components/step">
                              <step_par jcr:primaryType="nt:unstructured"
                                        sling:resourceType="help/components/procedure/step_parsys">
                                 <text_140 jcr:primaryType="nt:unstructured"
                                           sling:resourceType="help/components/article-3/text"
                                           text="&lt;p&gt;&#xA;&lt;span class=&#34;uicontrol&#34;&gt;List&lt;/span&gt;&#xA;: is a table.&lt;/p&gt;&#xA;"
                                           textIsRich="true"/>
                              </step_par>
                           </step_60_6>
                        </proc_par>
                     </procedure_6>
                     <image_19 jcr:primaryType="nt:unstructured"
                               sling:resourceType="help/components/article-3/image"
                               jcr:title=""
                               alt=""
                               captionBottom=""
                               fileName="schema_extension_23.png"
                               originalFileName="images/en/schema_extension_23.png"
                               fileReference="/content/dam/help/en/campaign/standard/schema_extension_23.png"
                               imageRotate="0"
                               originalHeight=""
                               originalWidth=""
                               scaleOption="toTemplate"
                               status="legacy"/>
                  </step_par>
               </step_58_0>
               <step_62_0 jcr:primaryType="nt:unstructured" sling:resourceType="help/components/step">
                  <step_par jcr:primaryType="nt:unstructured"
                            sling:resourceType="help/components/procedure/step_parsys">
                     <text_141 jcr:primaryType="nt:unstructured"
                               sling:resourceType="help/components/article-3/text"
                               text="&lt;p&gt;The element added is displayed in the list. You can edit its label.&lt;/p&gt;&#xA;"
                               textIsRich="true"/>
                     <image_20 jcr:primaryType="nt:unstructured"
                               sling:resourceType="help/components/article-3/image"
                               jcr:title=""
                               alt=""
                               captionBottom=""
                               fileName="schema_extension_22.png"
                               originalFileName="images/en/schema_extension_22.png"
                               fileReference="/content/dam/help/en/campaign/standard/schema_extension_22.png"
                               imageRotate="0"
                               originalHeight=""
                               originalWidth=""
                               scaleOption="toTemplate"
                               status="legacy"/>
                  </step_par>
               </step_62_0>
               <step_63_0 jcr:primaryType="nt:unstructured" sling:resourceType="help/components/step">
                  <step_par jcr:primaryType="nt:unstructured"
                            sling:resourceType="help/components/procedure/step_parsys">
                     <text_142 jcr:primaryType="nt:unstructured"
                               sling:resourceType="help/components/article-3/text"
                               text="&lt;p&gt;For an extended resource, you can customize the title of the section where the new elements will appear.&lt;/p&gt;&#xA;"
                               textIsRich="true"/>
                  </step_par>
               </step_63_0>
            </proc_par>
         </procedure_8_10>
        <text_143 jcr:primaryType="nt:unstructured"
                   sling:resourceType="help/components/article-3/text"
                   text="&lt;p&gt;The detail screen of the resource is now configured.&lt;/p&gt;&#xA;"
                   textIsRich="true"/>
        
        
          <header_18 jcr:primaryType="nt:unstructured" sling:resourceType="help/components/header"
                    id="actions-on-data-section"
                    level="2"
                    text="&lt;p&gt;Actions on data section&lt;/p&gt;&#xA;"
                    textIsRich="'true'"/>
          <text_144 jcr:primaryType="nt:unstructured"
                   sling:resourceType="help/components/article-3/text"
                   text="&lt;p&gt;These settings allow you to display a control bar in the custom resource screen. There are three options available:&lt;/p&gt;&#xA;"
                   textIsRich="true"/>
          <image_21 jcr:primaryType="nt:unstructured"
                   sling:resourceType="help/components/article-3/image"
                   jcr:title=""
                   alt=""
                   captionBottom=""
                   fileName="schema_extension_actions.png"
                   originalFileName="images/en/schema_extension_actions.png"
                   fileReference="/content/dam/help/en/campaign/standard/schema_extension_actions.png"
                   imageRotate="0"
                   originalHeight=""
                   originalWidth=""
                   scaleOption="toTemplate"
                   status="legacy"/>
          <procedure_7 jcr:primaryType="nt:unstructured"
                      sling:resourceType="help/components/procedure"
                      isBulleted="true">
            <proc_par jcr:primaryType="nt:unstructured"
                      sling:resourceType="help/components/procedure/proc_parsys">
               <step_64_7 jcr:primaryType="nt:unstructured" sling:resourceType="help/components/step">
                  <step_par jcr:primaryType="nt:unstructured"
                            sling:resourceType="help/components/procedure/step_parsys">
                     <text_145 jcr:primaryType="nt:unstructured"
                               sling:resourceType="help/components/article-3/text"
                               text="&lt;p&gt;&#xA;&lt;span class=&#34;uicontrol&#34;&gt;Authorize creating&lt;/span&gt;&#xA;: this option allows you to activate creating elements of the resource. The user can therefore add additional records. &lt;/p&gt;&#xA;"
                               textIsRich="true"/>
                     <note_5 jcr:primaryType="nt:unstructured"
                             sling:resourceType="help/components/article-3/note"
                             text="&lt;p&gt;&#xA;                You must first activate the detail screen linked to the resource to make this option available.&#xA;              &lt;/p&gt;&#xA;"
                             textIsRich="true"
                             type="note"/>
                  </step_par>
               </step_64_7>
               <step_65_7 jcr:primaryType="nt:unstructured" sling:resourceType="help/components/step">
                  <step_par jcr:primaryType="nt:unstructured"
                            sling:resourceType="help/components/procedure/step_parsys">
                     <text_147 jcr:primaryType="nt:unstructured"
                               sling:resourceType="help/components/article-3/text"
                               text="&lt;p&gt;&#xA;&lt;span class=&#34;uicontrol&#34;&gt;Authorize duplicating&lt;/span&gt;&#xA;: this option allows you to activate duplicating records linked to the custom resource.&lt;/p&gt;&#xA;"
                               textIsRich="true"/>
                  </step_par>
               </step_65_7>
               <step_66_7 jcr:primaryType="nt:unstructured" sling:resourceType="help/components/step">
                  <step_par jcr:primaryType="nt:unstructured"
                            sling:resourceType="help/components/procedure/step_parsys">
                     <text_148 jcr:primaryType="nt:unstructured"
                               sling:resourceType="help/components/article-3/text"
                               text="&lt;p&gt;&#xA;&lt;span class=&#34;uicontrol&#34;&gt;Authorize deleting&lt;/span&gt;&#xA;: this option allows you to activate deleting records linked to the custom resource.&lt;/p&gt;&#xA;"
                               textIsRich="true"/>
                  </step_par>
               </step_66_7>
            </proc_par>
         </procedure_7>
        
      </main-pars>
      <hero jcr:primaryType="nt:unstructured"
            sling:resourceType="foundation/components/image"/>
      <thumbnail jcr:primaryType="nt:unstructured"
                 sling:resourceType="foundation/components/image"/>
      <publisherLogo jcr:primaryType="nt:unstructured"
                     sling:resourceType="foundation/components/image"/>
   </jcr:content>
</jcr:root>