<?xml version="1.0" encoding="UTF-8"?>
<jcr:root xmlns:nt="http://www.jcp.org/jcr/nt/1.0" xmlns:json="http://json.org/"
          xmlns:sling="http://sling.apache.org/jcr/sling/1.0"
          xmlns:cq="http://www.day.com/jcr/cq/1.0"
          xmlns:jcr="http://www.jcp.org/jcr/1.0"
          xmlns:mix="http://www.jcp.org/jcr/mix/1.0"
          jcr:primaryType="cq:Page">
   <jcr:content cq:designPath="/etc/designs/help"
                cq:template="/apps/help/templates/contenttype"
                jcr:language="en_us"
                jcr:primaryType="cq:PageContent"
                jcr:title="using"
                sling:resourceType="help/components/contenttype"
                contentOwner="sauviat"
                preview="false"
                isReadyForLocalization="true"/>
   <designing-content-in-adobe-campaign/>
   <content-design-best-practices/>
   <about-email-content-design/>
   <defining-the-email-structure/>
   <editing-email-styles/>
   <about-landing-page-content-design/>
   <landing-page-content-editor-interface/>
   <managing-landing-page-structure-and-style/>
   <changing-a-landing-page-form-data-properties/>
   <about-sms-and-push-content-design/>
   <sms-and-push-content-editor-interface/>
   <selecting-an-existing-content/>
   <importing-content-from-a-file/>
   <importing-content-from-a-url/>
   <editing-existing-contents-with-the-creative-designer/>
   <inserting-images/>
   <setting-up-image-properties/>
   <modifying-images-with-the-adobe-creative-sdk/>
   <personalizing-an-image-source/>
   <about-personalization/>
   <inserting-a-personalization-field/>
   <adding-a-content-block/>
   <personalizing-the-sender/>
   <personalizing-the-subject-line-of-an-email/>
   <example--email-personalization/>
   <defining-a-visibility-condition/>
   <defining-dynamic-content-in-an-email/>
   <defining-dynamic-content-in-a-landing-page/>
   <defining-dynamic-text/>
   <inserting-a-link/>
   <personalizing-urls/>
   <about-tracked-urls/>
</jcr:root>