<?xml version="1.0" encoding="UTF-8"?>
<jcr:root xmlns:nt="http://www.jcp.org/jcr/nt/1.0" xmlns:json="http://json.org/"
          xmlns:sling="http://sling.apache.org/jcr/sling/1.0"
          xmlns:cq="http://www.day.com/jcr/cq/1.0"
          xmlns:jcr="http://www.jcp.org/jcr/1.0"
          xmlns:mix="http://www.jcp.org/jcr/mix/1.0"
          jcr:primaryType="cq:Page">
   <jcr:content navTitle="Defining the email structure" jcr:primaryType="cq:PageContent"
                sling:resourceType="help/components/pages/article-3"
                heroGradient="light"
                jcr:language="en_us"
                cq:designPath="/etc/designs/help"
                cq:template="/apps/help/templates/article-3"
                jcr:mixinTypes="[mix:versionable]"
                jcr:title="Defining the email structure"
                jcr:description="Defining the email structure"
                seoDescription="Discover how to use the Creative Designer in Campaign to shape your emails and populate them with content components."
                primaryProductTag="[products:SG_CAMPAIGN/STANDARD]"
                cq:tags="[products:SG_CAMPAIGN/STANDARD,audience:designing,content_type:reference,topic_tags:editing-email-content]"
                primaryAudienceTag="[audience:designing]"
                contentOwner="sauviat"
                isReadyForLocalization="true"
                publishExternalDate="2018-09-04">
      <main-pars jcr:primaryType="nt:unstructured"
                 sling:resourceType="foundation/components/parsys">
        
        
            
        
        
            <header_24 jcr:primaryType="nt:unstructured" sling:resourceType="help/components/header"
                    id="editing-the-email-structure-with-the-creative-designer"
                    level="2"
                    text="&lt;p&gt;Editing the email structure with the Creative Designer&lt;/p&gt;&#xA;"
                    textIsRich="'true'"/>
            
                
            
            <text_254 jcr:primaryType="nt:unstructured"
                   sling:resourceType="help/components/article-3/text"
                   text="&lt;p&gt;The Creative Designer allows you to easily define the structure of your email. By adding and moving structural elements with simple drag &amp; drop actions, you can design the shape of your email within seconds.&lt;/p&gt;&#xA;"
                   textIsRich="true"/>
            <procedure_2_10 jcr:primaryType="nt:unstructured"
                         sling:resourceType="help/components/procedure">
            <proc_par jcr:primaryType="nt:unstructured"
                      sling:resourceType="help/components/procedure/proc_parsys">
                <step_54_0 jcr:primaryType="nt:unstructured" sling:resourceType="help/components/step">
                  <step_par jcr:primaryType="nt:unstructured"
                            sling:resourceType="help/components/procedure/step_parsys">
                    <text_255 jcr:primaryType="nt:unstructured"
                               sling:resourceType="help/components/article-3/text"
                               text="&lt;p&gt;Open an existing content or create a new email content.&lt;/p&gt;&#xA;"
                               textIsRich="true"/>
                  </step_par>
               </step_54_0>
                <step_55_0 jcr:primaryType="nt:unstructured" sling:resourceType="help/components/step">
                  <step_par jcr:primaryType="nt:unstructured"
                            sling:resourceType="help/components/procedure/step_parsys">
                    <text_256 jcr:primaryType="nt:unstructured"
                               sling:resourceType="help/components/article-3/text"
                               text="&lt;p&gt;Access the &lt;strong&gt;Structure components&lt;/strong&gt; by selecting the &lt;strong&gt;+&lt;/strong&gt; icon on the left.&lt;/p&gt;&#xA;"
                               textIsRich="true"/>
                  </step_par>
               </step_55_0>
                <step_56_0 jcr:primaryType="nt:unstructured" sling:resourceType="help/components/step">
                  <step_par jcr:primaryType="nt:unstructured"
                            sling:resourceType="help/components/procedure/step_parsys">
                    <text_257 jcr:primaryType="nt:unstructured"
                               sling:resourceType="help/components/article-3/text"
                               text="&lt;p&gt;Drag and drop the structure components you need to shape your email.&lt;/p&gt;&#xA;"
                               textIsRich="true"/>
                    <text_258 jcr:primaryType="nt:unstructured"
                               sling:resourceType="help/components/article-3/text"
                               text="&lt;p&gt;A blue line materializes the exact location of the structure components before you drop it. You can drop it above, between or below any other component, but not inside.&lt;/p&gt;&#xA;"
                               textIsRich="true"/>
                    <note_6 jcr:primaryType="nt:unstructured"
                             sling:resourceType="help/components/article-3/note"
                             text="&lt;p&gt;&#xA;                        Once placed in the email, you cannot move nor remove your components unless there is already a content/fragment placed inside.&#xA;                    &lt;/p&gt;&#xA;"
                             textIsRich="true"
                             type="note"/>
                  </step_par>
               </step_56_0>
            </proc_par>
         </procedure_2_10>
            <text_260 jcr:primaryType="nt:unstructured"
                   sling:resourceType="help/components/article-3/text"
                   text="&lt;p&gt;Once the structure is defined, you are able to add content fragments and components to your email.&lt;/p&gt;&#xA;"
                   textIsRich="true"/>
        
        
            <header_25 jcr:primaryType="nt:unstructured" sling:resourceType="help/components/header"
                    id="adding-fragments-and-content-components-with-the-creative-designer"
                    level="2"
                    text="&lt;p&gt;Adding fragments and content components with the Creative Designer&lt;/p&gt;&#xA;"
                    textIsRich="'true'"/>
            
                
            
            <text_262 jcr:primaryType="nt:unstructured"
                   sling:resourceType="help/components/article-3/text"
                   text="&lt;p&gt;With the Creative Designer, after adding structure components to your email, you can define their content. To do that, you need to add elements inside each structure component.&lt;/p&gt;&#xA;"
                   textIsRich="true"/>
            <text_263 jcr:primaryType="nt:unstructured"
                   sling:resourceType="help/components/article-3/text"
                   text="&lt;p&gt;There are two categories of content elements that you can use: &lt;strong&gt;fragments&lt;/strong&gt; and &lt;strong&gt;content components&lt;/strong&gt;.&lt;/p&gt;&#xA;"
                   textIsRich="true"/>
            
                <header_26 jcr:primaryType="nt:unstructured" sling:resourceType="help/components/header"
                    id="about-fragments"
                    level="3"
                    text="&lt;p&gt;About fragments&lt;/p&gt;&#xA;"
                    textIsRich="'true'"/>
                <text_264 jcr:primaryType="nt:unstructured"
                   sling:resourceType="help/components/article-3/text"
                   text="&lt;p&gt;A fragment is a reusable component that can be referenced in one or more emails.&lt;/p&gt;&#xA;"
                   textIsRich="true"/>
                <text_265 jcr:primaryType="nt:unstructured"
                   sling:resourceType="help/components/article-3/text"
                   text="&lt;p&gt;To make the best use of fragments in the Creative Designer:&lt;/p&gt;&#xA;"
                   textIsRich="true"/>
                <procedure_13 jcr:primaryType="nt:unstructured"
                       sling:resourceType="help/components/procedure"
                       isBulleted="true">
            <proc_par jcr:primaryType="nt:unstructured"
                      sling:resourceType="help/components/procedure/proc_parsys">
                    <step_57_13 jcr:primaryType="nt:unstructured" sling:resourceType="help/components/step">
                  <step_par jcr:primaryType="nt:unstructured"
                            sling:resourceType="help/components/procedure/step_parsys">
                        <text_266 jcr:primaryType="nt:unstructured"
                               sling:resourceType="help/components/article-3/text"
                               text="&lt;p&gt;Create your own fragments. See &#xA;&#x9;&#x9;&#x9;&#x9;&#x9;&#xA;&lt;a href=&#34;/content/help/en/campaign/standard/designing/using/defining-the-email-structure.html#creating-a-content-fragment&#34; target=&#34;_blank&#34;&gt;Creating a content fragment&lt;/a&gt;.&lt;/p&gt;&#xA;"
                               textIsRich="true"/>
                    </step_par>
               </step_57_13>
                    <step_58_13 jcr:primaryType="nt:unstructured" sling:resourceType="help/components/step">
                  <step_par jcr:primaryType="nt:unstructured"
                            sling:resourceType="help/components/procedure/step_parsys">
                        <text_267 jcr:primaryType="nt:unstructured"
                               sling:resourceType="help/components/article-3/text"
                               text="&lt;p&gt;Use them as many times as needed in your emails. See &#xA;&#x9;&#x9;&#x9;&#x9;&#x9;&#xA;&lt;a href=&#34;/content/help/en/campaign/standard/designing/using/defining-the-email-structure.html#inserting-elements-into-an-email&#34; target=&#34;_blank&#34;&gt;Inserting elements into an email&lt;/a&gt;.&lt;/p&gt;&#xA;"
                               textIsRich="true"/>
                    </step_par>
               </step_58_13>
                    <step_59_13 jcr:primaryType="nt:unstructured" sling:resourceType="help/components/step">
                  <step_par jcr:primaryType="nt:unstructured"
                            sling:resourceType="help/components/procedure/step_parsys">
                        <text_268 jcr:primaryType="nt:unstructured"
                               sling:resourceType="help/components/article-3/text"
                               text="&lt;p&gt;When you edit a fragment, the changes are synchronized: they are automatically propagated to all emails (provided they have not been prepared or sent yet) containing that fragment.&lt;/p&gt;&#xA;"
                               textIsRich="true"/>
                    </step_par>
               </step_59_13>
                </proc_par>
         </procedure_13>
                <text_269 jcr:primaryType="nt:unstructured"
                   sling:resourceType="help/components/article-3/text"
                   text="&lt;p&gt;When added to an email, fragments are locked by default. If you want to modify a fragment for a specific email, you can break the synchronization with the original fragment by unlocking it in the email where it is used. The changes will not be synchronized anymore.&lt;/p&gt;&#xA;"
                   textIsRich="true"/>
                <text_270 jcr:primaryType="nt:unstructured"
                   sling:resourceType="help/components/article-3/text"
                   text="&lt;p&gt;To unlock a fragment inside an email, select it and click the lock icon from the contextual toolbar.&lt;/p&gt;&#xA;"
                   textIsRich="true"/>
                <image_10 jcr:primaryType="nt:unstructured"
                   sling:resourceType="help/components/article-3/image"
                   jcr:title=""
                   alt=""
                   captionBottom=""
                   fileName="des_unlocking_fragment.png"
                   originalFileName="images/en/des_unlocking_fragment.png"
                   fileReference="/content/dam/help/en/campaign/standard/des_unlocking_fragment.png"
                   imageRotate="0"
                   originalHeight=""
                   originalWidth=""
                   scaleOption="toTemplate"
                   status="legacy"/>
                <text_271 jcr:primaryType="nt:unstructured"
                   sling:resourceType="help/components/article-3/text"
                   text="&lt;p&gt;That fragment becomes a standalone component that is not linked anymore to the original fragment. It can then be edited as any other content component. See &#xA;&#x9;&#x9;&#x9;&#x9;&#x9;&#xA;&lt;a href=&#34;/content/help/en/campaign/standard/designing/using/defining-the-email-structure.html#about-content-components&#34; target=&#34;_blank&#34;&gt;About content components&lt;/a&gt;.&lt;/p&gt;&#xA;"
                   textIsRich="true"/>
            
            
                <header_27 jcr:primaryType="nt:unstructured" sling:resourceType="help/components/header"
                    id="about-content-components"
                    level="3"
                    text="&lt;p&gt;About content components&lt;/p&gt;&#xA;"
                    textIsRich="'true'"/>
                <text_272 jcr:primaryType="nt:unstructured"
                   sling:resourceType="help/components/article-3/text"
                   text="&lt;p&gt;Content components are raw, empty components that you can edit once placed in an email.&lt;/p&gt;&#xA;"
                   textIsRich="true"/>
                <text_273 jcr:primaryType="nt:unstructured"
                   sling:resourceType="help/components/article-3/text"
                   text="&lt;p&gt;You can add as many content components as you want in a structure component. You can also move them inside the structure component or to another structure component.&lt;/p&gt;&#xA;"
                   textIsRich="true"/>
                <text_274 jcr:primaryType="nt:unstructured"
                   sling:resourceType="help/components/article-3/text"
                   text="&lt;p&gt;Here is the list of the available components in the Creative Designer:&lt;/p&gt;&#xA;"
                   textIsRich="true"/>
                <procedure_14 jcr:primaryType="nt:unstructured"
                       sling:resourceType="help/components/procedure"
                       isBulleted="true">
            <proc_par jcr:primaryType="nt:unstructured"
                      sling:resourceType="help/components/procedure/proc_parsys">
                    <step_60_14 jcr:primaryType="nt:unstructured" sling:resourceType="help/components/step">
                  <step_par jcr:primaryType="nt:unstructured"
                            sling:resourceType="help/components/procedure/step_parsys">
                        <text_275 jcr:primaryType="nt:unstructured"
                               sling:resourceType="help/components/article-3/text"
                               text="&lt;p&gt;&lt;strong&gt;Button&lt;/strong&gt;&lt;/p&gt;&#xA;"
                               textIsRich="true"/>
                    </step_par>
               </step_60_14>
                    <step_61_14 jcr:primaryType="nt:unstructured" sling:resourceType="help/components/step">
                  <step_par jcr:primaryType="nt:unstructured"
                            sling:resourceType="help/components/procedure/step_parsys">
                        <text_276 jcr:primaryType="nt:unstructured"
                               sling:resourceType="help/components/article-3/text"
                               text="&lt;p&gt;&lt;strong&gt;Carousel&lt;/strong&gt;&lt;/p&gt;&#xA;"
                               textIsRich="true"/>
                        <text_277 jcr:primaryType="nt:unstructured"
                               sling:resourceType="help/components/article-3/text"
                               text="&lt;p&gt;For more on this, see &#xA;&#x9;&#x9;&#x9;&#x9;&#x9;&#xA;&lt;a href=&#34;/content/help/en/campaign/standard/designing/using/defining-the-email-structure.html#using-the-carousel-component&#34; target=&#34;_blank&#34;&gt;Using the carousel component&lt;/a&gt;.&lt;/p&gt;&#xA;"
                               textIsRich="true"/>
                    </step_par>
               </step_61_14>
                    <step_62_14 jcr:primaryType="nt:unstructured" sling:resourceType="help/components/step">
                  <step_par jcr:primaryType="nt:unstructured"
                            sling:resourceType="help/components/procedure/step_parsys">
                        <text_278 jcr:primaryType="nt:unstructured"
                               sling:resourceType="help/components/article-3/text"
                               text="&lt;p&gt;&lt;strong&gt;Divider&lt;/strong&gt;&lt;/p&gt;&#xA;"
                               textIsRich="true"/>
                    </step_par>
               </step_62_14>
                    <step_63_14 jcr:primaryType="nt:unstructured" sling:resourceType="help/components/step">
                  <step_par jcr:primaryType="nt:unstructured"
                            sling:resourceType="help/components/procedure/step_parsys">
                        <text_279 jcr:primaryType="nt:unstructured"
                               sling:resourceType="help/components/article-3/text"
                               text="&lt;p&gt;&lt;strong&gt;Html&lt;/strong&gt;&lt;/p&gt;&#xA;"
                               textIsRich="true"/>
                        <text_280 jcr:primaryType="nt:unstructured"
                               sling:resourceType="help/components/article-3/text"
                               text="&lt;p&gt;Use this component to copy-past the different parts of your existing HTML. This enables you to create free modular HTML components.&lt;/p&gt;&#xA;"
                               textIsRich="true"/>
                        <note_7 jcr:primaryType="nt:unstructured"
                             sling:resourceType="help/components/article-3/note"
                             text="&lt;p&gt;&#xA;                            A free HTML component is editable with limited options.&#xA;                            If all styles are not inlined, make sure to add the proper CSS in the &lt;strong&gt;head&lt;/strong&gt; section of the HTML code, otherwise the email will not be responsive. Use the &lt;strong&gt;Preview&lt;/strong&gt; button to test the responsiveness of your content (see &#xA;&#x9;&#x9;&#x9;&#x9;&#x9;&#x9;&#x9;&#x9;&#x9;&#x9;&#x9;&#xA;&#x9;&#x9;&#x9;&#x9;&#x9;&#x9;&#x9;&lt;a href=&#34;/content/help/en/campaign/standard/sending/using/previewing-messages.html#previewing-messages-with-the-creative-designer&#34;&gt;Previewing messages with the Creative Designer&lt;/a&gt;).&#xA;                        &lt;/p&gt;&#xA;"
                             textIsRich="true"
                             type="note"/>
                    </step_par>
               </step_63_14>
                    <step_64_14 jcr:primaryType="nt:unstructured" sling:resourceType="help/components/step">
                  <step_par jcr:primaryType="nt:unstructured"
                            sling:resourceType="help/components/procedure/step_parsys">
                        <text_283 jcr:primaryType="nt:unstructured"
                               sling:resourceType="help/components/article-3/text"
                               text="&lt;p&gt;&lt;strong&gt;Image&lt;/strong&gt;&lt;/p&gt;&#xA;"
                               textIsRich="true"/>
                    </step_par>
               </step_64_14>
                    <step_65_14 jcr:primaryType="nt:unstructured" sling:resourceType="help/components/step">
                  <step_par jcr:primaryType="nt:unstructured"
                            sling:resourceType="help/components/procedure/step_parsys">
                        <text_284 jcr:primaryType="nt:unstructured"
                               sling:resourceType="help/components/article-3/text"
                               text="&lt;p&gt;&lt;strong&gt;Social&lt;/strong&gt;&lt;/p&gt;&#xA;"
                               textIsRich="true"/>
                    </step_par>
               </step_65_14>
                    <step_66_14 jcr:primaryType="nt:unstructured" sling:resourceType="help/components/step">
                  <step_par jcr:primaryType="nt:unstructured"
                            sling:resourceType="help/components/procedure/step_parsys">
                        <text_285 jcr:primaryType="nt:unstructured"
                               sling:resourceType="help/components/article-3/text"
                               text="&lt;p&gt;&lt;strong&gt;Text&lt;/strong&gt;&lt;/p&gt;&#xA;"
                               textIsRich="true"/>
                    </step_par>
               </step_66_14>
                </proc_par>
         </procedure_14>
                
                    <header_28 jcr:primaryType="nt:unstructured" sling:resourceType="help/components/header"
                    id="using-the-carousel-component"
                    level="4"
                    text="&lt;p&gt;Using the carousel component&lt;/p&gt;&#xA;"
                    textIsRich="'true'"/>
                    <procedure_3_10 jcr:primaryType="nt:unstructured"
                         sling:resourceType="help/components/procedure">
            <proc_par jcr:primaryType="nt:unstructured"
                      sling:resourceType="help/components/procedure/proc_parsys">
                        <step_67_0 jcr:primaryType="nt:unstructured" sling:resourceType="help/components/step">
                  <step_par jcr:primaryType="nt:unstructured"
                            sling:resourceType="help/components/procedure/step_parsys">
                            <text_286 jcr:primaryType="nt:unstructured"
                               sling:resourceType="help/components/article-3/text"
                               text="&lt;p&gt;Drag and drop the &lt;strong&gt;Carousel&lt;/strong&gt; component inside a structure component.&lt;/p&gt;&#xA;"
                               textIsRich="true"/>
                        </step_par>
               </step_67_0>
                        <step_68_0 jcr:primaryType="nt:unstructured" sling:resourceType="help/components/step">
                  <step_par jcr:primaryType="nt:unstructured"
                            sling:resourceType="help/components/procedure/step_parsys">
                            <text_287 jcr:primaryType="nt:unstructured"
                               sling:resourceType="help/components/article-3/text"
                               text="&lt;p&gt;Browse to select images from your computer.&lt;/p&gt;&#xA;"
                               textIsRich="true"/>
                            <image_11 jcr:primaryType="nt:unstructured"
                               sling:resourceType="help/components/article-3/image"
                               jcr:title=""
                               alt=""
                               captionBottom=""
                               fileName="des_carousel_browse.png"
                               originalFileName="images/en/des_carousel_browse.png"
                               fileReference="/content/dam/help/en/campaign/standard/des_carousel_browse.png"
                               imageRotate="0"
                               originalHeight=""
                               originalWidth=""
                               scaleOption="toTemplate"
                               status="legacy"/>
                        </step_par>
               </step_68_0>
                        <step_69_0 jcr:primaryType="nt:unstructured" sling:resourceType="help/components/step">
                  <step_par jcr:primaryType="nt:unstructured"
                            sling:resourceType="help/components/procedure/step_parsys">
                            <text_288 jcr:primaryType="nt:unstructured"
                               sling:resourceType="help/components/article-3/text"
                               text="&lt;p&gt;From the &lt;strong&gt;Settings&lt;/strong&gt; pane, set the number of thumbnails that you want in the carousel.&lt;/p&gt;&#xA;"
                               textIsRich="true"/>
                        </step_par>
               </step_69_0>
                        <step_70_0 jcr:primaryType="nt:unstructured" sling:resourceType="help/components/step">
                  <step_par jcr:primaryType="nt:unstructured"
                            sling:resourceType="help/components/procedure/step_parsys">
                            <text_289 jcr:primaryType="nt:unstructured"
                               sling:resourceType="help/components/article-3/text"
                               text="&lt;p&gt;Select a fallback image from your computer.&lt;/p&gt;&#xA;"
                               textIsRich="true"/>
                            <image_12 jcr:primaryType="nt:unstructured"
                               sling:resourceType="help/components/article-3/image"
                               jcr:title=""
                               alt=""
                               captionBottom=""
                               fileName="des_carousel_fallback.png"
                               originalFileName="images/en/des_carousel_fallback.png"
                               fileReference="/content/dam/help/en/campaign/standard/des_carousel_fallback.png"
                               imageRotate="0"
                               originalHeight=""
                               originalWidth=""
                               scaleOption="toTemplate"
                               status="legacy"/>
                            <text_290 jcr:primaryType="nt:unstructured"
                               sling:resourceType="help/components/article-3/text"
                               text="&lt;p&gt;The carousel component is not compatible with all email programs. Upload a fallback to display an image instead when the carousel is not supported in the email.&lt;/p&gt;&#xA;"
                               textIsRich="true"/>
                            <note_8 jcr:primaryType="nt:unstructured"
                             sling:resourceType="help/components/article-3/note"
                             text="&lt;p&gt;&#xA;                                The carousel component is compatible with the following email platforms: Apple Mail 7, Apple Mail 8, Outlook 2011 for Mac, Outlook 2016 for Mac, Mozilla Thunderbird, iPad and iPad mini iOS, iPhone iOS, Android, AOL (Chrome, Firefox and Safari).&#xA;                            &lt;/p&gt;&#xA;"
                             textIsRich="true"
                             type="note"/>
                        </step_par>
               </step_70_0>
                        <step_71_0 jcr:primaryType="nt:unstructured" sling:resourceType="help/components/step">
                  <step_par jcr:primaryType="nt:unstructured"
                            sling:resourceType="help/components/procedure/step_parsys">
                            <text_292 jcr:primaryType="nt:unstructured"
                               sling:resourceType="help/components/article-3/text"
                               text="&lt;p&gt;Select &lt;strong&gt;Fallback view&lt;/strong&gt; to display the fallback image in the Creative Designer.&lt;/p&gt;&#xA;"
                               textIsRich="true"/>
                        </step_par>
               </step_71_0>
                    </proc_par>
         </procedure_3_10>
                
            
            
                <header_29 jcr:primaryType="nt:unstructured" sling:resourceType="help/components/header"
                    id="inserting-elements-into-an-email"
                    level="3"
                    text="&lt;p&gt;Inserting elements into an email&lt;/p&gt;&#xA;"
                    textIsRich="'true'"/>
                <text_293 jcr:primaryType="nt:unstructured"
                   sling:resourceType="help/components/article-3/text"
                   text="&lt;p&gt;To define the content of your email, you can add content elements in the structure components you have placed beforehand. See &#xA;&#x9;&#x9;&#x9;&#x9;&#x9;&#xA;&lt;a href=&#34;/content/help/en/campaign/standard/designing/using/defining-the-email-structure.html#editing-the-email-structure-with-the-creative-designer&#34; target=&#34;_blank&#34;&gt;Editing the email structure with the Creative Designer&lt;/a&gt;.&lt;/p&gt;&#xA;"
                   textIsRich="true"/>
                <procedure_4_10 jcr:primaryType="nt:unstructured"
                         sling:resourceType="help/components/procedure">
            <proc_par jcr:primaryType="nt:unstructured"
                      sling:resourceType="help/components/procedure/proc_parsys">
                    <step_72_0 jcr:primaryType="nt:unstructured" sling:resourceType="help/components/step">
                  <step_par jcr:primaryType="nt:unstructured"
                            sling:resourceType="help/components/procedure/step_parsys">
                        <text_294 jcr:primaryType="nt:unstructured"
                               sling:resourceType="help/components/article-3/text"
                               text="&lt;p&gt;Access the content elements by selecting the &lt;strong&gt;+&lt;/strong&gt; icon on the left. Select &#xA;&#x9;&#x9;&#x9;&#x9;&#x9;&#x9;&#x9;&#x9;&#x9;&#x9;&#x9;&#xA;&#x9;&#x9;&#x9;&#x9;&#x9;&#x9;&#x9;&lt;a href=&#34;/content/help/en/campaign/standard/designing/using/defining-the-email-structure.html#about-fragments&#34;&gt;Fragments&lt;/a&gt; or &#xA;&#x9;&#x9;&#x9;&#x9;&#x9;&#x9;&#x9;&#x9;&#x9;&#x9;&#x9;&#xA;&#x9;&#x9;&#x9;&#x9;&#x9;&#x9;&#x9;&lt;a href=&#34;/content/help/en/campaign/standard/designing/using/defining-the-email-structure.html#about-content-components&#34;&gt;Content components&lt;/a&gt;.&lt;/p&gt;&#xA;"
                               textIsRich="true"/>
                    </step_par>
               </step_72_0>
                    <step_73_0 jcr:primaryType="nt:unstructured" sling:resourceType="help/components/step">
                  <step_par jcr:primaryType="nt:unstructured"
                            sling:resourceType="help/components/procedure/step_parsys">
                        <text_295 jcr:primaryType="nt:unstructured"
                               sling:resourceType="help/components/article-3/text"
                               text="&lt;p&gt;If you already know the label or part of the label of the fragment you want to add, you can search for it.&lt;/p&gt;&#xA;"
                               textIsRich="true"/>
                        <image_13 jcr:primaryType="nt:unstructured"
                               sling:resourceType="help/components/article-3/image"
                               jcr:title=""
                               alt=""
                               captionBottom=""
                               fileName="email_designer_fragmentsearch.png"
                               originalFileName="images/en/email_designer_fragmentsearch.png"
                               fileReference="/content/dam/help/en/campaign/standard/email_designer_fragmentsearch.png"
                               imageRotate="0"
                               originalHeight=""
                               originalWidth=""
                               scaleOption="toTemplate"
                               status="legacy"/>
                    </step_par>
               </step_73_0>
                    <step_74_0 jcr:primaryType="nt:unstructured" sling:resourceType="help/components/step">
                  <step_par jcr:primaryType="nt:unstructured"
                            sling:resourceType="help/components/procedure/step_parsys">
                        <text_296 jcr:primaryType="nt:unstructured"
                               sling:resourceType="help/components/article-3/text"
                               text="&lt;p&gt;Drag and drop a fragment or content component from the palette to a structure component of the email.&lt;/p&gt;&#xA;"
                               textIsRich="true"/>
                        <image_14 jcr:primaryType="nt:unstructured"
                               sling:resourceType="help/components/article-3/image"
                               jcr:title=""
                               alt=""
                               captionBottom=""
                               fileName="email_designer_addfragment.png"
                               originalFileName="images/en/email_designer_addfragment.png"
                               fileReference="/content/dam/help/en/campaign/standard/email_designer_addfragment.png"
                               imageRotate="0"
                               originalHeight=""
                               originalWidth=""
                               scaleOption="toTemplate"
                               status="legacy"/>
                        <text_297 jcr:primaryType="nt:unstructured"
                               sling:resourceType="help/components/article-3/text"
                               text="&lt;p&gt;Once an element is added to the email, it can be moved inside the structure component or to another structure component in the email.&lt;/p&gt;&#xA;"
                               textIsRich="true"/>
                        <image_15 jcr:primaryType="nt:unstructured"
                               sling:resourceType="help/components/article-3/image"
                               jcr:title=""
                               alt=""
                               captionBottom=""
                               fileName="email_designer_movefragment.png"
                               originalFileName="images/en/email_designer_movefragment.png"
                               fileReference="/content/dam/help/en/campaign/standard/email_designer_movefragment.png"
                               imageRotate="0"
                               originalHeight=""
                               originalWidth=""
                               scaleOption="toTemplate"
                               status="legacy"/>
                    </step_par>
               </step_74_0>
                    <step_75_0 jcr:primaryType="nt:unstructured" sling:resourceType="help/components/step">
                  <step_par jcr:primaryType="nt:unstructured"
                            sling:resourceType="help/components/procedure/step_parsys">
                        <text_298 jcr:primaryType="nt:unstructured"
                               sling:resourceType="help/components/article-3/text"
                               text="&lt;p&gt;Edit the element to match the exact needs of this email. You can add text, links, images, and so on.&lt;/p&gt;&#xA;"
                               textIsRich="true"/>
                        <note_9 jcr:primaryType="nt:unstructured"
                             sling:resourceType="help/components/article-3/note"
                             text="&lt;p&gt;&#xA;                            Fragments are locked by default when added to an email. You can break the synchronization with the original fragment if you want to modify the fragment for a specific email, or make your change directly in the fragment. See &#xA;&#x9;&#x9;&#x9;&#x9;&#x9;&#xA;&lt;a href=&#34;/content/help/en/campaign/standard/designing/using/defining-the-email-structure.html#about-fragments&#34; target=&#34;_blank&#34;&gt;About fragments&lt;/a&gt;.&#xA;                        &lt;/p&gt;&#xA;"
                             textIsRich="true"
                             type="note"/>
                    </step_par>
               </step_75_0>
                    
                    <step_76_0 jcr:primaryType="nt:unstructured" sling:resourceType="help/components/step">
                  <step_par jcr:primaryType="nt:unstructured"
                            sling:resourceType="help/components/procedure/step_parsys">
                        <text_300 jcr:primaryType="nt:unstructured"
                               sling:resourceType="help/components/article-3/text"
                               text="&lt;p&gt;Repeat this procedure for all elements you need to add to your email.&lt;/p&gt;&#xA;"
                               textIsRich="true"/>
                    </step_par>
               </step_76_0>
                    <step_77_0 jcr:primaryType="nt:unstructured" sling:resourceType="help/components/step">
                  <step_par jcr:primaryType="nt:unstructured"
                            sling:resourceType="help/components/procedure/step_parsys">
                        <text_301 jcr:primaryType="nt:unstructured"
                               sling:resourceType="help/components/article-3/text"
                               text="&lt;p&gt;Save your email.&lt;/p&gt;&#xA;"
                               textIsRich="true"/>
                    </step_par>
               </step_77_0>
                </proc_par>
         </procedure_4_10>
                <text_302 jcr:primaryType="nt:unstructured"
                   sling:resourceType="help/components/article-3/text"
                   text="&lt;p&gt;Now that your email structure is populated, you can edit the style of each content element. See &#xA;&#x9;&#x9;&#x9;&#x9;&#x9;&#xA;&lt;a href=&#34;/content/help/en/campaign/standard/designing/using/editing-email-styles.html#editing-an-element-with-the-creative-designer&#34; target=&#34;_blank&#34;&gt;Editing an element with the Creative Designer&lt;/a&gt;.&lt;/p&gt;&#xA;"
                   textIsRich="true"/>
                <note_10 jcr:primaryType="nt:unstructured"
                  sling:resourceType="help/components/article-3/note"
                  text="&lt;p&gt;&#xA;                    If a fragment is modified, the changes are automatically propagated in the emails where it is used. For more on this, see &#xA;&#x9;&#x9;&#x9;&#x9;&#x9;&#x9;&#x9;&#x9;&#x9;&#x9;&#x9;&#xA;&#x9;&#x9;&#x9;&#x9;&#x9;&#x9;&#x9;&lt;a href=&#34;/content/help/en/campaign/standard/designing/using/defining-the-email-structure.html#about-fragments&#34;&gt;About fragments&lt;/a&gt;.&#xA;                &lt;/p&gt;&#xA;"
                  textIsRich="true"
                  type="note"/>
            
            
                <header_30 jcr:primaryType="nt:unstructured" sling:resourceType="help/components/header"
                    id="creating-a-content-fragment"
                    level="3"
                    text="&lt;p&gt;Creating a content fragment&lt;/p&gt;&#xA;"
                    textIsRich="'true'"/>
                <text_304 jcr:primaryType="nt:unstructured"
                   sling:resourceType="help/components/article-3/text"
                   text="&lt;p&gt;You can create your own content fragments to reuse later in other emails.&lt;/p&gt;&#xA;"
                   textIsRich="true"/>
                <procedure_5_10 jcr:primaryType="nt:unstructured"
                         sling:resourceType="help/components/procedure">
            <proc_par jcr:primaryType="nt:unstructured"
                      sling:resourceType="help/components/procedure/proc_parsys">
                    <step_78_0 jcr:primaryType="nt:unstructured" sling:resourceType="help/components/step">
                  <step_par jcr:primaryType="nt:unstructured"
                            sling:resourceType="help/components/procedure/step_parsys">
                        <text_305 jcr:primaryType="nt:unstructured"
                               sling:resourceType="help/components/article-3/text"
                               text="&lt;p&gt;Go to &lt;strong&gt;Resources&lt;/strong&gt; &gt; &lt;strong&gt;Content templates &amp; fragments&lt;/strong&gt; and click &lt;strong&gt;Create&lt;/strong&gt;.&lt;/p&gt;&#xA;"
                               textIsRich="true"/>
                    </step_par>
               </step_78_0>
                    <step_79_0 jcr:primaryType="nt:unstructured" sling:resourceType="help/components/step">
                  <step_par jcr:primaryType="nt:unstructured"
                            sling:resourceType="help/components/procedure/step_parsys">
                        <text_306 jcr:primaryType="nt:unstructured"
                               sling:resourceType="help/components/article-3/text"
                               text="&lt;p&gt;If you are offered a choice, choose to use the new email editor.&lt;/p&gt;&#xA;"
                               textIsRich="true"/>
                    </step_par>
               </step_79_0>
                    <step_80_0 jcr:primaryType="nt:unstructured" sling:resourceType="help/components/step">
                  <step_par jcr:primaryType="nt:unstructured"
                            sling:resourceType="help/components/procedure/step_parsys">
                        <text_307 jcr:primaryType="nt:unstructured"
                               sling:resourceType="help/components/article-3/text"
                               text="&lt;p&gt;Click the fragment title to access its properties.&lt;/p&gt;&#xA;"
                               textIsRich="true"/>
                    </step_par>
               </step_80_0>
                    <step_81_0 jcr:primaryType="nt:unstructured" sling:resourceType="help/components/step">
                  <step_par jcr:primaryType="nt:unstructured"
                            sling:resourceType="help/components/procedure/step_parsys">
                        <text_308 jcr:primaryType="nt:unstructured"
                               sling:resourceType="help/components/article-3/text"
                               text="&lt;p&gt;Specify a recognizable label and select the following parameters to be able to find the fragment later in new emails:&lt;/p&gt;&#xA;"
                               textIsRich="true"/>
                        <procedure_15 jcr:primaryType="nt:unstructured"
                                   sling:resourceType="help/components/procedure"
                                   isBulleted="true">
                        <proc_par jcr:primaryType="nt:unstructured"
                                  sling:resourceType="help/components/procedure/proc_parsys">
                            <step_81_15 jcr:primaryType="nt:unstructured" sling:resourceType="help/components/step">
                              <step_par jcr:primaryType="nt:unstructured"
                                        sling:resourceType="help/components/procedure/step_parsys">
                                <text_309 jcr:primaryType="nt:unstructured"
                                           sling:resourceType="help/components/article-3/text"
                                           text="&lt;p&gt;&lt;strong&gt;Content type&lt;/strong&gt;: 'Delivery'. Content fragments are only compatible with emails.&lt;/p&gt;&#xA;"
                                           textIsRich="true"/>
                              </step_par>
                           </step_81_15>
                            <step_82_15 jcr:primaryType="nt:unstructured" sling:resourceType="help/components/step">
                              <step_par jcr:primaryType="nt:unstructured"
                                        sling:resourceType="help/components/procedure/step_parsys">
                                <text_310 jcr:primaryType="nt:unstructured"
                                           sling:resourceType="help/components/article-3/text"
                                           text="&lt;p&gt;&lt;strong&gt;HTML type&lt;/strong&gt;: 'Fragment'. Selecting 'Fragment' here indicates that the content created in this template is a fragment and will be utilized as such in future email contents.&lt;/p&gt;&#xA;"
                                           textIsRich="true"/>
                              </step_par>
                           </step_82_15>
                        </proc_par>
                     </procedure_15>
                        <image_16 jcr:primaryType="nt:unstructured"
                               sling:resourceType="help/components/article-3/image"
                               jcr:title=""
                               alt=""
                               captionBottom=""
                               fileName="email_designer_createfragment.png"
                               originalFileName="images/en/email_designer_createfragment.png"
                               fileReference="/content/dam/help/en/campaign/standard/email_designer_createfragment.png"
                               imageRotate="0"
                               originalHeight=""
                               originalWidth=""
                               scaleOption="toTemplate"
                               status="legacy"/>
                    </step_par>
               </step_81_0>
                    <step_84_0 jcr:primaryType="nt:unstructured" sling:resourceType="help/components/step">
                  <step_par jcr:primaryType="nt:unstructured"
                            sling:resourceType="help/components/procedure/step_parsys">
                        <text_311 jcr:primaryType="nt:unstructured"
                               sling:resourceType="help/components/article-3/text"
                               text="&lt;p&gt;If needed, define a thumbnail for the fragment. This thumbnail will be displayed next to the fragment's name when editing an email.&lt;/p&gt;&#xA;"
                               textIsRich="true"/>
                        <text_312 jcr:primaryType="nt:unstructured"
                               sling:resourceType="help/components/article-3/text"
                               text="&lt;p&gt;Select the &lt;strong&gt;Thumbnail&lt;/strong&gt; tab of the template properties. From this tab, you can select an image that will be used as thumbnail for the fragment.&lt;/p&gt;&#xA;"
                               textIsRich="true"/>
                        <image_17 jcr:primaryType="nt:unstructured"
                               sling:resourceType="help/components/article-3/image"
                               jcr:title=""
                               alt=""
                               captionBottom=""
                               fileName="email_designer_createfragment_thumbnail.png"
                               originalFileName="images/en/email_designer_createfragment_thumbnail.png"
                               fileReference="/content/dam/help/en/campaign/standard/email_designer_createfragment_thumbnail.png"
                               imageRotate="0"
                               originalHeight=""
                               originalWidth=""
                               scaleOption="toTemplate"
                               status="legacy"/>
                    </step_par>
               </step_84_0>
                    <step_85_0 jcr:primaryType="nt:unstructured" sling:resourceType="help/components/step">
                  <step_par jcr:primaryType="nt:unstructured"
                            sling:resourceType="help/components/procedure/step_parsys">
                        <text_313 jcr:primaryType="nt:unstructured"
                               sling:resourceType="help/components/article-3/text"
                               text="&lt;p&gt;Save the properties to return to the main editing area.&lt;/p&gt;&#xA;"
                               textIsRich="true"/>
                    </step_par>
               </step_85_0>
                    <step_86_0 jcr:primaryType="nt:unstructured" sling:resourceType="help/components/step">
                  <step_par jcr:primaryType="nt:unstructured"
                            sling:resourceType="help/components/procedure/step_parsys">
                        <text_314 jcr:primaryType="nt:unstructured"
                               sling:resourceType="help/components/article-3/text"
                               text="&lt;p&gt;Define one fragment by adding a structural component and a default fragment that you can customize.&lt;/p&gt;&#xA;"
                               textIsRich="true"/>
                    </step_par>
               </step_86_0>
                    <step_87_0 jcr:primaryType="nt:unstructured" sling:resourceType="help/components/step">
                  <step_par jcr:primaryType="nt:unstructured"
                            sling:resourceType="help/components/procedure/step_parsys">
                        <text_315 jcr:primaryType="nt:unstructured"
                               sling:resourceType="help/components/article-3/text"
                               text="&lt;p&gt;Once edited, save your fragment.&lt;/p&gt;&#xA;"
                               textIsRich="true"/>
                    </step_par>
               </step_87_0>
                </proc_par>
         </procedure_5_10>
                <text_316 jcr:primaryType="nt:unstructured"
                   sling:resourceType="help/components/article-3/text"
                   text="&lt;p&gt;The fragment can now be used in emails. It appears under the &lt;strong&gt;Fragments&lt;/strong&gt; section of the editor's palette.&lt;/p&gt;&#xA;"
                   textIsRich="true"/>
                <note_11 jcr:primaryType="nt:unstructured"
                  sling:resourceType="help/components/article-3/note"
                  text="&lt;p&gt;&#xA;                    You cannot insert personalization fields inside a fragment unless it is used in an email. To do this, you need to unlock this fragment. See &#xA;&#x9;&#x9;&#x9;&#x9;&#x9;&#xA;&lt;a href=&#34;/content/help/en/campaign/standard/designing/using/defining-the-email-structure.html#about-fragments&#34; target=&#34;_blank&#34;&gt;About fragments&lt;/a&gt;.&#xA;                &lt;/p&gt;&#xA;"
                  textIsRich="true"
                  type="note"/>
            
        
        
            <header_31 jcr:primaryType="nt:unstructured" sling:resourceType="help/components/header"
                    id="managing-email-structure-with-the-content-editor"
                    level="2"
                    text="&lt;p&gt;Managing email structure with the content editor&lt;/p&gt;&#xA;"
                    textIsRich="'true'"/>
            
                
            
            <text_319 jcr:primaryType="nt:unstructured"
                   sling:resourceType="help/components/article-3/text"
                   text="&lt;p&gt;Managing the structure of an email within the content editor is similar to what can be done in a landing page. See &#xA;&#x9;&#x9;&#x9;&#x9;&#x9;&#xA;&lt;a href=&#34;/content/help/en/campaign/standard/designing/using/defining-the-email-structure.html#about-fragments&#34; target=&#34;_blank&#34;&gt;About fragments&lt;/a&gt;.&lt;/p&gt;&#xA;"
                   textIsRich="true"/>
        
      </main-pars>
      <hero jcr:primaryType="nt:unstructured"
            sling:resourceType="foundation/components/image"/>
      <thumbnail jcr:primaryType="nt:unstructured"
                 sling:resourceType="foundation/components/image"/>
      <publisherLogo jcr:primaryType="nt:unstructured"
                     sling:resourceType="foundation/components/image"/>
   </jcr:content>
</jcr:root>