<?xml version="1.0" encoding="UTF-8"?>
<jcr:root xmlns:nt="http://www.jcp.org/jcr/nt/1.0" xmlns:json="http://json.org/"
          xmlns:sling="http://sling.apache.org/jcr/sling/1.0"
          xmlns:cq="http://www.day.com/jcr/cq/1.0"
          xmlns:jcr="http://www.jcp.org/jcr/1.0"
          xmlns:mix="http://www.jcp.org/jcr/mix/1.0"
          jcr:primaryType="cq:Page">
   <jcr:content navTitle="Importing content from a URL" jcr:primaryType="cq:PageContent"
                sling:resourceType="help/components/pages/article-3"
                heroGradient="light"
                jcr:language="en_us"
                cq:designPath="/etc/designs/help"
                cq:template="/apps/help/templates/article-3"
                jcr:mixinTypes="[mix:versionable]"
                jcr:title="Importing content from a URL"
                jcr:description="Importing content from a URL"
                seoDescription="Learn how to load content from an existing URL when creating an email."
                primaryProductTag="[products:SG_CAMPAIGN/STANDARD]"
                cq:tags="[products:SG_CAMPAIGN/STANDARD,audience:designing,content_type:reference,topic_tags:loading-content]"
                primaryAudienceTag="[audience:designing]"
                contentOwner="sauviat"
                isReadyForLocalization="true"
                publishExternalDate="2018-09-04">
      <main-pars jcr:primaryType="nt:unstructured"
                 sling:resourceType="foundation/components/parsys">
        
        
            
        
        <text_511 jcr:primaryType="nt:unstructured"
                   sling:resourceType="help/components/article-3/text"
                   text="&lt;p&gt;Before importing content from a URL, make sure it follows the requirements below:&lt;/p&gt;&#xA;"
                   textIsRich="true"/>
        <procedure_29 jcr:primaryType="nt:unstructured"
                       sling:resourceType="help/components/procedure"
                       isBulleted="true">
            <proc_par jcr:primaryType="nt:unstructured"
                      sling:resourceType="help/components/procedure/proc_parsys">
               <step_148_29 jcr:primaryType="nt:unstructured" sling:resourceType="help/components/step">
                  <step_par jcr:primaryType="nt:unstructured"
                            sling:resourceType="help/components/procedure/step_parsys">
                     <text_512 jcr:primaryType="nt:unstructured"
                               sling:resourceType="help/components/article-3/text"
                               text="&lt;p&gt;The content needs to be publicly available via this URL.&lt;/p&gt;&#xA;"
                               textIsRich="true"/>
                  </step_par>
               </step_148_29>
               <step_149_29 jcr:primaryType="nt:unstructured" sling:resourceType="help/components/step">
                  <step_par jcr:primaryType="nt:unstructured"
                            sling:resourceType="help/components/procedure/step_parsys">
                     <text_513 jcr:primaryType="nt:unstructured"
                               sling:resourceType="help/components/article-3/text"
                               text="&lt;p&gt;For security reasons, only URLs beginning with &lt;strong&gt;https&lt;/strong&gt; are allowed.&lt;/p&gt;&#xA;"
                               textIsRich="true"/>
                  </step_par>
               </step_149_29>
               <step_150_29 jcr:primaryType="nt:unstructured" sling:resourceType="help/components/step">
                  <step_par jcr:primaryType="nt:unstructured"
                            sling:resourceType="help/components/procedure/step_parsys">
                     <text_514 jcr:primaryType="nt:unstructured"
                               sling:resourceType="help/components/article-3/text"
                               text="&lt;p&gt;Make sure that all resources (images, CSS) are set in absolute links and in HTTPS. Otherwise, after sending the email, the mirror page would be displayed without its resources. Here is an example of an absolute link definition:&lt;/p&gt;&#xA;"
                               textIsRich="true"/>
                     <codelisting_sh1 jcr:primaryType="nt:unstructured"
                                      sling:resourceType="help/components/codeblock"
                                      codeLanguage="html"
                                      gutter="true"
                                      text="\&lt;a href=&#34;https://www.mywebsite.com/images/myimage.png&#34;&gt;"/>
                  </step_par>
               </step_150_29>
            </proc_par>
         </procedure_29>
        <text_515 jcr:primaryType="nt:unstructured"
                   sling:resourceType="help/components/article-3/text"
                   text="&lt;p&gt;To retrieve existing content form a URL, follow the steps below:&lt;/p&gt;&#xA;"
                   textIsRich="true"/>
        <procedure_13_10 jcr:primaryType="nt:unstructured"
                          sling:resourceType="help/components/procedure">
            <proc_par jcr:primaryType="nt:unstructured"
                      sling:resourceType="help/components/procedure/proc_parsys">
               <step_151_0 jcr:primaryType="nt:unstructured" sling:resourceType="help/components/step">
                  <step_par jcr:primaryType="nt:unstructured"
                            sling:resourceType="help/components/procedure/step_parsys">
                     <text_516 jcr:primaryType="nt:unstructured"
                               sling:resourceType="help/components/article-3/text"
                               text="&lt;p&gt;Click the &lt;strong&gt;From URL&lt;/strong&gt; element.&lt;/p&gt;&#xA;"
                               textIsRich="true"/>
                  </step_par>
               </step_151_0>
               <step_152_0 jcr:primaryType="nt:unstructured" sling:resourceType="help/components/step">
                  <step_par jcr:primaryType="nt:unstructured"
                            sling:resourceType="help/components/procedure/step_parsys">
                     <text_517 jcr:primaryType="nt:unstructured"
                               sling:resourceType="help/components/article-3/text"
                               text="&lt;p&gt;Define the URL from which the content will be retrieved, then confirm.&lt;/p&gt;&#xA;"
                               textIsRich="true"/>
                     <image_42 jcr:primaryType="nt:unstructured"
                               sling:resourceType="help/components/article-3/image"
                               jcr:title=""
                               alt=""
                               captionBottom=""
                               fileName="email_designer_importfromurl.png"
                               originalFileName="images/en/email_designer_importfromurl.png"
                               fileReference="/content/dam/help/en/campaign/standard/email_designer_importfromurl.png"
                               imageRotate="0"
                               originalHeight=""
                               originalWidth=""
                               scaleOption="toTemplate"
                               status="legacy"/>
                  </step_par>
               </step_152_0>
            </proc_par>
         </procedure_13_10>
        
            <header_59 jcr:primaryType="nt:unstructured" sling:resourceType="help/components/header"
                    id="retrieving-content-from-a-url-automatically-at-preparation-time"
                    level="2"
                    text="&lt;p&gt;Retrieving content from a URL automatically at preparation time&lt;/p&gt;&#xA;"
                    textIsRich="'true'"/>
            <text_518 jcr:primaryType="nt:unstructured"
                   sling:resourceType="help/components/article-3/text"
                   text="&lt;p&gt;Importing content from a URL at the delivery preparation phase enables you to retrieve the latest HTML content each time the delivery is prepared. This way, the content of recurring emails is always up-to-date at the time of their sending. This feature also enables you to create a delivery scheduled at a specific date, even if the content is not ready yet.&lt;/p&gt;&#xA;"
                   textIsRich="true"/>
            <note_17 jcr:primaryType="nt:unstructured"
                  sling:resourceType="help/components/article-3/note"
                  text="&lt;p&gt;&#xA;                This feature is only available for now in email deliveries that are created within the &#xA;&#x9;&#x9;&#x9;&#x9;&#x9;&#x9;&#x9;&#x9;&#x9;&#x9;&#x9;&#xA;&#x9;&#x9;&#x9;&#x9;&#x9;&#x9;&#x9;&lt;a href=&#34;/content/help/en/campaign/standard/designing/using/about-email-content-design.html#using-the-email-content-editor&#34;&gt;content editor&lt;/a&gt;. It is not yet available in the &#xA;&#x9;&#x9;&#x9;&#x9;&#x9;&#x9;&#x9;&#x9;&#x9;&#x9;&#x9;&#xA;&#x9;&#x9;&#x9;&#x9;&#x9;&#x9;&#x9;&lt;a href=&#34;/content/help/en/campaign/standard/designing/using/about-email-content-design.html#using-the-creative-designer&#34;&gt;Creative Designer&lt;/a&gt;.&#xA;            &lt;/p&gt;&#xA;"
                  textIsRich="true"
                  type="note"/>
            <text_520 jcr:primaryType="nt:unstructured"
                   sling:resourceType="help/components/article-3/text"
                   text="&lt;p&gt;To retrieve content at the delivery preparation phase, follow the steps below:&lt;/p&gt;&#xA;"
                   textIsRich="true"/>
            <procedure_14_10 jcr:primaryType="nt:unstructured"
                          sling:resourceType="help/components/procedure">
            <proc_par jcr:primaryType="nt:unstructured"
                      sling:resourceType="help/components/procedure/proc_parsys">
                <step_153_0 jcr:primaryType="nt:unstructured" sling:resourceType="help/components/step">
                  <step_par jcr:primaryType="nt:unstructured"
                            sling:resourceType="help/components/procedure/step_parsys">
                    <text_521 jcr:primaryType="nt:unstructured"
                               sling:resourceType="help/components/article-3/text"
                               text="&lt;p&gt;Select the &lt;strong&gt;Content imported during preparation&lt;/strong&gt; option.&lt;/p&gt;&#xA;"
                               textIsRich="true"/>
                    <image_43 jcr:primaryType="nt:unstructured"
                               sling:resourceType="help/components/article-3/image"
                               jcr:title=""
                               alt=""
                               captionBottom=""
                               fileName="email_designer_importfromurl2.png"
                               originalFileName="images/en/email_designer_importfromurl2.png"
                               fileReference="/content/dam/help/en/campaign/standard/email_designer_importfromurl2.png"
                               imageRotate="0"
                               originalHeight=""
                               originalWidth=""
                               scaleOption="toTemplate"
                               status="legacy"/>
                  </step_par>
               </step_153_0>
                <step_154_0 jcr:primaryType="nt:unstructured" sling:resourceType="help/components/step">
                  <step_par jcr:primaryType="nt:unstructured"
                            sling:resourceType="help/components/procedure/step_parsys">
                    <text_522 jcr:primaryType="nt:unstructured"
                               sling:resourceType="help/components/article-3/text"
                               text="&lt;p&gt;The URL content displays in the editor as read-only.&lt;/p&gt;&#xA;"
                               textIsRich="true"/>
                    <image_44 jcr:primaryType="nt:unstructured"
                               sling:resourceType="help/components/article-3/image"
                               jcr:title=""
                               alt=""
                               captionBottom=""
                               fileName="email_designer_importfromurl3.png"
                               originalFileName="images/en/email_designer_importfromurl3.png"
                               fileReference="/content/dam/help/en/campaign/standard/email_designer_importfromurl3.png"
                               imageRotate="0"
                               originalHeight=""
                               originalWidth=""
                               scaleOption="toTemplate"
                               status="legacy"/>
                    <caution_1 jcr:primaryType="nt:unstructured"
                                sling:resourceType="help/components/article-3/note"
                                text="&lt;p&gt;&#xA;                        At this step, the HTML display in the content editor should not be taken into account. It will be retrieved at the delivery preparation phase.&#xA;                    &lt;/p&gt;&#xA;"
                                textIsRich="true"
                                type="caution"/>
                  </step_par>
               </step_154_0>
                <step_155_0 jcr:primaryType="nt:unstructured" sling:resourceType="help/components/step">
                  <step_par jcr:primaryType="nt:unstructured"
                            sling:resourceType="help/components/procedure/step_parsys">
                    <text_524 jcr:primaryType="nt:unstructured"
                               sling:resourceType="help/components/article-3/text"
                               text="&lt;p&gt;To preview the URL content that has been retrieved, open the delivery once it is created then click the &lt;strong&gt;Preview&lt;/strong&gt; button.&lt;/p&gt;&#xA;"
                               textIsRich="true"/>
                  </step_par>
               </step_155_0>
            </proc_par>
         </procedure_14_10>
            <text_525 jcr:primaryType="nt:unstructured"
                   sling:resourceType="help/components/article-3/text"
                   text="&lt;p&gt;It is possible to personalize the remote URL from which the content will be retrieved. To do this, follow the steps below: &lt;/p&gt;&#xA;"
                   textIsRich="true"/>
            <procedure_15_10 jcr:primaryType="nt:unstructured"
                          sling:resourceType="help/components/procedure">
            <proc_par jcr:primaryType="nt:unstructured"
                      sling:resourceType="help/components/procedure/proc_parsys">
               <step_156_0 jcr:primaryType="nt:unstructured" sling:resourceType="help/components/step">
                  <step_par jcr:primaryType="nt:unstructured"
                            sling:resourceType="help/components/procedure/step_parsys">
                     <text_526 jcr:primaryType="nt:unstructured"
                               sling:resourceType="help/components/article-3/text"
                               text="&lt;p&gt;Click the &lt;strong&gt;Remote URL&lt;/strong&gt; field button.&lt;/p&gt;&#xA;"
                               textIsRich="true"/>
                     <image_45 jcr:primaryType="nt:unstructured"
                               sling:resourceType="help/components/article-3/image"
                               jcr:title=""
                               alt=""
                               captionBottom=""
                               fileName="email_designer_importfromurl4.png"
                               originalFileName="images/en/email_designer_importfromurl4.png"
                               fileReference="/content/dam/help/en/campaign/standard/email_designer_importfromurl4.png"
                               imageRotate="0"
                               originalHeight=""
                               originalWidth=""
                               scaleOption="toTemplate"
                               status="legacy"/>
                  </step_par>
               </step_156_0>
                
                <step_157_0 jcr:primaryType="nt:unstructured" sling:resourceType="help/components/step">
                  <step_par jcr:primaryType="nt:unstructured"
                            sling:resourceType="help/components/procedure/step_parsys">
                    <text_527 jcr:primaryType="nt:unstructured"
                               sling:resourceType="help/components/article-3/text"
                               text="&lt;p&gt;Insert the desired personalization field, content block or dynamic text then click &lt;strong&gt;Confirm&lt;/strong&gt;.&lt;/p&gt;&#xA;"
                               textIsRich="true"/>
                    <text_528 jcr:primaryType="nt:unstructured"
                               sling:resourceType="help/components/article-3/text"
                               text="&lt;p&gt;The &lt;strong&gt;Current date - YYYYMMDD&lt;/strong&gt; content block, for example, enables you to insert the date of the day.&lt;/p&gt;&#xA;"
                               textIsRich="true"/>
                    <note_18 jcr:primaryType="nt:unstructured"
                              sling:resourceType="help/components/article-3/note"
                              text="&lt;p&gt;&#xA;                        The available personalization fields are linked to &lt;strong&gt;Delivery&lt;/strong&gt; attributes only (delivery creation date, status, campaign label...).&#xA;                    &lt;/p&gt;&#xA;"
                              textIsRich="true"
                              type="note"/>
                    <image_46 jcr:primaryType="nt:unstructured"
                               sling:resourceType="help/components/article-3/image"
                               jcr:title=""
                               alt=""
                               captionBottom=""
                               fileName="email_designer_importfromurl5.png"
                               originalFileName="images/en/email_designer_importfromurl5.png"
                               fileReference="/content/dam/help/en/campaign/standard/email_designer_importfromurl5.png"
                               imageRotate="0"
                               originalHeight=""
                               originalWidth=""
                               scaleOption="toTemplate"
                               status="legacy"/>
                  </step_par>
               </step_157_0>
            </proc_par>
         </procedure_15_10>
        
      </main-pars>
      <hero jcr:primaryType="nt:unstructured"
            sling:resourceType="foundation/components/image"/>
      <thumbnail jcr:primaryType="nt:unstructured"
                 sling:resourceType="foundation/components/image"/>
      <publisherLogo jcr:primaryType="nt:unstructured"
                     sling:resourceType="foundation/components/image"/>
   </jcr:content>
</jcr:root>