<?xml version="1.0" encoding="UTF-8"?>
<jcr:root xmlns:nt="http://www.jcp.org/jcr/nt/1.0" xmlns:json="http://json.org/"
          xmlns:sling="http://sling.apache.org/jcr/sling/1.0"
          xmlns:cq="http://www.day.com/jcr/cq/1.0"
          xmlns:jcr="http://www.jcp.org/jcr/1.0"
          xmlns:mix="http://www.jcp.org/jcr/mix/1.0"
          jcr:primaryType="cq:Page">
   <jcr:content navTitle="SMS and push content editor interface"
                jcr:primaryType="cq:PageContent"
                sling:resourceType="help/components/pages/article-3"
                heroGradient="light"
                jcr:language="en_us"
                cq:designPath="/etc/designs/help"
                cq:template="/apps/help/templates/article-3"
                jcr:mixinTypes="[mix:versionable]"
                jcr:title="SMS and push content editor interface"
                jcr:description="SMS and push content editor interface"
                seoDescription="Learn how to use the different sections of the editor to modify your SMS and push content."
                primaryProductTag="[products:SG_CAMPAIGN/STANDARD]"
                cq:tags="[products:SG_CAMPAIGN/STANDARD,audience:designing,content_type:reference,topic_tags:editing-sms-and-push-content]"
                primaryAudienceTag="[audience:designing]"
                contentOwner="sauviat"
                isReadyForLocalization="true"
                publishExternalDate="2018-09-04">
      <main-pars jcr:primaryType="nt:unstructured"
                 sling:resourceType="foundation/components/parsys">
        
        
            
        
        <text_441 jcr:primaryType="nt:unstructured"
                   sling:resourceType="help/components/article-3/text"
                   text="&lt;p&gt;The SMS and push content editor is organized into two different sections that allow you to view and edit the message.&lt;/p&gt;&#xA;"
                   textIsRich="true"/>
        <procedure_11_10 jcr:primaryType="nt:unstructured"
                          sling:resourceType="help/components/procedure">
            <proc_par jcr:primaryType="nt:unstructured"
                      sling:resourceType="help/components/procedure/proc_parsys">
               <step_129_0 jcr:primaryType="nt:unstructured" sling:resourceType="help/components/step">
                  <step_par jcr:primaryType="nt:unstructured"
                            sling:resourceType="help/components/procedure/step_parsys">
                     <text_442 jcr:primaryType="nt:unstructured"
                               sling:resourceType="help/components/article-3/text"
                               text="&lt;p&gt;The &lt;strong&gt;action bar&lt;/strong&gt; contains the general options for the page. You can insert personalization fields or content blocks, add conditional text and preview your SMS content from here. See &#xA;&#x9;&#x9;&#x9;&#x9;&#x9;&#xA;&lt;a href=&#34;/content/help/en/campaign/standard/designing/using/sms-and-push-content-editor-interface.html#sms-and-push-content-editor-action-bar&#34; target=&#34;_blank&#34;&gt;SMS and push content editor action bar&lt;/a&gt;.&lt;/p&gt;&#xA;"
                               textIsRich="true"/>
                  </step_par>
               </step_129_0>
               <step_130_0 jcr:primaryType="nt:unstructured" sling:resourceType="help/components/step">
                  <step_par jcr:primaryType="nt:unstructured"
                            sling:resourceType="help/components/procedure/step_parsys">
                     <text_443 jcr:primaryType="nt:unstructured"
                               sling:resourceType="help/components/article-3/text"
                               text="&lt;p&gt;The &lt;strong&gt;editing zone&lt;/strong&gt; of the screen allows you to directly enter your text message and select where you want to insert personalization. See &#xA;&#x9;&#x9;&#x9;&#x9;&#x9;&#xA;&lt;a href=&#34;/content/help/en/campaign/standard/designing/using/sms-and-push-content-editor-interface.html#sms-and-push-content-edition-modes&#34; target=&#34;_blank&#34;&gt;SMS and push content edition modes&lt;/a&gt;.&lt;/p&gt;&#xA;"
                               textIsRich="true"/>
                  </step_par>
               </step_130_0>
            </proc_par>
         </procedure_11_10>
        
            <header_53 jcr:primaryType="nt:unstructured" sling:resourceType="help/components/header"
                    id="sms-and-push-content-editor-action-bar"
                    level="2"
                    text="&lt;p&gt;SMS and push content editor action bar&lt;/p&gt;&#xA;"
                    textIsRich="'true'"/>
            <text_444 jcr:primaryType="nt:unstructured"
                   sling:resourceType="help/components/article-3/text"
                   text="&lt;p&gt;The action bar contains different buttons that allow you to interact with the content that is being created.&lt;/p&gt;&#xA;"
                   textIsRich="true"/>
            <table_3 jcr:primaryType="nt:unstructured"
                  sling:resourceType="help/components/article-3/table"
                  hasHeader="true"
                  text="&lt;table&gt;&#xA;                &#xA;                    &#xA;                    &#xA;                    &#xA;                    &#xA;                    &#xA;&lt;thead&gt;&#xA;                        &#xA;&lt;tr&gt;&#xA;                            &#xA;&#x9;&#x9;&#x9;&#x9;&#x9;&#x9;&lt;th&gt;&#xA;&#x9;&#x9;&#x9;&#x9;&#x9;&#x9;&#x9;&#xA;                                Icon&lt;br/&gt;&#xA;&#x9;&#xA;                            &#xA;&#x9;&#x9;&#x9;&#x9;&#x9;&#x9;&lt;/th&gt;&#xA;&#x9;&#x9;&#x9;&#x9;&#x9;&#xA;                            &#xA;&#x9;&#x9;&#x9;&#x9;&#x9;&#x9;&lt;th&gt;&#xA;&#x9;&#x9;&#x9;&#x9;&#x9;&#x9;&#x9;&#xA;                                Button name&lt;br/&gt;&#xA;&#x9;&#xA;                            &#xA;&#x9;&#x9;&#x9;&#x9;&#x9;&#x9;&lt;/th&gt;&#xA;&#x9;&#x9;&#x9;&#x9;&#x9;&#xA;                            &#xA;&#x9;&#x9;&#x9;&#x9;&#x9;&#x9;&lt;th&gt;&#xA;&#x9;&#x9;&#x9;&#x9;&#x9;&#x9;&#x9;&#xA;                                Channel&lt;br/&gt;&#xA;&#x9;&#xA;                            &#xA;&#x9;&#x9;&#x9;&#x9;&#x9;&#x9;&lt;/th&gt;&#xA;&#x9;&#x9;&#x9;&#x9;&#x9;&#xA;                            &#xA;&#x9;&#x9;&#x9;&#x9;&#x9;&#x9;&lt;th&gt;&#xA;&#x9;&#x9;&#x9;&#x9;&#x9;&#x9;&#x9;&#xA;                                Description&lt;br/&gt;&#xA;&#x9;&#xA;                            &#xA;&#x9;&#x9;&#x9;&#x9;&#x9;&#x9;&lt;/th&gt;&#xA;&#x9;&#x9;&#x9;&#x9;&#x9;&#xA;                        &lt;/tr&gt;&#xA;&#x9;&#xA;                    &lt;/thead&gt;&#xA;&#x9;&#xA;                    &#xA;&lt;tbody&gt;&#xA;                        &#xA;                        &#xA;&lt;tr&gt;&#xA;                            &#xA;&#x9;&#x9;&#x9;&#x9;&#x9;&#x9;&lt;td&gt;&#xA;&#x9;&#x9;&#x9;&#x9;&#x9;&#x9;&#x9;&#xA;                                &#xA;&#x9;&lt;img height=&#34;21px&#34; src=&#34;/content/dam/help/en/campaign/standard/viewon_darkgrey-24px.png&#34; /&gt;&#xA;&#x9;&#xA;&lt;br/&gt;&#xA;&#x9;&#xA;                            &#xA;&#x9;&#x9;&#x9;&#x9;&#x9;&#x9;&lt;/td&gt;&#xA;&#x9;&#x9;&#x9;&#x9;&#x9;&#xA;                            &#xA;&#x9;&#x9;&#x9;&#x9;&#x9;&#x9;&lt;td&gt;&#xA;&#x9;&#x9;&#x9;&#x9;&#x9;&#x9;&#x9;&#xA;                                &lt;strong&gt;Preview&lt;/strong&gt;&lt;br/&gt;&#xA;&#x9;&#xA;                            &#xA;&#x9;&#x9;&#x9;&#x9;&#x9;&#x9;&lt;/td&gt;&#xA;&#x9;&#x9;&#x9;&#x9;&#x9;&#xA;                            &#xA;&#x9;&#x9;&#x9;&#x9;&#x9;&#x9;&lt;td&gt;&#xA;&#x9;&#x9;&#x9;&#x9;&#x9;&#x9;&#x9;&#xA;                                Only SMS&lt;br/&gt;&#xA;&#x9;&#xA;                            &#xA;&#x9;&#x9;&#x9;&#x9;&#x9;&#x9;&lt;/td&gt;&#xA;&#x9;&#x9;&#x9;&#x9;&#x9;&#xA;                            &#xA;&#x9;&#x9;&#x9;&#x9;&#x9;&#x9;&lt;td&gt;&#xA;&#x9;&#x9;&#x9;&#x9;&#x9;&#x9;&#x9;&#xA;                                Allows you to view how the email is rendered for a recipient. See &#xA;&#x9;&#x9;&#x9;&#x9;&#x9;&#x9;&#x9;&#x9;&#x9;&#x9;&#x9;&#xA;&#x9;&#x9;&#x9;&#x9;&#x9;&#x9;&#x9;&lt;a href=&#34;/content/help/en/campaign/standard/sending/using/previewing-messages.html&#34;&gt;Previewing messages&lt;/a&gt;.&lt;br/&gt;&#xA;&#x9;&#xA;                            &#xA;&#x9;&#x9;&#x9;&#x9;&#x9;&#x9;&lt;/td&gt;&#xA;&#x9;&#x9;&#x9;&#x9;&#x9;&#xA;                        &lt;/tr&gt;&#xA;&#x9;&#xA;                        &#xA;&lt;tr&gt;&#xA;                            &#xA;&#x9;&#x9;&#x9;&#x9;&#x9;&#x9;&lt;td&gt;&#xA;&#x9;&#x9;&#x9;&#x9;&#x9;&#x9;&#x9;&#xA;                                &#xA;&#x9;&lt;img height=&#34;21px&#34; src=&#34;/content/dam/help/en/campaign/standard/undo_darkgrey-24px.png&#34; /&gt;&#xA;&#x9;&#xA;&lt;br/&gt;&#xA;&#x9;&#xA;                            &#xA;&#x9;&#x9;&#x9;&#x9;&#x9;&#x9;&lt;/td&gt;&#xA;&#x9;&#x9;&#x9;&#x9;&#x9;&#xA;                            &#xA;&#x9;&#x9;&#x9;&#x9;&#x9;&#x9;&lt;td&gt;&#xA;&#x9;&#x9;&#x9;&#x9;&#x9;&#x9;&#x9;&#xA;                                &lt;strong&gt;Undo&lt;/strong&gt;&lt;br/&gt;&#xA;&#x9;&#xA;                            &#xA;&#x9;&#x9;&#x9;&#x9;&#x9;&#x9;&lt;/td&gt;&#xA;&#x9;&#x9;&#x9;&#x9;&#x9;&#xA;                            &#xA;&#x9;&#x9;&#x9;&#x9;&#x9;&#x9;&lt;td&gt;&#xA;&#x9;&#x9;&#x9;&#x9;&#x9;&#x9;&#x9;&#xA;                                SMS and push&lt;br/&gt;&#xA;&#x9;&#xA;                            &#xA;&#x9;&#x9;&#x9;&#x9;&#x9;&#x9;&lt;/td&gt;&#xA;&#x9;&#x9;&#x9;&#x9;&#x9;&#xA;                            &#xA;&#x9;&#x9;&#x9;&#x9;&#x9;&#x9;&lt;td&gt;&#xA;&#x9;&#x9;&#x9;&#x9;&#x9;&#x9;&#x9;&#xA;                                Cancels the last action carried out.&lt;br/&gt;&#xA;&#x9;&#xA;                            &#xA;&#x9;&#x9;&#x9;&#x9;&#x9;&#x9;&lt;/td&gt;&#xA;&#x9;&#x9;&#x9;&#x9;&#x9;&#xA;                        &lt;/tr&gt;&#xA;&#x9;&#xA;                        &#xA;&lt;tr&gt;&#xA;                            &#xA;&#x9;&#x9;&#x9;&#x9;&#x9;&#x9;&lt;td&gt;&#xA;&#x9;&#x9;&#x9;&#x9;&#x9;&#x9;&#x9;&#xA;                                &#xA;&#x9;&lt;img height=&#34;21px&#34; src=&#34;/content/dam/help/en/campaign/standard/redo_darkgrey-24px.png&#34; /&gt;&#xA;&#x9;&#xA;&lt;br/&gt;&#xA;&#x9;&#xA;                            &#xA;&#x9;&#x9;&#x9;&#x9;&#x9;&#x9;&lt;/td&gt;&#xA;&#x9;&#x9;&#x9;&#x9;&#x9;&#xA;                            &#xA;&#x9;&#x9;&#x9;&#x9;&#x9;&#x9;&lt;td&gt;&#xA;&#x9;&#x9;&#x9;&#x9;&#x9;&#x9;&#x9;&#xA;                                &lt;strong&gt;Redo&lt;/strong&gt;&lt;br/&gt;&#xA;&#x9;&#xA;                            &#xA;&#x9;&#x9;&#x9;&#x9;&#x9;&#x9;&lt;/td&gt;&#xA;&#x9;&#x9;&#x9;&#x9;&#x9;&#xA;                            &#xA;&#x9;&#x9;&#x9;&#x9;&#x9;&#x9;&lt;td&gt;&#xA;&#x9;&#x9;&#x9;&#x9;&#x9;&#x9;&#x9;&#xA;                                SMS and push&lt;br/&gt;&#xA;&#x9;&#xA;                            &#xA;&#x9;&#x9;&#x9;&#x9;&#x9;&#x9;&lt;/td&gt;&#xA;&#x9;&#x9;&#x9;&#x9;&#x9;&#xA;                            &#xA;&#x9;&#x9;&#x9;&#x9;&#x9;&#x9;&lt;td&gt;&#xA;&#x9;&#x9;&#x9;&#x9;&#x9;&#x9;&#x9;&#xA;                                Redoes the last action that you canceled.&lt;br/&gt;&#xA;&#x9;&#xA;                            &#xA;&#x9;&#x9;&#x9;&#x9;&#x9;&#x9;&lt;/td&gt;&#xA;&#x9;&#x9;&#x9;&#x9;&#x9;&#xA;                        &lt;/tr&gt;&#xA;&#x9;&#xA;                        &#xA;                        &#xA;&lt;tr&gt;&#xA;                            &#xA;&#x9;&#x9;&#x9;&#x9;&#x9;&#x9;&lt;td&gt;&#xA;&#x9;&#x9;&#x9;&#x9;&#x9;&#x9;&#x9;&#xA;                                &#xA;&#x9;&lt;img height=&#34;21px&#34; src=&#34;/content/dam/help/en/campaign/standard/personalization_field_darkgrey-24px.png&#34; /&gt;&#xA;&#x9;&#xA;&lt;br/&gt;&#xA;&#x9;&#xA;                            &#xA;&#x9;&#x9;&#x9;&#x9;&#x9;&#x9;&lt;/td&gt;&#xA;&#x9;&#x9;&#x9;&#x9;&#x9;&#xA;                            &#xA;&#x9;&#x9;&#x9;&#x9;&#x9;&#x9;&lt;td&gt;&#xA;&#x9;&#x9;&#x9;&#x9;&#x9;&#x9;&#x9;&#xA;                                &lt;strong&gt;Insert personalization field&lt;/strong&gt;&lt;br/&gt;&#xA;&#x9;&#xA;                            &#xA;&#x9;&#x9;&#x9;&#x9;&#x9;&#x9;&lt;/td&gt;&#xA;&#x9;&#x9;&#x9;&#x9;&#x9;&#xA;                            &#xA;&#x9;&#x9;&#x9;&#x9;&#x9;&#x9;&lt;td&gt;&#xA;&#x9;&#x9;&#x9;&#x9;&#x9;&#x9;&#x9;&#xA;                                SMS and push&lt;br/&gt;&#xA;&#x9;&#xA;                            &#xA;&#x9;&#x9;&#x9;&#x9;&#x9;&#x9;&lt;/td&gt;&#xA;&#x9;&#x9;&#x9;&#x9;&#x9;&#xA;                            &#xA;&#x9;&#x9;&#x9;&#x9;&#x9;&#x9;&lt;td&gt;&#xA;&#x9;&#x9;&#x9;&#x9;&#x9;&#x9;&#x9;&#xA;                                Allows you to add a field from the database to the content. See &#xA;&#x9;&#x9;&#x9;&#x9;&#x9;&#xA;&lt;a href=&#34;/content/help/en/campaign/standard/designing/using/inserting-a-personalization-field.html&#34; target=&#34;_blank&#34;&gt;Inserting a personalization field&lt;/a&gt;.&lt;br/&gt;&#xA;&#x9;&#xA;                            &#xA;&#x9;&#x9;&#x9;&#x9;&#x9;&#x9;&lt;/td&gt;&#xA;&#x9;&#x9;&#x9;&#x9;&#x9;&#xA;                        &lt;/tr&gt;&#xA;&#x9;&#xA;                        &#xA;&lt;tr&gt;&#xA;                            &#xA;&#x9;&#x9;&#x9;&#x9;&#x9;&#x9;&lt;td&gt;&#xA;&#x9;&#x9;&#x9;&#x9;&#x9;&#x9;&#x9;&#xA;                                &#xA;&#x9;&lt;img height=&#34;21px&#34; src=&#34;/content/dam/help/en/campaign/standard/personalization_block_darkgrey-24px.png&#34; /&gt;&#xA;&#x9;&#xA;&lt;br/&gt;&#xA;&#x9;&#xA;                            &#xA;&#x9;&#x9;&#x9;&#x9;&#x9;&#x9;&lt;/td&gt;&#xA;&#x9;&#x9;&#x9;&#x9;&#x9;&#xA;                            &#xA;&#x9;&#x9;&#x9;&#x9;&#x9;&#x9;&lt;td&gt;&#xA;&#x9;&#x9;&#x9;&#x9;&#x9;&#x9;&#x9;&#xA;                                &lt;strong&gt;Insert content block&lt;/strong&gt;&lt;br/&gt;&#xA;&#x9;&#xA;                            &#xA;&#x9;&#x9;&#x9;&#x9;&#x9;&#x9;&lt;/td&gt;&#xA;&#x9;&#x9;&#x9;&#x9;&#x9;&#xA;                            &#xA;&#x9;&#x9;&#x9;&#x9;&#x9;&#x9;&lt;td&gt;&#xA;&#x9;&#x9;&#x9;&#x9;&#x9;&#x9;&#x9;&#xA;                                SMS and push&lt;br/&gt;&#xA;&#x9;&#xA;                            &#xA;&#x9;&#x9;&#x9;&#x9;&#x9;&#x9;&lt;/td&gt;&#xA;&#x9;&#x9;&#x9;&#x9;&#x9;&#xA;                            &#xA;&#x9;&#x9;&#x9;&#x9;&#x9;&#x9;&lt;td&gt;&#xA;&#x9;&#x9;&#x9;&#x9;&#x9;&#x9;&#x9;&#xA;                                Allows you to add a personalization block to the content. See &#xA;&#x9;&#x9;&#x9;&#x9;&#x9;&#xA;&lt;a href=&#34;/content/help/en/campaign/standard/designing/using/adding-a-content-block.html&#34; target=&#34;_blank&#34;&gt;Adding a content block&lt;/a&gt;.&lt;br/&gt;&#xA;&#x9;&#xA;                            &#xA;&#x9;&#x9;&#x9;&#x9;&#x9;&#x9;&lt;/td&gt;&#xA;&#x9;&#x9;&#x9;&#x9;&#x9;&#xA;                        &lt;/tr&gt;&#xA;&#x9;&#xA;                        &#xA;&lt;tr&gt;&#xA;                            &#xA;&#x9;&#x9;&#x9;&#x9;&#x9;&#x9;&lt;td&gt;&#xA;&#x9;&#x9;&#x9;&#x9;&#x9;&#x9;&#x9;&#xA;                                &#xA;&#x9;&lt;img height=&#34;21px&#34; src=&#34;/content/dam/help/en/campaign/standard/DynamicContent_24px.png&#34; /&gt;&#xA;&#x9;&#xA;&lt;br/&gt;&#xA;&#x9;&#xA;                            &#xA;&#x9;&#x9;&#x9;&#x9;&#x9;&#x9;&lt;/td&gt;&#xA;&#x9;&#x9;&#x9;&#x9;&#x9;&#xA;                            &#xA;&#x9;&#x9;&#x9;&#x9;&#x9;&#x9;&lt;td&gt;&#xA;&#x9;&#x9;&#x9;&#x9;&#x9;&#x9;&#x9;&#xA;                                &lt;strong&gt;Enable dynamic text&lt;/strong&gt;&lt;br/&gt;&#xA;&#x9;&#xA;                            &#xA;&#x9;&#x9;&#x9;&#x9;&#x9;&#x9;&lt;/td&gt;&#xA;&#x9;&#x9;&#x9;&#x9;&#x9;&#xA;                            &#xA;&#x9;&#x9;&#x9;&#x9;&#x9;&#x9;&lt;td&gt;&#xA;&#x9;&#x9;&#x9;&#x9;&#x9;&#x9;&#x9;&#xA;                                SMS and push&lt;br/&gt;&#xA;&#x9;&#xA;                            &#xA;&#x9;&#x9;&#x9;&#x9;&#x9;&#x9;&lt;/td&gt;&#xA;&#x9;&#x9;&#x9;&#x9;&#x9;&#xA;                            &#xA;&#x9;&#x9;&#x9;&#x9;&#x9;&#x9;&lt;td&gt;&#xA;&#x9;&#x9;&#x9;&#x9;&#x9;&#x9;&#x9;&#xA;                                Allows you to insert dynamic text in the content. See &#xA;&#x9;&#x9;&#x9;&#x9;&#x9;&#xA;&lt;a href=&#34;/content/help/en/campaign/standard/designing/using/defining-dynamic-text.html&#34; target=&#34;_blank&#34;&gt;Defining dynamic text&lt;/a&gt;.&lt;br/&gt;&#xA;&#x9;&#xA;                            &#xA;&#x9;&#x9;&#x9;&#x9;&#x9;&#x9;&lt;/td&gt;&#xA;&#x9;&#x9;&#x9;&#x9;&#x9;&#xA;                        &lt;/tr&gt;&#xA;&#x9;&#xA;                        &#xA;&lt;tr&gt;&#xA;                            &#xA;&#x9;&#x9;&#x9;&#x9;&#x9;&#x9;&lt;td&gt;&#xA;&#x9;&#x9;&#x9;&#x9;&#x9;&#x9;&#x9;&#xA;                                &#xA;&#x9;&lt;img height=&#34;21px&#34; src=&#34;/content/dam/help/en/campaign/standard/DynamicContentDisable_24px.png&#34; /&gt;&#xA;&#x9;&#xA;&lt;br/&gt;&#xA;&#x9;&#xA;                            &#xA;&#x9;&#x9;&#x9;&#x9;&#x9;&#x9;&lt;/td&gt;&#xA;&#x9;&#x9;&#x9;&#x9;&#x9;&#xA;                            &#xA;&#x9;&#x9;&#x9;&#x9;&#x9;&#x9;&lt;td&gt;&#xA;&#x9;&#x9;&#x9;&#x9;&#x9;&#x9;&#x9;&#xA;                                &lt;strong&gt;Disable dynamic text&lt;/strong&gt;&lt;br/&gt;&#xA;&#x9;&#xA;                            &#xA;&#x9;&#x9;&#x9;&#x9;&#x9;&#x9;&lt;/td&gt;&#xA;&#x9;&#x9;&#x9;&#x9;&#x9;&#xA;                            &#xA;&#x9;&#x9;&#x9;&#x9;&#x9;&#x9;&lt;td&gt;&#xA;&#x9;&#x9;&#x9;&#x9;&#x9;&#x9;&#x9;&#xA;                                SMS and push&lt;br/&gt;&#xA;&#x9;&#xA;                            &#xA;&#x9;&#x9;&#x9;&#x9;&#x9;&#x9;&lt;/td&gt;&#xA;&#x9;&#x9;&#x9;&#x9;&#x9;&#xA;                            &#xA;&#x9;&#x9;&#x9;&#x9;&#x9;&#x9;&lt;td&gt;&#xA;&#x9;&#x9;&#x9;&#x9;&#x9;&#x9;&#x9;&#xA;                                Allows you to delete dynamic text.&lt;br/&gt;&#xA;&#x9;&#xA;                            &#xA;&#x9;&#x9;&#x9;&#x9;&#x9;&#x9;&lt;/td&gt;&#xA;&#x9;&#x9;&#x9;&#x9;&#x9;&#xA;                        &lt;/tr&gt;&#xA;&#x9;&#xA;                    &lt;/tbody&gt;&#xA;&#x9;&#xA;                &#xA;            &lt;/table&gt;"
                  textIsRich="true"/>
        
        
            <header_54 jcr:primaryType="nt:unstructured" sling:resourceType="help/components/header"
                    id="sms-and-push-content-edition-modes"
                    level="2"
                    text="&lt;p&gt;SMS and push content edition modes&lt;/p&gt;&#xA;"
                    textIsRich="'true'"/>
            
                
            
            <text_478 jcr:primaryType="nt:unstructured"
                   sling:resourceType="help/components/article-3/text"
                   text="&lt;p&gt;The SMS and push content editor offers the following functionalities:&lt;/p&gt;&#xA;"
                   textIsRich="true"/>
            <procedure_25 jcr:primaryType="nt:unstructured"
                       sling:resourceType="help/components/procedure"
                       isBulleted="true">
            <proc_par jcr:primaryType="nt:unstructured"
                      sling:resourceType="help/components/procedure/proc_parsys">
                <step_131_25 jcr:primaryType="nt:unstructured" sling:resourceType="help/components/step">
                  <step_par jcr:primaryType="nt:unstructured"
                            sling:resourceType="help/components/procedure/step_parsys">
                    <text_479 jcr:primaryType="nt:unstructured"
                               sling:resourceType="help/components/article-3/text"
                               text="&lt;p&gt;Enter text.&lt;/p&gt;&#xA;"
                               textIsRich="true"/>
                  </step_par>
               </step_131_25>
                <step_132_25 jcr:primaryType="nt:unstructured" sling:resourceType="help/components/step">
                  <step_par jcr:primaryType="nt:unstructured"
                            sling:resourceType="help/components/procedure/step_parsys">
                    <text_480 jcr:primaryType="nt:unstructured"
                               sling:resourceType="help/components/article-3/text"
                               text="&lt;p&gt;Add a personalization field. See &#xA;&#x9;&#x9;&#x9;&#x9;&#x9;&#xA;&lt;a href=&#34;/content/help/en/campaign/standard/designing/using/inserting-a-personalization-field.html&#34; target=&#34;_blank&#34;&gt;Inserting a personalization field&lt;/a&gt;.&lt;/p&gt;&#xA;"
                               textIsRich="true"/>
                  </step_par>
               </step_132_25>
                <step_133_25 jcr:primaryType="nt:unstructured" sling:resourceType="help/components/step">
                  <step_par jcr:primaryType="nt:unstructured"
                            sling:resourceType="help/components/procedure/step_parsys">
                    <text_481 jcr:primaryType="nt:unstructured"
                               sling:resourceType="help/components/article-3/text"
                               text="&lt;p&gt;Add a content block. See &#xA;&#x9;&#x9;&#x9;&#x9;&#x9;&#xA;&lt;a href=&#34;/content/help/en/campaign/standard/designing/using/adding-a-content-block.html&#34; target=&#34;_blank&#34;&gt;Adding a content block&lt;/a&gt;.&lt;/p&gt;&#xA;"
                               textIsRich="true"/>
                  </step_par>
               </step_133_25>
                <step_134_25 jcr:primaryType="nt:unstructured" sling:resourceType="help/components/step">
                  <step_par jcr:primaryType="nt:unstructured"
                            sling:resourceType="help/components/procedure/step_parsys">
                    <text_482 jcr:primaryType="nt:unstructured"
                               sling:resourceType="help/components/article-3/text"
                               text="&lt;p&gt;Add dynamic text. See &#xA;&#x9;&#x9;&#x9;&#x9;&#x9;&#xA;&lt;a href=&#34;/content/help/en/campaign/standard/designing/using/defining-dynamic-text.html&#34; target=&#34;_blank&#34;&gt;Defining dynamic text&lt;/a&gt;.&lt;/p&gt;&#xA;"
                               textIsRich="true"/>
                  </step_par>
               </step_134_25>
                <step_135_25 jcr:primaryType="nt:unstructured" sling:resourceType="help/components/step">
                  <step_par jcr:primaryType="nt:unstructured"
                            sling:resourceType="help/components/procedure/step_parsys">
                    <text_483 jcr:primaryType="nt:unstructured"
                               sling:resourceType="help/components/article-3/text"
                               text="&lt;p&gt;For SMS only: personalize the name of the SMS sender. For more on this, see the &#xA;&#x9;&#x9;&#x9;&#x9;&#x9;&#x9;&#x9;&#x9;&#x9;&#x9;&#x9;&#xA;&#x9;&#x9;&#x9;&#x9;&#x9;&#x9;&#x9;&lt;a href=&#34;/content/help/en/campaign/standard/administration/using/configuring-sms-channel.html#configuring-sms-properties&#34;&gt;SMS configuration&lt;/a&gt; section.&lt;/p&gt;&#xA;"
                               textIsRich="true"/>
                  </step_par>
               </step_135_25>
            </proc_par>
         </procedure_25>
        
      </main-pars>
      <hero jcr:primaryType="nt:unstructured"
            sling:resourceType="foundation/components/image"/>
      <thumbnail jcr:primaryType="nt:unstructured"
                 sling:resourceType="foundation/components/image"/>
      <publisherLogo jcr:primaryType="nt:unstructured"
                     sling:resourceType="foundation/components/image"/>
   </jcr:content>
</jcr:root>